query_id,template_id,sql_text
Q001_V001,Q_0001,"SELECT l_returnflag, l_linestatus, SUM(l_quantity) AS sum_qty, SUM(l_extendedprice) AS sum_base_price, SUM(l_extendedprice * (1 - l_discount)) AS sum_disc_price, SUM(l_extendedprice * (1 - l_discount) * (1 + l_tax)) AS sum_charge, AVG(l_quantity) AS avg_qty, AVG(l_extendedprice) AS avg_price, AVG(l_discount) AS avg_disc, COUNT(*) AS count_order FROM lineitem WHERE l_shipdate <= DATE '1998-12-01' - INTERVAL '90 days' GROUP BY l_returnflag, l_linestatus ORDER BY l_returnflag, l_linestatus;"
Q001_V002,Q_0002,"SELECT l_returnflag, l_linestatus, SUM(l_quantity) AS sum_qty, SUM(l_extendedprice) AS sum_base_price, SUM(l_extendedprice * (1 - l_discount)) AS sum_disc_price, SUM(l_extendedprice * (1 - l_discount) * (1 + l_tax)) AS sum_charge, AVG(l_quantity) AS avg_qty, AVG(l_extendedprice) AS avg_price, AVG(l_discount) AS avg_disc, COUNT(*) AS count_order FROM lineitem WHERE l_shipdate <= DATE '1997-12-01' - INTERVAL '90 days' GROUP BY l_returnflag, l_linestatus ORDER BY l_returnflag, l_linestatus;"
Q001_V003,Q_0003,"SELECT l_returnflag, l_linestatus, SUM(l_quantity) AS sum_qty, SUM(l_extendedprice) AS sum_base_price, SUM(l_extendedprice * (1 - l_discount)) AS sum_disc_price, SUM(l_extendedprice * (1 - l_discount) * (1 + l_tax)) AS sum_charge, AVG(l_quantity) AS avg_qty, AVG(l_extendedprice) AS avg_price, AVG(l_discount) AS avg_disc, COUNT(*) AS count_order FROM lineitem WHERE l_shipdate <= DATE '1996-12-01' - INTERVAL '90 days' GROUP BY l_returnflag, l_linestatus ORDER BY l_returnflag, l_linestatus;"
Q001_V004,Q_0004,"SELECT l_returnflag, l_linestatus, SUM(l_quantity) AS sum_qty, SUM(l_extendedprice) AS sum_base_price, SUM(l_extendedprice * (1 - l_discount)) AS sum_disc_price, SUM(l_extendedprice * (1 - l_discount) * (1 + l_tax)) AS sum_charge, AVG(l_quantity) AS avg_qty, AVG(l_extendedprice) AS avg_price, AVG(l_discount) AS avg_disc, COUNT(*) AS count_order FROM lineitem WHERE l_shipdate <= DATE '1995-12-01' - INTERVAL '90 days' GROUP BY l_returnflag, l_linestatus ORDER BY l_returnflag, l_linestatus;"
Q001_V005,Q_0005,"SELECT l_returnflag, l_linestatus, SUM(l_quantity) AS sum_qty, SUM(l_extendedprice) AS sum_base_price, SUM(l_extendedprice * (1 - l_discount)) AS sum_disc_price, SUM(l_extendedprice * (1 - l_discount) * (1 + l_tax)) AS sum_charge, AVG(l_quantity) AS avg_qty, AVG(l_extendedprice) AS avg_price, AVG(l_discount) AS avg_disc, COUNT(*) AS count_order FROM lineitem WHERE l_shipdate <= DATE '1994-12-01' - INTERVAL '90 days' GROUP BY l_returnflag, l_linestatus ORDER BY l_returnflag, l_linestatus;"
Q001_V006,Q_0006,"SELECT l_returnflag, l_linestatus, SUM(l_quantity) AS sum_qty, SUM(l_extendedprice) AS sum_base_price, SUM(l_extendedprice * (1 - l_discount)) AS sum_disc_price, SUM(l_extendedprice * (1 - l_discount) * (1 + l_tax)) AS sum_charge, AVG(l_quantity) AS avg_qty, AVG(l_extendedprice) AS avg_price, AVG(l_discount) AS avg_disc, COUNT(*) AS count_order FROM lineitem WHERE l_shipdate >= DATE '1998-12-01' - INTERVAL '90 days' GROUP BY l_returnflag, l_linestatus ORDER BY l_returnflag, l_linestatus;"
Q001_V007,Q_0007,"SELECT l_returnflag, l_linestatus, SUM(l_quantity) AS sum_qty, SUM(l_extendedprice) AS sum_base_price, SUM(l_extendedprice * (1 - l_discount)) AS sum_disc_price, SUM(l_extendedprice * (1 - l_discount) * (1 + l_tax)) AS sum_charge, AVG(l_quantity) AS avg_qty, AVG(l_extendedprice) AS avg_price, AVG(l_discount) AS avg_disc, COUNT(*) AS count_order FROM lineitem WHERE l_shipdate >= DATE '1997-12-01' - INTERVAL '90 days' GROUP BY l_returnflag, l_linestatus ORDER BY l_returnflag, l_linestatus;"
Q001_V008,Q_0008,"SELECT l_returnflag, l_linestatus, SUM(l_quantity) AS sum_qty, SUM(l_extendedprice) AS sum_base_price, SUM(l_extendedprice * (1 - l_discount)) AS sum_disc_price, SUM(l_extendedprice * (1 - l_discount) * (1 + l_tax)) AS sum_charge, AVG(l_quantity) AS avg_qty, AVG(l_extendedprice) AS avg_price, AVG(l_discount) AS avg_disc, COUNT(*) AS count_order FROM lineitem WHERE l_shipdate >= DATE '1996-12-01' - INTERVAL '90 days' GROUP BY l_returnflag, l_linestatus ORDER BY l_returnflag, l_linestatus;"
Q001_V009,Q_0009,"SELECT l_returnflag, l_linestatus, SUM(l_quantity) AS sum_qty, SUM(l_extendedprice) AS sum_base_price, SUM(l_extendedprice * (1 - l_discount)) AS sum_disc_price, SUM(l_extendedprice * (1 - l_discount) * (1 + l_tax)) AS sum_charge, AVG(l_quantity) AS avg_qty, AVG(l_extendedprice) AS avg_price, AVG(l_discount) AS avg_disc, COUNT(*) AS count_order FROM lineitem WHERE l_shipdate >= DATE '1995-12-01' - INTERVAL '90 days' GROUP BY l_returnflag, l_linestatus ORDER BY l_returnflag, l_linestatus;"
Q001_V010,Q_0010,"SELECT l_returnflag, l_linestatus, SUM(l_quantity) AS sum_qty, SUM(l_extendedprice) AS sum_base_price, SUM(l_extendedprice * (1 - l_discount)) AS sum_disc_price, SUM(l_extendedprice * (1 - l_discount) * (1 + l_tax)) AS sum_charge, AVG(l_quantity) AS avg_qty, AVG(l_extendedprice) AS avg_price, AVG(l_discount) AS avg_disc, COUNT(*) AS count_order FROM lineitem WHERE l_shipdate >= DATE '1994-12-01' - INTERVAL '90 days' GROUP BY l_returnflag, l_linestatus ORDER BY l_returnflag, l_linestatus;"
Q001_V011,Q_0011,"SELECT l_returnflag, l_linestatus, SUM(l_quantity) AS sum_qty, SUM(l_extendedprice) AS sum_base_price, SUM(l_extendedprice * (1 - l_discount)) AS sum_disc_price, SUM(l_extendedprice * (1 - l_discount) * (1 + l_tax)) AS sum_charge, AVG(l_quantity) AS avg_qty, AVG(l_extendedprice) AS avg_price, AVG(l_discount) AS avg_disc, COUNT(*) AS count_order FROM lineitem WHERE l_shipdate >= DATE '1994-12-01' - INTERVAL '10 days' GROUP BY l_returnflag, l_linestatus ORDER BY l_returnflag, l_linestatus;"
Q001_V012,Q_0012,"SELECT l_returnflag, l_linestatus, SUM(l_quantity) AS sum_qty, SUM(l_extendedprice) AS sum_base_price, SUM(l_extendedprice * (1 - l_discount)) AS sum_disc_price, SUM(l_extendedprice * (1 - l_discount) * (1 + l_tax)) AS sum_charge, AVG(l_quantity) AS avg_qty, AVG(l_extendedprice) AS avg_price, AVG(l_discount) AS avg_disc, COUNT(*) AS count_order FROM lineitem WHERE l_shipdate >= DATE '1994-12-01' - INTERVAL '30 days' GROUP BY l_returnflag, l_linestatus ORDER BY l_returnflag, l_linestatus;"
Q001_V013,Q_0013,"SELECT l_returnflag, l_linestatus, SUM(l_quantity) AS sum_qty, SUM(l_extendedprice) AS sum_base_price, SUM(l_extendedprice * (1 - l_discount)) AS sum_disc_price, SUM(l_extendedprice * (1 - l_discount) * (1 + l_tax)) AS sum_charge, AVG(l_quantity) AS avg_qty, AVG(l_extendedprice) AS avg_price, AVG(l_discount) AS avg_disc, COUNT(*) AS count_order FROM lineitem WHERE l_shipdate >= DATE '1994-12-01' - INTERVAL '50 days' GROUP BY l_returnflag, l_linestatus ORDER BY l_returnflag, l_linestatus;"
Q001_V014,Q_0014,"SELECT l_returnflag, l_linestatus, SUM(l_quantity) AS sum_qty, SUM(l_extendedprice) AS sum_base_price, SUM(l_extendedprice * (1 - l_discount)) AS sum_disc_price, SUM(l_extendedprice * (1 - l_discount) * (1 + l_tax)) AS sum_charge, AVG(l_quantity) AS avg_qty, AVG(l_extendedprice) AS avg_price, AVG(l_discount) AS avg_disc, COUNT(*) AS count_order FROM lineitem WHERE l_shipdate >= DATE '1994-12-01' - INTERVAL '120 days' GROUP BY l_returnflag, l_linestatus ORDER BY l_returnflag, l_linestatus;"
Q001_V015,Q_0015,"SELECT l_returnflag, SUM(l_quantity) AS sum_qty, SUM(l_extendedprice) AS sum_base_price, SUM(l_extendedprice * (1 - l_discount)) AS sum_disc_price, SUM(l_extendedprice * (1 - l_discount) * (1 + l_tax)) AS sum_charge, AVG(l_quantity) AS avg_qty, AVG(l_extendedprice) AS avg_price, AVG(l_discount) AS avg_disc, COUNT(*) AS count_order FROM lineitem WHERE l_shipdate >= DATE '1994-12-01' - INTERVAL '120 days' GROUP BY l_returnflag ORDER BY l_returnflag;"
Q002_V001,Q_0016,"SELECT s_acctbal, s_name, n_name, p_partkey, p_mfgr, s_address, s_phone, s_comment FROM part, supplier, partsupp, nation, region WHERE p_partkey = ps_partkey AND s_suppkey = ps_suppkey AND p_size = 15 AND p_type LIKE '%reflect' AND s_nationkey = n_nationkey AND n_regionkey = r_regionkey AND r_name = 'EUROPE' AND ps_supplycost = ( SELECT MIN(ps_supplycost) FROM partsupp, supplier, nation, region WHERE p_partkey = ps_partkey AND s_suppkey = ps_suppkey AND s_nationkey = n_nationkey AND n_regionkey = r_regionkey AND r_name = 'EUROPE' ) ORDER BY s_acctbal DESC, n_name, s_name, p_partkey;"
Q002_V002,Q_0017,"SELECT s.s_acctbal,s.s_name,n.n_name,p.p_partkey,p.p_mfgr,s.s_address,s.s_phone,s.s_comment FROM part p JOIN partsupp ps ON p.p_partkey=ps.ps_partkey JOIN supplier s ON s.s_suppkey=ps.ps_suppkey JOIN nation n ON s.s_nationkey=n.n_nationkey JOIN region r ON n.n_regionkey=r.r_regionkey WHERE p.p_size=5 AND p.p_type LIKE '%TIN' AND r.r_name='EUROPE' AND ps.ps_supplycost=(SELECT MIN(ps2.ps_supplycost) FROM partsupp ps2 JOIN supplier s2 ON s2.s_suppkey=ps2.ps_suppkey JOIN nation n2 ON s2.s_nationkey=n2.n_nationkey JOIN region r2 ON n2.n_regionkey=r2.r_regionkey WHERE ps2.ps_partkey=p.p_partkey AND r2.r_name='EUROPE') ORDER BY s.s_acctbal DESC,n.n_name,s.s_name,p.p_partkey;"
Q002_V003,Q_0018,"SELECT s.s_acctbal,s.s_name,n.n_name,p.p_partkey,p.p_mfgr,s.s_address,s.s_phone,s.s_comment FROM part p JOIN partsupp ps ON p.p_partkey=ps.ps_partkey JOIN supplier s ON s.s_suppkey=ps.ps_suppkey JOIN nation n ON s.s_nationkey=n.n_nationkey JOIN region r ON n.n_regionkey=r.r_regionkey WHERE p.p_size=10 AND p.p_type LIKE '%STEEL' AND r.r_name='ASIA' AND ps.ps_supplycost=(SELECT MIN(ps2.ps_supplycost) FROM partsupp ps2 JOIN supplier s2 ON s2.s_suppkey=ps2.ps_suppkey JOIN nation n2 ON s2.s_nationkey=n2.n_nationkey JOIN region r2 ON n2.n_regionkey=r2.r_regionkey WHERE ps2.ps_partkey=p.p_partkey AND r2.r_name='ASIA') ORDER BY s.s_acctbal DESC,n.n_name,s.s_name,p.p_partkey;"
Q002_V004,Q_0019,"SELECT s.s_acctbal,s.s_name,n.n_name,p.p_partkey,p.p_mfgr,s.s_address,s.s_phone,s.s_comment FROM part p JOIN partsupp ps ON p.p_partkey=ps.ps_partkey JOIN supplier s ON s.s_suppkey=ps.ps_suppkey JOIN nation n ON s.s_nationkey=n.n_nationkey JOIN region r ON n.n_regionkey=r.r_regionkey WHERE p.p_size=15 AND p.p_type LIKE '%COPPER' AND r.r_name='AMERICA' AND ps.ps_supplycost=(SELECT MIN(ps2.ps_supplycost) FROM partsupp ps2 JOIN supplier s2 ON s2.s_suppkey=ps2.ps_suppkey JOIN nation n2 ON s2.s_nationkey=n2.n_nationkey JOIN region r2 ON n2.n_regionkey=r2.r_regionkey WHERE ps2.ps_partkey=p.p_partkey AND r2.r_name='AMERICA') ORDER BY s.s_acctbal DESC,n.n_name,s.s_name,p.p_partkey;"
Q002_V005,Q_0020,"SELECT s_acctbal, s_name, n_name, p_partkey, p_mfgr, s_address, s_phone, s_comment FROM part, supplier, partsupp, nation, region WHERE p_partkey = ps_partkey AND s_suppkey = ps_suppkey AND p_size = 15 AND p_type LIKE '%reflect' AND s_nationkey = n_nationkey AND n_regionkey = r_regionkey AND r_name = 'EUROPE' AND ps_supplycost = ( SELECT MIN(ps_supplycost) FROM partsupp, supplier, nation, region WHERE p_partkey = ps_partkey AND s_suppkey = ps_suppkey AND s_nationkey = n_nationkey AND n_regionkey = r_regionkey AND r_name = 'ASIA' ) ORDER BY s_acctbal DESC, n_name, s_name, p_partkey;"
Q002_V006,Q_0021,"SELECT s_acctbal, s_name, n_name, p_partkey, p_mfgr, s_address, s_phone, s_comment FROM part, supplier, partsupp, nation, region WHERE p_partkey = ps_partkey AND s_suppkey = ps_suppkey AND p_size = 9 AND p_type LIKE '%reflect' AND s_nationkey = n_nationkey AND n_regionkey = r_regionkey AND r_name = 'EUROPE' AND ps_supplycost = ( SELECT MIN(ps_supplycost) FROM partsupp, supplier, nation, region WHERE p_partkey = ps_partkey AND s_suppkey = ps_suppkey AND s_nationkey = n_nationkey AND n_regionkey = r_regionkey AND r_name = 'ASIA' ) ORDER BY s_acctbal DESC, n_name, s_name, p_partkey;"
Q002_V007,Q_0022,"SELECT s_acctbal, s_name, n_name, p_partkey, p_mfgr, s_address, s_phone, s_comment FROM part, supplier, partsupp, nation, region WHERE p_partkey = ps_partkey AND s_suppkey = ps_suppkey AND p_size = 9 AND p_type LIKE '%ob' AND s_nationkey = n_nationkey AND n_regionkey = r_regionkey AND r_name = 'EUROPE' AND ps_supplycost = ( SELECT MIN(ps_supplycost) FROM partsupp, supplier, nation, region WHERE p_partkey = ps_partkey AND s_suppkey = ps_suppkey AND s_nationkey = n_nationkey AND n_regionkey = r_regionkey AND r_name = 'ASIA' ) ORDER BY s_acctbal DESC, n_name, s_name, p_partkey;"
Q002_V008,Q_0023,"SELECT s_acctbal, s_name, n_name, p_partkey, p_mfgr, s_address, s_phone, s_comment FROM part, supplier, partsupp, nation, region WHERE p_partkey = ps_partkey AND s_suppkey = ps_suppkey AND p_size = 9 AND p_type LIKE '%lse' AND s_nationkey = n_nationkey AND n_regionkey = r_regionkey AND r_name = 'EUROPE' AND ps_supplycost = ( SELECT MIN(ps_supplycost) FROM partsupp, supplier, nation, region WHERE p_partkey = ps_partkey AND s_suppkey = ps_suppkey AND s_nationkey = n_nationkey AND n_regionkey = r_regionkey AND r_name = 'ASIA' ) ORDER BY s_acctbal DESC, n_name, s_name, p_partkey;"
Q002_V009,Q_0024,"SELECT s_acctbal, s_name, n_name, p_partkey, p_mfgr, s_address, s_phone, s_comment FROM part, supplier, partsupp, nation, region WHERE p_partkey = ps_partkey AND s_suppkey = ps_suppkey AND p_size = 15 AND p_type LIKE '%reflect' AND s_nationkey = n_nationkey AND n_regionkey = r_regionkey AND r_name = 'EUROPE' AND ps_supplycost = ( SELECT MAX(ps_supplycost) FROM partsupp, supplier, nation, region WHERE p_partkey = ps_partkey AND s_suppkey = ps_suppkey AND s_nationkey = n_nationkey AND n_regionkey = r_regionkey AND r_name = 'EUROPE' ) ORDER BY s_acctbal DESC, n_name, s_name, p_partkey;"
Q002_V010,Q_0025,"SELECT s_acctbal, s_name, n_name, p_partkey, p_mfgr, s_address, s_phone, s_comment FROM part, supplier, partsupp, nation, region WHERE p_partkey = ps_partkey AND s_suppkey = ps_suppkey AND p_size = 15 AND p_type LIKE '%reflect' AND s_nationkey = n_nationkey AND n_regionkey = r_regionkey AND r_name = 'EUROPE' AND ps_supplycost = ( SELECT MIN(ps_supplycost) FROM partsupp, supplier, nation, region WHERE p_partkey = ps_partkey AND s_suppkey = ps_suppkey AND s_nationkey = n_nationkey AND n_regionkey = r_regionkey AND r_name = 'EUROPE' ) ORDER BY s_acctbal ASC, n_name, s_name, p_partkey;"
Q003_V001,Q_0026,"SELECT l_orderkey, SUM(l_extendedprice * (1 - l_discount)) AS revenue, o_orderdate, o_shippriority FROM customer, orders, lineitem WHERE c_mktsegment = 'BUILDING' AND c_custkey = o_custkey AND l_orderkey = o_orderkey AND o_orderdate < DATE '1995-03-15' AND l_shipdate > DATE '1995-03-15' GROUP BY l_orderkey, o_orderdate, o_shippriority ORDER BY revenue DESC, o_orderdate;"
Q003_V002,Q_0027,"SELECT l_orderkey, SUM(l_extendedprice * (1 - l_discount)) AS revenue, o_orderdate, o_shippriority FROM customer, orders, lineitem WHERE c_mktsegment = 'MACHINERY' AND c_custkey = o_custkey AND l_orderkey = o_orderkey AND o_orderdate < DATE '1995-03-15' AND l_shipdate > DATE '1995-03-15' GROUP BY l_orderkey, o_orderdate, o_shippriority ORDER BY revenue DESC, o_orderdate;"
Q003_V003,Q_0028,"SELECT l_orderkey, SUM(l_extendedprice * (1 - l_discount)) AS revenue, o_orderdate, o_shippriority FROM customer, orders, lineitem WHERE c_mktsegment = 'HOUSEHOLD' AND c_custkey = o_custkey AND l_orderkey = o_orderkey AND o_orderdate < DATE '1995-03-15' AND l_shipdate > DATE '1995-03-15' GROUP BY l_orderkey, o_orderdate, o_shippriority ORDER BY revenue DESC, o_orderdate;"
Q003_V004,Q_0029,"SELECT l_orderkey, SUM(l_extendedprice * (1 - l_discount)) AS revenue, o_orderdate, o_shippriority FROM customer, orders, lineitem WHERE c_mktsegment = 'AUTOMOBILE' AND c_custkey = o_custkey AND l_orderkey = o_orderkey AND o_orderdate < DATE '1995-03-15' AND l_shipdate > DATE '1995-03-15' GROUP BY l_orderkey, o_orderdate, o_shippriority ORDER BY revenue DESC, o_orderdate;"
Q003_V005,Q_0030,"SELECT l_orderkey, SUM(l_extendedprice * (1 - l_discount)) AS revenue, o_orderdate, o_shippriority FROM customer, orders, lineitem WHERE c_mktsegment = 'FURNITURE ' AND c_custkey = o_custkey AND l_orderkey = o_orderkey AND o_orderdate < DATE '1995-03-15' AND l_shipdate > DATE '1995-03-15' GROUP BY l_orderkey, o_orderdate, o_shippriority ORDER BY revenue DESC, o_orderdate;"
Q003_V006,Q_0031,"SELECT l_orderkey, SUM(l_extendedprice * (1 - l_discount)) AS revenue, o_orderdate, o_shippriority FROM customer, orders, lineitem WHERE c_mktsegment = 'FURNITURE ' AND c_custkey = o_custkey AND l_orderkey = o_orderkey AND o_orderdate < DATE '1998-03-15' AND l_shipdate > DATE '1995-03-15' GROUP BY l_orderkey, o_orderdate, o_shippriority ORDER BY revenue DESC, o_orderdate;"
Q003_V007,Q_0032,"SELECT l_orderkey, SUM(l_extendedprice * (1 - l_discount)) AS revenue, o_orderdate, o_shippriority FROM customer, orders, lineitem WHERE c_mktsegment = 'FURNITURE ' AND c_custkey = o_custkey AND l_orderkey = o_orderkey AND o_orderdate < DATE '1997-03-15' AND l_shipdate > DATE '1995-03-15' GROUP BY l_orderkey, o_orderdate, o_shippriority ORDER BY revenue DESC, o_orderdate;"
Q003_V008,Q_0033,"SELECT l_orderkey, SUM(l_extendedprice * (1 - l_discount)) AS revenue, o_orderdate, o_shippriority FROM customer, orders, lineitem WHERE c_mktsegment = 'FURNITURE ' AND c_custkey = o_custkey AND l_orderkey = o_orderkey AND o_orderdate < DATE '1996-03-15' AND l_shipdate > DATE '1995-03-15' GROUP BY l_orderkey, o_orderdate, o_shippriority ORDER BY revenue DESC, o_orderdate;"
Q003_V009,Q_0034,"SELECT l_orderkey, SUM(l_extendedprice * (1 - l_discount)) AS revenue, o_orderdate, o_shippriority FROM customer, orders, lineitem WHERE c_mktsegment = 'FURNITURE ' AND c_custkey = o_custkey AND l_orderkey = o_orderkey AND o_orderdate > DATE '1996-03-15' AND l_shipdate > DATE '1995-03-15' GROUP BY l_orderkey, o_orderdate, o_shippriority ORDER BY revenue DESC, o_orderdate;"
Q003_V010,Q_0035,"SELECT l_orderkey, SUM(l_extendedprice * (1 - l_discount)) AS revenue, o_orderdate, o_shippriority FROM customer, orders, lineitem WHERE c_mktsegment = 'FURNITURE ' AND c_custkey = o_custkey AND l_orderkey = o_orderkey AND o_orderdate > DATE '1990-03-15' AND l_shipdate > DATE '1995-03-15' GROUP BY l_orderkey, o_orderdate, o_shippriority ORDER BY revenue DESC, o_orderdate;"
Q003_V011,Q_0036,"SELECT l_orderkey, SUM(l_extendedprice * (1 - l_discount)) AS revenue, o_orderdate, o_shippriority FROM customer, orders, lineitem WHERE c_mktsegment = 'BUILDING' AND c_custkey = o_custkey AND l_orderkey = o_orderkey AND o_orderdate < DATE '1995-03-15' AND l_shipdate > DATE '1992-03-15' GROUP BY l_orderkey, o_orderdate, o_shippriority ORDER BY revenue DESC, o_orderdate;"
Q003_V012,Q_0037,"SELECT l_orderkey, SUM(l_extendedprice * (1 - l_discount)) AS revenue, o_orderdate, o_shippriority FROM customer, orders, lineitem WHERE c_mktsegment = 'BUILDING' AND c_custkey = o_custkey AND l_orderkey = o_orderkey AND o_orderdate < DATE '1995-03-15' AND l_shipdate > DATE '1990-03-15' GROUP BY l_orderkey, o_orderdate, o_shippriority ORDER BY revenue DESC, o_orderdate;"
Q003_V013,Q_0038,"SELECT l_orderkey, SUM(l_extendedprice * (1 - l_discount)) AS revenue, o_orderdate, o_shippriority FROM customer, orders, lineitem WHERE c_mktsegment = 'BUILDING' AND c_custkey = o_custkey AND l_orderkey = o_orderkey AND o_orderdate < DATE '1995-03-15' AND l_shipdate > DATE '1985-03-15' GROUP BY l_orderkey, o_orderdate, o_shippriority ORDER BY revenue DESC, o_orderdate;"
Q003_V014,Q_0039,"SELECT l_orderkey, SUM(l_extendedprice * (1 - l_discount)) AS revenue, o_orderdate, o_shippriority FROM customer, orders, lineitem WHERE c_mktsegment = 'BUILDING' AND c_custkey = o_custkey AND l_orderkey = o_orderkey AND o_orderdate < DATE '1995-03-15' AND l_shipdate < DATE '1995-03-15' GROUP BY l_orderkey, o_orderdate, o_shippriority ORDER BY revenue DESC, o_orderdate;"
Q003_V015,Q_0040,"SELECT l_orderkey, SUM(l_extendedprice * (1 - l_discount)) AS revenue, o_orderdate, o_shippriority FROM customer, orders, lineitem WHERE c_mktsegment = 'BUILDING' AND c_custkey = o_custkey AND l_orderkey = o_orderkey AND o_orderdate < DATE '1995-03-15' AND l_shipdate < DATE '1993-03-15' GROUP BY l_orderkey, o_orderdate, o_shippriority ORDER BY revenue DESC, o_orderdate;"
Q004_V001,Q_0041,"SELECT o_orderpriority, COUNT(*) AS order_count FROM orders WHERE o_orderdate >= DATE '1993-07-01' AND o_orderdate < DATE '1993-07-01' + INTERVAL '3 months' AND EXISTS ( SELECT * FROM lineitem WHERE l_orderkey = o_orderkey AND l_commitdate < l_receiptdate ) GROUP BY o_orderpriority ORDER BY o_orderpriority;"
Q004_V002,Q_0042,"SELECT o_orderpriority, COUNT(*) AS order_count FROM orders WHERE o_orderdate >= DATE '1992-07-01' AND o_orderdate < DATE '1993-07-01' + INTERVAL '3 months' AND EXISTS ( SELECT * FROM lineitem WHERE l_orderkey = o_orderkey AND l_commitdate < l_receiptdate ) GROUP BY o_orderpriority ORDER BY o_orderpriority;"
Q004_V003,Q_0043,"SELECT o_orderpriority, COUNT(*) AS order_count FROM orders WHERE o_orderdate <= DATE '1993-07-01' AND o_orderdate < DATE '1993-07-01' + INTERVAL '3 months' AND EXISTS ( SELECT * FROM lineitem WHERE l_orderkey = o_orderkey AND l_commitdate < l_receiptdate ) GROUP BY o_orderpriority ORDER BY o_orderpriority;"
Q004_V004,Q_0044,"SELECT o_orderpriority, COUNT(*) AS order_count FROM orders WHERE o_orderdate <= DATE '1995-07-01' AND o_orderdate < DATE '1993-07-01' + INTERVAL '3 months' AND EXISTS ( SELECT * FROM lineitem WHERE l_orderkey = o_orderkey AND l_commitdate < l_receiptdate ) GROUP BY o_orderpriority ORDER BY o_orderpriority;"
Q004_V005,Q_0045,"SELECT o_orderpriority, COUNT(*) AS order_count FROM orders WHERE o_orderdate <= DATE '1994-07-01' AND o_orderdate < DATE '1993-07-01' + INTERVAL '3 months' AND EXISTS ( SELECT * FROM lineitem WHERE l_orderkey = o_orderkey AND l_commitdate < l_receiptdate ) GROUP BY o_orderpriority ORDER BY o_orderpriority;"
Q004_V006,Q_0046,"SELECT o_orderpriority, COUNT(*) AS order_count FROM orders WHERE o_orderdate >= DATE '1993-07-01' AND o_orderdate < DATE '1993-07-01' + INTERVAL '1 months' AND EXISTS ( SELECT * FROM lineitem WHERE l_orderkey = o_orderkey AND l_commitdate < l_receiptdate ) GROUP BY o_orderpriority ORDER BY o_orderpriority;"
Q004_V007,Q_0047,"SELECT o_orderpriority, COUNT(*) AS order_count FROM orders WHERE o_orderdate >= DATE '1993-07-01' AND o_orderdate < DATE '1993-07-01' + INTERVAL '2 months' AND EXISTS ( SELECT * FROM lineitem WHERE l_orderkey = o_orderkey AND l_commitdate < l_receiptdate ) GROUP BY o_orderpriority ORDER BY o_orderpriority;"
Q004_V008,Q_0048,"SELECT o_orderpriority, COUNT(*) AS order_count FROM orders WHERE o_orderdate >= DATE '1993-07-01' AND o_orderdate < DATE '1993-07-01' + INTERVAL '4 months' AND EXISTS ( SELECT * FROM lineitem WHERE l_orderkey = o_orderkey AND l_commitdate < l_receiptdate ) GROUP BY o_orderpriority ORDER BY o_orderpriority;"
Q004_V009,Q_0049,"SELECT o_orderpriority, COUNT(*) AS order_count FROM orders WHERE o_orderdate >= DATE '1993-07-01' AND o_orderdate < DATE '1993-07-01' + INTERVAL '12 months' AND EXISTS ( SELECT * FROM lineitem WHERE l_orderkey = o_orderkey AND l_commitdate < l_receiptdate ) GROUP BY o_orderpriority ORDER BY o_orderpriority;"
Q004_V010,Q_0050,"SELECT o_orderpriority, COUNT(*) AS order_count FROM orders WHERE o_orderdate >= DATE '1993-07-01' AND o_orderdate < DATE '1993-07-01' + INTERVAL '24 months' AND EXISTS ( SELECT * FROM lineitem WHERE l_orderkey = o_orderkey AND l_commitdate < l_receiptdate ) GROUP BY o_orderpriority ORDER BY o_orderpriority;"
Q005_V001,Q_0051,"SELECT n_name, SUM(l_extendedprice * (1 - l_discount)) AS revenue FROM customer, orders, lineitem, supplier, nation, region WHERE c_custkey = o_custkey AND l_orderkey = o_orderkey AND l_suppkey = s_suppkey AND c_nationkey = s_nationkey AND s_nationkey = n_nationkey AND n_regionkey = r_regionkey AND r_name = 'ASIA' AND o_orderdate >= DATE '1994-01-01' AND o_orderdate < DATE '1994-01-01' + INTERVAL '1 years' GROUP BY n_name ORDER BY revenue DESC;"
Q005_V002,Q_0052,"SELECT n_name, SUM(l_extendedprice * (1 - l_discount)) AS revenue FROM customer, orders, lineitem, supplier, nation, region WHERE c_custkey = o_custkey AND l_orderkey = o_orderkey AND l_suppkey = s_suppkey AND c_nationkey = s_nationkey AND s_nationkey = n_nationkey AND n_regionkey = r_regionkey AND r_name = 'EUROPE' AND o_orderdate >= DATE '1994-01-01' AND o_orderdate < DATE '1994-01-01' + INTERVAL '1 years' GROUP BY n_name ORDER BY revenue DESC;"
Q005_V003,Q_0053,"SELECT n_name, SUM(l_extendedprice * (1 - l_discount)) AS revenue FROM customer, orders, lineitem, supplier, nation, region WHERE c_custkey = o_custkey AND l_orderkey = o_orderkey AND l_suppkey = s_suppkey AND c_nationkey = s_nationkey AND s_nationkey = n_nationkey AND n_regionkey = r_regionkey AND r_name = 'AMERICA' AND o_orderdate >= DATE '1994-01-01' AND o_orderdate < DATE '1994-01-01' + INTERVAL '1 years' GROUP BY n_name ORDER BY revenue DESC;"
Q005_V004,Q_0054,"SELECT n_name, SUM(l_extendedprice * (1 - l_discount)) AS revenue FROM customer, orders, lineitem, supplier, nation, region WHERE c_custkey = o_custkey AND l_orderkey = o_orderkey AND l_suppkey = s_suppkey AND c_nationkey = s_nationkey AND s_nationkey = n_nationkey AND n_regionkey = r_regionkey AND r_name = 'AFRICA' AND o_orderdate >= DATE '1994-01-01' AND o_orderdate < DATE '1994-01-01' + INTERVAL '1 years' GROUP BY n_name ORDER BY revenue DESC;"
Q005_V005,Q_0055,"SELECT n_name, SUM(l_extendedprice * (1 - l_discount)) AS revenue FROM customer, orders, lineitem, supplier, nation, region WHERE c_custkey = o_custkey AND l_orderkey = o_orderkey AND l_suppkey = s_suppkey AND c_nationkey = s_nationkey AND s_nationkey = n_nationkey AND n_regionkey = r_regionkey AND r_name = 'MIDDLE EAST' AND o_orderdate >= DATE '1994-01-01' AND o_orderdate < DATE '1994-01-01' + INTERVAL '1 years' GROUP BY n_name ORDER BY revenue DESC;"
Q005_V006,Q_0056,"SELECT n_name, SUM(l_extendedprice * (1 - l_discount)) AS revenue FROM customer, orders, lineitem, supplier, nation, region WHERE c_custkey = o_custkey AND l_orderkey = o_orderkey AND l_suppkey = s_suppkey AND c_nationkey = s_nationkey AND s_nationkey = n_nationkey AND n_regionkey = r_regionkey AND r_name = 'MIDDLE EAST' AND o_orderdate >= DATE '1994-01-01' AND o_orderdate < DATE '1994-01-01' + INTERVAL '2 years' GROUP BY n_name ORDER BY revenue DESC;"
Q005_V007,Q_0057,"SELECT n_name, SUM(l_extendedprice * (1 - l_discount)) AS revenue FROM customer, orders, lineitem, supplier, nation, region WHERE c_custkey = o_custkey AND l_orderkey = o_orderkey AND l_suppkey = s_suppkey AND c_nationkey = s_nationkey AND s_nationkey = n_nationkey AND n_regionkey = r_regionkey AND r_name = 'MIDDLE EAST' AND o_orderdate >= DATE '1994-01-01' AND o_orderdate < DATE '1994-01-01' + INTERVAL '3 years' GROUP BY n_name ORDER BY revenue DESC;"
Q005_V008,Q_0058,"SELECT n_name, SUM(l_extendedprice * (1 - l_discount)) AS revenue FROM customer, orders, lineitem, supplier, nation, region WHERE c_custkey = o_custkey AND l_orderkey = o_orderkey AND l_suppkey = s_suppkey AND c_nationkey = s_nationkey AND s_nationkey = n_nationkey AND n_regionkey = r_regionkey AND r_name = 'MIDDLE EAST' AND o_orderdate >= DATE '1990-01-01' AND o_orderdate < DATE '1994-01-01' + INTERVAL '1 years' GROUP BY n_name ORDER BY revenue DESC;"
Q005_V009,Q_0059,"SELECT n_name, SUM(l_extendedprice * (1 - l_discount)) AS revenue FROM customer, orders, lineitem, supplier, nation, region WHERE c_custkey = o_custkey AND l_orderkey = o_orderkey AND l_suppkey = s_suppkey AND c_nationkey = s_nationkey AND s_nationkey = n_nationkey AND n_regionkey = r_regionkey AND r_name = 'MIDDLE EAST' AND o_orderdate >= DATE '1995-01-01' AND o_orderdate < DATE '1994-01-01' + INTERVAL '1 years' GROUP BY n_name ORDER BY revenue DESC;"
Q005_V010,Q_0060,"SELECT n_name, SUM(l_extendedprice * (1 - l_discount)) AS revenue FROM customer, orders, lineitem, supplier, nation, region WHERE c_custkey = o_custkey AND l_orderkey = o_orderkey AND l_suppkey = s_suppkey AND c_nationkey = s_nationkey AND s_nationkey = n_nationkey AND n_regionkey = r_regionkey AND r_name = 'MIDDLE EAST' AND o_orderdate <= DATE '1999-01-01' AND o_orderdate < DATE '1994-01-01' + INTERVAL '1 years' GROUP BY n_name ORDER BY revenue DESC;"
Q005_V011,Q_0061,"SELECT n_name, SUM(l_extendedprice * (1 - l_discount)) AS revenue FROM customer, orders, lineitem, supplier, nation, region WHERE c_custkey = o_custkey AND l_orderkey = o_orderkey AND l_suppkey = s_suppkey AND c_nationkey = s_nationkey AND s_nationkey = n_nationkey AND n_regionkey = r_regionkey AND r_name = 'MIDDLE EAST' AND o_orderdate <= DATE '1999-01-01' AND o_orderdate > DATE '1994-01-01' + INTERVAL '1 years' GROUP BY n_name ORDER BY revenue DESC;"
Q005_V012,Q_0062,"SELECT n_name, SUM(l_extendedprice * (1 - l_discount)) AS revenue FROM customer, orders, lineitem, supplier, nation, region WHERE c_custkey = o_custkey AND l_orderkey = o_orderkey AND l_suppkey = s_suppkey AND c_nationkey = s_nationkey AND s_nationkey = n_nationkey AND n_regionkey = r_regionkey AND r_name = 'MIDDLE EAST' AND o_orderdate <= DATE '1999-01-01' AND o_orderdate > DATE '1990-01-01' + INTERVAL '1 years' GROUP BY n_name ORDER BY revenue DESC;"
Q005_V013,Q_0063,"SELECT n_name, SUM(l_extendedprice * (1 - l_discount)) AS revenue FROM customer, orders, lineitem, supplier, nation, region WHERE c_custkey = o_custkey AND l_orderkey = o_orderkey AND l_suppkey = s_suppkey AND c_nationkey = s_nationkey AND s_nationkey = n_nationkey AND n_regionkey = r_regionkey AND r_name = 'MIDDLE EAST' AND o_orderdate <= DATE '1999-01-01' AND o_orderdate > DATE '1993-01-01' + INTERVAL '1 years' GROUP BY n_name ORDER BY revenue DESC;"
Q005_V014,Q_0064,"SELECT n_name, SUM(l_extendedprice * (1 - l_discount)) AS revenue FROM customer, orders, lineitem, supplier, nation, region WHERE c_custkey = o_custkey AND l_orderkey = o_orderkey AND l_suppkey = s_suppkey AND c_nationkey = s_nationkey AND s_nationkey = n_nationkey AND n_regionkey = r_regionkey AND r_name = 'MIDDLE EAST' AND o_orderdate <= DATE '1999-01-01' AND o_orderdate > DATE '1990-01-01' + INTERVAL '1 years' GROUP BY n_name ORDER BY revenue DESC;"
Q005_V015,Q_0065,"SELECT n_name, SUM(l_extendedprice * (1 - l_discount)) AS revenue FROM customer, orders, lineitem, supplier, nation, region WHERE c_custkey = o_custkey AND l_orderkey = o_orderkey AND l_suppkey = s_suppkey AND c_nationkey = s_nationkey AND s_nationkey = n_nationkey AND n_regionkey = r_regionkey AND r_name = 'MIDDLE EAST' AND o_orderdate <= DATE '1999-01-01' AND o_orderdate > DATE '1997-01-01' + INTERVAL '1 years' GROUP BY n_name ORDER BY revenue DESC;"
Q006_V001,Q_0066,SELECT SUM(l_extendedprice * l_discount) AS revenue FROM lineitem WHERE l_shipdate >= DATE '1994-01-01' AND l_shipdate < DATE '1994-01-01' + INTERVAL '1 years' AND l_discount BETWEEN 0.06 - 0.01 AND 0.06 + 0.01 AND l_quantity < 24;
Q006_V002,Q_0067,SELECT SUM(l_extendedprice * l_discount) AS revenue FROM lineitem WHERE l_shipdate >= DATE '1990-01-01' AND l_shipdate < DATE '1994-01-01' + INTERVAL '1 years' AND l_discount BETWEEN 0.06 - 0.01 AND 0.06 + 0.01 AND l_quantity < 24;
Q006_V003,Q_0068,SELECT SUM(l_extendedprice * l_discount) AS revenue FROM lineitem WHERE l_shipdate >= DATE '1995-01-01' AND l_shipdate < DATE '1994-01-01' + INTERVAL '1 years' AND l_discount BETWEEN 0.06 - 0.01 AND 0.06 + 0.01 AND l_quantity < 24;
Q006_V004,Q_0069,SELECT SUM(l_extendedprice * l_discount) AS revenue FROM lineitem WHERE l_shipdate <= DATE '1999-01-01' AND l_shipdate < DATE '1994-01-01' + INTERVAL '1 years' AND l_discount BETWEEN 0.06 - 0.01 AND 0.06 + 0.01 AND l_quantity < 24;
Q006_V005,Q_0070,SELECT SUM(l_extendedprice * l_discount) AS revenue FROM lineitem WHERE l_shipdate <= DATE '1985-01-01' AND l_shipdate < DATE '1994-01-01' + INTERVAL '1 years' AND l_discount BETWEEN 0.06 - 0.01 AND 0.06 + 0.01 AND l_quantity < 24;
Q006_V006,Q_0071,SELECT SUM(l_extendedprice * l_discount) AS revenue FROM lineitem WHERE l_shipdate >= DATE '1994-01-01' AND l_shipdate < DATE '1990-01-01' + INTERVAL '1 years' AND l_discount BETWEEN 0.06 - 0.01 AND 0.06 + 0.01 AND l_quantity < 24;
Q006_V007,Q_0072,SELECT SUM(l_extendedprice * l_discount) AS revenue FROM lineitem WHERE l_shipdate >= DATE '1994-01-01' AND l_shipdate < DATE '1999-01-01' + INTERVAL '1 years' AND l_discount BETWEEN 0.06 - 0.01 AND 0.06 + 0.01 AND l_quantity < 24;
Q006_V008,Q_0073,SELECT SUM(l_extendedprice * l_discount) AS revenue FROM lineitem WHERE l_shipdate >= DATE '1994-01-01' AND l_shipdate < DATE '1994-01-01' + INTERVAL '2 years' AND l_discount BETWEEN 0.06 - 0.01 AND 0.06 + 0.01 AND l_quantity < 24;
Q006_V009,Q_0074,SELECT SUM(l_extendedprice * l_discount) AS revenue FROM lineitem WHERE l_shipdate >= DATE '1994-01-01' AND l_shipdate < DATE '1994-01-01' + INTERVAL '5 years' AND l_discount BETWEEN 0.06 - 0.01 AND 0.06 + 0.01 AND l_quantity < 24;
Q006_V010,Q_0075,SELECT SUM(l_extendedprice * l_discount) AS revenue FROM lineitem WHERE l_shipdate >= DATE '1994-01-01' AND l_shipdate < DATE '1994-01-01' + INTERVAL '10 years' AND l_discount BETWEEN 0.06 - 0.01 AND 0.06 + 0.01 AND l_quantity < 24;
Q006_V011,Q_0076,SELECT SUM(l_extendedprice * l_discount) AS revenue FROM lineitem WHERE l_shipdate >= DATE '1994-01-01' AND l_shipdate < DATE '1994-01-01' + INTERVAL '1 years' AND l_discount BETWEEN 0.06 - 0.03 AND 0.06 + 0.03 AND l_quantity < 24;
Q006_V012,Q_0077,SELECT SUM(l_extendedprice * l_discount) AS revenue FROM lineitem WHERE l_shipdate >= DATE '1994-01-01' AND l_shipdate < DATE '1994-01-01' + INTERVAL '1 years' AND l_discount BETWEEN 0.06 - 0.05 AND 0.06 + 0.05 AND l_quantity < 24;
Q006_V013,Q_0078,SELECT SUM(l_extendedprice * l_discount) AS revenue FROM lineitem WHERE l_shipdate >= DATE '1994-01-01' AND l_shipdate < DATE '1994-01-01' + INTERVAL '1 years' AND l_discount BETWEEN 0.09 - 0.05 AND 0.09 + 0.05 AND l_quantity < 24;
Q006_V014,Q_0079,SELECT SUM(l_extendedprice * l_discount) AS revenue FROM lineitem WHERE l_shipdate >= DATE '1994-01-01' AND l_shipdate < DATE '1994-01-01' + INTERVAL '1 years' AND l_discount BETWEEN 0.09 - 0.05 AND 0.09 + 0.05 AND l_quantity < 5;
Q006_V015,Q_0080,SELECT SUM(l_extendedprice * l_discount) AS revenue FROM lineitem WHERE l_shipdate >= DATE '1994-01-01' AND l_shipdate < DATE '1994-01-01' + INTERVAL '1 years' AND l_discount BETWEEN 0.09 - 0.05 AND 0.09 + 0.05 AND l_quantity < 10;
Q007_V001,Q_0081,"SELECT supp_nation, cust_nation, l_year, SUM(volume) AS revenue FROM ( SELECT n1.n_name AS supp_nation, n2.n_name AS cust_nation, EXTRACT(YEAR FROM l_shipdate) AS l_year, l_extendedprice * (1 - l_discount) AS volume FROM supplier, lineitem, orders, customer, nation n1, nation n2 WHERE s_suppkey = l_suppkey AND o_orderkey = l_orderkey AND c_custkey = o_custkey AND s_nationkey = n1.n_nationkey AND c_nationkey = n2.n_nationkey AND ( (n1.n_name = 'FRANCE' AND n2.n_name = 'GERMANY') OR (n1.n_name = 'GERMANY' AND n2.n_name = 'FRANCE') ) AND l_shipdate BETWEEN DATE '1995-01-01' AND DATE '1996-12-31' ) AS shipping GROUP BY supp_nation, cust_nation, l_year ORDER BY supp_nation, cust_nation, l_year;"
Q007_V002,Q_0082,"SELECT supp_nation, cust_nation, l_year, SUM(volume) AS revenue FROM ( SELECT n1.n_name AS supp_nation, n2.n_name AS cust_nation, EXTRACT(YEAR FROM l_shipdate) AS l_year, l_extendedprice * (1 - l_discount) AS volume FROM supplier, lineitem, orders, customer, nation n1, nation n2 WHERE s_suppkey = l_suppkey AND o_orderkey = l_orderkey AND c_custkey = o_custkey AND s_nationkey = n1.n_nationkey AND c_nationkey = n2.n_nationkey AND ( (n1.n_name = 'ALGERIA' AND n2.n_name = 'GERMANY') OR (n1.n_name = 'GERMANY' AND n2.n_name = 'FRANCE') ) AND l_shipdate BETWEEN DATE '1995-01-01' AND DATE '1996-12-31' ) AS shipping GROUP BY supp_nation, cust_nation, l_year ORDER BY supp_nation, cust_nation, l_year;"
Q007_V003,Q_0083,"SELECT supp_nation, cust_nation, l_year, SUM(volume) AS revenue FROM ( SELECT n1.n_name AS supp_nation, n2.n_name AS cust_nation, EXTRACT(YEAR FROM l_shipdate) AS l_year, l_extendedprice * (1 - l_discount) AS volume FROM supplier, lineitem, orders, customer, nation n1, nation n2 WHERE s_suppkey = l_suppkey AND o_orderkey = l_orderkey AND c_custkey = o_custkey AND s_nationkey = n1.n_nationkey AND c_nationkey = n2.n_nationkey AND ( (n1.n_name = 'BRAZIL' AND n2.n_name = 'GERMANY') OR (n1.n_name = 'GERMANY' AND n2.n_name = 'FRANCE') ) AND l_shipdate BETWEEN DATE '1995-01-01' AND DATE '1996-12-31' ) AS shipping GROUP BY supp_nation, cust_nation, l_year ORDER BY supp_nation, cust_nation, l_year;"
Q007_V004,Q_0084,"SELECT supp_nation, cust_nation, l_year, SUM(volume) AS revenue FROM ( SELECT n1.n_name AS supp_nation, n2.n_name AS cust_nation, EXTRACT(YEAR FROM l_shipdate) AS l_year, l_extendedprice * (1 - l_discount) AS volume FROM supplier, lineitem, orders, customer, nation n1, nation n2 WHERE s_suppkey = l_suppkey AND o_orderkey = l_orderkey AND c_custkey = o_custkey AND s_nationkey = n1.n_nationkey AND c_nationkey = n2.n_nationkey AND ( (n1.n_name = 'CANADA' AND n2.n_name = 'GERMANY') OR (n1.n_name = 'GERMANY' AND n2.n_name = 'FRANCE') ) AND l_shipdate BETWEEN DATE '1995-01-01' AND DATE '1996-12-31' ) AS shipping GROUP BY supp_nation, cust_nation, l_year ORDER BY supp_nation, cust_nation, l_year;"
Q007_V005,Q_0085,"SELECT supp_nation, cust_nation, l_year, SUM(volume) AS revenue FROM ( SELECT n1.n_name AS supp_nation, n2.n_name AS cust_nation, EXTRACT(YEAR FROM l_shipdate) AS l_year, l_extendedprice * (1 - l_discount) AS volume FROM supplier, lineitem, orders, customer, nation n1, nation n2 WHERE s_suppkey = l_suppkey AND o_orderkey = l_orderkey AND c_custkey = o_custkey AND s_nationkey = n1.n_nationkey AND c_nationkey = n2.n_nationkey AND ( (n1.n_name = 'EGYPT' AND n2.n_name = 'GERMANY') OR (n1.n_name = 'GERMANY' AND n2.n_name = 'FRANCE') ) AND l_shipdate BETWEEN DATE '1995-01-01' AND DATE '1996-12-31' ) AS shipping GROUP BY supp_nation, cust_nation, l_year ORDER BY supp_nation, cust_nation, l_year;"
Q007_V006,Q_0086,"SELECT supp_nation, cust_nation, l_year, SUM(volume) AS revenue FROM ( SELECT n1.n_name AS supp_nation, n2.n_name AS cust_nation, EXTRACT(YEAR FROM l_shipdate) AS l_year, l_extendedprice * (1 - l_discount) AS volume FROM supplier, lineitem, orders, customer, nation n1, nation n2 WHERE s_suppkey = l_suppkey AND o_orderkey = l_orderkey AND c_custkey = o_custkey AND s_nationkey = n1.n_nationkey AND c_nationkey = n2.n_nationkey AND ( (n1.n_name = 'IRAQ' AND n2.n_name = 'GERMANY') OR (n1.n_name = 'GERMANY' AND n2.n_name = 'FRANCE') ) AND l_shipdate BETWEEN DATE '1995-01-01' AND DATE '1996-12-31' ) AS shipping GROUP BY supp_nation, cust_nation, l_year ORDER BY supp_nation, cust_nation, l_year;"
Q007_V007,Q_0087,"SELECT supp_nation, cust_nation, l_year, SUM(volume) AS revenue FROM ( SELECT n1.n_name AS supp_nation, n2.n_name AS cust_nation, EXTRACT(YEAR FROM l_shipdate) AS l_year, l_extendedprice * (1 - l_discount) AS volume FROM supplier, lineitem, orders, customer, nation n1, nation n2 WHERE s_suppkey = l_suppkey AND o_orderkey = l_orderkey AND c_custkey = o_custkey AND s_nationkey = n1.n_nationkey AND c_nationkey = n2.n_nationkey AND ( (n1.n_name = 'IRAQ' AND n2.n_name = 'CANADA') OR (n1.n_name = 'CANADA' AND n2.n_name = 'FRANCE') ) AND l_shipdate BETWEEN DATE '1995-01-01' AND DATE '1996-12-31' ) AS shipping GROUP BY supp_nation, cust_nation, l_year ORDER BY supp_nation, cust_nation, l_year;"
Q007_V008,Q_0088,"SELECT supp_nation, cust_nation, l_year, SUM(volume) AS revenue FROM ( SELECT n1.n_name AS supp_nation, n2.n_name AS cust_nation, EXTRACT(YEAR FROM l_shipdate) AS l_year, l_extendedprice * (1 - l_discount) AS volume FROM supplier, lineitem, orders, customer, nation n1, nation n2 WHERE s_suppkey = l_suppkey AND o_orderkey = l_orderkey AND c_custkey = o_custkey AND s_nationkey = n1.n_nationkey AND c_nationkey = n2.n_nationkey AND ( (n1.n_name = 'IRAQ' AND n2.n_name = 'CANADA') OR (n1.n_name = 'CANADA' AND n2.n_name = 'FRANCE') ) AND l_shipdate BETWEEN DATE '1990-01-01' AND DATE '1995-12-31' ) AS shipping GROUP BY supp_nation, cust_nation, l_year ORDER BY supp_nation, cust_nation, l_year;"
Q007_V009,Q_0089,"SELECT supp_nation, cust_nation, l_year, SUM(volume) AS revenue FROM ( SELECT n1.n_name AS supp_nation, n2.n_name AS cust_nation, EXTRACT(YEAR FROM l_shipdate) AS l_year, l_extendedprice * (1 - l_discount) AS volume FROM supplier, lineitem, orders, customer, nation n1, nation n2 WHERE s_suppkey = l_suppkey AND o_orderkey = l_orderkey AND c_custkey = o_custkey AND s_nationkey = n1.n_nationkey AND c_nationkey = n2.n_nationkey AND ( (n1.n_name = 'IRAQ' AND n2.n_name = 'CANADA') OR (n1.n_name = 'CANADA' AND n2.n_name = 'FRANCE') ) AND l_shipdate BETWEEN DATE '1995-01-01' AND DATE '1999-12-31' ) AS shipping GROUP BY supp_nation, cust_nation, l_year ORDER BY supp_nation, cust_nation, l_year;"
Q007_V010,Q_0090,"SELECT supp_nation, cust_nation, l_year, SUM(volume) AS revenue FROM ( SELECT n1.n_name AS supp_nation, n2.n_name AS cust_nation, EXTRACT(YEAR FROM l_shipdate) AS l_year, l_extendedprice * (1 - l_discount) AS volume FROM supplier, lineitem, orders, customer, nation n1, nation n2 WHERE s_suppkey = l_suppkey AND o_orderkey = l_orderkey AND c_custkey = o_custkey AND s_nationkey = n1.n_nationkey AND c_nationkey = n2.n_nationkey AND ( (n1.n_name = 'IRAQ' AND n2.n_name = 'CANADA') OR (n1.n_name = 'CANADA' AND n2.n_name = 'FRANCE') ) AND l_shipdate BETWEEN DATE '1990-01-01' AND DATE '1999-12-31' ) AS shipping GROUP BY supp_nation, cust_nation, l_year ORDER BY supp_nation, cust_nation, l_year;"
Q008_V001,Q_0091,"SELECT o_year, SUM(CASE WHEN nation = 'BRAZIL' THEN volume ELSE 0 END) / SUM(volume) AS mkt_share FROM ( SELECT EXTRACT(YEAR FROM o_orderdate) AS o_year, l_extendedprice * (1 - l_discount) AS volume, n2.n_name AS nation FROM part, supplier, lineitem, orders, customer, nation n1, nation n2, region WHERE p_partkey = l_partkey AND s_suppkey = l_suppkey AND l_orderkey = o_orderkey AND o_custkey = c_custkey AND c_nationkey = n1.n_nationkey AND n1.n_regionkey = r_regionkey AND r_name = 'AMERICA' AND s_nationkey = n2.n_nationkey AND o_orderdate BETWEEN DATE '1994-01-01' AND DATE '1998-12-31' AND p_type = 'job' ) AS all_nations GROUP BY o_year ORDER BY o_year;"
Q008_V002,Q_0092,"SELECT o_year, SUM(CASE WHEN nation = 'BRAZIL' THEN volume ELSE 0 END) / SUM(volume) AS mkt_share FROM ( SELECT EXTRACT(YEAR FROM o_orderdate) AS o_year, l_extendedprice * (1 - l_discount) AS volume, n2.n_name AS nation FROM part, supplier, lineitem, orders, customer, nation n1, nation n2, region WHERE p_partkey = l_partkey AND s_suppkey = l_suppkey AND l_orderkey = o_orderkey AND o_custkey = c_custkey AND c_nationkey = n1.n_nationkey AND n1.n_regionkey = r_regionkey AND r_name = 'AFRICA' AND s_nationkey = n2.n_nationkey AND o_orderdate BETWEEN DATE '1994-01-01' AND DATE '1998-12-31' AND p_type = 'job' ) AS all_nations GROUP BY o_year ORDER BY o_year;"
Q008_V003,Q_0093,"SELECT o_year, SUM(CASE WHEN nation = 'BRAZIL' THEN volume ELSE 0 END) / SUM(volume) AS mkt_share FROM ( SELECT EXTRACT(YEAR FROM o_orderdate) AS o_year, l_extendedprice * (1 - l_discount) AS volume, n2.n_name AS nation FROM part, supplier, lineitem, orders, customer, nation n1, nation n2, region WHERE p_partkey = l_partkey AND s_suppkey = l_suppkey AND l_orderkey = o_orderkey AND o_custkey = c_custkey AND c_nationkey = n1.n_nationkey AND n1.n_regionkey = r_regionkey AND r_name = 'ASIA' AND s_nationkey = n2.n_nationkey AND o_orderdate BETWEEN DATE '1994-01-01' AND DATE '1998-12-31' AND p_type = 'job' ) AS all_nations GROUP BY o_year ORDER BY o_year;"
Q008_V004,Q_0094,"SELECT o_year, SUM(CASE WHEN nation = 'BRAZIL' THEN volume ELSE 0 END) / SUM(volume) AS mkt_share FROM ( SELECT EXTRACT(YEAR FROM o_orderdate) AS o_year, l_extendedprice * (1 - l_discount) AS volume, n2.n_name AS nation FROM part, supplier, lineitem, orders, customer, nation n1, nation n2, region WHERE p_partkey = l_partkey AND s_suppkey = l_suppkey AND l_orderkey = o_orderkey AND o_custkey = c_custkey AND c_nationkey = n1.n_nationkey AND n1.n_regionkey = r_regionkey AND r_name = 'MIDDLE EAST' AND s_nationkey = n2.n_nationkey AND o_orderdate BETWEEN DATE '1994-01-01' AND DATE '1998-12-31' AND p_type = 'job' ) AS all_nations GROUP BY o_year ORDER BY o_year;"
Q008_V005,Q_0095,"SELECT o_year, SUM(CASE WHEN nation = 'BRAZIL' THEN volume ELSE 0 END) / SUM(volume) AS mkt_share FROM ( SELECT EXTRACT(YEAR FROM o_orderdate) AS o_year, l_extendedprice * (1 - l_discount) AS volume, n2.n_name AS nation FROM part, supplier, lineitem, orders, customer, nation n1, nation n2, region WHERE p_partkey = l_partkey AND s_suppkey = l_suppkey AND l_orderkey = o_orderkey AND o_custkey = c_custkey AND c_nationkey = n1.n_nationkey AND n1.n_regionkey = r_regionkey AND r_name = 'MIDDLE EAST' AND s_nationkey = n2.n_nationkey AND o_orderdate BETWEEN DATE '1990-01-01' AND DATE '1998-12-31' AND p_type = 'job' ) AS all_nations GROUP BY o_year ORDER BY o_year;"
Q008_V006,Q_0096,"SELECT o_year, SUM(CASE WHEN nation = 'BRAZIL' THEN volume ELSE 0 END) / SUM(volume) AS mkt_share FROM ( SELECT EXTRACT(YEAR FROM o_orderdate) AS o_year, l_extendedprice * (1 - l_discount) AS volume, n2.n_name AS nation FROM part, supplier, lineitem, orders, customer, nation n1, nation n2, region WHERE p_partkey = l_partkey AND s_suppkey = l_suppkey AND l_orderkey = o_orderkey AND o_custkey = c_custkey AND c_nationkey = n1.n_nationkey AND n1.n_regionkey = r_regionkey AND r_name = 'MIDDLE EAST' AND s_nationkey = n2.n_nationkey AND o_orderdate BETWEEN DATE '1990-01-01' AND DATE '1995-12-31' AND p_type = 'job' ) AS all_nations GROUP BY o_year ORDER BY o_year;"
Q008_V007,Q_0097,"SELECT o_year, SUM(CASE WHEN nation = 'BRAZIL' THEN volume ELSE 0 END) / SUM(volume) AS mkt_share FROM ( SELECT EXTRACT(YEAR FROM o_orderdate) AS o_year, l_extendedprice * (1 - l_discount) AS volume, n2.n_name AS nation FROM part, supplier, lineitem, orders, customer, nation n1, nation n2, region WHERE p_partkey = l_partkey AND s_suppkey = l_suppkey AND l_orderkey = o_orderkey AND o_custkey = c_custkey AND c_nationkey = n1.n_nationkey AND n1.n_regionkey = r_regionkey AND r_name = 'MIDDLE EAST' AND s_nationkey = n2.n_nationkey AND o_orderdate BETWEEN DATE '1990-01-01' AND DATE '1991-12-31' AND p_type = 'job' ) AS all_nations GROUP BY o_year ORDER BY o_year;"
Q008_V008,Q_0098,"SELECT o_year, SUM(CASE WHEN nation = 'BRAZIL' THEN volume ELSE 0 END) / SUM(volume) AS mkt_share FROM ( SELECT EXTRACT(YEAR FROM o_orderdate) AS o_year, l_extendedprice * (1 - l_discount) AS volume, n2.n_name AS nation FROM part, supplier, lineitem, orders, customer, nation n1, nation n2, region WHERE p_partkey = l_partkey AND s_suppkey = l_suppkey AND l_orderkey = o_orderkey AND o_custkey = c_custkey AND c_nationkey = n1.n_nationkey AND n1.n_regionkey = r_regionkey AND r_name = 'MIDDLE EAST' AND s_nationkey = n2.n_nationkey AND o_orderdate BETWEEN DATE '1990-01-01' AND DATE '1999-12-31' AND p_type = 'refelect' ) AS all_nations GROUP BY o_year ORDER BY o_year;"
Q008_V009,Q_0099,"SELECT o_year, SUM(CASE WHEN nation = 'BRAZIL' THEN volume ELSE 0 END) / SUM(volume) AS mkt_share FROM ( SELECT EXTRACT(YEAR FROM o_orderdate) AS o_year, l_extendedprice * (1 - l_discount) AS volume, n2.n_name AS nation FROM part, supplier, lineitem, orders, customer, nation n1, nation n2, region WHERE p_partkey = l_partkey AND s_suppkey = l_suppkey AND l_orderkey = o_orderkey AND o_custkey = c_custkey AND c_nationkey = n1.n_nationkey AND n1.n_regionkey = r_regionkey AND r_name = 'MIDDLE EAST' AND s_nationkey = n2.n_nationkey AND o_orderdate BETWEEN DATE '1990-01-01' AND DATE '1999-12-31' AND p_type = 'else' ) AS all_nations GROUP BY o_year ORDER BY o_year;"
Q008_V010,Q_0100,"SELECT o_year, SUM(CASE WHEN nation = 'BRAZIL' THEN volume ELSE 0 END) / SUM(volume) AS mkt_share FROM ( SELECT EXTRACT(YEAR FROM o_orderdate) AS o_year, l_extendedprice * (1 - l_discount) AS volume, n2.n_name AS nation FROM part, supplier, lineitem, orders, customer, nation n1, nation n2, region WHERE p_partkey = l_partkey AND s_suppkey = l_suppkey AND l_orderkey = o_orderkey AND o_custkey = c_custkey AND c_nationkey = n1.n_nationkey AND n1.n_regionkey = r_regionkey AND r_name = 'MIDDLE EAST' AND s_nationkey = n2.n_nationkey AND o_orderdate BETWEEN DATE '1990-01-01' AND DATE '1999-12-31' AND p_type = 'by' ) AS all_nations GROUP BY o_year ORDER BY o_year;"
Q009_V001,Q_0101,"SELECT nation, o_year, SUM(amount) AS sum_profit FROM ( SELECT n_name AS nation, EXTRACT(YEAR FROM o_orderdate) AS o_year, l_extendedprice * (1 - l_discount) - ps_supplycost * l_quantity AS amount FROM part, supplier, lineitem, partsupp, orders, nation WHERE s_suppkey = l_suppkey AND ps_suppkey = l_suppkey AND ps_partkey = l_partkey AND p_partkey = l_partkey AND o_orderkey = l_orderkey AND s_nationkey = n_nationkey AND p_name LIKE 'r%' ) AS profit GROUP BY nation, o_year ORDER BY nation, o_year DESC;"
Q009_V002,Q_0102,"SELECT nation, o_year, SUM(amount) AS sum_profit FROM ( SELECT n_name AS nation, EXTRACT(YEAR FROM o_orderdate) AS o_year, l_extendedprice * (1 - l_discount) - ps_supplycost * l_quantity AS amount FROM part, supplier, lineitem, partsupp, orders, nation WHERE s_suppkey = l_suppkey AND ps_suppkey = l_suppkey AND ps_partkey = l_partkey AND p_partkey = l_partkey AND o_orderkey = l_orderkey AND s_nationkey = n_nationkey AND p_name LIKE 'e%' ) AS profit GROUP BY nation, o_year ORDER BY nation, o_year DESC;"
Q009_V003,Q_0103,"SELECT nation, o_year, SUM(amount) AS sum_profit FROM ( SELECT n_name AS nation, EXTRACT(YEAR FROM o_orderdate) AS o_year, l_extendedprice * (1 - l_discount) - ps_supplycost * l_quantity AS amount FROM part, supplier, lineitem, partsupp, orders, nation WHERE s_suppkey = l_suppkey AND ps_suppkey = l_suppkey AND ps_partkey = l_partkey AND p_partkey = l_partkey AND o_orderkey = l_orderkey AND s_nationkey = n_nationkey AND p_name LIKE 'b%' ) AS profit GROUP BY nation, o_year ORDER BY nation, o_year DESC;"
Q009_V004,Q_0104,"SELECT nation, o_year, SUM(amount) AS sum_profit FROM ( SELECT n_name AS nation, EXTRACT(YEAR FROM o_orderdate) AS o_year, l_extendedprice * (1 - l_discount) - ps_supplycost * l_quantity AS amount FROM part, supplier, lineitem, partsupp, orders, nation WHERE s_suppkey = l_suppkey AND ps_suppkey = l_suppkey AND ps_partkey = l_partkey AND p_partkey = l_partkey AND o_orderkey = l_orderkey AND s_nationkey = n_nationkey AND p_name LIKE 'c%' ) AS profit GROUP BY nation, o_year ORDER BY nation, o_year DESC;"
Q009_V005,Q_0105,"SELECT nation, o_year, SUM(amount) AS sum_profit FROM ( SELECT n_name AS nation, EXTRACT(YEAR FROM o_orderdate) AS o_year, l_extendedprice * (1 - l_discount) - ps_supplycost * l_quantity AS amount FROM part, supplier, lineitem, partsupp, orders, nation WHERE s_suppkey = l_suppkey AND ps_suppkey = l_suppkey AND ps_partkey = l_partkey AND p_partkey = l_partkey AND o_orderkey = l_orderkey AND s_nationkey = n_nationkey AND p_name LIKE 'c%' ) AS profit GROUP BY nation, o_year ORDER BY nation, o_year ASC;"
Q009_V006,Q_0106,"SELECT nation, o_year, SUM(amount) AS sum_profit FROM ( SELECT n_name AS nation, EXTRACT(YEAR FROM o_orderdate) AS o_year, l_extendedprice * (1 - l_discount) - ps_supplycost * l_quantity AS amount FROM part, supplier, lineitem, partsupp, orders, nation WHERE s_suppkey = l_suppkey AND ps_suppkey = l_suppkey AND ps_partkey = l_partkey AND p_partkey = l_partkey AND o_orderkey = l_orderkey AND s_nationkey = n_nationkey AND p_name LIKE 'c%' ) AS profit GROUP BY nation, o_year ORDER BY o_year, o_year ASC;"
Q009_V007,Q_0107,"SELECT nation, o_year, SUM(amount) AS sum_profit FROM ( SELECT n_name AS nation, EXTRACT(YEAR FROM o_orderdate) AS o_year, l_extendedprice * (1 - l_discount) - ps_supplycost * l_quantity AS amount FROM part, supplier, lineitem, partsupp, orders, nation WHERE s_suppkey = l_suppkey AND ps_suppkey = l_suppkey AND ps_partkey = l_partkey AND p_partkey = l_partkey AND o_orderkey = l_orderkey AND s_nationkey = n_nationkey AND p_name LIKE 'c%' ) AS profit GROUP BY nation, o_year ORDER BY o_year, o_year DESC;"
Q009_V008,Q_0108,"SELECT nation, o_year, SUM(amount) AS sum_profit FROM ( SELECT n_name AS nation, EXTRACT(YEAR FROM o_orderdate) AS o_year, l_extendedprice * (1 - l_discount) - ps_supplycost * l_quantity AS amount FROM part, supplier, lineitem, partsupp, orders, nation WHERE s_suppkey = l_suppkey AND ps_suppkey = l_suppkey AND ps_partkey = l_partkey AND p_partkey = l_partkey AND o_orderkey = l_orderkey AND s_nationkey = n_nationkey AND p_name LIKE 'r%' ) AS profit GROUP BY nation, o_year ORDER BY sum_profit, o_year DESC;"
Q009_V009,Q_0109,"SELECT nation, o_year, SUM(amount) AS sum_profit FROM ( SELECT n_name AS nation, EXTRACT(YEAR FROM o_orderdate) AS o_year, l_extendedprice * (1 - l_discount) - ps_supplycost * l_quantity AS amount FROM part, supplier, lineitem, partsupp, orders, nation WHERE s_suppkey = l_suppkey AND ps_suppkey = l_suppkey AND ps_partkey = l_partkey AND p_partkey = l_partkey AND o_orderkey = l_orderkey AND s_nationkey = n_nationkey AND p_name LIKE 'r%' ) AS profit GROUP BY nation, o_year ORDER BY sum_profit, o_year ASC;"
Q009_V010,Q_0110,"SELECT nation, o_year, SUM(amount) AS sum_profit FROM ( SELECT n_name AS nation, EXTRACT(YEAR FROM o_orderdate) AS o_year, l_extendedprice * (1 - l_discount) - ps_supplycost * l_quantity AS amount FROM part, supplier, lineitem, partsupp, orders, nation WHERE s_suppkey = l_suppkey AND ps_suppkey = l_suppkey AND ps_partkey = l_partkey AND p_partkey = l_partkey AND o_orderkey = l_orderkey AND s_nationkey = n_nationkey AND p_name LIKE 'r%' ) AS profit GROUP BY nation, o_year ORDER BY sum_profit, nation ASC;"
Q010_V001,Q_0111,"SELECT c_custkey, c_name, SUM(l_extendedprice * (1 - l_discount)) AS revenue, c_acctbal, n_name, c_address, c_phone, c_comment FROM customer, orders, lineitem, nation WHERE c_custkey = o_custkey AND l_orderkey = o_orderkey AND o_orderdate >= DATE '1993-10-01' AND o_orderdate < DATE '1993-10-01' + INTERVAL '3 months' AND l_returnflag = 'R' AND c_nationkey = n_nationkey GROUP BY c_custkey, c_name, c_acctbal, c_phone, n_name, c_address, c_comment ORDER BY revenue DESC;"
Q010_V002,Q_0112,"SELECT c_custkey, c_name, SUM(l_extendedprice * (1 - l_discount)) AS revenue, c_acctbal, n_name, c_address, c_phone, c_comment FROM customer, orders, lineitem, nation WHERE c_custkey = o_custkey AND l_orderkey = o_orderkey AND o_orderdate >= DATE '1990-10-01' AND o_orderdate < DATE '1993-10-01' + INTERVAL '3 months' AND l_returnflag = 'R' AND c_nationkey = n_nationkey GROUP BY c_custkey, c_name, c_acctbal, c_phone, n_name, c_address, c_comment ORDER BY revenue DESC;"
Q010_V003,Q_0113,"SELECT c_custkey, c_name, SUM(l_extendedprice * (1 - l_discount)) AS revenue, c_acctbal, n_name, c_address, c_phone, c_comment FROM customer, orders, lineitem, nation WHERE c_custkey = o_custkey AND l_orderkey = o_orderkey AND o_orderdate >= DATE '1999-10-01' AND o_orderdate < DATE '1993-10-01' + INTERVAL '3 months' AND l_returnflag = 'R' AND c_nationkey = n_nationkey GROUP BY c_custkey, c_name, c_acctbal, c_phone, n_name, c_address, c_comment ORDER BY revenue DESC;"
Q010_V004,Q_0114,"SELECT c_custkey, c_name, SUM(l_extendedprice * (1 - l_discount)) AS revenue, c_acctbal, n_name, c_address, c_phone, c_comment FROM customer, orders, lineitem, nation WHERE c_custkey = o_custkey AND l_orderkey = o_orderkey AND o_orderdate >= DATE '1990-10-01' AND o_orderdate < DATE '1999-10-01' + INTERVAL '3 months' AND l_returnflag = 'R' AND c_nationkey = n_nationkey GROUP BY c_custkey, c_name, c_acctbal, c_phone, n_name, c_address, c_comment ORDER BY revenue DESC;"
Q010_V005,Q_0115,"SELECT c_custkey, c_name, SUM(l_extendedprice * (1 - l_discount)) AS revenue, c_acctbal, n_name, c_address, c_phone, c_comment FROM customer, orders, lineitem, nation WHERE c_custkey = o_custkey AND l_orderkey = o_orderkey AND o_orderdate >= DATE '1990-10-01' AND o_orderdate < DATE '1990-10-01' + INTERVAL '3 months' AND l_returnflag = 'R' AND c_nationkey = n_nationkey GROUP BY c_custkey, c_name, c_acctbal, c_phone, n_name, c_address, c_comment ORDER BY revenue DESC;"
Q010_V006,Q_0116,"SELECT c_custkey, c_name, SUM(l_extendedprice * (1 - l_discount)) AS revenue, c_acctbal, n_name, c_address, c_phone, c_comment FROM customer, orders, lineitem, nation WHERE c_custkey = o_custkey AND l_orderkey = o_orderkey AND o_orderdate >= DATE '1990-10-01' AND o_orderdate < DATE '1995-10-01' + INTERVAL '3 months' AND l_returnflag = 'R' AND c_nationkey = n_nationkey GROUP BY c_custkey, c_name, c_acctbal, c_phone, n_name, c_address, c_comment ORDER BY revenue DESC;"
Q010_V007,Q_0117,"SELECT c_custkey, c_name, SUM(l_extendedprice * (1 - l_discount)) AS revenue, c_acctbal, n_name, c_address, c_phone, c_comment FROM customer, orders, lineitem, nation WHERE c_custkey = o_custkey AND l_orderkey = o_orderkey AND o_orderdate >= DATE '1990-10-01' AND o_orderdate < DATE '1999-10-01' + INTERVAL '1 months' AND l_returnflag = 'R' AND c_nationkey = n_nationkey GROUP BY c_custkey, c_name, c_acctbal, c_phone, n_name, c_address, c_comment ORDER BY revenue DESC;"
Q010_V008,Q_0118,"SELECT c_custkey, c_name, SUM(l_extendedprice * (1 - l_discount)) AS revenue, c_acctbal, n_name, c_address, c_phone, c_comment FROM customer, orders, lineitem, nation WHERE c_custkey = o_custkey AND l_orderkey = o_orderkey AND o_orderdate >= DATE '1990-10-01' AND o_orderdate < DATE '1999-10-01' + INTERVAL '6 months' AND l_returnflag = 'R' AND c_nationkey = n_nationkey GROUP BY c_custkey, c_name, c_acctbal, c_phone, n_name, c_address, c_comment ORDER BY revenue DESC;"
Q010_V009,Q_0119,"SELECT c_custkey, c_name, SUM(l_extendedprice * (1 - l_discount)) AS revenue, c_acctbal, n_name, c_address, c_phone, c_comment FROM customer, orders, lineitem, nation WHERE c_custkey = o_custkey AND l_orderkey = o_orderkey AND o_orderdate >= DATE '1990-10-01' AND o_orderdate < DATE '1999-10-01' + INTERVAL '12 months' AND l_returnflag = 'R' AND c_nationkey = n_nationkey GROUP BY c_custkey, c_name, c_acctbal, c_phone, n_name, c_address, c_comment ORDER BY revenue DESC;"
Q010_V010,Q_0120,"SELECT c_custkey, c_name, SUM(l_extendedprice * (1 - l_discount)) AS revenue, c_acctbal, n_name, c_address, c_phone, c_comment FROM customer, orders, lineitem, nation WHERE c_custkey = o_custkey AND l_orderkey = o_orderkey AND o_orderdate >= DATE '1990-10-01' AND o_orderdate < DATE '1999-10-01' + INTERVAL '24 months' AND l_returnflag = 'R' AND c_nationkey = n_nationkey GROUP BY c_custkey, c_name, c_acctbal, c_phone, n_name, c_address, c_comment ORDER BY revenue DESC;"
Q010_V011,Q_0121,"SELECT c_custkey, c_name, SUM(l_extendedprice * (1 - l_discount)) AS revenue, c_acctbal, n_name, c_address, c_phone, c_comment FROM customer, orders, lineitem, nation WHERE c_custkey = o_custkey AND l_orderkey = o_orderkey AND o_orderdate >= DATE '1990-10-01' AND o_orderdate < DATE '1999-10-01' + INTERVAL '24 months' AND l_returnflag = 'N' AND c_nationkey = n_nationkey GROUP BY c_custkey, c_name, c_acctbal, c_phone, n_name, c_address, c_comment ORDER BY revenue DESC;"
Q010_V012,Q_0122,"SELECT c_custkey, c_name, SUM(l_extendedprice * (1 - l_discount)) AS revenue, c_acctbal, n_name, c_address, c_phone, c_comment FROM customer, orders, lineitem, nation WHERE c_custkey = o_custkey AND l_orderkey = o_orderkey AND o_orderdate >= DATE '1990-10-01' AND o_orderdate < DATE '1999-10-01' + INTERVAL '24 months' AND l_returnflag = 'N' AND c_nationkey = n_nationkey GROUP BY c_custkey, c_name, c_acctbal, c_phone, n_name, c_address, c_comment ORDER BY revenue ASC;"
Q010_V013,Q_0123,"SELECT c_custkey, c_name, SUM(l_extendedprice * (1 - l_discount)) AS revenue, c_acctbal, n_name, c_address, c_phone, c_comment FROM customer, orders, lineitem, nation WHERE c_custkey = o_custkey AND l_orderkey = o_orderkey AND o_orderdate >= DATE '1990-10-01' AND o_orderdate < DATE '1999-10-01' + INTERVAL '24 months' AND l_returnflag = 'N' AND c_nationkey = n_nationkey GROUP BY c_custkey, c_name, c_acctbal, c_phone, n_name, c_address, c_comment ORDER BY c_name ASC;"
Q010_V014,Q_0124,"SELECT c_custkey, c_name, SUM(l_extendedprice * (1 - l_discount)) AS revenue, c_acctbal, n_name, c_address, c_phone, c_comment FROM customer, orders, lineitem, nation WHERE c_custkey = o_custkey AND l_orderkey = o_orderkey AND o_orderdate >= DATE '1990-10-01' AND o_orderdate < DATE '1999-10-01' + INTERVAL '24 months' AND l_returnflag = 'N' AND c_nationkey = n_nationkey GROUP BY c_custkey, c_name, c_acctbal, c_phone, n_name, c_address, c_comment ORDER BY c_custkey ASC;"
Q010_V015,Q_0125,"SELECT c_custkey, c_name, SUM(l_extendedprice * (1 - l_discount)) AS revenue, c_acctbal, n_name, c_address, c_phone, c_comment FROM customer, orders, lineitem, nation WHERE c_custkey = o_custkey AND l_orderkey = o_orderkey AND o_orderdate >= DATE '1990-10-01' AND o_orderdate < DATE '1999-10-01' + INTERVAL '24 months' AND l_returnflag = 'N' AND c_nationkey = n_nationkey GROUP BY c_custkey, c_name, c_acctbal, c_phone, n_name, c_address, c_comment ORDER BY c_name ASC;"
Q011_V001,Q_0126,"SELECT ps_partkey, SUM(ps_supplycost * ps_availqty) AS value FROM partsupp, supplier, nation WHERE ps_suppkey = s_suppkey AND s_nationkey = n_nationkey AND n_name = 'GERMANY' GROUP BY ps_partkey HAVING SUM(ps_supplycost * ps_availqty) > ( SELECT SUM(ps_supplycost * ps_availqty) * 0.0001 FROM partsupp, supplier, nation WHERE ps_suppkey = s_suppkey AND s_nationkey = n_nationkey AND n_name = 'GERMANY' ) ORDER BY value DESC;"
Q011_V002,Q_0127,"SELECT ps_partkey, SUM(ps_supplycost * ps_availqty) AS value FROM partsupp, supplier, nation WHERE ps_suppkey = s_suppkey AND s_nationkey = n_nationkey AND n_name = 'ALGERIA' GROUP BY ps_partkey HAVING SUM(ps_supplycost * ps_availqty) > ( SELECT SUM(ps_supplycost * ps_availqty) * 0.0001 FROM partsupp, supplier, nation WHERE ps_suppkey = s_suppkey AND s_nationkey = n_nationkey AND n_name = 'GERMANY' ) ORDER BY value DESC;"
Q011_V003,Q_0128,"SELECT ps_partkey, SUM(ps_supplycost * ps_availqty) AS value FROM partsupp, supplier, nation WHERE ps_suppkey = s_suppkey AND s_nationkey = n_nationkey AND n_name = 'ARGENTINA' GROUP BY ps_partkey HAVING SUM(ps_supplycost * ps_availqty) > ( SELECT SUM(ps_supplycost * ps_availqty) * 0.0001 FROM partsupp, supplier, nation WHERE ps_suppkey = s_suppkey AND s_nationkey = n_nationkey AND n_name = 'GERMANY' ) ORDER BY value DESC;"
Q011_V004,Q_0129,"SELECT ps_partkey, SUM(ps_supplycost * ps_availqty) AS value FROM partsupp, supplier, nation WHERE ps_suppkey = s_suppkey AND s_nationkey = n_nationkey AND n_name = 'CANADA' GROUP BY ps_partkey HAVING SUM(ps_supplycost * ps_availqty) > ( SELECT SUM(ps_supplycost * ps_availqty) * 0.0001 FROM partsupp, supplier, nation WHERE ps_suppkey = s_suppkey AND s_nationkey = n_nationkey AND n_name = 'GERMANY' ) ORDER BY value DESC;"
Q011_V005,Q_0130,"SELECT ps_partkey, SUM(ps_supplycost * ps_availqty) AS value FROM partsupp, supplier, nation WHERE ps_suppkey = s_suppkey AND s_nationkey = n_nationkey AND n_name = 'CANADA' GROUP BY ps_partkey HAVING SUM(ps_supplycost * ps_availqty) > ( SELECT SUM(ps_supplycost * ps_availqty) * 0.0001 FROM partsupp, supplier, nation WHERE ps_suppkey = s_suppkey AND s_nationkey = n_nationkey AND n_name = 'CANADA' ) ORDER BY value DESC;"
Q011_V006,Q_0131,"SELECT ps_partkey, SUM(ps_supplycost * ps_availqty) AS value FROM partsupp, supplier, nation WHERE ps_suppkey = s_suppkey AND s_nationkey = n_nationkey AND n_name = 'CANADA' GROUP BY ps_partkey HAVING SUM(ps_supplycost * ps_availqty) > ( SELECT SUM(ps_supplycost * ps_availqty) * 0.0001 FROM partsupp, supplier, nation WHERE ps_suppkey = s_suppkey AND s_nationkey = n_nationkey AND n_name = 'ARGENTINA' ) ORDER BY value DESC;"
Q011_V007,Q_0132,"SELECT ps_partkey, SUM(ps_supplycost * ps_availqty) AS value FROM partsupp, supplier, nation WHERE ps_suppkey = s_suppkey AND s_nationkey = n_nationkey AND n_name = 'CANADA' GROUP BY ps_partkey HAVING SUM(ps_supplycost * ps_availqty) > ( SELECT SUM(ps_supplycost * ps_availqty) * 0.0001 FROM partsupp, supplier, nation WHERE ps_suppkey = s_suppkey AND s_nationkey = n_nationkey AND n_name = 'ARGENTINA' ) ORDER BY value ASC;"
Q011_V008,Q_0133,"SELECT ps_partkey, SUM(ps_supplycost * ps_availqty) AS value FROM partsupp, supplier, nation WHERE ps_suppkey = s_suppkey AND s_nationkey = n_nationkey AND n_name = 'CANADA' GROUP BY ps_partkey HAVING SUM(ps_supplycost * ps_availqty) > ( SELECT SUM(ps_supplycost * ps_availqty) * 0.0001 FROM partsupp, supplier, nation WHERE ps_suppkey = s_suppkey AND s_nationkey = n_nationkey AND n_name = 'BRAZIL' ) ORDER BY value ASC;"
Q011_V009,Q_0134,"SELECT ps_partkey, SUM(ps_supplycost * ps_availqty) AS value FROM partsupp, supplier, nation WHERE ps_suppkey = s_suppkey AND s_nationkey = n_nationkey AND n_name = 'CANADA' GROUP BY ps_partkey HAVING SUM(ps_supplycost * ps_availqty) > ( SELECT SUM(ps_supplycost * ps_availqty) * 0.0001 FROM partsupp, supplier, nation WHERE ps_suppkey = s_suppkey OR s_nationkey = n_nationkey AND n_name = 'BRAZIL' ) ORDER BY value ASC;"
Q011_V010,Q_0135,"SELECT ps_partkey, SUM(ps_supplycost * ps_availqty) AS value FROM partsupp, supplier, nation WHERE ps_suppkey = s_suppkey AND s_nationkey = n_nationkey AND n_name = 'CANADA' GROUP BY ps_partkey HAVING SUM(ps_supplycost * ps_availqty) > ( SELECT SUM(ps_supplycost * ps_availqty) * 0.0001 FROM partsupp, supplier, nation WHERE ps_suppkey = s_suppkey AND s_nationkey = n_nationkey AND n_name = 'EGYPT' ) ORDER BY value ASC;"
Q012_V001,Q_0136,"SELECT l_shipmode, SUM(CASE WHEN o_orderpriority = '1-URGENT' OR o_orderpriority = '2-HIGH' THEN 1 ELSE 0 END) AS high_line_count, SUM(CASE WHEN o_orderpriority <> '1-URGENT' AND o_orderpriority <> '2-HIGH' THEN 1 ELSE 0 END) AS low_line_count FROM orders, lineitem WHERE o_orderkey = l_orderkey AND l_shipmode IN ('MAIL', 'SHIP') AND l_commitdate < l_receiptdate AND l_shipdate < l_commitdate AND l_receiptdate >= DATE '1994-01-01' AND l_receiptdate < DATE '1994-01-01' + INTERVAL '1 years' GROUP BY l_shipmode ORDER BY l_shipmode;"
Q012_V002,Q_0137,"SELECT l_shipmode, SUM(CASE WHEN o_orderpriority = '1-URGENT' OR o_orderpriority = '2-HIGH' THEN 1 ELSE 0 END) AS high_line_count, SUM(CASE WHEN o_orderpriority <> '1-URGENT' AND o_orderpriority <> '2-HIGH' THEN 1 ELSE 0 END) AS low_line_count FROM orders, lineitem WHERE o_orderkey = l_orderkey AND l_shipmode IN ('RAIL', 'SHIP') AND l_commitdate < l_receiptdate AND l_shipdate < l_commitdate AND l_receiptdate >= DATE '1994-01-01' AND l_receiptdate < DATE '1994-01-01' + INTERVAL '1 years' GROUP BY l_shipmode ORDER BY l_shipmode;"
Q012_V003,Q_0138,"SELECT l_shipmode, SUM(CASE WHEN o_orderpriority = '1-URGENT' OR o_orderpriority = '2-HIGH' THEN 1 ELSE 0 END) AS high_line_count, SUM(CASE WHEN o_orderpriority <> '1-URGENT' AND o_orderpriority <> '2-HIGH' THEN 1 ELSE 0 END) AS low_line_count FROM orders, lineitem WHERE o_orderkey = l_orderkey AND l_shipmode IN ('RAIL', 'TRUCK') AND l_commitdate < l_receiptdate AND l_shipdate < l_commitdate AND l_receiptdate >= DATE '1994-01-01' AND l_receiptdate < DATE '1994-01-01' + INTERVAL '1 years' GROUP BY l_shipmode ORDER BY l_shipmode;"
Q012_V004,Q_0139,"SELECT l_shipmode, SUM(CASE WHEN o_orderpriority = '1-URGENT' OR o_orderpriority = '2-HIGH' THEN 1 ELSE 0 END) AS high_line_count, SUM(CASE WHEN o_orderpriority <> '1-URGENT' AND o_orderpriority <> '2-HIGH' THEN 1 ELSE 0 END) AS low_line_count FROM orders, lineitem WHERE o_orderkey = l_orderkey AND l_shipmode IN ('RAIL', 'AIR') AND l_commitdate < l_receiptdate AND l_shipdate < l_commitdate AND l_receiptdate >= DATE '1994-01-01' AND l_receiptdate < DATE '1994-01-01' + INTERVAL '1 years' GROUP BY l_shipmode ORDER BY l_shipmode;"
Q012_V005,Q_0140,"SELECT l_shipmode, SUM(CASE WHEN o_orderpriority = '1-URGENT' OR o_orderpriority = '2-HIGH' THEN 1 ELSE 0 END) AS high_line_count, SUM(CASE WHEN o_orderpriority <> '1-URGENT' AND o_orderpriority <> '2-HIGH' THEN 1 ELSE 0 END) AS low_line_count FROM orders, lineitem WHERE o_orderkey = l_orderkey AND l_shipmode IN ('RAIL', 'AIR') AND l_commitdate < l_receiptdate AND l_shipdate < l_commitdate AND l_receiptdate >= DATE '1990-01-01' AND l_receiptdate < DATE '1994-01-01' + INTERVAL '1 years' GROUP BY l_shipmode ORDER BY l_shipmode;"
Q012_V006,Q_0141,"SELECT l_shipmode, SUM(CASE WHEN o_orderpriority = '1-URGENT' OR o_orderpriority = '2-HIGH' THEN 1 ELSE 0 END) AS high_line_count, SUM(CASE WHEN o_orderpriority <> '1-URGENT' AND o_orderpriority <> '2-HIGH' THEN 1 ELSE 0 END) AS low_line_count FROM orders, lineitem WHERE o_orderkey = l_orderkey AND l_shipmode IN ('RAIL', 'AIR') AND l_commitdate < l_receiptdate AND l_shipdate < l_commitdate AND l_receiptdate >= DATE '1980-01-01' AND l_receiptdate < DATE '1994-01-01' + INTERVAL '1 years' GROUP BY l_shipmode ORDER BY l_shipmode;"
Q012_V007,Q_0142,"SELECT l_shipmode, SUM(CASE WHEN o_orderpriority = '1-URGENT' OR o_orderpriority = '2-HIGH' THEN 1 ELSE 0 END) AS high_line_count, SUM(CASE WHEN o_orderpriority <> '1-URGENT' AND o_orderpriority <> '2-HIGH' THEN 1 ELSE 0 END) AS low_line_count FROM orders, lineitem WHERE o_orderkey = l_orderkey AND l_shipmode IN ('RAIL', 'AIR') AND l_commitdate < l_receiptdate AND l_shipdate < l_commitdate AND l_receiptdate <= DATE '1999-01-01' AND l_receiptdate < DATE '1994-01-01' + INTERVAL '1 years' GROUP BY l_shipmode ORDER BY l_shipmode;"
Q012_V008,Q_0143,"SELECT l_shipmode, SUM(CASE WHEN o_orderpriority = '1-URGENT' OR o_orderpriority = '2-HIGH' THEN 1 ELSE 0 END) AS high_line_count, SUM(CASE WHEN o_orderpriority <> '1-URGENT' AND o_orderpriority <> '2-HIGH' THEN 1 ELSE 0 END) AS low_line_count FROM orders, lineitem WHERE o_orderkey = l_orderkey AND l_shipmode IN ('RAIL', 'AIR') AND l_commitdate < l_receiptdate AND l_shipdate < l_commitdate AND l_receiptdate <= DATE '1999-01-01' AND l_receiptdate < DATE '1999-01-01' + INTERVAL '1 years' GROUP BY l_shipmode ORDER BY l_shipmode;"
Q012_V009,Q_0144,"SELECT l_shipmode, SUM(CASE WHEN o_orderpriority = '1-URGENT' OR o_orderpriority = '2-HIGH' THEN 1 ELSE 0 END) AS high_line_count, SUM(CASE WHEN o_orderpriority <> '1-URGENT' AND o_orderpriority <> '2-HIGH' THEN 1 ELSE 0 END) AS low_line_count FROM orders, lineitem WHERE o_orderkey = l_orderkey AND l_shipmode IN ('RAIL', 'AIR') AND l_commitdate < l_receiptdate AND l_shipdate < l_commitdate AND l_receiptdate <= DATE '1999-01-01' AND l_receiptdate < DATE '1990-01-01' + INTERVAL '1 years' GROUP BY l_shipmode ORDER BY l_shipmode;"
Q012_V010,Q_0145,"SELECT l_shipmode, SUM(CASE WHEN o_orderpriority = '1-URGENT' OR o_orderpriority = '2-HIGH' THEN 1 ELSE 0 END) AS high_line_count, SUM(CASE WHEN o_orderpriority <> '1-URGENT' AND o_orderpriority <> '2-HIGH' THEN 1 ELSE 0 END) AS low_line_count FROM orders, lineitem WHERE o_orderkey = l_orderkey AND l_shipmode IN ('RAIL', 'AIR') AND l_commitdate < l_receiptdate AND l_shipdate < l_commitdate AND l_receiptdate <= DATE '1999-01-01' AND l_receiptdate < DATE '1999-01-01' + INTERVAL '2 years' GROUP BY l_shipmode ORDER BY l_shipmode;"
Q012_V011,Q_0146,"SELECT l_shipmode, SUM(CASE WHEN o_orderpriority = '1-URGENT' OR o_orderpriority = '2-HIGH' THEN 1 ELSE 0 END) AS high_line_count, SUM(CASE WHEN o_orderpriority <> '1-URGENT' AND o_orderpriority <> '2-HIGH' THEN 1 ELSE 0 END) AS low_line_count FROM orders, lineitem WHERE o_orderkey = l_orderkey AND l_shipmode IN ('RAIL', 'AIR') AND l_commitdate < l_receiptdate AND l_shipdate < l_commitdate AND l_receiptdate <= DATE '1999-01-01' AND l_receiptdate < DATE '1999-01-01' + INTERVAL '2 years' GROUP BY l_shipmode ORDER BY l_shipmode DESC;"
Q012_V012,Q_0147,"SELECT l_shipmode, SUM(CASE WHEN o_orderpriority = '1-URGENT' OR o_orderpriority = '2-HIGH' THEN 1 ELSE 0 END) AS high_line_count, SUM(CASE WHEN o_orderpriority <> '1-URGENT' AND o_orderpriority <> '2-HIGH' THEN 1 ELSE 0 END) AS low_line_count FROM orders, lineitem WHERE o_orderkey = l_orderkey AND l_shipmode IN ('RAIL', 'AIR') AND l_commitdate < l_receiptdate AND l_shipdate < l_commitdate AND l_receiptdate <= DATE '1999-01-01' AND l_receiptdate < DATE '1999-01-01' + INTERVAL '2 years' GROUP BY l_shipmode ORDER BY high_line_count DESC;"
Q012_V013,Q_0148,"SELECT l_shipmode, SUM(CASE WHEN o_orderpriority = '1-URGENT' OR o_orderpriority = '2-HIGH' THEN 1 ELSE 0 END) AS high_line_count, SUM(CASE WHEN o_orderpriority <> '1-URGENT' AND o_orderpriority <> '2-HIGH' THEN 1 ELSE 0 END) AS low_line_count FROM orders, lineitem WHERE o_orderkey = l_orderkey AND l_shipmode IN ('RAIL', 'AIR') AND l_commitdate < l_receiptdate AND l_shipdate < l_commitdate AND l_receiptdate <= DATE '1999-01-01' AND l_receiptdate < DATE '1999-01-01' + INTERVAL '2 years' GROUP BY l_shipmode ORDER BY high_line_count ASC;"
Q012_V014,Q_0149,"SELECT l_shipmode, SUM(CASE WHEN o_orderpriority = '1-URGENT' OR o_orderpriority = '2-HIGH' THEN 1 ELSE 0 END) AS high_line_count, SUM(CASE WHEN o_orderpriority <> '1-URGENT' AND o_orderpriority <> '2-HIGH' THEN 1 ELSE 0 END) AS low_line_count FROM orders, lineitem WHERE o_orderkey = l_orderkey AND l_shipmode IN ('RAIL', 'AIR') AND l_commitdate < l_receiptdate AND l_shipdate < l_commitdate AND l_receiptdate <= DATE '1999-01-01' AND l_receiptdate < DATE '1999-01-01' + INTERVAL '2 years' GROUP BY l_shipmode ORDER BY low_line_count ASC;"
Q012_V015,Q_0150,"SELECT l_shipmode, SUM(CASE WHEN o_orderpriority = '1-URGENT' OR o_orderpriority = '2-HIGH' THEN 1 ELSE 0 END) AS high_line_count, SUM(CASE WHEN o_orderpriority <> '1-URGENT' AND o_orderpriority <> '2-HIGH' THEN 1 ELSE 0 END) AS low_line_count FROM orders, lineitem WHERE o_orderkey = l_orderkey AND l_shipmode IN ('RAIL', 'AIR') AND l_commitdate < l_receiptdate AND l_shipdate < l_commitdate AND l_receiptdate <= DATE '1999-01-01' AND l_receiptdate < DATE '1999-01-01' + INTERVAL '2 years' GROUP BY l_shipmode ORDER BY low_line_count DESC;"
Q013_V001,Q_0151,"SELECT c_count, COUNT(*) AS custdist FROM ( SELECT c_custkey, COUNT(o_orderkey) FROM customer LEFT OUTER JOIN orders ON c_custkey = o_custkey AND o_comment NOT LIKE '%special%requests%' GROUP BY c_custkey ) AS c_orders (c_custkey, c_count) GROUP BY c_count ORDER BY custdist DESC, c_count DESC;"
Q013_V002,Q_0152,"SELECT c_count, COUNT(*) AS custdist FROM ( SELECT c_custkey, COUNT(o_orderkey) FROM customer LEFT OUTER JOIN orders ON c_custkey = o_custkey AND o_comment  LIKE '%special%requests%' GROUP BY c_custkey ) AS c_orders (c_custkey, c_count) GROUP BY c_count ORDER BY custdist DESC, c_count DESC;"
Q013_V003,Q_0153,"SELECT c_count, COUNT(*) AS custdist FROM ( SELECT c_custkey, COUNT(o_orderkey) FROM customer LEFT OUTER JOIN orders ON c_custkey = o_custkey AND o_comment NOT LIKE '%special%requests%' GROUP BY c_custkey ) AS c_orders (c_custkey, c_count) GROUP BY c_count ORDER BY custdist DESC, c_count ASC;"
Q013_V004,Q_0154,"SELECT c_count, COUNT(*) AS custdist FROM ( SELECT c_custkey, COUNT(o_orderkey) FROM customer LEFT OUTER JOIN orders ON c_custkey = o_custkey AND o_comment NOT LIKE '%special%requests%' GROUP BY c_custkey ) AS c_orders (c_custkey, c_count) GROUP BY c_count ORDER BY custdist ASC, c_count ASC;"
Q013_V005,Q_0155,"SELECT c_count, COUNT(*) AS custdist FROM ( SELECT c_custkey, COUNT(o_orderkey) FROM customer LEFT OUTER JOIN orders ON c_custkey = o_custkey AND o_comment NOT LIKE '%special%requests%' GROUP BY c_custkey ) AS c_orders (c_custkey, c_count) GROUP BY c_count ORDER BY custdist ASC, c_count DESC;"
Q013_V006,Q_0156,"SELECT c_count, COUNT(*) AS custdist FROM ( SELECT c_custkey, COUNT(o_orderkey) FROM customer LEFT OUTER JOIN orders ON c_custkey = o_custkey AND o_comment LIKE '%special' GROUP BY c_custkey ) AS c_orders (c_custkey, c_count) GROUP BY c_count ORDER BY custdist ASC, c_count DESC;"
Q013_V007,Q_0157,"SELECT c_count, COUNT(*) AS custdist FROM ( SELECT c_custkey, COUNT(o_orderkey) FROM customer LEFT OUTER JOIN orders ON c_custkey = o_custkey OR o_comment LIKE '%special%requests%' GROUP BY c_custkey ) AS c_orders (c_custkey, c_count) GROUP BY c_count ORDER BY custdist ASC, c_count DESC;"
Q013_V008,Q_0158,"SELECT c_count, COUNT(*) AS custdist FROM ( SELECT c_custkey, COUNT(o_orderkey) FROM customer LEFT OUTER JOIN orders ON c_custkey = o_custkey OR o_comment NOT LIKE '%special%requests%' GROUP BY c_custkey ) AS c_orders (c_custkey, c_count) GROUP BY c_count ORDER BY custdist ASC, c_count DESC;"
Q013_V009,Q_0159,"SELECT c_count, COUNT(*) AS custdist FROM ( SELECT c_custkey, COUNT(o_orderkey) FROM customer LEFT OUTER JOIN orders ON c_custkey = o_custkey AND o_comment NOT LIKE '%special%requests%' GROUP BY c_custkey ) AS c_orders (c_custkey, c_count) GROUP BY c_count ORDER BY custdist ASC, c_count DESC;"
Q013_V010,Q_0160,"SELECT c_count, COUNT(*) AS custdist FROM ( SELECT c_custkey, COUNT(o_orderkey) FROM customer RIGHT OUTER JOIN orders ON c_custkey = o_custkey AND o_comment NOT LIKE '%special%requests%' GROUP BY c_custkey ) AS c_orders (c_custkey, c_count) GROUP BY c_count ORDER BY custdist DESC, c_count DESC;"
Q014_V001,Q_0161,"SELECT 100.00 * SUM(CASE WHEN p_type LIKE 'PROMO%' THEN l_extendedprice * (1 - l_discount) ELSE 0 END) / SUM(l_extendedprice * (1 - l_discount)) AS promo_revenue FROM lineitem, part WHERE l_partkey = p_partkey AND l_shipdate >= DATE '1995-09-01' AND l_shipdate < DATE '1995-09-01' + INTERVAL '1 months';"
Q014_V002,Q_0162,"SELECT 100.00 * SUM(CASE WHEN p_type LIKE 'JOB' THEN l_extendedprice * (1 - l_discount) ELSE 0 END) / SUM(l_extendedprice * (1 - l_discount)) AS promo_revenue FROM lineitem, part WHERE l_partkey = p_partkey AND l_shipdate >= DATE '1995-09-01' AND l_shipdate < DATE '1995-09-01' + INTERVAL '1 months';"
Q014_V003,Q_0163,"SELECT 100.00 * SUM(CASE WHEN p_type LIKE 'ELSE' THEN l_extendedprice * (1 - l_discount) ELSE 0 END) / SUM(l_extendedprice * (1 - l_discount)) AS promo_revenue FROM lineitem, part WHERE l_partkey = p_partkey AND l_shipdate >= DATE '1995-09-01' AND l_shipdate < DATE '1995-09-01' + INTERVAL '1 months';"
Q014_V004,Q_0164,"SELECT 100.00 * SUM(CASE WHEN p_type LIKE 'ELSE' THEN l_extendedprice * (1 - l_discount) ELSE 0 END) / SUM(l_extendedprice * (1 - l_discount)) AS promo_revenue FROM lineitem, part WHERE l_partkey = p_partkey AND l_shipdate >= DATE '1990-09-01' AND l_shipdate < DATE '1995-09-01' + INTERVAL '1 months';"
Q014_V005,Q_0165,"SELECT 100.00 * SUM(CASE WHEN p_type LIKE 'ELSE' THEN l_extendedprice * (1 - l_discount) ELSE 0 END) / SUM(l_extendedprice * (1 - l_discount)) AS promo_revenue FROM lineitem, part WHERE l_partkey = p_partkey AND l_shipdate >= DATE '1990-09-01' AND l_shipdate < DATE '1999-09-01' + INTERVAL '1 months';"
Q014_V006,Q_0166,"SELECT 100.00 * SUM(CASE WHEN p_type LIKE 'ELSE' THEN l_extendedprice * (1 - l_discount) ELSE 0 END) / SUM(l_extendedprice * (1 - l_discount)) AS promo_revenue FROM lineitem, part WHERE l_partkey = p_partkey AND l_shipdate >= DATE '1990-09-01' AND l_shipdate < DATE '1999-09-01' + INTERVAL '12 months';"
Q014_V007,Q_0167,"SELECT 100.00 * SUM(CASE WHEN p_type LIKE 'ELSE' THEN l_extendedprice * (1 - l_discount) ELSE 0 END) / SUM(l_extendedprice * (1 - l_discount)) AS promo_revenue FROM lineitem, part WHERE l_partkey = p_partkey AND l_shipdate >= DATE '1990-09-01' AND l_shipdate < DATE '1999-09-01' + INTERVAL '9 months';"
Q014_V008,Q_0168,"SELECT 100.00 * SUM(CASE WHEN p_type LIKE 'ELSE' THEN l_extendedprice * (1 - l_discount) ELSE 0 END) / SUM(l_extendedprice * (1 - l_discount)) AS promo_revenue FROM lineitem, part WHERE l_partkey = p_partkey AND l_shipdate >= DATE '1990-09-01' AND l_shipdate < DATE '1999-09-01' + INTERVAL '6 months';"
Q014_V009,Q_0169,"SELECT 100.00 * SUM(CASE WHEN p_type LIKE 'ELSE' THEN l_extendedprice * (1 - l_discount) ELSE 0 END) / SUM(l_extendedprice * (1 - l_discount)) AS promo_revenue FROM lineitem, part WHERE l_partkey = p_partkey AND l_shipdate >= DATE '1990-09-01' AND l_shipdate < DATE '1999-09-01' + INTERVAL '3 months';"
Q014_V010,Q_0170,"SELECT 100.00 * SUM(CASE WHEN p_type LIKE 'ELSE' THEN l_extendedprice * (1 - l_discount) ELSE 0 END) / SUM(l_extendedprice * (1 - l_discount)) AS promo_revenue FROM lineitem, part WHERE l_partkey = p_partkey AND l_shipdate >= DATE '1990-09-01' AND l_shipdate < DATE '1999-09-01' + INTERVAL '2 months';"
Q015_V001,Q_0171,"WITH revenue AS ( SELECT l_suppkey AS supplier_no, SUM(l_extendedprice * (1 - l_discount)) AS total_revenue FROM lineitem WHERE l_shipdate >= DATE '1996-01-01' AND l_shipdate < DATE '1996-01-01' + INTERVAL '3 months' GROUP BY l_suppkey ) SELECT s_suppkey, s_name, s_address, s_phone, total_revenue FROM supplier, revenue WHERE s_suppkey = supplier_no AND total_revenue = ( SELECT MAX(total_revenue) FROM revenue ) ORDER BY s_suppkey;"
Q015_V002,Q_0172,"WITH revenue AS ( SELECT l_suppkey AS supplier_no, SUM(l_extendedprice * (1 - l_discount)) AS total_revenue FROM lineitem WHERE l_shipdate >= DATE '1990-01-01' AND l_shipdate < DATE '1996-01-01' + INTERVAL '3 months' GROUP BY l_suppkey ) SELECT s_suppkey, s_name, s_address, s_phone, total_revenue FROM supplier, revenue WHERE s_suppkey = supplier_no AND total_revenue = ( SELECT MAX(total_revenue) FROM revenue ) ORDER BY s_suppkey;"
Q015_V003,Q_0173,"WITH revenue AS ( SELECT l_suppkey AS supplier_no, SUM(l_extendedprice * (1 - l_discount)) AS total_revenue FROM lineitem WHERE l_shipdate >= DATE '1998-01-01' AND l_shipdate < DATE '1996-01-01' + INTERVAL '3 months' GROUP BY l_suppkey ) SELECT s_suppkey, s_name, s_address, s_phone, total_revenue FROM supplier, revenue WHERE s_suppkey = supplier_no AND total_revenue = ( SELECT MAX(total_revenue) FROM revenue ) ORDER BY s_suppkey;"
Q015_V004,Q_0174,"WITH revenue AS ( SELECT l_suppkey AS supplier_no, SUM(l_extendedprice * (1 - l_discount)) AS total_revenue FROM lineitem WHERE l_shipdate <= DATE '1999-01-01' AND l_shipdate < DATE '1996-01-01' + INTERVAL '3 months' GROUP BY l_suppkey ) SELECT s_suppkey, s_name, s_address, s_phone, total_revenue FROM supplier, revenue WHERE s_suppkey = supplier_no AND total_revenue = ( SELECT MAX(total_revenue) FROM revenue ) ORDER BY s_suppkey;"
Q015_V005,Q_0175,"WITH revenue AS ( SELECT l_suppkey AS supplier_no, SUM(l_extendedprice * (1 - l_discount)) AS total_revenue FROM lineitem WHERE l_shipdate <= DATE '1995-01-01' AND l_shipdate < DATE '1996-01-01' + INTERVAL '3 months' GROUP BY l_suppkey ) SELECT s_suppkey, s_name, s_address, s_phone, total_revenue FROM supplier, revenue WHERE s_suppkey = supplier_no AND total_revenue = ( SELECT MAX(total_revenue) FROM revenue ) ORDER BY s_suppkey;"
Q015_V006,Q_0176,"WITH revenue AS ( SELECT l_suppkey AS supplier_no, SUM(l_extendedprice * (1 - l_discount)) AS total_revenue FROM lineitem WHERE l_shipdate <= DATE '1995-01-01' AND l_shipdate < DATE '1996-01-01' + INTERVAL '1 months' GROUP BY l_suppkey ) SELECT s_suppkey, s_name, s_address, s_phone, total_revenue FROM supplier, revenue WHERE s_suppkey = supplier_no AND total_revenue = ( SELECT MAX(total_revenue) FROM revenue ) ORDER BY s_suppkey;"
Q015_V007,Q_0177,"WITH revenue AS ( SELECT l_suppkey AS supplier_no, SUM(l_extendedprice * (1 - l_discount)) AS total_revenue FROM lineitem WHERE l_shipdate <= DATE '1995-01-01' AND l_shipdate < DATE '1996-01-01' + INTERVAL '6 months' GROUP BY l_suppkey ) SELECT s_suppkey, s_name, s_address, s_phone, total_revenue FROM supplier, revenue WHERE s_suppkey = supplier_no AND total_revenue = ( SELECT MAX(total_revenue) FROM revenue ) ORDER BY s_suppkey;"
Q015_V008,Q_0178,"WITH revenue AS ( SELECT l_suppkey AS supplier_no, SUM(l_extendedprice * (1 - l_discount)) AS total_revenue FROM lineitem WHERE l_shipdate <= DATE '1995-01-01' AND l_shipdate < DATE '1996-01-01' + INTERVAL '9 months' GROUP BY l_suppkey ) SELECT s_suppkey, s_name, s_address, s_phone, total_revenue FROM supplier, revenue WHERE s_suppkey = supplier_no AND total_revenue = ( SELECT MAX(total_revenue) FROM revenue ) ORDER BY s_suppkey;"
Q015_V009,Q_0179,"WITH revenue AS ( SELECT l_suppkey AS supplier_no, SUM(l_extendedprice * (1 - l_discount)) AS total_revenue FROM lineitem WHERE l_shipdate <= DATE '1995-01-01' AND l_shipdate < DATE '1996-01-01' + INTERVAL '12 months' GROUP BY l_suppkey ) SELECT s_suppkey, s_name, s_address, s_phone, total_revenue FROM supplier, revenue WHERE s_suppkey = supplier_no AND total_revenue = ( SELECT MAX(total_revenue) FROM revenue ) ORDER BY s_suppkey;"
Q015_V010,Q_0180,"WITH revenue AS ( SELECT l_suppkey AS supplier_no, SUM(l_extendedprice * (1 - l_discount)) AS total_revenue FROM lineitem WHERE l_shipdate <= DATE '1995-01-01' AND l_shipdate < DATE '1996-01-01' + INTERVAL '24 months' GROUP BY l_suppkey ) SELECT s_suppkey, s_name, s_address, s_phone, total_revenue FROM supplier, revenue WHERE s_suppkey = supplier_no AND total_revenue = ( SELECT MAX(total_revenue) FROM revenue ) ORDER BY s_suppkey;"
Q016_V001,Q_0181,"SELECT p_brand, p_type, p_size, COUNT(DISTINCT ps_suppkey) AS supplier_cnt FROM partsupp, part WHERE p_partkey = ps_partkey AND p_brand <> 'Brand#45' AND p_type NOT LIKE 'MEDIUM POLISHED%' AND p_size IN (49, 14, 23, 45, 19, 3, 36, 9) AND ps_suppkey NOT IN ( SELECT s_suppkey FROM supplier WHERE s_comment LIKE '%Customer%Complaints%' ) GROUP BY p_brand, p_type, p_size ORDER BY supplier_cnt DESC, p_brand, p_type, p_size;"
Q016_V002,Q_0182,"SELECT p_brand, p_type, p_size, COUNT(DISTINCT ps_suppkey) AS supplier_cnt FROM partsupp, part WHERE p_partkey = ps_partkey AND p_brand <> 'Brand#14' AND p_type NOT LIKE 'MEDIUM POLISHED%' AND p_size IN (49, 14, 23, 45, 19, 3, 36, 9) AND ps_suppkey NOT IN ( SELECT s_suppkey FROM supplier WHERE s_comment LIKE '%Customer%Complaints%' ) GROUP BY p_brand, p_type, p_size ORDER BY supplier_cnt DESC, p_brand, p_type, p_size;"
Q016_V003,Q_0183,"SELECT p_brand, p_type, p_size, COUNT(DISTINCT ps_suppkey) AS supplier_cnt FROM partsupp, part WHERE p_partkey = ps_partkey AND p_brand <> 'Brand#31' AND p_type NOT LIKE 'MEDIUM POLISHED%' AND p_size IN (49, 14, 23, 45, 19, 3, 36, 9) AND ps_suppkey NOT IN ( SELECT s_suppkey FROM supplier WHERE s_comment LIKE '%Customer%Complaints%' ) GROUP BY p_brand, p_type, p_size ORDER BY supplier_cnt DESC, p_brand, p_type, p_size;"
Q016_V004,Q_0184,"SELECT p_brand, p_type, p_size, COUNT(DISTINCT ps_suppkey) AS supplier_cnt FROM partsupp, part WHERE p_partkey = ps_partkey AND p_brand <> 'Brand#31' AND p_type NOT LIKE 'MEDIUM POLISHED%' AND p_size IN (49, 14, 23, 45, 19, 3, 36) AND ps_suppkey NOT IN ( SELECT s_suppkey FROM supplier WHERE s_comment LIKE '%Customer%Complaints%' ) GROUP BY p_brand, p_type, p_size ORDER BY supplier_cnt DESC, p_brand, p_type, p_size;"
Q016_V005,Q_0185,"SELECT p_brand, p_type, p_size, COUNT(DISTINCT ps_suppkey) AS supplier_cnt FROM partsupp, part WHERE p_partkey = ps_partkey AND p_brand <> 'Brand#31' AND p_type NOT LIKE 'MEDIUM POLISHED%' AND p_size IN (49, 14, 23, 45, 19, 3) AND ps_suppkey NOT IN ( SELECT s_suppkey FROM supplier WHERE s_comment LIKE '%Customer%Complaints%' ) GROUP BY p_brand, p_type, p_size ORDER BY supplier_cnt DESC, p_brand, p_type, p_size;"
Q016_V006,Q_0186,"SELECT p_brand, p_type, p_size, COUNT(DISTINCT ps_suppkey) AS supplier_cnt FROM partsupp, part WHERE p_partkey = ps_partkey AND p_brand <> 'Brand#31' AND p_type NOT LIKE 'MEDIUM POLISHED%' AND p_size IN (49, 14, 23, 45, 19, 3, 36, 9) AND ps_suppkey NOT IN ( SELECT s_suppkey FROM supplier WHERE s_comment LIKE '%Customer%Complaints%' ) GROUP BY p_brand, p_type, p_size ORDER BY supplier_cnt ASC, p_brand, p_type, p_size;"
Q016_V007,Q_0187,"SELECT p_brand, p_type, p_size, COUNT(DISTINCT ps_suppkey) AS supplier_cnt FROM partsupp, part WHERE p_partkey = ps_partkey AND p_brand <> 'Brand#31' AND p_type NOT LIKE 'MEDIUM POLISHED%' AND p_size IN (49, 14, 23, 45, 19, 3, 36, 9) AND ps_suppkey NOT IN ( SELECT s_suppkey FROM supplier WHERE s_comment LIKE '%Customer%Complaints%' ) GROUP BY p_brand, p_type, p_size ORDER BY p_size ASC, p_brand, p_type, p_size;"
Q016_V008,Q_0188,"SELECT p_brand, p_type, p_size, COUNT(DISTINCT ps_suppkey) AS supplier_cnt FROM partsupp, part WHERE p_partkey = ps_partkey AND p_brand <> 'Brand#31' AND p_type NOT LIKE 'MEDIUM POLISHED%' AND p_size IN (49, 14, 23, 45, 19, 3, 36, 9) AND ps_suppkey NOT IN ( SELECT s_suppkey FROM supplier WHERE s_comment LIKE '%Customer%Complaints%' ) GROUP BY p_brand, p_type, p_size ORDER BY p_type ASC, p_brand, p_type, p_size;"
Q016_V009,Q_0189,"SELECT p_brand, p_type, p_size, COUNT(DISTINCT ps_suppkey) AS supplier_cnt FROM partsupp, part WHERE p_partkey = ps_partkey AND p_brand <> 'Brand#31' AND p_type NOT LIKE 'MEDIUM POLISHED%' AND p_size IN (49, 14, 23, 45, 19, 3, 36, 9) AND ps_suppkey NOT IN ( SELECT s_suppkey FROM supplier WHERE s_comment LIKE '%Customer%Complaints%' ) GROUP BY p_brand, p_type, p_size ORDER BY p_brand ASC, p_brand, p_type, p_size;"
Q016_V010,Q_0190,"SELECT p_brand, p_type, p_size, COUNT(DISTINCT ps_suppkey) AS supplier_cnt FROM partsupp, part WHERE p_partkey = ps_partkey AND p_brand <> 'Brand#31' AND p_type NOT LIKE 'MEDIUM POLISHED%' AND p_size IN (49, 14, 23, 45, 19, 3, 36, 9) AND ps_suppkey NOT IN ( SELECT s_suppkey FROM supplier WHERE s_comment LIKE 'Degree%' ) GROUP BY p_brand, p_type, p_size ORDER BY p_brand ASC, p_brand, p_type, p_size;"
Q017_V001,Q_0191,"SELECT SUM(l_extendedprice) / 7.0 AS avg_yearly FROM lineitem, part WHERE p_partkey = l_partkey AND p_brand = 'Brand#23' AND p_container = 'MED BOX' AND l_quantity < ( SELECT 0.2 * AVG(l_quantity) FROM lineitem WHERE l_partkey = p_partkey );"
Q017_V002,Q_0192,"SELECT SUM(l_extendedprice) / 7.0 AS avg_yearly FROM lineitem, part WHERE p_partkey = l_partkey AND p_brand = 'Brand#45' AND p_container = 'MED BOX' AND l_quantity < ( SELECT 0.2 * AVG(l_quantity) FROM lineitem WHERE l_partkey = p_partkey );"
Q017_V003,Q_0193,"SELECT SUM(l_extendedprice) / 7.0 AS avg_yearly FROM lineitem, part WHERE p_partkey = l_partkey AND p_brand = 'Brand#45' OR p_container = 'MED BOX' AND l_quantity < ( SELECT 0.2 * AVG(l_quantity) FROM lineitem WHERE l_partkey = p_partkey );"
Q017_V004,Q_0194,"SELECT SUM(l_extendedprice) / 7.0 AS avg_yearly FROM lineitem, part WHERE p_partkey = l_partkey AND p_brand = 'Brand#14' OR p_container = 'MED BOX' AND l_quantity < ( SELECT 0.2 * AVG(l_quantity) FROM lineitem WHERE l_partkey = p_partkey );"
Q017_V005,Q_0195,"SELECT SUM(l_extendedprice) / 7.0 AS avg_yearly FROM lineitem, part WHERE p_partkey = l_partkey AND p_brand = 'Brand#14' AND p_container = 'LG CASE' AND l_quantity < ( SELECT 0.2 * AVG(l_quantity) FROM lineitem WHERE l_partkey = p_partkey );"
Q017_V006,Q_0196,"SELECT SUM(l_extendedprice) / 8.0 AS avg_yearly FROM lineitem, part WHERE p_partkey = l_partkey AND p_brand = 'Brand#14' AND p_container = 'LG CASE' AND l_quantity < ( SELECT 0.2 * AVG(l_quantity) FROM lineitem WHERE l_partkey = p_partkey );"
Q017_V007,Q_0197,"SELECT SUM(l_extendedprice) / 8.0 AS avg_yearly FROM lineitem, part WHERE p_partkey = l_partkey AND p_brand = 'Brand#55' AND p_container = 'LG CASE' AND l_quantity < ( SELECT 0.2 * AVG(l_quantity) FROM lineitem WHERE l_partkey = p_partkey );"
Q017_V008,Q_0198,"SELECT SUM(l_extendedprice) / 8.0 AS avg_yearly FROM lineitem, part WHERE p_partkey = l_partkey AND p_brand = 'Brand#43' AND p_container = 'LG CASE' AND l_quantity < ( SELECT 0.2 * AVG(l_quantity) FROM lineitem WHERE l_partkey = p_partkey );"
Q017_V009,Q_0199,"SELECT SUM(l_extendedprice) / 8.0 AS avg_yearly FROM lineitem, part WHERE p_partkey = l_partkey AND p_brand = 'Brand#43' AND p_container = 'LG CASE' AND l_quantity < ( SELECT 0.9 * AVG(l_quantity) FROM lineitem WHERE l_partkey = p_partkey );"
Q017_V010,Q_0200,"SELECT SUM(l_extendedprice) / 8.0 AS avg_yearly FROM lineitem, part WHERE p_partkey = l_partkey AND p_brand = 'Brand#43' AND p_container = 'LG CASE' AND l_quantity < ( SELECT 0.5 * AVG(l_quantity) FROM lineitem WHERE l_partkey = p_partkey );"
Q018_V001,Q_0201,"SELECT c_name, c_custkey, o_orderkey, o_orderdate, o_totalprice, SUM(l_quantity) FROM customer, orders, lineitem WHERE o_orderkey IN ( SELECT l_orderkey FROM lineitem GROUP BY l_orderkey HAVING SUM(l_quantity) > 250 ) AND c_custkey = o_custkey AND o_orderkey = l_orderkey GROUP BY c_name, c_custkey, o_orderkey, o_orderdate, o_totalprice ORDER BY o_totalprice DESC, o_orderdate;"
Q018_V002,Q_0202,"SELECT c_name, c_custkey, o_orderkey, o_orderdate, o_totalprice, SUM(l_quantity) FROM customer, orders, lineitem WHERE o_orderkey IN ( SELECT l_orderkey FROM lineitem GROUP BY l_orderkey HAVING SUM(l_quantity) > 50 ) AND c_custkey = o_custkey AND o_orderkey = l_orderkey GROUP BY c_name, c_custkey, o_orderkey, o_orderdate, o_totalprice ORDER BY o_totalprice DESC, o_orderdate;"
Q018_V003,Q_0203,"SELECT c_name, c_custkey, o_orderkey, o_orderdate, o_totalprice, SUM(l_quantity) FROM customer, orders, lineitem WHERE o_orderkey IN ( SELECT l_orderkey FROM lineitem GROUP BY l_orderkey HAVING SUM(l_quantity) > 100 ) AND c_custkey = o_custkey AND o_orderkey = l_orderkey GROUP BY c_name, c_custkey, o_orderkey, o_orderdate, o_totalprice ORDER BY o_totalprice DESC, o_orderdate;"
Q018_V004,Q_0204,"SELECT c_name, c_custkey, o_orderkey, o_orderdate, o_totalprice, SUM(l_quantity) FROM customer, orders, lineitem WHERE o_orderkey IN ( SELECT l_orderkey FROM lineitem GROUP BY l_orderkey HAVING SUM(l_quantity) > 150 ) AND c_custkey = o_custkey AND o_orderkey = l_orderkey GROUP BY c_name, c_custkey, o_orderkey, o_orderdate, o_totalprice ORDER BY o_totalprice DESC, o_orderdate;"
Q018_V005,Q_0205,"SELECT c_name, c_custkey, o_orderkey, o_orderdate, o_totalprice, SUM(l_quantity) FROM customer, orders, lineitem WHERE o_orderkey IN ( SELECT l_orderkey FROM lineitem GROUP BY l_orderkey HAVING SUM(l_quantity) > 100 ) AND c_custkey = o_custkey AND o_orderkey = l_orderkey GROUP BY c_name, c_custkey, o_orderkey, o_orderdate, o_totalprice ORDER BY o_totalprice ASC, o_orderdate;"
Q018_V006,Q_0206,"SELECT c_name, c_custkey, o_orderkey, o_orderdate, o_totalprice, SUM(l_quantity) FROM customer, orders, lineitem WHERE o_orderkey IN ( SELECT l_orderkey FROM lineitem GROUP BY l_orderkey HAVING SUM(l_quantity) > 100 ) AND c_custkey = o_custkey AND o_orderkey = l_orderkey GROUP BY c_name, c_custkey, o_orderkey, o_orderdate, o_totalprice ORDER BY c_name ASC, o_orderdate;"
Q018_V007,Q_0207,"SELECT c_name, c_custkey, o_orderkey, o_orderdate, o_totalprice, SUM(l_quantity) FROM customer, orders, lineitem WHERE o_orderkey IN ( SELECT l_orderkey FROM lineitem GROUP BY l_orderkey HAVING SUM(l_quantity) > 100 ) AND c_custkey = o_custkey AND o_orderkey = l_orderkey GROUP BY c_name, c_custkey, o_orderkey, o_orderdate, o_totalprice ORDER BY c_custkey ASC, o_orderdate;"
Q018_V008,Q_0208,"SELECT c_name, c_custkey, o_orderkey, o_orderdate, o_totalprice, SUM(l_quantity) FROM customer, orders, lineitem WHERE o_orderkey IN ( SELECT l_orderkey FROM lineitem GROUP BY l_orderkey HAVING SUM(l_quantity) > 100 ) AND c_custkey = o_custkey AND o_orderkey = l_orderkey GROUP BY c_name, c_custkey, o_orderkey, o_orderdate, o_totalprice ORDER BY o_orderkey ASC, o_orderdate;"
Q018_V009,Q_0209,"SELECT c_name, c_custkey, o_orderkey, o_orderdate, o_totalprice, SUM(l_quantity) FROM customer, orders, lineitem WHERE o_orderkey IN ( SELECT l_orderkey FROM lineitem GROUP BY l_orderkey HAVING SUM(l_quantity) > 100 ) AND c_custkey = o_custkey AND o_orderkey = l_orderkey GROUP BY c_name, c_custkey, o_orderkey, o_orderdate, o_totalprice ORDER BY o_orderdate ASC, o_orderdate;"
Q018_V010,Q_0210,"SELECT c_name, c_custkey, o_orderkey, o_orderdate, o_totalprice, SUM(l_quantity) FROM customer, orders, lineitem WHERE o_orderkey IN ( SELECT l_orderkey FROM lineitem GROUP BY l_orderkey HAVING SUM(l_quantity) > 100 ) AND c_custkey = o_custkey AND o_orderkey = l_orderkey GROUP BY c_name, c_custkey, o_orderkey, o_orderdate, o_totalprice ORDER BY o_orderdate DESC, o_orderdate;"
Q019_V001,Q_0211,"SELECT SUM(l_extendedprice* (1 - l_discount)) AS revenue FROM lineitem, part WHERE ( p_partkey = l_partkey AND p_brand = 'Brand#12' AND p_container IN ('SM CASE', 'SM BOX', 'SM PACK', 'SM PKG') AND l_quantity >= 1 AND l_quantity <= 1 + 10 AND p_size BETWEEN 1 AND 5 AND l_shipmode IN ('AIR', 'AIR REG') AND l_shipinstruct = 'DELIVER IN PERSON' ) OR ( p_partkey = l_partkey AND p_brand = 'Brand#23' AND p_container IN ('MED BAG', 'MED BOX', 'MED PKG', 'MED PACK') AND l_quantity >= 10 AND l_quantity <= 10 + 10 AND p_size BETWEEN 1 AND 10 AND l_shipmode IN ('AIR', 'AIR REG') AND l_shipinstruct = 'DELIVER IN PERSON' ) OR ( p_partkey = l_partkey AND p_brand = 'Brand#34' AND p_container IN ('LG CASE', 'LG BOX', 'LG PACK', 'LG PKG') AND l_quantity >= 20 AND l_quantity <= 20 + 10 AND p_size BETWEEN 1 AND 15 AND l_shipmode IN ('AIR', 'AIR REG') AND l_shipinstruct = 'DELIVER IN PERSON' );"
Q019_V002,Q_0212,"SELECT SUM(l_extendedprice* (1 - l_discount)) AS revenue FROM lineitem, part WHERE ( p_partkey = l_partkey AND p_brand = 'Brand#45' AND p_container IN ('SM CASE', 'SM BOX', 'SM PACK', 'SM PKG') AND l_quantity >= 1 AND l_quantity <= 1 + 10 AND p_size BETWEEN 1 AND 5 AND l_shipmode IN ('AIR', 'AIR REG') AND l_shipinstruct = 'DELIVER IN PERSON' ) OR ( p_partkey = l_partkey AND p_brand = 'Brand#23' AND p_container IN ('MED BAG', 'MED BOX', 'MED PKG', 'MED PACK') AND l_quantity >= 10 AND l_quantity <= 10 + 10 AND p_size BETWEEN 1 AND 10 AND l_shipmode IN ('AIR', 'AIR REG') AND l_shipinstruct = 'DELIVER IN PERSON' ) OR ( p_partkey = l_partkey AND p_brand = 'Brand#34' AND p_container IN ('LG CASE', 'LG BOX', 'LG PACK', 'LG PKG') AND l_quantity >= 20 AND l_quantity <= 20 + 10 AND p_size BETWEEN 1 AND 15 AND l_shipmode IN ('AIR', 'AIR REG') AND l_shipinstruct = 'DELIVER IN PERSON' );"
Q019_V003,Q_0213,"SELECT SUM(l_extendedprice* (1 - l_discount)) AS revenue FROM lineitem, part WHERE ( p_partkey = l_partkey AND p_brand = 'Brand#64' AND p_container IN ('SM CASE', 'SM BOX', 'SM PACK', 'SM PKG') AND l_quantity >= 1 AND l_quantity <= 1 + 10 AND p_size BETWEEN 1 AND 5 AND l_shipmode IN ('AIR', 'AIR REG') AND l_shipinstruct = 'DELIVER IN PERSON' ) OR ( p_partkey = l_partkey AND p_brand = 'Brand#23' AND p_container IN ('MED BAG', 'MED BOX', 'MED PKG', 'MED PACK') AND l_quantity >= 10 AND l_quantity <= 10 + 10 AND p_size BETWEEN 1 AND 10 AND l_shipmode IN ('AIR', 'AIR REG') AND l_shipinstruct = 'DELIVER IN PERSON' ) OR ( p_partkey = l_partkey AND p_brand = 'Brand#34' AND p_container IN ('LG CASE', 'LG BOX', 'LG PACK', 'LG PKG') AND l_quantity >= 20 AND l_quantity <= 20 + 10 AND p_size BETWEEN 1 AND 15 AND l_shipmode IN ('AIR', 'AIR REG') AND l_shipinstruct = 'DELIVER IN PERSON' );"
Q019_V004,Q_0214,"SELECT SUM(l_extendedprice* (1 - l_discount)) AS revenue FROM lineitem, part WHERE ( p_partkey = l_partkey AND p_brand = 'Brand#64' OR p_container IN ('SM CASE', 'SM BOX', 'SM PACK', 'SM PKG') AND l_quantity >= 1 AND l_quantity <= 1 + 10 AND p_size BETWEEN 1 AND 5 AND l_shipmode IN ('AIR', 'AIR REG') AND l_shipinstruct = 'DELIVER IN PERSON' ) OR ( p_partkey = l_partkey AND p_brand = 'Brand#23' AND p_container IN ('MED BAG', 'MED BOX', 'MED PKG', 'MED PACK') AND l_quantity >= 10 AND l_quantity <= 10 + 10 AND p_size BETWEEN 1 AND 10 AND l_shipmode IN ('AIR', 'AIR REG') AND l_shipinstruct = 'DELIVER IN PERSON' ) OR ( p_partkey = l_partkey AND p_brand = 'Brand#34' AND p_container IN ('LG CASE', 'LG BOX', 'LG PACK', 'LG PKG') AND l_quantity >= 20 AND l_quantity <= 20 + 10 AND p_size BETWEEN 1 AND 15 AND l_shipmode IN ('AIR', 'AIR REG') AND l_shipinstruct = 'DELIVER IN PERSON' );"
Q019_V005,Q_0215,"SELECT SUM(l_extendedprice* (1 - l_discount)) AS revenue FROM lineitem, part WHERE ( p_partkey = l_partkey AND p_brand = 'Brand#12' AND p_container IN ('SM CASE', 'SM BOX', 'SM PACK', 'SM PKG') AND l_quantity >= 1 AND l_quantity <= 1 + 10 AND p_size BETWEEN 1 AND 5 AND l_shipmode IN ('AIR', 'AIR REG') AND l_shipinstruct = 'DELIVER IN PERSON' ) OR ( p_partkey = l_partkey AND p_brand = 'Brand#23' AND p_container IN ('MED BAG', 'MED BOX', 'MED PKG', 'MED PACK') AND l_quantity >= 10 AND l_quantity <= 10 + 10 AND p_size BETWEEN 1 AND 10 AND l_shipmode IN ('AIR', 'AIR REG') AND l_shipinstruct = 'DELIVER IN PERSON' ) OR ( p_partkey = l_partkey AND p_brand = 'Brand#34' AND p_container IN ('LG CASE', 'LG BOX', 'LG PACK', 'LG PKG') OR l_quantity >= 20 AND l_quantity <= 20 + 10 AND p_size BETWEEN 1 AND 15 AND l_shipmode IN ('AIR', 'AIR REG') AND l_shipinstruct = 'DELIVER IN PERSON' );"
Q019_V006,Q_0216,"SELECT SUM(l_extendedprice* (1 - l_discount)) AS revenue FROM lineitem, part WHERE ( p_partkey = l_partkey AND p_brand = 'Brand#12' AND p_container IN ('SM CASE', 'SM BOX', 'SM PACK', 'SM PKG') AND l_quantity >= 1 AND l_quantity <= 1 + 10 AND p_size BETWEEN 1 AND 5 AND l_shipmode IN ('AIR', 'AIR REG') AND l_shipinstruct = 'DELIVER IN PERSON' ) OR ( p_partkey = l_partkey AND p_brand = 'Brand#23' AND p_container IN ('MED BAG', 'MED BOX', 'MED PKG', 'MED PACK') AND l_quantity >= 10 AND l_quantity <= 10 + 10 AND p_size BETWEEN 1 AND 10 AND l_shipmode IN ('AIR', 'AIR REG') AND l_shipinstruct = 'DELIVER IN PERSON' ) OR ( p_partkey = l_partkey AND p_brand = 'Brand#34' AND p_container IN ('LG CASE', 'LG BOX', 'LG PACK', 'LG PKG') AND l_quantity >= 20 OR l_quantity <= 20 + 10 AND p_size BETWEEN 1 AND 15 AND l_shipmode IN ('AIR', 'AIR REG') AND l_shipinstruct = 'DELIVER IN PERSON' );"
Q019_V007,Q_0217,"SELECT SUM(l_extendedprice* (1 - l_discount)) AS revenue FROM lineitem, part WHERE ( p_partkey = l_partkey AND p_brand = 'Brand#12' AND p_container IN ('SM CASE', 'SM BOX', 'SM PACK', 'SM PKG') AND l_quantity >= 1 AND l_quantity <= 1 + 10 AND p_size BETWEEN 1 AND 5 AND l_shipmode IN ('AIR', 'AIR REG') AND l_shipinstruct = 'DELIVER IN PERSON' ) OR ( p_partkey = l_partkey AND p_brand = 'Brand#23' AND p_container IN ('MED BAG', 'MED BOX', 'MED PKG', 'MED PACK') AND l_quantity >= 10 AND l_quantity <= 10 + 10 AND p_size BETWEEN 1 AND 10 AND l_shipmode IN ('AIR', 'AIR REG') AND l_shipinstruct = 'DELIVER IN PERSON' ) OR ( p_partkey = l_partkey AND p_brand = 'Brand#34' AND p_container IN ('LG CASE', 'LG BOX', 'LG PACK', 'LG PKG') AND l_quantity >= 5 AND l_quantity <= 20 + 10 AND p_size BETWEEN 1 AND 15 AND l_shipmode IN ('AIR', 'AIR REG') AND l_shipinstruct = 'DELIVER IN PERSON' );"
Q019_V008,Q_0218,"SELECT SUM(l_extendedprice* (1 - l_discount)) AS revenue FROM lineitem, part WHERE ( p_partkey = l_partkey AND p_brand = 'Brand#12' AND p_container IN ('SM CASE', 'SM BOX', 'SM PACK', 'SM PKG') AND l_quantity >= 1 AND l_quantity <= 1 + 10 AND p_size BETWEEN 1 AND 5 AND l_shipmode IN ('AIR', 'AIR REG') AND l_shipinstruct = 'DELIVER IN PERSON' ) OR ( p_partkey = l_partkey AND p_brand = 'Brand#23' AND p_container IN ('MED BAG', 'MED BOX', 'MED PKG', 'MED PACK') AND l_quantity >= 10 AND l_quantity <= 10 + 10 AND p_size BETWEEN 1 AND 10 AND l_shipmode IN ('AIR', 'AIR REG') AND l_shipinstruct = 'DELIVER IN PERSON' ) OR ( p_partkey = l_partkey AND p_brand = 'Brand#34' AND p_container IN ('LG CASE', 'LG BOX', 'LG PACK', 'LG PKG') AND l_quantity >= 50 AND l_quantity <= 20 + 10 AND p_size BETWEEN 1 AND 15 AND l_shipmode IN ('AIR', 'AIR REG') AND l_shipinstruct = 'DELIVER IN PERSON' );"
Q019_V009,Q_0219,"SELECT SUM(l_extendedprice* (1 - l_discount)) AS revenue FROM lineitem, part WHERE ( p_partkey = l_partkey AND p_brand = 'Brand#12' AND p_container IN ('SM CASE', 'SM BOX', 'SM PACK', 'SM PKG') AND l_quantity >= 1 AND l_quantity <= 1 + 10 AND p_size BETWEEN 1 AND 5 AND l_shipmode IN ('AIR', 'AIR REG') AND l_shipinstruct = 'DELIVER IN PERSON' ) OR ( p_partkey = l_partkey AND p_brand = 'Brand#23' AND p_container IN ('MED BAG', 'MED BOX', 'MED PKG', 'MED PACK') AND l_quantity >= 10 AND l_quantity <= 10 + 10 AND p_size BETWEEN 1 AND 10 AND l_shipmode IN ('AIR', 'AIR REG') AND l_shipinstruct = 'DELIVER IN PERSON' ) OR ( p_partkey = l_partkey AND p_brand = 'Brand#34' AND p_container IN ('LG CASE', 'LG BOX', 'LG PACK', 'LG PKG') AND l_quantity >= 50 AND l_quantity <= 20 + 30 AND p_size BETWEEN 1 AND 15 AND l_shipmode IN ('AIR', 'AIR REG') AND l_shipinstruct = 'DELIVER IN PERSON' );"
Q019_V010,Q_0220,"SELECT SUM(l_extendedprice* (1 - l_discount)) AS revenue FROM lineitem, part WHERE ( p_partkey = l_partkey AND p_brand = 'Brand#12' AND p_container IN ('SM CASE', 'SM BOX', 'SM PACK', 'SM PKG') AND l_quantity >= 1 AND l_quantity <= 1 + 10 AND p_size BETWEEN 1 AND 5 AND l_shipmode IN ('AIR', 'AIR REG') AND l_shipinstruct = 'DELIVER IN PERSON' ) OR ( p_partkey = l_partkey AND p_brand = 'Brand#23' AND p_container IN ('MED BAG', 'MED BOX', 'MED PKG', 'MED PACK') AND l_quantity >= 10 AND l_quantity <= 10 + 10 AND p_size BETWEEN 1 AND 10 AND l_shipmode IN ('AIR', 'AIR REG') AND l_shipinstruct = 'DELIVER IN PERSON' ) OR ( p_partkey = l_partkey AND p_brand = 'Brand#34' AND p_container IN ('LG CASE', 'LG BOX', 'LG PACK', 'LG PKG') AND l_quantity >= 50 AND l_quantity <= 20 + 30 AND p_size BETWEEN 1 AND 5 AND l_shipmode IN ('AIR', 'AIR REG') AND l_shipinstruct = 'DELIVER IN PERSON' );"
Q019_V011,Q_0221,"SELECT SUM(l_extendedprice* (1 - l_discount)) AS revenue FROM lineitem, part WHERE ( p_partkey = l_partkey AND p_brand = 'Brand#12' AND p_container IN ('SM CASE', 'SM BOX', 'SM PACK', 'SM PKG') AND l_quantity >= 1 AND l_quantity <= 1 + 10 AND p_size BETWEEN 1 AND 5 AND l_shipmode IN ('AIR', 'AIR REG') AND l_shipinstruct = 'DELIVER IN PERSON' ) OR ( p_partkey = l_partkey AND p_brand = 'Brand#23' AND p_container IN ('MED BAG', 'MED BOX', 'MED PKG', 'MED PACK') AND l_quantity >= 10 AND l_quantity <= 10 + 10 AND p_size BETWEEN 1 AND 10 AND l_shipmode IN ('AIR', 'AIR REG') AND l_shipinstruct = 'DELIVER IN PERSON' ) OR ( p_partkey = l_partkey AND p_brand = 'Brand#34' AND p_container IN ('LG CASE', 'LG BOX', 'LG PACK', 'LG PKG') AND l_quantity >= 50 AND l_quantity <= 20 + 30 AND p_size BETWEEN 10 AND 15 AND l_shipmode IN ('AIR', 'AIR REG') AND l_shipinstruct = 'DELIVER IN PERSON' );"
Q019_V012,Q_0222,"SELECT SUM(l_extendedprice* (1 - l_discount)) AS revenue FROM lineitem, part WHERE ( p_partkey = l_partkey AND p_brand = 'Brand#12' AND p_container IN ('SM CASE', 'SM BOX', 'SM PACK', 'SM PKG') AND l_quantity >= 1 AND l_quantity <= 1 + 10 AND p_size BETWEEN 1 AND 5 AND l_shipmode IN ('AIR', 'AIR REG') AND l_shipinstruct = 'DELIVER IN PERSON' ) OR ( p_partkey = l_partkey AND p_brand = 'Brand#23' AND p_container IN ('MED BAG', 'MED BOX', 'MED PKG', 'MED PACK') AND l_quantity >= 10 AND l_quantity <= 10 + 10 AND p_size BETWEEN 1 AND 10 AND l_shipmode IN ('AIR', 'AIR REG') AND l_shipinstruct = 'DELIVER IN PERSON' ) OR ( p_partkey = l_partkey AND p_brand = 'Brand#34' AND p_container IN ('LG CASE', 'LG BOX', 'LG PACK', 'LG PKG') AND l_quantity >= 50 AND l_quantity <= 20 + 30 AND p_size BETWEEN 10 AND 12 AND l_shipmode IN ('AIR', 'AIR REG') AND l_shipinstruct = 'DELIVER IN PERSON' );"
Q019_V013,Q_0223,"SELECT SUM(l_extendedprice* (1 - l_discount)) AS revenue FROM lineitem, part WHERE ( p_partkey = l_partkey AND p_brand = 'Brand#12' AND p_container IN ('SM CASE', 'SM BOX', 'SM PACK', 'SM PKG') AND l_quantity >= 1 AND l_quantity <= 1 + 10 AND p_size BETWEEN 1 AND 5 AND l_shipmode IN ('AIR', 'AIR REG') AND l_shipinstruct = 'DELIVER IN PERSON' ) OR ( p_partkey = l_partkey AND p_brand = 'Brand#23' AND p_container IN ('MED BAG', 'MED BOX', 'MED PKG', 'MED PACK') AND l_quantity >= 10 AND l_quantity <= 10 + 10 AND p_size BETWEEN 1 AND 10 AND l_shipmode IN ('AIR', 'AIR REG') AND l_shipinstruct = 'DELIVER IN PERSON' ) OR ( p_partkey = l_partkey AND p_brand = 'Brand#34' AND p_container IN ('LG CASE', 'LG BOX', 'LG PACK', 'LG PKG') AND l_quantity >= 50 AND l_quantity <= 20 + 30 AND p_size BETWEEN 10 AND 12 AND l_shipmode IN ('AIR', 'AIR REG') OR l_shipinstruct = 'DELIVER IN PERSON' );"
Q019_V014,Q_0224,"SELECT SUM(l_extendedprice* (1 - l_discount)) AS revenue FROM lineitem, part WHERE ( p_partkey = l_partkey AND p_brand = 'Brand#12' AND p_container IN ('SM CASE', 'SM BOX', 'SM PACK', 'SM PKG') AND l_quantity >= 1 AND l_quantity <= 1 + 10 AND p_size BETWEEN 1 AND 5 AND l_shipmode IN ('AIR', 'AIR REG') AND l_shipinstruct = 'DELIVER IN PERSON' ) OR ( p_partkey = l_partkey AND p_brand = 'Brand#23' AND p_container IN ('MED BAG', 'MED BOX', 'MED PKG', 'MED PACK') AND l_quantity >= 10 AND l_quantity <= 10 + 10 AND p_size BETWEEN 1 AND 10 AND l_shipmode IN ('AIR', 'AIR REG') AND l_shipinstruct = 'DELIVER IN PERSON' ) OR ( p_partkey = l_partkey AND p_brand = 'Brand#34' AND p_container IN ('LG CASE', 'LG BOX', 'LG PACK', 'LG PKG') AND l_quantity >= 50 AND l_quantity <= 20 + 30 AND p_size BETWEEN 10 AND 12 AND l_shipmode NOT IN ('AIR', 'AIR REG') AND l_shipinstruct = 'DELIVER IN PERSON' );"
Q019_V015,Q_0225,"SELECT SUM(l_extendedprice* (1 - l_discount)) AS revenue FROM lineitem, part WHERE ( p_partkey = l_partkey AND p_brand = 'Brand#12' AND p_container IN ('SM CASE', 'SM BOX', 'SM PACK', 'SM PKG') AND l_quantity >= 1 AND l_quantity <= 1 + 10 AND p_size BETWEEN 1 AND 5 AND l_shipmode IN ('AIR', 'AIR REG') AND l_shipinstruct = 'DELIVER IN PERSON' ) OR ( p_partkey = l_partkey AND p_brand = 'Brand#23' AND p_container IN ('MED BAG', 'MED BOX', 'MED PKG', 'MED PACK') AND l_quantity >= 10 AND l_quantity <= 10 + 10 AND p_size BETWEEN 1 AND 10 AND l_shipmode IN ('AIR', 'AIR REG') AND l_shipinstruct = 'DELIVER IN PERSON' ) OR ( p_partkey = l_partkey AND p_brand = 'Brand#34' AND p_container IN ('LG CASE', 'LG BOX', 'LG PACK', 'LG PKG') AND l_quantity >= 50 AND l_quantity <= 20 + 30 AND p_size BETWEEN 1 AND 100 AND l_shipmode NOT IN ('AIR', 'AIR REG') AND l_shipinstruct = 'DELIVER IN PERSON' );"
Q020_V001,Q_0226,"SELECT s_name, s_address FROM supplier, nation WHERE s_suppkey IN ( SELECT ps_suppkey FROM partsupp WHERE ps_partkey IN ( SELECT p_partkey FROM part WHERE p_name LIKE 'forest%' ) AND ps_availqty > ( SELECT 0.5 * SUM(l_quantity) FROM lineitem WHERE l_partkey = ps_partkey AND l_suppkey = ps_suppkey AND l_shipdate >= DATE '1994-01-01' AND l_shipdate < DATE '1994-01-01' + INTERVAL '1 years' ) ) AND s_nationkey = n_nationkey AND n_name = 'CANADA' ORDER BY s_name;"
Q020_V002,Q_0227,"SELECT s_name, s_address FROM supplier, nation WHERE s_suppkey IN ( SELECT ps_suppkey FROM partsupp WHERE ps_partkey IN ( SELECT p_partkey FROM part WHERE p_name LIKE 'go' ) AND ps_availqty > ( SELECT 0.5 * SUM(l_quantity) FROM lineitem WHERE l_partkey = ps_partkey AND l_suppkey = ps_suppkey AND l_shipdate >= DATE '1994-01-01' AND l_shipdate < DATE '1994-01-01' + INTERVAL '1 years' ) ) AND s_nationkey = n_nationkey AND n_name = 'CANADA' ORDER BY s_name;"
Q020_V003,Q_0228,"SELECT s_name, s_address FROM supplier, nation WHERE s_suppkey IN ( SELECT ps_suppkey FROM partsupp WHERE ps_partkey IN ( SELECT p_partkey FROM part WHERE p_name LIKE 'go' ) OR ps_availqty > ( SELECT 0.5 * SUM(l_quantity) FROM lineitem WHERE l_partkey = ps_partkey AND l_suppkey = ps_suppkey AND l_shipdate >= DATE '1994-01-01' AND l_shipdate < DATE '1994-01-01' + INTERVAL '1 years' ) ) AND s_nationkey = n_nationkey AND n_name = 'CANADA' ORDER BY s_name;"
Q020_V004,Q_0229,"SELECT s_name, s_address FROM supplier, nation WHERE s_suppkey IN ( SELECT ps_suppkey FROM partsupp WHERE ps_partkey IN ( SELECT p_partkey FROM part WHERE p_name LIKE 'go' ) OR ps_availqty > ( SELECT 0.9 * SUM(l_quantity) FROM lineitem WHERE l_partkey = ps_partkey AND l_suppkey = ps_suppkey AND l_shipdate >= DATE '1994-01-01' AND l_shipdate < DATE '1994-01-01' + INTERVAL '1 years' ) ) AND s_nationkey = n_nationkey AND n_name = 'CANADA' ORDER BY s_name;"
Q020_V005,Q_0230,"SELECT s_name, s_address FROM supplier, nation WHERE s_suppkey IN ( SELECT ps_suppkey FROM partsupp WHERE ps_partkey IN ( SELECT p_partkey FROM part WHERE p_name LIKE 'go' ) OR ps_availqty > ( SELECT 0.9 * SUM(l_quantity) FROM lineitem WHERE l_partkey = ps_partkey AND l_suppkey = ps_suppkey AND l_shipdate >= DATE '1990-01-01' AND l_shipdate < DATE '1994-01-01' + INTERVAL '1 years' ) ) AND s_nationkey = n_nationkey AND n_name = 'CANADA' ORDER BY s_name;"
Q020_V006,Q_0231,"SELECT s_name, s_address FROM supplier, nation WHERE s_suppkey IN ( SELECT ps_suppkey FROM partsupp WHERE ps_partkey IN ( SELECT p_partkey FROM part WHERE p_name LIKE 'go' ) OR ps_availqty > ( SELECT 0.9 * SUM(l_quantity) FROM lineitem WHERE l_partkey = ps_partkey AND l_suppkey = ps_suppkey AND l_shipdate >= DATE '1999-01-01' AND l_shipdate < DATE '1994-01-01' + INTERVAL '1 years' ) ) AND s_nationkey = n_nationkey AND n_name = 'CANADA' ORDER BY s_name;"
Q020_V007,Q_0232,"SELECT s_name, s_address FROM supplier, nation WHERE s_suppkey IN ( SELECT ps_suppkey FROM partsupp WHERE ps_partkey IN ( SELECT p_partkey FROM part WHERE p_name LIKE 'go' ) OR ps_availqty > ( SELECT 0.9 * SUM(l_quantity) FROM lineitem WHERE l_partkey = ps_partkey AND l_suppkey = ps_suppkey AND l_shipdate >= DATE '1990-01-01' AND l_shipdate < DATE '1994-01-01' + INTERVAL '1 years' ) ) AND s_nationkey = n_nationkey AND n_name = 'EGYPT' ORDER BY s_name;"
Q020_V008,Q_0233,"SELECT s_name, s_address FROM supplier, nation WHERE s_suppkey IN ( SELECT ps_suppkey FROM partsupp WHERE ps_partkey IN ( SELECT p_partkey FROM part WHERE p_name LIKE 'go' ) OR ps_availqty > ( SELECT 0.9 * SUM(l_quantity) FROM lineitem WHERE l_partkey = ps_partkey AND l_suppkey = ps_suppkey AND l_shipdate >= DATE '1990-01-01' AND l_shipdate < DATE '1994-01-01' + INTERVAL '1 years' ) ) AND s_nationkey = n_nationkey AND n_name = 'ARGENTINA' ORDER BY s_name;"
Q020_V009,Q_0234,"SELECT s_name, s_address FROM supplier, nation WHERE s_suppkey IN ( SELECT ps_suppkey FROM partsupp WHERE ps_partkey IN ( SELECT p_partkey FROM part WHERE p_name LIKE 'go' ) OR ps_availqty > ( SELECT 0.9 * SUM(l_quantity) FROM lineitem WHERE l_partkey = ps_partkey AND l_suppkey = ps_suppkey AND l_shipdate >= DATE '1990-01-01' AND l_shipdate < DATE '1994-01-01' + INTERVAL '1 years' ) ) AND s_nationkey = n_nationkey AND n_name = 'ARGENTINA' ORDER BY s_name DESC;"
Q020_V010,Q_0235,"SELECT s_name, s_address FROM supplier, nation WHERE s_suppkey IN ( SELECT ps_suppkey FROM partsupp WHERE ps_partkey IN ( SELECT p_partkey FROM part WHERE p_name LIKE 'go' ) OR ps_availqty > ( SELECT 0.9 * SUM(l_quantity) FROM lineitem WHERE l_partkey = ps_partkey AND l_suppkey = ps_suppkey AND l_shipdate >= DATE '1990-01-01' AND l_shipdate < DATE '1994-01-01' + INTERVAL '1 years' ) ) AND s_nationkey = n_nationkey AND n_name = 'ARGENTINA' ORDER BY s_name ASC;"
Q021_V001,Q_0236,"SELECT s_name, COUNT(*) AS numwait FROM supplier, lineitem l1, orders, nation WHERE s_suppkey = l1.l_suppkey AND o_orderkey = l1.l_orderkey AND o_orderstatus = 'F' AND l1.l_receiptdate > l1.l_commitdate AND EXISTS ( SELECT * FROM lineitem l2 WHERE l2.l_orderkey = l1.l_orderkey AND l2.l_suppkey <> l1.l_suppkey ) AND NOT EXISTS ( SELECT * FROM lineitem l3 WHERE l3.l_orderkey = l1.l_orderkey AND l3.l_suppkey <> l1.l_suppkey AND l3.l_receiptdate > l3.l_commitdate ) AND s_nationkey = n_nationkey AND n_name = 'SAUDI ARABIA' GROUP BY s_name ORDER BY numwait DESC, s_name;"
Q021_V002,Q_0237,"SELECT s_name, COUNT(*) AS numwait FROM supplier, lineitem l1, orders, nation WHERE s_suppkey = l1.l_suppkey AND o_orderkey = l1.l_orderkey AND o_orderstatus = 'O' AND l1.l_receiptdate > l1.l_commitdate AND EXISTS ( SELECT * FROM lineitem l2 WHERE l2.l_orderkey = l1.l_orderkey AND l2.l_suppkey <> l1.l_suppkey ) AND NOT EXISTS ( SELECT * FROM lineitem l3 WHERE l3.l_orderkey = l1.l_orderkey AND l3.l_suppkey <> l1.l_suppkey AND l3.l_receiptdate > l3.l_commitdate ) AND s_nationkey = n_nationkey AND n_name = 'SAUDI ARABIA' GROUP BY s_name ORDER BY numwait DESC, s_name;"
Q021_V003,Q_0238,"SELECT s_name, COUNT(*) AS numwait FROM supplier, lineitem l1, orders, nation WHERE s_suppkey = l1.l_suppkey AND o_orderkey = l1.l_orderkey AND o_orderstatus = 'P' AND l1.l_receiptdate > l1.l_commitdate AND EXISTS ( SELECT * FROM lineitem l2 WHERE l2.l_orderkey = l1.l_orderkey AND l2.l_suppkey <> l1.l_suppkey ) AND NOT EXISTS ( SELECT * FROM lineitem l3 WHERE l3.l_orderkey = l1.l_orderkey AND l3.l_suppkey <> l1.l_suppkey AND l3.l_receiptdate > l3.l_commitdate ) AND s_nationkey = n_nationkey AND n_name = 'SAUDI ARABIA' GROUP BY s_name ORDER BY numwait DESC, s_name;"
Q021_V004,Q_0239,"SELECT s_name, COUNT(*) AS numwait FROM supplier, lineitem l1, orders, nation WHERE s_suppkey = l1.l_suppkey AND o_orderkey = l1.l_orderkey AND o_orderstatus = 'P' AND l1.l_receiptdate > l1.l_commitdate AND EXISTS ( SELECT * FROM lineitem l2 WHERE l2.l_orderkey = l1.l_orderkey AND l2.l_suppkey <> l1.l_suppkey ) AND  EXISTS ( SELECT * FROM lineitem l3 WHERE l3.l_orderkey = l1.l_orderkey AND l3.l_suppkey <> l1.l_suppkey AND l3.l_receiptdate > l3.l_commitdate ) AND s_nationkey = n_nationkey AND n_name = 'SAUDI ARABIA' GROUP BY s_name ORDER BY numwait DESC, s_name;"
Q021_V005,Q_0240,"SELECT s_name, COUNT(*) AS numwait FROM supplier, lineitem l1, orders, nation WHERE s_suppkey = l1.l_suppkey AND o_orderkey = l1.l_orderkey AND o_orderstatus = 'P' AND l1.l_receiptdate > l1.l_commitdate AND EXISTS ( SELECT * FROM lineitem l2 WHERE l2.l_orderkey = l1.l_orderkey AND l2.l_suppkey <> l1.l_suppkey ) AND  EXISTS ( SELECT * FROM lineitem l3 WHERE l3.l_orderkey = l1.l_orderkey OR l3.l_suppkey <> l1.l_suppkey AND l3.l_receiptdate > l3.l_commitdate ) AND s_nationkey = n_nationkey AND n_name = 'SAUDI ARABIA' GROUP BY s_name ORDER BY numwait DESC, s_name;"
Q021_V006,Q_0241,"SELECT s_name, COUNT(*) AS numwait FROM supplier, lineitem l1, orders, nation WHERE s_suppkey = l1.l_suppkey AND o_orderkey = l1.l_orderkey AND o_orderstatus = 'P' AND l1.l_receiptdate > l1.l_commitdate AND EXISTS ( SELECT * FROM lineitem l2 WHERE l2.l_orderkey = l1.l_orderkey AND l2.l_suppkey <> l1.l_suppkey ) AND  EXISTS ( SELECT * FROM lineitem l3 WHERE l3.l_orderkey = l1.l_orderkey OR l3.l_suppkey <> l1.l_suppkey OR l3.l_receiptdate > l3.l_commitdate ) AND s_nationkey = n_nationkey AND n_name = 'SAUDI ARABIA' GROUP BY s_name ORDER BY numwait DESC, s_name;"
Q021_V007,Q_0242,"SELECT s_name, COUNT(*) AS numwait FROM supplier, lineitem l1, orders, nation WHERE s_suppkey = l1.l_suppkey AND o_orderkey = l1.l_orderkey AND o_orderstatus = 'P' AND l1.l_receiptdate > l1.l_commitdate AND EXISTS ( SELECT * FROM lineitem l2 WHERE l2.l_orderkey = l1.l_orderkey AND l2.l_suppkey <> l1.l_suppkey ) AND  EXISTS ( SELECT * FROM lineitem l3 WHERE l3.l_orderkey = l1.l_orderkey AND l3.l_suppkey <> l1.l_suppkey AND l3.l_receiptdate > l3.l_commitdate ) AND s_nationkey = n_nationkey AND n_name = 'ALGERIA' GROUP BY s_name ORDER BY numwait DESC, s_name;"
Q021_V008,Q_0243,"SELECT s_name, COUNT(*) AS numwait FROM supplier, lineitem l1, orders, nation WHERE s_suppkey = l1.l_suppkey AND o_orderkey = l1.l_orderkey AND o_orderstatus = 'P' AND l1.l_receiptdate > l1.l_commitdate AND EXISTS ( SELECT * FROM lineitem l2 WHERE l2.l_orderkey = l1.l_orderkey AND l2.l_suppkey <> l1.l_suppkey ) AND  EXISTS ( SELECT * FROM lineitem l3 WHERE l3.l_orderkey = l1.l_orderkey AND l3.l_suppkey <> l1.l_suppkey AND l3.l_receiptdate > l3.l_commitdate ) AND s_nationkey = n_nationkey AND n_name = 'CANADA' GROUP BY s_name ORDER BY numwait DESC, s_name;"
Q021_V009,Q_0244,"SELECT s_name, COUNT(*) AS numwait FROM supplier, lineitem l1, orders, nation WHERE s_suppkey = l1.l_suppkey AND o_orderkey = l1.l_orderkey AND o_orderstatus = 'P' AND l1.l_receiptdate > l1.l_commitdate AND EXISTS ( SELECT * FROM lineitem l2 WHERE l2.l_orderkey = l1.l_orderkey AND l2.l_suppkey <> l1.l_suppkey ) AND  EXISTS ( SELECT * FROM lineitem l3 WHERE l3.l_orderkey = l1.l_orderkey AND l3.l_suppkey <> l1.l_suppkey AND l3.l_receiptdate > l3.l_commitdate ) AND s_nationkey = n_nationkey AND n_name = 'CANADA' GROUP BY s_name ORDER BY numwait ASC, s_name;"
Q021_V010,Q_0245,"SELECT s_name, COUNT(*) AS numwait FROM supplier, lineitem l1, orders, nation WHERE s_suppkey = l1.l_suppkey AND o_orderkey = l1.l_orderkey AND o_orderstatus = 'P' AND l1.l_receiptdate > l1.l_commitdate AND EXISTS ( SELECT * FROM lineitem l2 WHERE l2.l_orderkey = l1.l_orderkey AND l2.l_suppkey <> l1.l_suppkey ) AND  EXISTS ( SELECT * FROM lineitem l3 WHERE l3.l_orderkey = l1.l_orderkey AND l3.l_suppkey <> l1.l_suppkey AND l3.l_receiptdate > l3.l_commitdate ) AND s_nationkey = n_nationkey AND n_name = 'CANADA' GROUP BY s_name ORDER BY s_name ASC, s_name;"
Q022_V001,Q_0246,"SELECT cntrycode, COUNT(*) AS numcust, SUM(c_acctbal) AS totacctbal FROM ( SELECT substring(c_phone FROM 1 for 2) AS cntrycode, c_acctbal FROM customer WHERE substring(c_phone FROM 1 for 2) IN ('13', '31', '23', '29', '30', '18', '17') AND c_acctbal > ( SELECT AVG(c_acctbal) FROM customer WHERE c_acctbal > 0.00 AND substring(c_phone FROM 1 for 2) IN ('13', '31', '23', '29', '30', '18', '17') ) AND NOT EXISTS ( SELECT * FROM orders WHERE o_custkey = c_custkey ) ) AS custsale GROUP BY cntrycode ORDER BY cntrycode;"
Q022_V002,Q_0247,"SELECT cntrycode, COUNT(*) AS numcust, SUM(c_acctbal) AS totacctbal FROM ( SELECT substring(c_phone FROM 1 for 2) AS cntrycode, c_acctbal FROM customer WHERE substring(c_phone FROM 1 for 2) IN ('13', '31', '23', '29') AND c_acctbal > ( SELECT AVG(c_acctbal) FROM customer WHERE c_acctbal > 0.00 AND substring(c_phone FROM 1 for 2) IN ('13', '31', '23', '29', '30', '18', '17') ) AND NOT EXISTS ( SELECT * FROM orders WHERE o_custkey = c_custkey ) ) AS custsale GROUP BY cntrycode ORDER BY cntrycode;"
Q022_V003,Q_0248,"SELECT cntrycode, COUNT(*) AS numcust, SUM(c_acctbal) AS totacctbal FROM ( SELECT substring(c_phone FROM 1 for 2) AS cntrycode, c_acctbal FROM customer WHERE substring(c_phone FROM 1 for 2) IN ('13', '31', '23', '29', '30', '18', '17') OR c_acctbal > ( SELECT AVG(c_acctbal) FROM customer WHERE c_acctbal > 0.00 AND substring(c_phone FROM 1 for 2) IN ('13', '31', '23', '29', '30', '18', '17') ) AND NOT EXISTS ( SELECT * FROM orders WHERE o_custkey = c_custkey ) ) AS custsale GROUP BY cntrycode ORDER BY cntrycode;"
Q022_V004,Q_0249,"SELECT cntrycode, COUNT(*) AS numcust, SUM(c_acctbal) AS totacctbal FROM ( SELECT substring(c_phone FROM 1 for 2) AS cntrycode, c_acctbal FROM customer WHERE substring(c_phone FROM 1 for 2) IN ('13', '31', '23', '29', '30', '18', '17') AND c_acctbal < ( SELECT AVG(c_acctbal) FROM customer WHERE c_acctbal > 0.00 AND substring(c_phone FROM 1 for 2) IN ('13', '31', '23', '29', '30', '18', '17') ) AND NOT EXISTS ( SELECT * FROM orders WHERE o_custkey = c_custkey ) ) AS custsale GROUP BY cntrycode ORDER BY cntrycode;"
Q022_V005,Q_0250,"SELECT cntrycode, COUNT(*) AS numcust, SUM(c_acctbal) AS totacctbal FROM ( SELECT substring(c_phone FROM 1 for 2) AS cntrycode, c_acctbal FROM customer WHERE substring(c_phone FROM 1 for 2) IN ('13', '31', '23', '29', '30', '18', '17') AND c_acctbal > ( SELECT AVG(c_acctbal) FROM customer WHERE c_acctbal > 1.00 AND substring(c_phone FROM 1 for 2) IN ('13', '31', '23', '29', '30', '18', '17') ) AND NOT EXISTS ( SELECT * FROM orders WHERE o_custkey = c_custkey ) ) AS custsale GROUP BY cntrycode ORDER BY cntrycode;"
Q022_V006,Q_0251,"SELECT cntrycode, COUNT(*) AS numcust, SUM(c_acctbal) AS totacctbal FROM ( SELECT substring(c_phone FROM 1 for 2) AS cntrycode, c_acctbal FROM customer WHERE substring(c_phone FROM 1 for 2) IN ('13', '31', '23', '29', '30', '18', '17') AND c_acctbal > ( SELECT AVG(c_acctbal) FROM customer WHERE c_acctbal < 1.00 AND substring(c_phone FROM 1 for 2) IN ('13', '31', '23', '29', '30', '18', '17') ) AND NOT EXISTS ( SELECT * FROM orders WHERE o_custkey = c_custkey ) ) AS custsale GROUP BY cntrycode ORDER BY cntrycode;"
Q022_V007,Q_0252,"SELECT cntrycode, COUNT(*) AS numcust, SUM(c_acctbal) AS totacctbal FROM ( SELECT substring(c_phone FROM 1 for 2) AS cntrycode, c_acctbal FROM customer WHERE substring(c_phone FROM 1 for 2) IN ('13', '31', '23', '29', '30', '18', '17') AND c_acctbal > ( SELECT AVG(c_acctbal) FROM customer WHERE c_acctbal > 0.00 OR substring(c_phone FROM 1 for 2) IN ('13', '31', '23', '29', '30', '18', '17') ) AND NOT EXISTS ( SELECT * FROM orders WHERE o_custkey = c_custkey ) ) AS custsale GROUP BY cntrycode ORDER BY cntrycode;"
Q022_V008,Q_0253,"SELECT cntrycode, COUNT(*) AS numcust, SUM(c_acctbal) AS totacctbal FROM ( SELECT substring(c_phone FROM 1 for 2) AS cntrycode, c_acctbal FROM customer WHERE substring(c_phone FROM 1 for 2) IN ('13', '31', '23', '29', '30', '18', '17') AND c_acctbal > ( SELECT AVG(c_acctbal) FROM customer WHERE c_acctbal > 0.00 AND substring(c_phone FROM 1 for 2) IN ('13', '31', '23', '29', '30', '18', '17') ) AND  EXISTS ( SELECT * FROM orders WHERE o_custkey = c_custkey ) ) AS custsale GROUP BY cntrycode ORDER BY cntrycode;"
Q022_V009,Q_0254,"SELECT cntrycode, COUNT(*) AS numcust, SUM(c_acctbal) AS totacctbal FROM ( SELECT substring(c_phone FROM 1 for 2) AS cntrycode, c_acctbal FROM customer WHERE substring(c_phone FROM 1 for 2) IN ('13', '31', '23', '29', '30', '18', '17') AND c_acctbal > ( SELECT AVG(c_acctbal) FROM customer WHERE c_acctbal > 0.00 AND substring(c_phone FROM 1 for 2) IN ('13', '31', '23', '29', '30', '18', '17') ) AND NOT EXISTS ( SELECT * FROM orders WHERE o_custkey = c_custkey ) ) AS custsale GROUP BY cntrycode ORDER BY cntrycode DESC ;"
Q022_V010,Q_0255,"SELECT cntrycode, COUNT(*) AS numcust, SUM(c_acctbal) AS totacctbal FROM ( SELECT substring(c_phone FROM 1 for 2) AS cntrycode, c_acctbal FROM customer WHERE substring(c_phone FROM 1 for 2) IN ('13', '31', '23', '29', '30', '18', '17') AND c_acctbal > ( SELECT AVG(c_acctbal) FROM customer WHERE c_acctbal > 0.00 AND substring(c_phone FROM 1 for 2) IN ('13', '31', '23', '29', '30', '18', '17') ) AND NOT EXISTS ( SELECT * FROM orders WHERE o_custkey = c_custkey ) ) AS custsale GROUP BY cntrycode ORDER BY cntrycode ASC ;"
Q23_V001,Q_0256,SELECT COUNT(*) AS total_customers FROM customer;
Q23_V002,Q_0257,SELECT COUNT(c_custkey) AS total_customers FROM customer;
Q23_V003,Q_0258,SELECT COUNT(*) AS customer_count FROM customer WHERE c_acctbal >= 0;
Q23_V004,Q_0259,"SELECT c_mktsegment, COUNT(*) AS total_customers FROM customer GROUP BY c_mktsegment;"
Q23_V005,Q_0260,"SELECT c_nationkey, COUNT(*) AS total_customers FROM customer GROUP BY c_nationkey ORDER BY total_customers DESC;"
Q23_V006,Q_0261,SELECT COUNT(DISTINCT c_nationkey) AS distinct_nations FROM customer;
Q23_V007,Q_0262,SELECT COUNT(*) AS high_value_customers FROM customer WHERE c_acctbal > 5000;
Q23_V008,Q_0263,"SELECT c_mktsegment, COUNT(*) AS cnt FROM customer GROUP BY c_mktsegment ORDER BY cnt DESC LIMIT 3;"
Q23_V009,Q_0264,SELECT COUNT(*) AS customer_count FROM customer WHERE c_mktsegment = 'BUILDING';
Q23_V010,Q_0265,SELECT COUNT(*) AS customer_count FROM customer WHERE c_mktsegment != 'AUTOMOBILE';
Q23_V011,Q_0266,"SELECT c_nationkey, c_mktsegment, COUNT(*) AS cnt FROM customer GROUP BY c_nationkey, c_mktsegment ORDER BY cnt DESC;"
Q24_V001,Q_0267,"SELECT r_regionkey, r_name FROM region;"
Q24_V002,Q_0268,"SELECT r_regionkey, r_name FROM region ORDER BY r_name;"
Q24_V003,Q_0269,"SELECT r_regionkey, r_name, r_comment FROM region;"
Q24_V004,Q_0270,SELECT COUNT(*) AS total_regions FROM region;
Q24_V005,Q_0271,"SELECT r_name, r_regionkey FROM region ORDER BY r_regionkey;"
Q24_V006,Q_0272,"SELECT r_regionkey, r_name FROM region WHERE r_regionkey <= 2;"
Q24_V007,Q_0273,"SELECT r_name, r_comment FROM region ORDER BY r_name ASC;"
Q24_V008,Q_0274,"SELECT r_regionkey, r_name FROM region ORDER BY r_regionkey DESC;"
Q24_V009,Q_0275,"SELECT r_regionkey, UPPER(r_name) AS region_name FROM region;"
Q24_V010,Q_0276,"SELECT r_regionkey, r_name FROM region WHERE r_regionkey IN (0, 1, 2);"
Q25_V001,Q_0277,"SELECT n_nationkey, n_name, n_regionkey FROM nation;"
Q25_V002,Q_0278,"SELECT n_nationkey, n_name, n_regionkey FROM nation ORDER BY n_name;"
Q25_V003,Q_0279,"SELECT n_nationkey, n_name, n_regionkey FROM nation ORDER BY n_regionkey, n_name;"
Q25_V004,Q_0280,"SELECT n_nationkey, n_name FROM nation WHERE n_regionkey = 1;"
Q25_V005,Q_0281,"SELECT n_nationkey, n_name FROM nation WHERE n_regionkey <= 2;"
Q25_V006,Q_0282,"SELECT n_regionkey, COUNT(*) AS nation_count FROM nation GROUP BY n_regionkey ORDER BY nation_count DESC;"
Q25_V007,Q_0283,"SELECT n_nationkey, n_name, n_regionkey, n_comment FROM nation ORDER BY n_nationkey;"
Q25_V008,Q_0284,SELECT DISTINCT n_regionkey FROM nation ORDER BY n_regionkey;
Q25_V009,Q_0285,"SELECT n_nationkey, n_name FROM nation WHERE n_nationkey <= 12;"
Q25_V010,Q_0286,"SELECT n.n_name, r.r_name FROM nation n JOIN region r ON n.n_regionkey = r.r_regionkey ORDER BY r.r_name, n.n_name;"
Q26_V001,Q_0287,SELECT COUNT(*) AS total_orders FROM orders;
Q26_V002,Q_0288,SELECT COUNT(*) AS total_orders FROM orders WHERE o_orderstatus = 'O';
Q26_V003,Q_0289,SELECT COUNT(*) AS total_orders FROM orders WHERE o_orderstatus = 'F';
Q26_V004,Q_0290,SELECT COUNT(*) AS total_orders FROM orders WHERE o_orderstatus = 'P';
Q26_V005,Q_0291,SELECT COUNT(*) AS total_orders FROM orders WHERE o_totalprice > 100000;
Q26_V006,Q_0292,SELECT COUNT(*) AS total_orders FROM orders WHERE o_totalprice <= 50000;
Q26_V007,Q_0293,SELECT COUNT(*) AS total_orders FROM orders WHERE EXTRACT(YEAR FROM o_orderdate) = 1996;
Q26_V008,Q_0294,SELECT COUNT(*) AS total_orders FROM orders WHERE EXTRACT(YEAR FROM o_orderdate) < 1995;
Q26_V009,Q_0295,SELECT COUNT(*) AS total_orders FROM orders WHERE o_orderdate >= '1995-01-01' AND o_orderdate < '1996-01-01';
Q26_V010,Q_0296,"SELECT o_orderpriority, COUNT(*) AS order_count FROM orders GROUP BY o_orderpriority ORDER BY order_count DESC;"
Q26_V011,Q_0297,SELECT COUNT(*) AS high_priority_orders FROM orders WHERE o_orderpriority = '1-URGENT';
Q26_V012,Q_0298,SELECT COUNT(DISTINCT o_custkey) AS customers_with_orders FROM orders;
Q27_V001,Q_0299,SELECT COUNT(*) AS total_lineitems FROM lineitem;
Q27_V002,Q_0300,SELECT COUNT(*) AS total_lineitems FROM lineitem WHERE l_returnflag = 'R';
Q27_V003,Q_0301,SELECT COUNT(*) AS total_lineitems FROM lineitem WHERE l_returnflag = 'A';
Q27_V004,Q_0302,SELECT COUNT(*) AS total_lineitems FROM lineitem WHERE l_returnflag != 'N';
Q27_V005,Q_0303,SELECT COUNT(*) AS total_lineitems FROM lineitem WHERE l_discount > 0.05;
Q27_V006,Q_0304,SELECT COUNT(*) AS total_lineitems FROM lineitem WHERE l_discount <= 0.05;
Q27_V007,Q_0305,SELECT COUNT(*) AS total_lineitems FROM lineitem WHERE l_shipdate >= '1995-01-01' AND l_shipdate < '1996-01-01';
Q27_V008,Q_0306,SELECT COUNT(*) AS total_lineitems FROM lineitem WHERE l_shipdate < '1994-01-01';
Q27_V009,Q_0307,"SELECT l_shipmode, COUNT(*) AS lineitem_count FROM lineitem GROUP BY l_shipmode ORDER BY lineitem_count DESC;"
Q27_V010,Q_0308,SELECT COUNT(*) AS total_lineitems FROM lineitem WHERE l_linestatus = 'O';
Q27_V011,Q_0309,SELECT COUNT(*) AS total_lineitems FROM lineitem WHERE l_quantity >= 30;
Q27_V012,Q_0310,SELECT COUNT(*) AS total_lineitems FROM lineitem WHERE l_quantity < 10;
Q28_V001,Q_0311,SELECT DISTINCT o_orderstatus FROM orders;
Q28_V002,Q_0312,SELECT DISTINCT o_orderstatus FROM orders ORDER BY o_orderstatus;
Q28_V003,Q_0313,SELECT DISTINCT o_orderpriority FROM orders ORDER BY o_orderpriority;
Q28_V004,Q_0314,SELECT DISTINCT o_shippriority FROM orders;
Q28_V005,Q_0315,SELECT DISTINCT o_clerk FROM orders ORDER BY o_clerk LIMIT 20;
Q28_V006,Q_0316,"SELECT o_orderstatus, COUNT(*) AS cnt FROM orders GROUP BY o_orderstatus ORDER BY o_orderstatus;"
Q28_V007,Q_0317,SELECT DISTINCT o_orderstatus FROM orders WHERE o_totalprice > 50000;
Q28_V008,Q_0318,SELECT DISTINCT o_orderstatus FROM orders WHERE o_totalprice <= 50000;
Q28_V009,Q_0319,SELECT DISTINCT o_orderpriority FROM orders WHERE o_orderstatus = 'O';
Q28_V010,Q_0320,"SELECT DISTINCT o_orderstatus, o_shippriority FROM orders ORDER BY o_orderstatus;"
Q28_V011,Q_0321,SELECT DISTINCT o_orderstatus FROM orders WHERE o_orderdate >= '1996-01-01';
Q29_V001,Q_0322,SELECT DISTINCT l_shipmode FROM lineitem;
Q29_V002,Q_0323,SELECT DISTINCT l_shipmode FROM lineitem ORDER BY l_shipmode;
Q29_V003,Q_0324,SELECT DISTINCT l_shipinstruct FROM lineitem ORDER BY l_shipinstruct;
Q29_V004,Q_0325,"SELECT DISTINCT l_returnflag, l_linestatus FROM lineitem ORDER BY l_returnflag;"
Q29_V005,Q_0326,"SELECT l_shipmode, COUNT(*) AS cnt FROM lineitem GROUP BY l_shipmode ORDER BY cnt DESC;"
Q29_V006,Q_0327,SELECT DISTINCT l_shipmode FROM lineitem WHERE l_returnflag = 'R';
Q29_V007,Q_0328,SELECT DISTINCT l_shipmode FROM lineitem WHERE l_discount > 0.05;
Q29_V008,Q_0329,SELECT DISTINCT l_shipmode FROM lineitem WHERE l_shipdate >= '1995-01-01' AND l_shipdate < '1996-01-01';
Q29_V009,Q_0330,SELECT DISTINCT l_shipmode FROM lineitem WHERE l_quantity >= 20;
Q29_V010,Q_0331,SELECT DISTINCT l_shipmode FROM lineitem WHERE l_linestatus = 'O';
Q29_V011,Q_0332,SELECT DISTINCT l_shipmode FROM lineitem WHERE l_tax > 0.05;
Q29_V012,Q_0333,SELECT DISTINCT l_shipmode FROM lineitem WHERE l_discount <= 0.04;
Q30_V001,Q_0334,SELECT DISTINCT l_returnflag FROM lineitem;
Q30_V002,Q_0335,SELECT DISTINCT l_returnflag FROM lineitem ORDER BY l_returnflag;
Q30_V003,Q_0336,SELECT DISTINCT l_linestatus FROM lineitem ORDER BY l_linestatus;
Q30_V004,Q_0337,"SELECT DISTINCT l_returnflag, l_linestatus FROM lineitem ORDER BY l_returnflag, l_linestatus;"
Q30_V005,Q_0338,"SELECT l_returnflag, COUNT(*) AS cnt FROM lineitem GROUP BY l_returnflag ORDER BY cnt DESC;"
Q30_V006,Q_0339,SELECT DISTINCT l_returnflag FROM lineitem WHERE l_shipdate <= '1998-09-01';
Q30_V007,Q_0340,SELECT DISTINCT l_returnflag FROM lineitem WHERE l_discount > 0.06;
Q30_V008,Q_0341,SELECT DISTINCT l_returnflag FROM lineitem WHERE l_quantity >= 25;
Q30_V009,Q_0342,SELECT DISTINCT l_returnflag FROM lineitem WHERE l_shipmode = 'MAIL';
Q30_V010,Q_0343,SELECT DISTINCT l_returnflag FROM lineitem WHERE l_shipdate >= '1997-01-01';
Q30_V011,Q_0344,"SELECT l_returnflag, l_linestatus, COUNT(*) AS cnt FROM lineitem GROUP BY l_returnflag, l_linestatus ORDER BY l_returnflag;"
Q31_V001,Q_0345,"SELECT p_type, COUNT(*) AS part_count FROM part GROUP BY p_type ORDER BY part_count DESC;"
Q31_V002,Q_0346,"SELECT p_type, COUNT(*) AS part_count FROM part GROUP BY p_type ORDER BY p_type ASC;"
Q31_V003,Q_0347,"SELECT p_brand, COUNT(*) AS part_count FROM part GROUP BY p_brand ORDER BY part_count DESC;"
Q31_V004,Q_0348,"SELECT p_mfgr, COUNT(*) AS part_count FROM part GROUP BY p_mfgr ORDER BY part_count DESC;"
Q31_V005,Q_0349,"SELECT p_type, COUNT(*) AS part_count FROM part GROUP BY p_type HAVING COUNT(*) > 100 ORDER BY part_count DESC;"
Q31_V006,Q_0350,"SELECT p_type, COUNT(*) AS part_count FROM part GROUP BY p_type HAVING COUNT(*) <= 100 ORDER BY part_count DESC;"
Q31_V007,Q_0351,"SELECT p_type, COUNT(*) AS part_count FROM part WHERE p_retailprice > 1000 GROUP BY p_type ORDER BY part_count DESC;"
Q31_V008,Q_0352,"SELECT p_type, COUNT(*) AS part_count FROM part WHERE p_retailprice <= 1000 GROUP BY p_type ORDER BY part_count DESC;"
Q31_V009,Q_0353,"SELECT p_type, AVG(p_retailprice) AS avg_price FROM part GROUP BY p_type ORDER BY avg_price DESC;"
Q31_V010,Q_0354,"SELECT p_type, SUM(p_retailprice) AS total_price FROM part GROUP BY p_type ORDER BY total_price DESC;"
Q31_V011,Q_0355,"SELECT p_type, MIN(p_retailprice) AS min_price, MAX(p_retailprice) AS max_price FROM part GROUP BY p_type ORDER BY p_type;"
Q31_V012,Q_0356,"SELECT p_size, COUNT(*) AS part_count FROM part GROUP BY p_size ORDER BY part_count DESC LIMIT 10;"
Q32_V001,Q_0357,SELECT AVG(c_acctbal) AS avg_balance FROM customer;
Q32_V002,Q_0358,SELECT AVG(c_acctbal) AS avg_balance FROM customer WHERE c_acctbal < 0;
Q32_V003,Q_0359,"SELECT c_mktsegment, AVG(c_acctbal) AS avg_balance FROM customer GROUP BY c_mktsegment ORDER BY avg_balance DESC;"
Q32_V004,Q_0360,"SELECT c_nationkey, AVG(c_acctbal) AS avg_balance FROM customer GROUP BY c_nationkey ORDER BY avg_balance DESC;"
Q32_V005,Q_0361,SELECT SUM(c_acctbal) AS total_balance FROM customer;
Q32_V006,Q_0362,"SELECT MIN(c_acctbal) AS min_balance, MAX(c_acctbal) AS max_balance, AVG(c_acctbal) AS avg_balance FROM customer;"
Q32_V007,Q_0363,"SELECT c_mktsegment, SUM(c_acctbal) AS total_balance FROM customer GROUP BY c_mktsegment ORDER BY total_balance DESC;"
Q32_V008,Q_0364,SELECT AVG(c_acctbal) AS avg_balance FROM customer WHERE c_mktsegment = 'MACHINERY';
Q32_V009,Q_0365,SELECT AVG(c_acctbal) AS avg_balance FROM customer WHERE c_mktsegment = 'FURNITURE';
Q32_V010,Q_0366,"SELECT c_mktsegment, COUNT(*) AS cnt, AVG(c_acctbal) AS avg_balance FROM customer GROUP BY c_mktsegment ORDER BY avg_balance DESC;"
Q32_V011,Q_0367,"SELECT ROUND(AVG(c_acctbal),2) AS avg_balance FROM customer WHERE c_acctbal >= 0 AND c_nationkey <= 12;"
Q33_V001,Q_0368,"SELECT MIN(o_totalprice) AS min_price, MAX(o_totalprice) AS max_price FROM orders;"
Q33_V002,Q_0369,"SELECT MIN(o_totalprice) AS min_price, MAX(o_totalprice) AS max_price, AVG(o_totalprice) AS avg_price FROM orders;"
Q33_V003,Q_0370,"SELECT MIN(o_totalprice) AS min_price, MAX(o_totalprice) AS max_price FROM orders WHERE o_orderstatus = 'O';"
Q33_V004,Q_0371,"SELECT MIN(o_totalprice) AS min_price, MAX(o_totalprice) AS max_price FROM orders WHERE o_orderstatus = 'F';"
Q33_V005,Q_0372,"SELECT MIN(o_totalprice) AS min_price, MAX(o_totalprice) AS max_price FROM orders WHERE EXTRACT(YEAR FROM o_orderdate) = 1995;"
Q33_V006,Q_0373,"SELECT MIN(o_totalprice) AS min_price, MAX(o_totalprice) AS max_price FROM orders WHERE EXTRACT(YEAR FROM o_orderdate) >= 1996;"
Q33_V007,Q_0374,"SELECT o_orderstatus, MIN(o_totalprice) AS min_price, MAX(o_totalprice) AS max_price FROM orders GROUP BY o_orderstatus;"
Q33_V008,Q_0375,"SELECT o_orderpriority, MIN(o_totalprice) AS min_price, MAX(o_totalprice) AS max_price FROM orders GROUP BY o_orderpriority ORDER BY o_orderpriority;"
Q33_V009,Q_0376,"SELECT MIN(o_totalprice) AS min_price, MAX(o_totalprice) AS max_price FROM orders WHERE o_totalprice > 100000;"
Q33_V010,Q_0377,"SELECT SUM(o_totalprice) AS total_revenue, COUNT(*) AS order_count FROM orders;"
Q33_V011,Q_0378,"SELECT EXTRACT(YEAR FROM o_orderdate) AS order_year, MIN(o_totalprice) AS min_price, MAX(o_totalprice) AS max_price FROM orders GROUP BY order_year ORDER BY order_year;"
Q34_V001,Q_0379,"SELECT o_orderstatus, COUNT(*) AS cnt FROM orders GROUP BY o_orderstatus;"
Q34_V002,Q_0380,"SELECT o_orderstatus, COUNT(*) AS cnt FROM orders GROUP BY o_orderstatus ORDER BY cnt DESC;"
Q34_V003,Q_0381,"SELECT o_orderstatus, COUNT(*) AS cnt FROM orders GROUP BY o_orderstatus ORDER BY o_orderstatus;"
Q34_V004,Q_0382,"SELECT o_orderstatus, SUM(o_totalprice) AS total_revenue FROM orders GROUP BY o_orderstatus ORDER BY total_revenue DESC;"
Q34_V005,Q_0383,"SELECT o_orderstatus, AVG(o_totalprice) AS avg_price FROM orders GROUP BY o_orderstatus;"
Q34_V006,Q_0384,"SELECT o_orderstatus, COUNT(*) AS cnt FROM orders WHERE o_totalprice <= 100000 GROUP BY o_orderstatus;"
Q34_V007,Q_0385,"SELECT o_orderstatus, COUNT(*) AS cnt FROM orders WHERE EXTRACT(YEAR FROM o_orderdate) = 1996 GROUP BY o_orderstatus;"
Q34_V008,Q_0386,"SELECT o_orderstatus, COUNT(*) AS cnt FROM orders WHERE EXTRACT(YEAR FROM o_orderdate) >= 1997 GROUP BY o_orderstatus;"
Q34_V009,Q_0387,"SELECT o_orderstatus, o_orderpriority, COUNT(*) AS cnt FROM orders GROUP BY o_orderstatus, o_orderpriority ORDER BY o_orderstatus, cnt DESC;"
Q34_V010,Q_0388,"SELECT o_orderstatus, MIN(o_totalprice) AS min_price, MAX(o_totalprice) AS max_price, COUNT(*) AS cnt FROM orders GROUP BY o_orderstatus;"
Q34_V011,Q_0389,"SELECT o_orderstatus, COUNT(*) AS cnt FROM orders WHERE o_orderdate >= '1994-01-01' AND o_orderdate < '1995-01-01' GROUP BY o_orderstatus;"
Q35_V001,Q_0390,"SELECT c_custkey, c_name, c_acctbal FROM customer WHERE c_acctbal < 0;"
Q35_V002,Q_0391,"SELECT c_custkey, c_name, c_acctbal FROM customer WHERE c_acctbal < 0 ORDER BY c_acctbal ASC;"
Q35_V003,Q_0392,"SELECT c_custkey, c_name, c_acctbal FROM customer WHERE c_acctbal <= -500;"
Q35_V004,Q_0393,"SELECT c_custkey, c_name, c_acctbal FROM customer WHERE c_acctbal > 0 ORDER BY c_acctbal DESC LIMIT 20;"
Q35_V005,Q_0394,"SELECT c_custkey, c_name, c_acctbal, c_mktsegment FROM customer WHERE c_acctbal < 0 ORDER BY c_acctbal;"
Q35_V006,Q_0395,"SELECT c_custkey, c_name, c_acctbal FROM customer WHERE c_acctbal < 0 AND c_mktsegment = 'MACHINERY';"
Q35_V007,Q_0396,"SELECT c_custkey, c_name, c_acctbal FROM customer WHERE c_acctbal < 0 AND c_mktsegment = 'FURNITURE';"
Q35_V008,Q_0397,"SELECT c_mktsegment, COUNT(*) AS neg_balance_count FROM customer WHERE c_acctbal < 0 GROUP BY c_mktsegment ORDER BY neg_balance_count DESC;"
Q35_V009,Q_0398,"SELECT c_nationkey, COUNT(*) AS neg_balance_count FROM customer WHERE c_acctbal < 0 GROUP BY c_nationkey ORDER BY neg_balance_count DESC;"
Q35_V010,Q_0399,"SELECT c_custkey, c_name, c_acctbal FROM customer WHERE c_acctbal BETWEEN -1000 AND 0;"
Q35_V011,Q_0400,"SELECT COUNT(*) AS neg_balance_count, SUM(c_acctbal) AS total_deficit FROM customer WHERE c_acctbal < 0;"
Q35_V012,Q_0401,"SELECT c_custkey, c_name, c_acctbal FROM customer WHERE c_acctbal < 0 AND c_nationkey <= 12;"
Q36_V001,Q_0402,"SELECT p_partkey, p_name, p_retailprice FROM part WHERE p_retailprice > 1000;"
Q36_V002,Q_0403,"SELECT p_partkey, p_name, p_retailprice FROM part WHERE p_retailprice > 1000 ORDER BY p_retailprice DESC;"
Q36_V003,Q_0404,"SELECT p_partkey, p_name, p_retailprice FROM part WHERE p_retailprice >= 1500;"
Q36_V004,Q_0405,"SELECT p_partkey, p_name, p_retailprice FROM part WHERE p_retailprice <= 1000 ORDER BY p_retailprice DESC;"
Q36_V005,Q_0406,"SELECT p_partkey, p_name, p_retailprice FROM part WHERE p_retailprice BETWEEN 1000 AND 1500;"
Q36_V006,Q_0407,"SELECT p_partkey, p_name, p_retailprice, p_brand FROM part WHERE p_retailprice > 1000 ORDER BY p_brand;"
Q36_V007,Q_0408,"SELECT p_partkey, p_name, p_retailprice FROM part WHERE p_retailprice > 1000 AND p_size > 20;"
Q36_V008,Q_0409,"SELECT p_partkey, p_name, p_retailprice FROM part WHERE p_retailprice > 1000 AND p_size <= 20;"
Q36_V009,Q_0410,"SELECT p_brand, COUNT(*) AS cnt, AVG(p_retailprice) AS avg_price FROM part WHERE p_retailprice > 1000 GROUP BY p_brand ORDER BY avg_price DESC;"
Q36_V010,Q_0411,"SELECT p_type, COUNT(*) AS cnt FROM part WHERE p_retailprice > 1000 GROUP BY p_type ORDER BY cnt DESC;"
Q36_V011,Q_0412,SELECT COUNT(*) AS expensive_parts FROM part WHERE p_retailprice > 1000;
Q36_V012,Q_0413,"SELECT p_partkey, p_name, p_retailprice FROM part WHERE p_retailprice > 1200 ORDER BY p_retailprice ASC;"
Q37_V001,Q_0414,"SELECT s_nationkey, COUNT(*) AS supplier_count FROM supplier GROUP BY s_nationkey ORDER BY supplier_count DESC;"
Q37_V002,Q_0415,"SELECT s_nationkey, COUNT(*) AS supplier_count FROM supplier GROUP BY s_nationkey ORDER BY s_nationkey;"
Q37_V003,Q_0416,"SELECT s_nationkey, COUNT(*) AS supplier_count FROM supplier GROUP BY s_nationkey HAVING COUNT(*) > 3 ORDER BY supplier_count DESC;"
Q37_V004,Q_0417,"SELECT s_nationkey, COUNT(*) AS supplier_count FROM supplier GROUP BY s_nationkey HAVING COUNT(*) <= 3 ORDER BY supplier_count DESC;"
Q37_V005,Q_0418,"SELECT s_nationkey, AVG(s_acctbal) AS avg_balance FROM supplier GROUP BY s_nationkey ORDER BY avg_balance DESC;"
Q37_V006,Q_0419,"SELECT s_nationkey, SUM(s_acctbal) AS total_balance FROM supplier GROUP BY s_nationkey ORDER BY total_balance DESC;"
Q37_V007,Q_0420,"SELECT s_nationkey, MIN(s_acctbal) AS min_balance, MAX(s_acctbal) AS max_balance FROM supplier GROUP BY s_nationkey ORDER BY s_nationkey;"
Q37_V008,Q_0421,"SELECT s_nationkey, COUNT(*) AS supplier_count FROM supplier WHERE s_acctbal > 0 GROUP BY s_nationkey ORDER BY supplier_count DESC;"
Q37_V009,Q_0422,"SELECT s_nationkey, COUNT(*) AS supplier_count FROM supplier WHERE s_acctbal <= 0 GROUP BY s_nationkey ORDER BY supplier_count DESC;"
Q37_V010,Q_0423,"SELECT n.n_name, COUNT(s.s_suppkey) AS supplier_count FROM supplier s JOIN nation n ON s.s_nationkey = n.n_nationkey GROUP BY n.n_name ORDER BY supplier_count DESC;"
Q37_V011,Q_0424,SELECT COUNT(DISTINCT s_nationkey) AS distinct_nations FROM supplier;
Q37_V012,Q_0425,"SELECT s_nationkey, COUNT(*) AS supplier_count FROM supplier WHERE s_acctbal >= 5000 GROUP BY s_nationkey ORDER BY supplier_count DESC;"
Q38_V001,Q_0426,"SELECT ps_partkey, SUM(ps_availqty) AS total_qty FROM partsupp GROUP BY ps_partkey ORDER BY total_qty DESC;"
Q38_V002,Q_0427,"SELECT ps_partkey, SUM(ps_availqty) AS total_qty FROM partsupp GROUP BY ps_partkey ORDER BY total_qty ASC;"
Q38_V003,Q_0428,"SELECT ps_partkey, SUM(ps_availqty) AS total_qty FROM partsupp GROUP BY ps_partkey ORDER BY total_qty DESC LIMIT 10;"
Q38_V004,Q_0429,"SELECT ps_partkey, AVG(ps_availqty) AS avg_qty FROM partsupp GROUP BY ps_partkey ORDER BY avg_qty DESC;"
Q38_V005,Q_0430,"SELECT ps_partkey, COUNT(*) AS supplier_count FROM partsupp GROUP BY ps_partkey ORDER BY supplier_count DESC;"
Q38_V006,Q_0431,"SELECT ps_suppkey, SUM(ps_availqty) AS total_qty FROM partsupp GROUP BY ps_suppkey ORDER BY total_qty DESC;"
Q38_V007,Q_0432,"SELECT ps_suppkey, AVG(ps_supplycost) AS avg_cost FROM partsupp GROUP BY ps_suppkey ORDER BY avg_cost DESC;"
Q38_V008,Q_0433,"SELECT ps_partkey, SUM(ps_availqty) AS total_qty FROM partsupp WHERE ps_availqty > 3000 GROUP BY ps_partkey ORDER BY total_qty DESC;"
Q38_V009,Q_0434,"SELECT ps_partkey, SUM(ps_availqty) AS total_qty FROM partsupp WHERE ps_availqty <= 3000 GROUP BY ps_partkey ORDER BY total_qty DESC;"
Q38_V010,Q_0435,"SELECT ps_partkey, SUM(ps_supplycost * ps_availqty) AS total_value FROM partsupp GROUP BY ps_partkey ORDER BY total_value DESC LIMIT 10;"
Q38_V011,Q_0436,"SELECT ps_partkey, MIN(ps_supplycost) AS min_cost, MAX(ps_supplycost) AS max_cost FROM partsupp GROUP BY ps_partkey ORDER BY min_cost ASC;"
Q38_V012,Q_0437,"SELECT ps_partkey, SUM(ps_availqty) AS total_qty FROM partsupp GROUP BY ps_partkey HAVING SUM(ps_availqty) > 15000 ORDER BY total_qty DESC;"
Q39_V001,Q_0438,"SELECT o_orderkey, o_orderdate, o_totalprice FROM orders WHERE EXTRACT(YEAR FROM o_orderdate) <= 1994;"
Q39_V002,Q_0439,"SELECT o_orderkey, o_orderdate, o_totalprice FROM orders WHERE EXTRACT(YEAR FROM o_orderdate) >= 1997;"
Q39_V003,Q_0440,"SELECT o_orderkey, o_orderdate, o_totalprice FROM orders WHERE o_orderdate >= '1995-01-01' AND o_orderdate < '1996-01-01' ORDER BY o_totalprice DESC;"
Q39_V004,Q_0441,"SELECT o_orderkey, o_orderdate, o_totalprice FROM orders WHERE EXTRACT(YEAR FROM o_orderdate) = 1995 AND o_orderstatus = 'F';"
Q39_V005,Q_0442,"SELECT o_orderkey, o_orderdate, o_totalprice FROM orders WHERE EXTRACT(YEAR FROM o_orderdate) = 1995 AND o_orderstatus = 'O';"
Q39_V006,Q_0443,"SELECT EXTRACT(MONTH FROM o_orderdate) AS order_month, COUNT(*) AS order_count, SUM(o_totalprice) AS total_revenue FROM orders WHERE EXTRACT(YEAR FROM o_orderdate) = 1995 GROUP BY order_month ORDER BY order_month;"
Q39_V007,Q_0444,"SELECT o_orderkey, o_orderdate, o_totalprice FROM orders WHERE EXTRACT(YEAR FROM o_orderdate) = 1995 AND o_totalprice > 200000;"
Q39_V008,Q_0445,"SELECT o_orderkey, o_orderdate, o_totalprice FROM orders WHERE EXTRACT(YEAR FROM o_orderdate) = 1995 AND o_totalprice <= 100000;"
Q39_V009,Q_0446,"SELECT COUNT(*) AS order_count, SUM(o_totalprice) AS total_revenue FROM orders WHERE EXTRACT(YEAR FROM o_orderdate) = 1995;"
Q40_V001,Q_0447,"SELECT l_orderkey, l_linenumber, l_discount FROM lineitem WHERE l_discount > 0.08;"
Q40_V002,Q_0448,"SELECT l_orderkey, l_linenumber, l_discount FROM lineitem WHERE l_discount >= 0.08;"
Q40_V003,Q_0449,"SELECT l_orderkey, l_linenumber, l_discount FROM lineitem WHERE l_discount <= 0.08;"
Q40_V004,Q_0450,"SELECT l_orderkey, l_linenumber, l_discount FROM lineitem WHERE l_discount > 0.08 ORDER BY l_discount DESC;"
Q40_V005,Q_0451,"SELECT l_orderkey, l_linenumber, l_discount FROM lineitem WHERE l_discount > 0.08 AND l_returnflag = 'R';"
Q40_V006,Q_0452,"SELECT l_orderkey, l_linenumber, l_discount FROM lineitem WHERE l_discount > 0.08 AND l_returnflag != 'R';"
Q40_V007,Q_0453,"SELECT l_orderkey, l_linenumber, l_discount FROM lineitem WHERE l_discount BETWEEN 0.05 AND 0.08;"
Q40_V008,Q_0454,"SELECT l_shipmode, COUNT(*) AS cnt, AVG(l_discount) AS avg_discount FROM lineitem WHERE l_discount > 0.08 GROUP BY l_shipmode ORDER BY avg_discount DESC;"
Q40_V009,Q_0455,SELECT COUNT(*) AS high_discount_count FROM lineitem WHERE l_discount > 0.08;
Q40_V011,Q_0456,"SELECT l_orderkey, l_linenumber, l_discount FROM lineitem WHERE l_discount > 0.08 AND l_shipdate < '1995-01-01';"
Q41_V001,Q_0457,"SELECT p_brand, COUNT(*) AS cnt FROM part GROUP BY p_brand ORDER BY cnt DESC;"
Q41_V002,Q_0458,"SELECT p_brand, COUNT(*) AS cnt FROM part GROUP BY p_brand ORDER BY cnt ASC;"
Q41_V003,Q_0459,"SELECT p_brand, COUNT(*) AS cnt FROM part GROUP BY p_brand ORDER BY p_brand;"
Q41_V004,Q_0460,"SELECT p_brand, AVG(p_retailprice) AS avg_price FROM part GROUP BY p_brand ORDER BY avg_price DESC;"
Q41_V005,Q_0461,"SELECT p_brand, SUM(p_retailprice) AS total_retail FROM part GROUP BY p_brand ORDER BY total_retail DESC;"
Q41_V006,Q_0462,"SELECT p_brand, COUNT(*) AS cnt FROM part WHERE p_retailprice > 1000 GROUP BY p_brand ORDER BY cnt DESC;"
Q41_V007,Q_0463,"SELECT p_brand, COUNT(*) AS cnt FROM part WHERE p_retailprice <= 1000 GROUP BY p_brand ORDER BY cnt DESC;"
Q41_V008,Q_0464,"SELECT p_brand, COUNT(*) AS cnt FROM part GROUP BY p_brand HAVING COUNT(*) > 30 ORDER BY cnt DESC;"
Q41_V009,Q_0465,"SELECT p_mfgr, p_brand, COUNT(*) AS cnt FROM part GROUP BY p_mfgr, p_brand ORDER BY p_mfgr, cnt DESC;"
Q41_V010,Q_0466,"SELECT p_brand, MIN(p_retailprice) AS min_price, MAX(p_retailprice) AS max_price FROM part GROUP BY p_brand ORDER BY p_brand;"
Q41_V011,Q_0467,"SELECT p_brand, COUNT(*) AS cnt FROM part WHERE p_size >= 20 GROUP BY p_brand ORDER BY cnt DESC;"
Q42_V001,Q_0468,"SELECT ps_suppkey, AVG(ps_supplycost) AS avg_cost FROM partsupp GROUP BY ps_suppkey ORDER BY avg_cost DESC;"
Q42_V002,Q_0469,"SELECT ps_suppkey, AVG(ps_supplycost) AS avg_cost FROM partsupp GROUP BY ps_suppkey ORDER BY ps_suppkey;"
Q42_V003,Q_0470,"SELECT ps_suppkey, MIN(ps_supplycost) AS min_cost FROM partsupp GROUP BY ps_suppkey ORDER BY min_cost DESC;"
Q42_V004,Q_0471,"SELECT ps_suppkey, AVG(ps_supplycost) AS avg_cost FROM partsupp WHERE ps_supplycost > 500 GROUP BY ps_suppkey ORDER BY avg_cost DESC;"
Q42_V005,Q_0472,"SELECT ps_suppkey, AVG(ps_supplycost) AS avg_cost FROM partsupp WHERE ps_supplycost <= 500 GROUP BY ps_suppkey ORDER BY avg_cost DESC;"
Q42_V006,Q_0473,"SELECT ps_suppkey, COUNT(*) AS part_count, AVG(ps_supplycost) AS avg_cost FROM partsupp GROUP BY ps_suppkey ORDER BY part_count DESC;"
Q42_V007,Q_0474,"SELECT ps_suppkey, AVG(ps_supplycost) AS avg_cost FROM partsupp GROUP BY ps_suppkey HAVING AVG(ps_supplycost) > 400 ORDER BY avg_cost DESC;"
Q42_V008,Q_0475,"SELECT ps_suppkey, AVG(ps_supplycost) AS avg_cost FROM partsupp GROUP BY ps_suppkey HAVING AVG(ps_supplycost) <= 400 ORDER BY avg_cost DESC;"
Q42_V009,Q_0476,"SELECT ps_suppkey, AVG(ps_supplycost) AS avg_cost, SUM(ps_availqty) AS total_qty FROM partsupp GROUP BY ps_suppkey ORDER BY avg_cost DESC LIMIT 10;"
Q43_V001,Q_0477,"SELECT c_custkey, c_name, c_acctbal FROM customer ORDER BY c_acctbal DESC LIMIT 10;"
Q43_V002,Q_0478,"SELECT c_custkey, c_name, c_acctbal FROM customer ORDER BY c_acctbal ASC LIMIT 10;"
Q43_V003,Q_0479,"SELECT c_custkey, c_name, c_acctbal FROM customer ORDER BY c_acctbal DESC LIMIT 5;"
Q43_V004,Q_0480,"SELECT c_custkey, c_name, c_acctbal, c_mktsegment FROM customer ORDER BY c_acctbal DESC LIMIT 10;"
Q43_V005,Q_0481,"SELECT c_custkey, c_name, c_acctbal FROM customer WHERE c_mktsegment = 'MACHINERY' ORDER BY c_acctbal DESC LIMIT 10;"
Q43_V006,Q_0482,"SELECT c_custkey, c_name, c_acctbal FROM customer WHERE c_mktsegment = 'AUTOMOBILE' ORDER BY c_acctbal DESC LIMIT 10;"
Q43_V007,Q_0483,"SELECT c_custkey, c_name, c_acctbal FROM customer WHERE c_acctbal > 0 ORDER BY c_acctbal DESC LIMIT 10;"
Q43_V008,Q_0484,"SELECT c_custkey, c_name, c_acctbal FROM customer WHERE c_nationkey <= 12 ORDER BY c_acctbal DESC LIMIT 10;"
Q43_V009,Q_0485,"SELECT c_custkey, c_name, c_acctbal FROM customer ORDER BY c_name ASC LIMIT 10;"
Q43_V010,Q_0486,"SELECT c_custkey, c_name, c_acctbal, c_nationkey FROM customer ORDER BY c_acctbal DESC LIMIT 15;"
Q44_V001,Q_0487,"SELECT l_orderkey, l_shipdate, l_extendedprice FROM lineitem WHERE l_shipdate >= DATE '1996-01-01' AND l_shipdate < DATE '1996-02-01';"
Q44_V002,Q_0488,"SELECT l_orderkey, l_shipdate, l_extendedprice FROM lineitem WHERE l_shipdate >= DATE '1996-02-01' AND l_shipdate < DATE '1996-03-01';"
Q44_V003,Q_0489,"SELECT l_orderkey, l_shipdate, l_extendedprice FROM lineitem WHERE l_shipdate >= DATE '1995-01-01' AND l_shipdate < DATE '1995-02-01';"
Q44_V004,Q_0490,"SELECT l_orderkey, l_shipdate, l_extendedprice FROM lineitem WHERE l_shipdate >= DATE '1996-06-01' AND l_shipdate < DATE '1996-07-01';"
Q44_V005,Q_0491,"SELECT l_orderkey, l_shipdate, l_extendedprice FROM lineitem WHERE l_shipdate >= DATE '1997-01-01' AND l_shipdate < DATE '1997-02-01';"
Q44_V006,Q_0492,"SELECT l_orderkey, l_shipdate, l_extendedprice FROM lineitem WHERE l_shipdate >= DATE '1996-01-01' AND l_shipdate < DATE '1996-04-01';"
Q44_V007,Q_0493,"SELECT l_orderkey, l_shipdate, l_extendedprice FROM lineitem WHERE l_shipdate BETWEEN DATE '1996-01-01' AND DATE '1996-01-31';"
Q44_V008,Q_0494,"SELECT l_orderkey, l_shipdate, l_extendedprice FROM lineitem WHERE l_shipdate >= DATE '1994-01-01' AND l_shipdate < DATE '1994-02-01';"
Q44_V009,Q_0495,"SELECT l_orderkey, l_shipdate, l_extendedprice, l_quantity FROM lineitem WHERE l_shipdate >= DATE '1996-01-01' AND l_shipdate < DATE '1996-02-01';"
Q44_V010,Q_0496,"SELECT l_orderkey, l_shipdate, l_extendedprice FROM lineitem WHERE l_shipdate >= DATE '1996-01-01' AND l_shipdate < DATE '1996-02-01' ORDER BY l_extendedprice DESC;"
Q44_V011,Q_0497,"SELECT l_orderkey, l_shipdate, l_extendedprice FROM lineitem WHERE l_shipdate >= DATE '1996-01-01' AND l_shipdate < DATE '1996-02-01' AND l_extendedprice > 10000;"
Q45_V001,Q_0498,"SELECT p_container, COUNT(*) AS cnt FROM part GROUP BY p_container ORDER BY cnt DESC;"
Q45_V002,Q_0499,"SELECT p_container, COUNT(*) AS cnt FROM part GROUP BY p_container ORDER BY cnt ASC;"
Q45_V003,Q_0500,"SELECT p_container, COUNT(*) AS cnt FROM part GROUP BY p_container ORDER BY p_container;"
Q45_V004,Q_0501,"SELECT p_container, COUNT(*) AS cnt FROM part WHERE p_container LIKE '%BOX%' GROUP BY p_container ORDER BY cnt DESC;"
Q45_V005,Q_0502,"SELECT p_container, COUNT(*) AS cnt FROM part GROUP BY p_container HAVING COUNT(*) > 100 ORDER BY cnt DESC;"
Q45_V006,Q_0503,"SELECT p_container, COUNT(*) AS cnt FROM part GROUP BY p_container ORDER BY cnt DESC LIMIT 10;"
Q45_V007,Q_0504,"SELECT p_container, COUNT(*) AS cnt, AVG(p_retailprice) AS avg_price FROM part GROUP BY p_container ORDER BY cnt DESC;"
Q45_V008,Q_0505,"SELECT p_container, COUNT(*) AS cnt FROM part WHERE p_size > 5 GROUP BY p_container ORDER BY cnt DESC;"
Q45_V009,Q_0506,"SELECT p_container, COUNT(DISTINCT p_brand) AS brand_count FROM part GROUP BY p_container ORDER BY brand_count DESC;"
Q45_V010,Q_0507,"SELECT p_container, COUNT(*) AS cnt FROM part WHERE p_retailprice > 500 GROUP BY p_container ORDER BY cnt DESC;"
Q45_V011,Q_0508,"SELECT p_container, MIN(p_retailprice) AS min_price, MAX(p_retailprice) AS max_price, COUNT(*) AS cnt FROM part GROUP BY p_container ORDER BY cnt DESC;"
Q46_V001,Q_0509,"SELECT s_suppkey, s_name, s_acctbal FROM supplier WHERE s_acctbal > 9000;"
Q46_V002,Q_0510,"SELECT s_suppkey, s_name, s_acctbal FROM supplier WHERE s_acctbal > 8000;"
Q46_V003,Q_0511,"SELECT s_suppkey, s_name, s_acctbal FROM supplier WHERE s_acctbal > 9500;"
Q46_V004,Q_0512,"SELECT s_suppkey, s_name, s_acctbal FROM supplier WHERE s_acctbal BETWEEN 5000 AND 9000;"
Q46_V005,Q_0513,"SELECT s_suppkey, s_name, s_acctbal FROM supplier WHERE s_acctbal > 9000 ORDER BY s_acctbal DESC;"
Q46_V006,Q_0514,"SELECT s_suppkey, s_name, s_acctbal, s_nationkey FROM supplier WHERE s_acctbal > 9000;"
Q46_V007,Q_0515,"SELECT s_suppkey, s_name, s_acctbal FROM supplier WHERE s_acctbal > 9000 AND s_nationkey = 5;"
Q46_V008,Q_0516,"SELECT s_suppkey, s_name, s_acctbal FROM supplier WHERE s_acctbal < 0;"
Q46_V009,Q_0517,SELECT COUNT(*) AS high_balance_count FROM supplier WHERE s_acctbal > 9000;
Q46_V010,Q_0518,"SELECT s_suppkey, s_name, s_acctbal FROM supplier WHERE s_acctbal > 9000 LIMIT 50;"
Q46_V011,Q_0519,"SELECT s_suppkey, s_name, s_acctbal FROM supplier WHERE s_acctbal > (SELECT AVG(s_acctbal) FROM supplier);"
Q47_V001,Q_0520,SELECT SUM(l_extendedprice) AS total_revenue FROM lineitem;
Q47_V002,Q_0521,SELECT SUM(l_extendedprice) AS total_revenue FROM lineitem WHERE l_shipdate >= DATE '1996-01-01';
Q47_V003,Q_0522,SELECT SUM(l_extendedprice * (1 - l_discount)) AS total_revenue FROM lineitem;
Q47_V004,Q_0523,SELECT SUM(l_extendedprice) AS total_revenue FROM lineitem WHERE l_returnflag = 'R';
Q47_V005,Q_0524,"SELECT SUM(l_extendedprice) AS total_revenue, COUNT(*) AS line_count FROM lineitem;"
Q47_V006,Q_0525,SELECT SUM(l_extendedprice) AS total_revenue FROM lineitem WHERE l_linestatus = 'O';
Q47_V007,Q_0526,SELECT SUM(l_extendedprice) AS total_revenue FROM lineitem WHERE l_discount > 0.05;
Q47_V008,Q_0527,SELECT AVG(l_extendedprice) AS avg_revenue FROM lineitem;
Q47_V009,Q_0528,SELECT SUM(l_extendedprice) AS total_revenue FROM lineitem WHERE l_shipdate BETWEEN DATE '1995-01-01' AND DATE '1995-12-31';
Q47_V010,Q_0529,SELECT SUM(l_extendedprice) AS total_revenue FROM lineitem WHERE l_quantity > 30;
Q47_V011,Q_0530,SELECT SUM(l_extendedprice) AS total_revenue FROM lineitem WHERE l_shipmode = 'MAIL';
Q48_V001,Q_0531,"SELECT EXTRACT(YEAR FROM o_orderdate) AS order_year, COUNT(*) AS order_count FROM orders GROUP BY order_year ORDER BY order_year;"
Q48_V002,Q_0532,"SELECT EXTRACT(YEAR FROM o_orderdate) AS order_year, COUNT(*) AS order_count FROM orders GROUP BY order_year ORDER BY order_count DESC;"
Q48_V003,Q_0533,"SELECT EXTRACT(YEAR FROM o_orderdate) AS order_year, SUM(o_totalprice) AS total_revenue FROM orders GROUP BY order_year ORDER BY order_year;"
Q48_V004,Q_0534,"SELECT EXTRACT(YEAR FROM o_orderdate) AS order_year, COUNT(*) AS order_count FROM orders WHERE o_orderstatus = 'F' GROUP BY order_year ORDER BY order_year;"
Q48_V005,Q_0535,"SELECT EXTRACT(YEAR FROM o_orderdate) AS order_year, AVG(o_totalprice) AS avg_order FROM orders GROUP BY order_year ORDER BY order_year;"
Q48_V006,Q_0536,"SELECT EXTRACT(YEAR FROM o_orderdate) AS order_year, COUNT(*) AS order_count FROM orders WHERE o_orderdate >= DATE '1993-01-01' GROUP BY order_year ORDER BY order_year;"
Q48_V007,Q_0537,"SELECT EXTRACT(YEAR FROM o_orderdate) AS order_year, COUNT(DISTINCT o_custkey) AS unique_customers FROM orders GROUP BY order_year ORDER BY order_year;"
Q48_V008,Q_0538,"SELECT EXTRACT(YEAR FROM o_orderdate) AS order_year, MAX(o_totalprice) AS max_order FROM orders GROUP BY order_year ORDER BY order_year;"
Q48_V009,Q_0539,"SELECT EXTRACT(YEAR FROM o_orderdate) AS order_year, COUNT(*) AS order_count FROM orders GROUP BY order_year HAVING COUNT(*) > 100000 ORDER BY order_year;"
Q48_V010,Q_0540,"SELECT EXTRACT(YEAR FROM o_orderdate) AS order_year, SUM(o_totalprice) AS total_revenue, COUNT(*) AS order_count FROM orders GROUP BY order_year ORDER BY total_revenue DESC;"
Q48_V011,Q_0541,"SELECT EXTRACT(YEAR FROM o_orderdate) AS order_year, MIN(o_totalprice) AS min_order, MAX(o_totalprice) AS max_order FROM orders GROUP BY order_year ORDER BY order_year;"
Q49_V001,Q_0542,"SELECT p_partkey, p_name FROM part WHERE p_name LIKE '%green%';"
Q49_V002,Q_0543,"SELECT p_partkey, p_name FROM part WHERE p_name LIKE '%blue%';"
Q49_V003,Q_0544,"SELECT p_partkey, p_name FROM part WHERE p_name LIKE '%red%';"
Q49_V004,Q_0545,"SELECT p_partkey, p_name, p_retailprice FROM part WHERE p_name LIKE '%green%';"
Q49_V005,Q_0546,"SELECT p_partkey, p_name FROM part WHERE p_name LIKE 'green%';"
Q49_V006,Q_0547,"SELECT p_partkey, p_name FROM part WHERE p_name LIKE '%green%' ORDER BY p_name;"
Q49_V007,Q_0548,"SELECT p_partkey, p_name FROM part WHERE p_name LIKE '%green%' AND p_size > 10;"
Q49_V008,Q_0549,"SELECT p_partkey, p_name FROM part WHERE p_name LIKE '%yellow%';"
Q49_V009,Q_0550,SELECT COUNT(*) AS green_part_count FROM part WHERE p_name LIKE '%green%';
Q49_V010,Q_0551,"SELECT p_partkey, p_name, p_brand FROM part WHERE p_name LIKE '%green%' ORDER BY p_brand;"
Q49_V011,Q_0552,"SELECT p_partkey, p_name FROM part WHERE p_name LIKE '%green%' AND p_retailprice < 1000;"
Q50_V001,Q_0553,SELECT DISTINCT c_mktsegment FROM customer;
Q50_V002,Q_0554,"SELECT DISTINCT c_mktsegment, COUNT(*) OVER (PARTITION BY c_mktsegment) AS seg_count FROM customer;"
Q50_V003,Q_0555,"SELECT c_mktsegment, COUNT(*) AS customer_count FROM customer GROUP BY c_mktsegment ORDER BY customer_count DESC;"
Q50_V004,Q_0556,SELECT DISTINCT c_mktsegment FROM customer ORDER BY c_mktsegment;
Q50_V005,Q_0557,SELECT DISTINCT c_nationkey FROM customer;
Q50_V006,Q_0558,SELECT DISTINCT c_mktsegment FROM customer WHERE c_acctbal > 0;
Q50_V007,Q_0559,SELECT DISTINCT c_mktsegment FROM customer WHERE c_nationkey < 10;
Q50_V008,Q_0560,"SELECT c_mktsegment, AVG(c_acctbal) AS avg_balance FROM customer GROUP BY c_mktsegment;"
Q50_V009,Q_0561,SELECT DISTINCT c_mktsegment FROM customer ORDER BY c_mktsegment DESC;
Q50_V010,Q_0562,SELECT DISTINCT c_mktsegment FROM customer WHERE c_acctbal > 5000;
Q50_V011,Q_0563,"SELECT c_mktsegment, MIN(c_acctbal) AS min_bal, MAX(c_acctbal) AS max_bal FROM customer GROUP BY c_mktsegment;"
Q51_V001,Q_0564,"SELECT p_size, AVG(p_retailprice) AS avg_price FROM part GROUP BY p_size ORDER BY p_size;"
Q51_V002,Q_0565,"SELECT p_size, AVG(p_retailprice) AS avg_price FROM part GROUP BY p_size ORDER BY avg_price DESC;"
Q51_V003,Q_0566,"SELECT p_size, AVG(p_retailprice) AS avg_price FROM part WHERE p_size > 10 GROUP BY p_size ORDER BY p_size;"
Q51_V004,Q_0567,"SELECT p_size, COUNT(*) AS part_count, AVG(p_retailprice) AS avg_price FROM part GROUP BY p_size ORDER BY p_size;"
Q51_V005,Q_0568,"SELECT p_size, MIN(p_retailprice) AS min_price, MAX(p_retailprice) AS max_price FROM part GROUP BY p_size ORDER BY p_size;"
Q51_V006,Q_0569,"SELECT p_size, AVG(p_retailprice) AS avg_price FROM part GROUP BY p_size HAVING AVG(p_retailprice) > 1000 ORDER BY p_size;"
Q51_V007,Q_0570,"SELECT p_size, SUM(p_retailprice) AS total_price FROM part GROUP BY p_size ORDER BY p_size;"
Q51_V008,Q_0571,"SELECT p_size, AVG(p_retailprice) AS avg_price FROM part GROUP BY p_size ORDER BY p_size DESC;"
Q51_V009,Q_0572,"SELECT p_size, AVG(p_retailprice) AS avg_price FROM part WHERE p_brand = 'Brand#13' GROUP BY p_size ORDER BY p_size;"
Q51_V010,Q_0573,"SELECT p_size, COUNT(DISTINCT p_brand) AS brands, AVG(p_retailprice) AS avg_price FROM part GROUP BY p_size ORDER BY p_size;"
Q51_V011,Q_0574,"SELECT p_size, AVG(p_retailprice) AS avg_price FROM part WHERE p_retailprice > 500 GROUP BY p_size ORDER BY p_size;"
Q52_V001,Q_0575,"SELECT ps_suppkey, COUNT(*) AS part_count FROM partsupp GROUP BY ps_suppkey ORDER BY part_count DESC;"
Q52_V002,Q_0576,"SELECT ps_suppkey, COUNT(*) AS part_count FROM partsupp GROUP BY ps_suppkey ORDER BY part_count ASC;"
Q52_V003,Q_0577,"SELECT ps_suppkey, COUNT(*) AS part_count FROM partsupp GROUP BY ps_suppkey HAVING COUNT(*) > 50 ORDER BY part_count DESC;"
Q52_V004,Q_0578,"SELECT ps_suppkey, COUNT(*) AS part_count, SUM(ps_availqty) AS total_qty FROM partsupp GROUP BY ps_suppkey ORDER BY part_count DESC;"
Q52_V005,Q_0579,"SELECT ps_suppkey, COUNT(*) AS part_count FROM partsupp GROUP BY ps_suppkey ORDER BY part_count DESC LIMIT 20;"
Q52_V006,Q_0580,"SELECT ps_suppkey, AVG(ps_supplycost) AS avg_cost, COUNT(*) AS part_count FROM partsupp GROUP BY ps_suppkey ORDER BY avg_cost DESC;"
Q52_V007,Q_0581,"SELECT ps_suppkey, COUNT(*) AS part_count FROM partsupp WHERE ps_availqty > 1000 GROUP BY ps_suppkey ORDER BY part_count DESC;"
Q52_V008,Q_0582,"SELECT ps_partkey, COUNT(*) AS supplier_count FROM partsupp GROUP BY ps_partkey ORDER BY supplier_count DESC;"
Q52_V009,Q_0583,"SELECT ps_suppkey, SUM(ps_supplycost * ps_availqty) AS supply_value FROM partsupp GROUP BY ps_suppkey ORDER BY supply_value DESC;"
Q52_V010,Q_0584,"SELECT ps_suppkey, COUNT(*) AS part_count FROM partsupp WHERE ps_supplycost < 100 GROUP BY ps_suppkey ORDER BY part_count DESC;"
Q52_V011,Q_0585,"SELECT ps_suppkey, MAX(ps_availqty) AS max_qty, COUNT(*) AS part_count FROM partsupp GROUP BY ps_suppkey ORDER BY max_qty DESC;"
Q53_V001,Q_0586,"SELECT o_orderkey, o_custkey, o_totalprice FROM orders WHERE o_totalprice > 200000;"
Q53_V002,Q_0587,"SELECT o_orderkey, o_custkey, o_totalprice FROM orders WHERE o_totalprice > 300000;"
Q53_V003,Q_0588,"SELECT o_orderkey, o_custkey, o_totalprice FROM orders WHERE o_totalprice > 150000;"
Q53_V004,Q_0589,"SELECT o_orderkey, o_custkey, o_totalprice FROM orders WHERE o_totalprice BETWEEN 200000 AND 300000;"
Q53_V005,Q_0590,"SELECT o_orderkey, o_custkey, o_totalprice FROM orders WHERE o_totalprice > 200000 ORDER BY o_totalprice DESC;"
Q53_V006,Q_0591,"SELECT o_orderkey, o_custkey, o_totalprice, o_orderdate FROM orders WHERE o_totalprice > 200000;"
Q53_V007,Q_0592,"SELECT o_orderkey, o_custkey, o_totalprice FROM orders WHERE o_totalprice > 200000 AND o_orderstatus = 'F';"
Q53_V008,Q_0593,SELECT COUNT(*) AS large_order_count FROM orders WHERE o_totalprice > 200000;
Q53_V009,Q_0594,"SELECT o_orderkey, o_custkey, o_totalprice FROM orders WHERE o_totalprice > 200000 LIMIT 100;"
Q53_V010,Q_0595,"SELECT o_orderkey, o_custkey, o_totalprice FROM orders WHERE o_totalprice > 200000 AND o_orderdate >= DATE '1995-01-01';"
Q53_V011,Q_0596,"SELECT o_custkey, COUNT(*) AS large_orders, SUM(o_totalprice) AS total FROM orders WHERE o_totalprice > 200000 GROUP BY o_custkey ORDER BY total DESC;"
Q54_V001,Q_0597,"SELECT l_orderkey, l_linenumber, l_tax FROM lineitem WHERE l_tax = 0.08;"
Q54_V002,Q_0598,"SELECT l_orderkey, l_linenumber, l_tax FROM lineitem WHERE l_tax = 0.04;"
Q54_V003,Q_0599,"SELECT l_orderkey, l_linenumber, l_tax FROM lineitem WHERE l_tax = 0.02;"
Q54_V004,Q_0600,"SELECT l_orderkey, l_linenumber, l_tax FROM lineitem WHERE l_tax > 0.05;"
Q54_V005,Q_0601,"SELECT l_orderkey, l_linenumber, l_tax FROM lineitem WHERE l_tax = 0.08 ORDER BY l_orderkey;"
Q54_V006,Q_0602,"SELECT l_orderkey, l_linenumber, l_tax FROM lineitem WHERE l_tax = 0.08 AND l_discount > 0.05;"
Q54_V007,Q_0603,"SELECT l_tax, COUNT(*) AS cnt FROM lineitem GROUP BY l_tax ORDER BY l_tax;"
Q54_V008,Q_0604,"SELECT l_orderkey, l_linenumber, l_tax, l_extendedprice FROM lineitem WHERE l_tax = 0.08;"
Q54_V009,Q_0605,"SELECT l_orderkey, l_linenumber, l_tax FROM lineitem WHERE l_tax = 0.08 LIMIT 100;"
Q54_V010,Q_0606,"SELECT l_orderkey, l_linenumber, l_tax FROM lineitem WHERE l_tax BETWEEN 0.06 AND 0.08;"
Q54_V011,Q_0607,"SELECT l_orderkey, SUM(l_extendedprice * l_tax) AS total_tax FROM lineitem WHERE l_tax = 0.08 GROUP BY l_orderkey;"
Q55_V001,Q_0608,"SELECT c_custkey, c_name, c_mktsegment FROM customer WHERE c_mktsegment = 'AUTOMOBILE';"
Q55_V002,Q_0609,"SELECT c_custkey, c_name, c_mktsegment FROM customer WHERE c_mktsegment = 'BUILDING';"
Q55_V003,Q_0610,"SELECT c_custkey, c_name, c_mktsegment FROM customer WHERE c_mktsegment = 'MACHINERY';"
Q55_V004,Q_0611,"SELECT c_custkey, c_name, c_mktsegment FROM customer WHERE c_mktsegment = 'HOUSEHOLD';"
Q55_V005,Q_0612,"SELECT c_custkey, c_name, c_mktsegment, c_acctbal FROM customer WHERE c_mktsegment = 'AUTOMOBILE';"
Q55_V006,Q_0613,"SELECT c_custkey, c_name, c_mktsegment FROM customer WHERE c_mktsegment = 'AUTOMOBILE' ORDER BY c_name;"
Q55_V007,Q_0614,"SELECT c_custkey, c_name, c_mktsegment FROM customer WHERE c_mktsegment = 'AUTOMOBILE' AND c_acctbal > 5000;"
Q55_V008,Q_0615,SELECT COUNT(*) AS auto_customers FROM customer WHERE c_mktsegment = 'AUTOMOBILE';
Q55_V009,Q_0616,"SELECT c_custkey, c_name, c_mktsegment FROM customer WHERE c_mktsegment IN ('AUTOMOBILE', 'BUILDING');"
Q55_V010,Q_0617,"SELECT c_custkey, c_name, c_mktsegment FROM customer WHERE c_mktsegment = 'FURNITURE';"
Q55_V011,Q_0618,"SELECT c_custkey, c_name, c_mktsegment FROM customer WHERE c_mktsegment = 'AUTOMOBILE' LIMIT 50;"
Q56_V001,Q_0619,"SELECT o_orderpriority, SUM(o_totalprice) AS total FROM orders GROUP BY o_orderpriority ORDER BY o_orderpriority;"
Q56_V002,Q_0620,"SELECT o_orderpriority, SUM(o_totalprice) AS total FROM orders GROUP BY o_orderpriority ORDER BY total DESC;"
Q56_V003,Q_0621,"SELECT o_orderpriority, COUNT(*) AS order_count FROM orders GROUP BY o_orderpriority ORDER BY o_orderpriority;"
Q56_V004,Q_0622,"SELECT o_orderpriority, AVG(o_totalprice) AS avg_total FROM orders GROUP BY o_orderpriority ORDER BY o_orderpriority;"
Q56_V005,Q_0623,"SELECT o_orderpriority, SUM(o_totalprice) AS total FROM orders WHERE o_orderstatus = 'F' GROUP BY o_orderpriority ORDER BY o_orderpriority;"
Q56_V006,Q_0624,"SELECT o_orderpriority, SUM(o_totalprice) AS total, COUNT(*) AS cnt FROM orders GROUP BY o_orderpriority ORDER BY o_orderpriority;"
Q56_V007,Q_0625,"SELECT o_orderpriority, MAX(o_totalprice) AS max_order FROM orders GROUP BY o_orderpriority ORDER BY o_orderpriority;"
Q56_V008,Q_0626,"SELECT o_orderpriority, SUM(o_totalprice) AS total FROM orders WHERE o_orderdate >= DATE '1995-01-01' GROUP BY o_orderpriority ORDER BY o_orderpriority;"
Q56_V009,Q_0627,"SELECT o_orderpriority, MIN(o_totalprice) AS min_order, MAX(o_totalprice) AS max_order FROM orders GROUP BY o_orderpriority ORDER BY o_orderpriority;"
Q56_V010,Q_0628,"SELECT o_orderpriority, SUM(o_totalprice) AS total FROM orders GROUP BY o_orderpriority HAVING SUM(o_totalprice) > 1000000 ORDER BY o_orderpriority;"
Q56_V011,Q_0629,"SELECT o_orderpriority, COUNT(DISTINCT o_custkey) AS unique_customers FROM orders GROUP BY o_orderpriority ORDER BY o_orderpriority;"
Q57_V001,Q_0630,"SELECT p_partkey, p_name, p_size FROM part WHERE p_size BETWEEN 10 AND 20;"
Q57_V002,Q_0631,"SELECT p_partkey, p_name, p_size FROM part WHERE p_size BETWEEN 5 AND 15;"
Q57_V003,Q_0632,"SELECT p_partkey, p_name, p_size FROM part WHERE p_size BETWEEN 20 AND 30;"
Q57_V004,Q_0633,"SELECT p_partkey, p_name, p_size FROM part WHERE p_size BETWEEN 10 AND 20 ORDER BY p_size;"
Q57_V005,Q_0634,"SELECT p_partkey, p_name, p_size, p_retailprice FROM part WHERE p_size BETWEEN 10 AND 20;"
Q57_V006,Q_0635,"SELECT p_partkey, p_name, p_size FROM part WHERE p_size > 15 AND p_size <= 25;"
Q57_V007,Q_0636,"SELECT p_partkey, p_name, p_size FROM part WHERE p_size BETWEEN 10 AND 20 AND p_brand = 'Brand#13';"
Q57_V008,Q_0637,SELECT COUNT(*) AS part_count FROM part WHERE p_size BETWEEN 10 AND 20;
Q57_V009,Q_0638,"SELECT p_partkey, p_name, p_size FROM part WHERE p_size BETWEEN 10 AND 20 ORDER BY p_retailprice DESC;"
Q57_V010,Q_0639,"SELECT p_partkey, p_name, p_size FROM part WHERE p_size BETWEEN 1 AND 10;"
Q57_V011,Q_0640,"SELECT p_size, COUNT(*) AS cnt FROM part WHERE p_size BETWEEN 10 AND 20 GROUP BY p_size ORDER BY p_size;"
Q58_V001,Q_0641,"SELECT l_linestatus, COUNT(*) AS cnt FROM lineitem GROUP BY l_linestatus;"
Q58_V002,Q_0642,"SELECT l_linestatus, COUNT(*) AS cnt FROM lineitem GROUP BY l_linestatus ORDER BY l_linestatus;"
Q58_V003,Q_0643,"SELECT l_returnflag, COUNT(*) AS cnt FROM lineitem GROUP BY l_returnflag;"
Q58_V004,Q_0644,"SELECT l_linestatus, COUNT(*) AS cnt, SUM(l_extendedprice) AS total_price FROM lineitem GROUP BY l_linestatus;"
Q58_V005,Q_0645,"SELECT l_linestatus, COUNT(*) AS cnt FROM lineitem WHERE l_shipdate >= DATE '1996-01-01' GROUP BY l_linestatus;"
Q58_V006,Q_0646,"SELECT l_linestatus, AVG(l_extendedprice) AS avg_price FROM lineitem GROUP BY l_linestatus;"
Q58_V007,Q_0647,"SELECT l_returnflag, l_linestatus, COUNT(*) AS cnt FROM lineitem GROUP BY l_returnflag, l_linestatus;"
Q58_V008,Q_0648,"SELECT l_linestatus, COUNT(*) AS cnt FROM lineitem WHERE l_discount > 0 GROUP BY l_linestatus;"
Q58_V009,Q_0649,"SELECT l_linestatus, SUM(l_quantity) AS total_qty FROM lineitem GROUP BY l_linestatus;"
Q58_V010,Q_0650,"SELECT l_shipmode, COUNT(*) AS cnt FROM lineitem GROUP BY l_shipmode ORDER BY cnt DESC;"
Q58_V011,Q_0651,"SELECT l_linestatus, MIN(l_extendedprice) AS min_price, MAX(l_extendedprice) AS max_price FROM lineitem GROUP BY l_linestatus;"
Q59_V001,Q_0652,"SELECT l_orderkey, AVG(l_quantity) AS avg_qty FROM lineitem GROUP BY l_orderkey ORDER BY avg_qty DESC LIMIT 100;"
Q59_V002,Q_0653,"SELECT l_orderkey, AVG(l_quantity) AS avg_qty FROM lineitem GROUP BY l_orderkey ORDER BY avg_qty ASC LIMIT 100;"
Q59_V003,Q_0654,"SELECT l_orderkey, AVG(l_quantity) AS avg_qty FROM lineitem GROUP BY l_orderkey ORDER BY avg_qty DESC LIMIT 50;"
Q59_V004,Q_0655,"SELECT l_orderkey, SUM(l_quantity) AS total_qty FROM lineitem GROUP BY l_orderkey ORDER BY total_qty DESC LIMIT 100;"
Q59_V005,Q_0656,"SELECT l_orderkey, AVG(l_quantity) AS avg_qty FROM lineitem WHERE l_shipdate >= DATE '1996-01-01' GROUP BY l_orderkey ORDER BY avg_qty DESC LIMIT 100;"
Q59_V006,Q_0657,"SELECT l_orderkey, AVG(l_quantity) AS avg_qty FROM lineitem GROUP BY l_orderkey HAVING AVG(l_quantity) > 30 ORDER BY avg_qty DESC LIMIT 100;"
Q59_V007,Q_0658,"SELECT l_orderkey, AVG(l_quantity) AS avg_qty, COUNT(*) AS line_count FROM lineitem GROUP BY l_orderkey ORDER BY avg_qty DESC LIMIT 100;"
Q59_V008,Q_0659,"SELECT l_orderkey, MAX(l_quantity) AS max_qty FROM lineitem GROUP BY l_orderkey ORDER BY max_qty DESC LIMIT 100;"
Q59_V009,Q_0660,"SELECT l_orderkey, AVG(l_extendedprice) AS avg_price FROM lineitem GROUP BY l_orderkey ORDER BY avg_price DESC LIMIT 100;"
Q59_V010,Q_0661,"SELECT l_orderkey, AVG(l_quantity) AS avg_qty FROM lineitem GROUP BY l_orderkey ORDER BY avg_qty DESC;"
Q59_V011,Q_0662,"SELECT l_orderkey, AVG(l_quantity) AS avg_qty FROM lineitem WHERE l_discount > 0.05 GROUP BY l_orderkey ORDER BY avg_qty DESC LIMIT 100;"
Q60_V001,Q_0663,"SELECT n_nationkey, n_name FROM nation WHERE n_regionkey = 1;"
Q60_V002,Q_0664,"SELECT n_nationkey, n_name FROM nation WHERE n_regionkey = 2;"
Q60_V003,Q_0665,"SELECT n_nationkey, n_name FROM nation WHERE n_regionkey = 3;"
Q60_V004,Q_0666,"SELECT n_nationkey, n_name FROM nation WHERE n_regionkey = 0;"
Q60_V005,Q_0667,"SELECT n_nationkey, n_name, n_regionkey FROM nation WHERE n_regionkey = 1;"
Q60_V006,Q_0668,"SELECT n_nationkey, n_name FROM nation WHERE n_regionkey = 1 ORDER BY n_name;"
Q60_V007,Q_0669,"SELECT n_nationkey, n_name FROM nation ORDER BY n_name;"
Q60_V008,Q_0670,"SELECT n_nationkey, n_name FROM nation WHERE n_regionkey IN (1, 2);"
Q60_V009,Q_0671,SELECT COUNT(*) AS nation_count FROM nation WHERE n_regionkey = 1;
Q60_V010,Q_0672,"SELECT n_nationkey, n_name FROM nation WHERE n_regionkey = 4;"
Q60_V011,Q_0673,"SELECT n_regionkey, COUNT(*) AS nation_count FROM nation GROUP BY n_regionkey ORDER BY n_regionkey;"
Q61_V001,Q_0674,"SELECT o_clerk, COUNT(*) AS order_count FROM orders GROUP BY o_clerk ORDER BY order_count DESC LIMIT 20;"
Q61_V002,Q_0675,"SELECT o_clerk, COUNT(*) AS order_count FROM orders GROUP BY o_clerk ORDER BY order_count ASC LIMIT 20;"
Q61_V003,Q_0676,"SELECT o_clerk, COUNT(*) AS order_count FROM orders GROUP BY o_clerk ORDER BY order_count DESC LIMIT 10;"
Q61_V004,Q_0677,"SELECT o_clerk, SUM(o_totalprice) AS total_revenue FROM orders GROUP BY o_clerk ORDER BY total_revenue DESC LIMIT 20;"
Q61_V005,Q_0678,"SELECT o_clerk, COUNT(*) AS order_count FROM orders WHERE o_orderstatus = 'F' GROUP BY o_clerk ORDER BY order_count DESC LIMIT 20;"
Q61_V006,Q_0679,"SELECT o_clerk, COUNT(*) AS order_count, AVG(o_totalprice) AS avg_order FROM orders GROUP BY o_clerk ORDER BY order_count DESC LIMIT 20;"
Q61_V007,Q_0680,"SELECT o_clerk, COUNT(*) AS order_count FROM orders WHERE o_orderdate >= DATE '1995-01-01' GROUP BY o_clerk ORDER BY order_count DESC LIMIT 20;"
Q61_V008,Q_0681,"SELECT o_clerk, MAX(o_totalprice) AS max_order FROM orders GROUP BY o_clerk ORDER BY max_order DESC LIMIT 20;"
Q61_V009,Q_0682,"SELECT o_clerk, COUNT(*) AS order_count FROM orders GROUP BY o_clerk HAVING COUNT(*) > 100 ORDER BY order_count DESC LIMIT 20;"
Q61_V010,Q_0683,"SELECT o_clerk, COUNT(DISTINCT o_custkey) AS unique_customers FROM orders GROUP BY o_clerk ORDER BY unique_customers DESC LIMIT 20;"
Q61_V011,Q_0684,"SELECT o_clerk, COUNT(*) AS order_count FROM orders GROUP BY o_clerk ORDER BY o_clerk LIMIT 20;"
Q62_V001,Q_0685,"SELECT p_partkey, p_name, p_brand, p_retailprice FROM part WHERE p_brand = 'Brand#13';"
Q62_V002,Q_0686,"SELECT p_partkey, p_name, p_brand, p_retailprice FROM part WHERE p_brand = 'Brand#23';"
Q62_V003,Q_0687,"SELECT p_partkey, p_name, p_brand, p_retailprice FROM part WHERE p_brand = 'Brand#35';"
Q62_V004,Q_0688,"SELECT p_partkey, p_name, p_brand, p_retailprice FROM part WHERE p_brand = 'Brand#13' ORDER BY p_retailprice DESC;"
Q62_V005,Q_0689,"SELECT p_partkey, p_name, p_brand, p_retailprice, p_size FROM part WHERE p_brand = 'Brand#13';"
Q62_V006,Q_0690,"SELECT p_partkey, p_name, p_brand, p_retailprice FROM part WHERE p_brand LIKE 'Brand#1%';"
Q62_V007,Q_0691,"SELECT p_partkey, p_name, p_brand, p_retailprice FROM part WHERE p_brand = 'Brand#13' AND p_size > 10;"
Q62_V008,Q_0692,SELECT COUNT(*) AS brand_count FROM part WHERE p_brand = 'Brand#13';
Q62_V009,Q_0693,"SELECT p_brand, AVG(p_retailprice) AS avg_price FROM part WHERE p_brand = 'Brand#13' GROUP BY p_brand;"
Q62_V010,Q_0694,"SELECT p_partkey, p_name, p_brand, p_retailprice FROM part WHERE p_brand = 'Brand#45';"
Q62_V011,Q_0695,"SELECT p_partkey, p_name, p_brand, p_retailprice FROM part WHERE p_brand = 'Brand#13' AND p_retailprice < 1200;"
Q63_V001,Q_0696,SELECT SUM(l_extendedprice * l_discount) AS total_discount FROM lineitem;
Q63_V002,Q_0697,SELECT SUM(l_extendedprice * l_discount) AS total_discount FROM lineitem WHERE l_discount > 0.05;
Q63_V003,Q_0698,SELECT SUM(l_extendedprice * l_discount) AS total_discount FROM lineitem WHERE l_shipdate >= DATE '1996-01-01';
Q63_V004,Q_0699,SELECT AVG(l_extendedprice * l_discount) AS avg_discount FROM lineitem;
Q63_V005,Q_0700,SELECT SUM(l_extendedprice * l_discount) AS total_discount FROM lineitem WHERE l_linestatus = 'O';
Q63_V006,Q_0701,"SELECT l_orderkey, SUM(l_extendedprice * l_discount) AS total_discount FROM lineitem GROUP BY l_orderkey ORDER BY total_discount DESC LIMIT 20;"
Q63_V007,Q_0702,"SELECT SUM(l_extendedprice * l_discount) AS total_discount, COUNT(*) AS line_count FROM lineitem;"
Q63_V008,Q_0703,SELECT SUM(l_extendedprice * l_discount) AS total_discount FROM lineitem WHERE l_returnflag = 'R';
Q63_V009,Q_0704,SELECT SUM(l_extendedprice * l_discount) AS total_discount FROM lineitem WHERE l_discount BETWEEN 0.05 AND 0.10;
Q63_V010,Q_0705,SELECT SUM(l_extendedprice * l_discount) AS total_discount FROM lineitem WHERE l_quantity > 20;
Q63_V011,Q_0706,"SELECT EXTRACT(YEAR FROM l_shipdate) AS year, SUM(l_extendedprice * l_discount) AS total_discount FROM lineitem GROUP BY year ORDER BY year;"
Q64_V001,Q_0707,"SELECT c_custkey, c_name, c_address FROM customer WHERE c_name LIKE 'Customer#0000001%';"
Q64_V002,Q_0708,"SELECT c_custkey, c_name, c_address FROM customer WHERE c_name LIKE 'Customer#0000002%';"
Q64_V003,Q_0709,"SELECT c_custkey, c_name, c_address FROM customer WHERE c_name LIKE 'Customer#000001%';"
Q64_V004,Q_0710,"SELECT c_custkey, c_name, c_address, c_acctbal FROM customer WHERE c_name LIKE 'Customer#0000001%';"
Q64_V005,Q_0711,"SELECT c_custkey, c_name, c_address FROM customer WHERE c_name LIKE 'Customer#0000001%' ORDER BY c_name;"
Q64_V006,Q_0712,"SELECT c_custkey, c_name, c_address FROM customer WHERE c_name LIKE '%0000001%';"
Q64_V007,Q_0713,SELECT COUNT(*) AS cust_count FROM customer WHERE c_name LIKE 'Customer#0000001%';
Q64_V008,Q_0714,"SELECT c_custkey, c_name, c_address FROM customer WHERE c_name LIKE 'Customer#0000001%' AND c_acctbal > 0;"
Q64_V009,Q_0715,"SELECT c_custkey, c_name, c_address, c_mktsegment FROM customer WHERE c_name LIKE 'Customer#0000001%';"
Q64_V010,Q_0716,"SELECT c_custkey, c_name, c_address FROM customer WHERE c_name LIKE 'Customer#00000015%';"
Q64_V011,Q_0717,"SELECT c_custkey, c_name, c_address FROM customer WHERE c_custkey BETWEEN 1 AND 100;"
Q65_V001,Q_0718,"SELECT l_shipinstruct, COUNT(*) AS cnt FROM lineitem GROUP BY l_shipinstruct;"
Q65_V002,Q_0719,"SELECT l_shipinstruct, COUNT(*) AS cnt FROM lineitem GROUP BY l_shipinstruct ORDER BY cnt DESC;"
Q65_V003,Q_0720,"SELECT l_shipinstruct, COUNT(*) AS cnt FROM lineitem WHERE l_shipdate >= DATE '1996-01-01' GROUP BY l_shipinstruct;"
Q65_V004,Q_0721,"SELECT l_shipinstruct, SUM(l_extendedprice) AS total_revenue FROM lineitem GROUP BY l_shipinstruct;"
Q65_V005,Q_0722,"SELECT l_shipinstruct, AVG(l_quantity) AS avg_qty FROM lineitem GROUP BY l_shipinstruct;"
Q65_V006,Q_0723,"SELECT l_shipinstruct, COUNT(*) AS cnt FROM lineitem WHERE l_linestatus = 'O' GROUP BY l_shipinstruct;"
Q65_V007,Q_0724,"SELECT l_shipinstruct, COUNT(*) AS cnt, AVG(l_extendedprice) AS avg_price FROM lineitem GROUP BY l_shipinstruct;"
Q65_V008,Q_0725,"SELECT l_shipinstruct, COUNT(DISTINCT l_orderkey) AS order_count FROM lineitem GROUP BY l_shipinstruct;"
Q65_V009,Q_0726,"SELECT l_shipinstruct, MAX(l_extendedprice) AS max_price FROM lineitem GROUP BY l_shipinstruct ORDER BY max_price DESC;"
Q65_V010,Q_0727,"SELECT l_shipinstruct, COUNT(*) AS cnt FROM lineitem WHERE l_discount > 0.05 GROUP BY l_shipinstruct;"
Q65_V011,Q_0728,"SELECT l_shipinstruct, MIN(l_extendedprice) AS min_price, MAX(l_extendedprice) AS max_price FROM lineitem GROUP BY l_shipinstruct;"
Q66_V001,Q_0729,"SELECT s_name, s_address, s_nationkey FROM supplier WHERE s_nationkey = 5;"
Q66_V002,Q_0730,"SELECT s_name, s_address, s_nationkey FROM supplier WHERE s_nationkey = 10;"
Q66_V003,Q_0731,"SELECT s_name, s_address, s_nationkey FROM supplier WHERE s_nationkey = 3;"
Q66_V004,Q_0732,"SELECT s_name, s_address, s_nationkey, s_acctbal FROM supplier WHERE s_nationkey = 5;"
Q66_V005,Q_0733,"SELECT s_name, s_address, s_nationkey FROM supplier WHERE s_nationkey = 5 ORDER BY s_name;"
Q66_V006,Q_0734,"SELECT s_name, s_address, s_nationkey FROM supplier WHERE s_nationkey IN (5, 10, 15);"
Q66_V007,Q_0735,SELECT COUNT(*) AS supplier_count FROM supplier WHERE s_nationkey = 5;
Q66_V008,Q_0736,"SELECT s_name, s_address, s_nationkey FROM supplier WHERE s_nationkey = 5 AND s_acctbal > 0;"
Q66_V009,Q_0737,"SELECT s_name, s_address, s_nationkey FROM supplier WHERE s_nationkey = 7;"
Q66_V010,Q_0738,"SELECT s_name, s_address, s_nationkey FROM supplier WHERE s_nationkey = 5 AND s_acctbal > 5000;"
Q66_V011,Q_0739,"SELECT s_nationkey, COUNT(*) AS supplier_count FROM supplier GROUP BY s_nationkey ORDER BY supplier_count DESC;"
Q67_V001,Q_0740,"SELECT o_orderkey, o_orderdate, o_shippriority FROM orders WHERE o_shippriority = 0;"
Q67_V002,Q_0741,"SELECT o_orderkey, o_orderdate, o_shippriority FROM orders WHERE o_shippriority = 1;"
Q67_V003,Q_0742,"SELECT o_orderkey, o_orderdate, o_shippriority FROM orders WHERE o_shippriority = 0 ORDER BY o_orderdate;"
Q67_V004,Q_0743,"SELECT o_orderkey, o_orderdate, o_shippriority, o_totalprice FROM orders WHERE o_shippriority = 0;"
Q67_V005,Q_0744,"SELECT o_shippriority, COUNT(*) AS order_count FROM orders GROUP BY o_shippriority ORDER BY o_shippriority;"
Q67_V006,Q_0745,"SELECT o_orderkey, o_orderdate, o_shippriority FROM orders WHERE o_shippriority = 0 AND o_orderstatus = 'F';"
Q67_V007,Q_0746,SELECT COUNT(*) AS priority_zero_count FROM orders WHERE o_shippriority = 0;
Q67_V008,Q_0747,"SELECT o_orderkey, o_orderdate, o_shippriority FROM orders WHERE o_shippriority = 0 ORDER BY o_totalprice DESC LIMIT 100;"
Q67_V009,Q_0748,"SELECT o_orderkey, o_orderdate, o_shippriority FROM orders WHERE o_shippriority = 0 AND o_orderdate >= DATE '1995-01-01';"
Q67_V010,Q_0749,"SELECT o_orderkey, o_orderdate, o_shippriority FROM orders WHERE o_shippriority = 0 LIMIT 50;"
Q67_V011,Q_0750,"SELECT o_orderkey, o_orderdate, o_shippriority FROM orders WHERE o_orderpriority = '1-URGENT' AND o_shippriority = 0;"
Q68_V001,Q_0751,"SELECT MIN(ps_availqty) AS min_qty, MAX(ps_availqty) AS max_qty FROM partsupp;"
Q68_V002,Q_0752,"SELECT MIN(ps_availqty) AS min_qty, MAX(ps_availqty) AS max_qty FROM partsupp WHERE ps_supplycost < 100;"
Q68_V003,Q_0753,"SELECT MIN(ps_supplycost) AS min_cost, MAX(ps_supplycost) AS max_cost FROM partsupp;"
Q68_V004,Q_0754,"SELECT MIN(ps_availqty) AS min_qty, MAX(ps_availqty) AS max_qty, AVG(ps_availqty) AS avg_qty FROM partsupp;"
Q68_V005,Q_0755,"SELECT MIN(ps_availqty) AS min_qty, MAX(ps_availqty) AS max_qty FROM partsupp WHERE ps_suppkey = 1;"
Q68_V006,Q_0756,"SELECT ps_suppkey, MIN(ps_availqty) AS min_qty, MAX(ps_availqty) AS max_qty FROM partsupp GROUP BY ps_suppkey ORDER BY max_qty DESC LIMIT 10;"
Q68_V007,Q_0757,"SELECT MIN(ps_availqty) AS min_qty, MAX(ps_availqty) AS max_qty FROM partsupp WHERE ps_availqty > 0;"
Q68_V008,Q_0758,"SELECT MIN(ps_availqty) AS min_qty, MAX(ps_availqty) AS max_qty FROM partsupp WHERE ps_supplycost > 500;"
Q68_V009,Q_0759,"SELECT SUM(ps_availqty) AS total_qty, MIN(ps_availqty) AS min_qty, MAX(ps_availqty) AS max_qty FROM partsupp;"
Q68_V010,Q_0760,"SELECT MIN(ps_availqty) AS min_qty, MAX(ps_availqty) AS max_qty FROM partsupp WHERE ps_availqty BETWEEN 1000 AND 5000;"
Q68_V011,Q_0761,"SELECT ps_partkey, MIN(ps_availqty) AS min_qty, MAX(ps_availqty) AS max_qty FROM partsupp GROUP BY ps_partkey ORDER BY max_qty DESC LIMIT 20;"
Q69_V001,Q_0762,"SELECT c_nationkey, COUNT(*) AS cust_count FROM customer GROUP BY c_nationkey ORDER BY cust_count DESC;"
Q69_V002,Q_0763,"SELECT c_nationkey, COUNT(*) AS cust_count FROM customer GROUP BY c_nationkey ORDER BY cust_count ASC;"
Q69_V003,Q_0764,"SELECT c_nationkey, COUNT(*) AS cust_count FROM customer GROUP BY c_nationkey HAVING COUNT(*) > 500 ORDER BY cust_count DESC;"
Q69_V004,Q_0765,"SELECT c_nationkey, COUNT(*) AS cust_count, AVG(c_acctbal) AS avg_balance FROM customer GROUP BY c_nationkey ORDER BY cust_count DESC;"
Q69_V005,Q_0766,"SELECT c_nationkey, COUNT(*) AS cust_count FROM customer WHERE c_acctbal > 0 GROUP BY c_nationkey ORDER BY cust_count DESC;"
Q69_V006,Q_0767,"SELECT c_nationkey, COUNT(*) AS cust_count FROM customer GROUP BY c_nationkey ORDER BY c_nationkey;"
Q69_V007,Q_0768,"SELECT c_nationkey, SUM(c_acctbal) AS total_balance FROM customer GROUP BY c_nationkey ORDER BY total_balance DESC;"
Q69_V008,Q_0769,"SELECT c_nationkey, COUNT(DISTINCT c_mktsegment) AS segments FROM customer GROUP BY c_nationkey ORDER BY c_nationkey;"
Q69_V009,Q_0770,"SELECT c_mktsegment, c_nationkey, COUNT(*) AS cust_count FROM customer GROUP BY c_mktsegment, c_nationkey ORDER BY cust_count DESC LIMIT 20;"
Q69_V010,Q_0771,"SELECT c_nationkey, MIN(c_acctbal) AS min_bal, MAX(c_acctbal) AS max_bal FROM customer GROUP BY c_nationkey ORDER BY c_nationkey;"
Q69_V011,Q_0772,"SELECT c_nationkey, COUNT(*) AS cust_count FROM customer GROUP BY c_nationkey ORDER BY cust_count DESC LIMIT 10;"
Q70_V001,Q_0773,"SELECT l_orderkey, l_commitdate, l_shipdate FROM lineitem WHERE l_commitdate < l_shipdate LIMIT 100;"
Q70_V002,Q_0774,"SELECT l_orderkey, l_commitdate, l_shipdate FROM lineitem WHERE l_commitdate < l_shipdate LIMIT 50;"
Q70_V003,Q_0775,"SELECT l_orderkey, l_commitdate, l_shipdate FROM lineitem WHERE l_commitdate < l_shipdate ORDER BY l_orderkey LIMIT 100;"
Q70_V004,Q_0776,"SELECT l_orderkey, l_commitdate, l_shipdate FROM lineitem WHERE l_commitdate > l_shipdate LIMIT 100;"
Q70_V005,Q_0777,"SELECT l_orderkey, l_commitdate, l_shipdate FROM lineitem WHERE l_receiptdate > l_commitdate LIMIT 100;"
Q70_V006,Q_0778,"SELECT l_orderkey, l_commitdate, l_shipdate, l_extendedprice FROM lineitem WHERE l_commitdate < l_shipdate LIMIT 100;"
Q70_V007,Q_0779,SELECT COUNT(*) AS late_count FROM lineitem WHERE l_commitdate < l_shipdate;
Q70_V008,Q_0780,"SELECT l_orderkey, l_commitdate, l_shipdate FROM lineitem WHERE l_commitdate < l_shipdate AND l_shipdate >= DATE '1996-01-01' LIMIT 100;"
Q70_V009,Q_0781,"SELECT l_orderkey, l_commitdate, l_shipdate FROM lineitem WHERE l_commitdate < l_shipdate ORDER BY l_shipdate DESC LIMIT 100;"
Q70_V010,Q_0782,"SELECT l_orderkey, l_commitdate, l_shipdate FROM lineitem WHERE l_commitdate < l_receiptdate LIMIT 100;"
Q70_V011,Q_0783,"SELECT l_shipmode, COUNT(*) AS late_count FROM lineitem WHERE l_commitdate < l_shipdate GROUP BY l_shipmode ORDER BY late_count DESC;"
Q71_V001,Q_0784,"SELECT p_partkey, p_name, p_retailprice FROM part ORDER BY p_retailprice DESC LIMIT 5;"
Q71_V002,Q_0785,"SELECT p_partkey, p_name, p_retailprice FROM part ORDER BY p_retailprice ASC LIMIT 5;"
Q71_V003,Q_0786,"SELECT p_partkey, p_name, p_retailprice FROM part ORDER BY p_retailprice DESC LIMIT 10;"
Q71_V004,Q_0787,"SELECT p_partkey, p_name, p_retailprice FROM part ORDER BY p_retailprice DESC LIMIT 20;"
Q71_V005,Q_0788,"SELECT p_partkey, p_name, p_retailprice, p_brand FROM part ORDER BY p_retailprice DESC LIMIT 5;"
Q71_V006,Q_0789,"SELECT p_partkey, p_name, p_retailprice FROM part WHERE p_brand = 'Brand#13' ORDER BY p_retailprice DESC LIMIT 5;"
Q71_V007,Q_0790,"SELECT p_partkey, p_name, p_retailprice FROM part WHERE p_size > 20 ORDER BY p_retailprice DESC LIMIT 5;"
Q71_V008,Q_0791,"SELECT p_partkey, p_name, p_retailprice FROM part ORDER BY p_name DESC LIMIT 5;"
Q71_V009,Q_0792,"SELECT p_brand, MAX(p_retailprice) AS max_price FROM part GROUP BY p_brand ORDER BY max_price DESC LIMIT 5;"
Q71_V010,Q_0793,"SELECT p_partkey, p_name, p_retailprice FROM part WHERE p_retailprice > 1800 ORDER BY p_retailprice DESC;"
Q71_V011,Q_0794,"SELECT p_partkey, p_name, p_retailprice FROM part ORDER BY p_retailprice DESC LIMIT 1;"
Q72_V001,Q_0795,"SELECT EXTRACT(MONTH FROM o_orderdate) AS order_month, COUNT(*) AS order_count FROM orders WHERE EXTRACT(YEAR FROM o_orderdate) = 1994 GROUP BY order_month ORDER BY order_month;"
Q72_V002,Q_0796,"SELECT EXTRACT(MONTH FROM o_orderdate) AS order_month, COUNT(*) AS order_count FROM orders WHERE EXTRACT(YEAR FROM o_orderdate) = 1995 GROUP BY order_month ORDER BY order_month;"
Q72_V003,Q_0797,"SELECT EXTRACT(MONTH FROM o_orderdate) AS order_month, COUNT(*) AS order_count FROM orders WHERE EXTRACT(YEAR FROM o_orderdate) = 1996 GROUP BY order_month ORDER BY order_month;"
Q72_V004,Q_0798,"SELECT EXTRACT(MONTH FROM o_orderdate) AS order_month, SUM(o_totalprice) AS total_revenue FROM orders WHERE EXTRACT(YEAR FROM o_orderdate) = 1994 GROUP BY order_month ORDER BY order_month;"
Q72_V005,Q_0799,"SELECT EXTRACT(MONTH FROM o_orderdate) AS order_month, COUNT(*) AS order_count FROM orders WHERE EXTRACT(YEAR FROM o_orderdate) = 1994 GROUP BY order_month ORDER BY order_count DESC;"
Q72_V006,Q_0800,"SELECT EXTRACT(MONTH FROM o_orderdate) AS order_month, AVG(o_totalprice) AS avg_order FROM orders WHERE EXTRACT(YEAR FROM o_orderdate) = 1994 GROUP BY order_month ORDER BY order_month;"
Q72_V007,Q_0801,"SELECT EXTRACT(MONTH FROM o_orderdate) AS order_month, COUNT(*) AS order_count FROM orders WHERE EXTRACT(YEAR FROM o_orderdate) = 1994 AND o_orderstatus = 'F' GROUP BY order_month ORDER BY order_month;"
Q72_V008,Q_0802,"SELECT EXTRACT(MONTH FROM o_orderdate) AS order_month, COUNT(*) AS order_count, SUM(o_totalprice) AS total FROM orders WHERE EXTRACT(YEAR FROM o_orderdate) = 1994 GROUP BY order_month ORDER BY order_month;"
Q72_V009,Q_0803,"SELECT EXTRACT(MONTH FROM o_orderdate) AS order_month, COUNT(DISTINCT o_custkey) AS unique_customers FROM orders WHERE EXTRACT(YEAR FROM o_orderdate) = 1994 GROUP BY order_month ORDER BY order_month;"
Q72_V010,Q_0804,"SELECT EXTRACT(MONTH FROM o_orderdate) AS order_month, MAX(o_totalprice) AS max_order FROM orders WHERE EXTRACT(YEAR FROM o_orderdate) = 1994 GROUP BY order_month ORDER BY order_month;"
Q72_V011,Q_0805,"SELECT EXTRACT(MONTH FROM o_orderdate) AS order_month, MIN(o_totalprice) AS min_order FROM orders WHERE EXTRACT(YEAR FROM o_orderdate) = 1993 GROUP BY order_month ORDER BY order_month;"
Q73_V001,Q_0806,"SELECT c_custkey, c_name, SUM(o_totalprice) AS total_spent FROM customer JOIN orders ON c_custkey = o_custkey GROUP BY c_custkey, c_name ORDER BY total_spent DESC LIMIT 20;"
Q73_V002,Q_0807,"SELECT c_custkey, c_name, SUM(o_totalprice) AS total_spent FROM customer JOIN orders ON c_custkey = o_custkey GROUP BY c_custkey, c_name ORDER BY total_spent ASC LIMIT 20;"
Q73_V003,Q_0808,"SELECT c_custkey, c_name, SUM(o_totalprice) AS total_spent FROM customer JOIN orders ON c_custkey = o_custkey GROUP BY c_custkey, c_name ORDER BY total_spent DESC LIMIT 10;"
Q73_V004,Q_0809,"SELECT c_custkey, c_name, SUM(o_totalprice) AS total_spent FROM customer JOIN orders ON c_custkey = o_custkey WHERE o_orderdate >= DATE '1995-01-01' GROUP BY c_custkey, c_name ORDER BY total_spent DESC LIMIT 20;"
Q73_V005,Q_0810,"SELECT c_custkey, c_name, SUM(o_totalprice) AS total_spent, COUNT(*) AS order_count FROM customer JOIN orders ON c_custkey = o_custkey GROUP BY c_custkey, c_name ORDER BY total_spent DESC LIMIT 20;"
Q73_V006,Q_0811,"SELECT c_custkey, c_name, AVG(o_totalprice) AS avg_spent FROM customer JOIN orders ON c_custkey = o_custkey GROUP BY c_custkey, c_name ORDER BY avg_spent DESC LIMIT 20;"
Q73_V007,Q_0812,"SELECT c_mktsegment, SUM(o_totalprice) AS total_spent FROM customer JOIN orders ON c_custkey = o_custkey GROUP BY c_mktsegment ORDER BY total_spent DESC;"
Q73_V008,Q_0813,"SELECT c_custkey, c_name, SUM(o_totalprice) AS total_spent FROM customer JOIN orders ON c_custkey = o_custkey WHERE o_orderstatus = 'F' GROUP BY c_custkey, c_name ORDER BY total_spent DESC LIMIT 20;"
Q73_V009,Q_0814,"SELECT c_custkey, c_name, MAX(o_totalprice) AS max_order FROM customer JOIN orders ON c_custkey = o_custkey GROUP BY c_custkey, c_name ORDER BY max_order DESC LIMIT 20;"
Q73_V010,Q_0815,"SELECT c_custkey, c_name, SUM(o_totalprice) AS total_spent FROM customer JOIN orders ON c_custkey = o_custkey HAVING SUM(o_totalprice) > 1000000 GROUP BY c_custkey, c_name ORDER BY total_spent DESC;"
Q73_V011,Q_0816,"SELECT c_custkey, c_name, COUNT(o_orderkey) AS order_count FROM customer JOIN orders ON c_custkey = o_custkey GROUP BY c_custkey, c_name ORDER BY order_count DESC LIMIT 20;"
Q74_V001,Q_0817,"SELECT n_name, COUNT(o_orderkey) AS order_count FROM nation JOIN customer ON n_nationkey = c_nationkey JOIN orders ON c_custkey = o_custkey GROUP BY n_name ORDER BY order_count DESC;"
Q74_V002,Q_0818,"SELECT n_name, COUNT(o_orderkey) AS order_count FROM nation JOIN customer ON n_nationkey = c_nationkey JOIN orders ON c_custkey = o_custkey GROUP BY n_name ORDER BY order_count ASC;"
Q74_V003,Q_0819,"SELECT n_name, SUM(o_totalprice) AS total_revenue FROM nation JOIN customer ON n_nationkey = c_nationkey JOIN orders ON c_custkey = o_custkey GROUP BY n_name ORDER BY total_revenue DESC;"
Q74_V004,Q_0820,"SELECT n_name, COUNT(o_orderkey) AS order_count FROM nation JOIN customer ON n_nationkey = c_nationkey JOIN orders ON c_custkey = o_custkey WHERE o_orderdate >= DATE '1995-01-01' GROUP BY n_name ORDER BY order_count DESC;"
Q74_V005,Q_0821,"SELECT n_name, AVG(o_totalprice) AS avg_order FROM nation JOIN customer ON n_nationkey = c_nationkey JOIN orders ON c_custkey = o_custkey GROUP BY n_name ORDER BY avg_order DESC;"
Q74_V006,Q_0822,"SELECT n_name, COUNT(DISTINCT c_custkey) AS customer_count FROM nation JOIN customer ON n_nationkey = c_nationkey GROUP BY n_name ORDER BY customer_count DESC;"
Q74_V007,Q_0823,"SELECT n_name, COUNT(o_orderkey) AS order_count FROM nation JOIN customer ON n_nationkey = c_nationkey JOIN orders ON c_custkey = o_custkey WHERE o_orderstatus = 'F' GROUP BY n_name ORDER BY order_count DESC;"
Q74_V008,Q_0824,"SELECT n_name, COUNT(o_orderkey) AS order_count FROM nation JOIN customer ON n_nationkey = c_nationkey JOIN orders ON c_custkey = o_custkey GROUP BY n_name HAVING COUNT(o_orderkey) > 1000 ORDER BY order_count DESC;"
Q74_V009,Q_0825,"SELECT n_name, MAX(o_totalprice) AS max_order FROM nation JOIN customer ON n_nationkey = c_nationkey JOIN orders ON c_custkey = o_custkey GROUP BY n_name ORDER BY max_order DESC;"
Q74_V010,Q_0826,"SELECT n_name, COUNT(o_orderkey) AS order_count FROM nation JOIN customer ON n_nationkey = c_nationkey JOIN orders ON c_custkey = o_custkey GROUP BY n_name ORDER BY n_name;"
Q74_V011,Q_0827,"SELECT n_name, SUM(o_totalprice) AS total_revenue, COUNT(o_orderkey) AS order_count FROM nation JOIN customer ON n_nationkey = c_nationkey JOIN orders ON c_custkey = o_custkey GROUP BY n_name ORDER BY total_revenue DESC LIMIT 10;"
Q75_V001,Q_0828,"SELECT c_mktsegment, AVG(o_totalprice) AS avg_order_value, COUNT(*) AS total_orders FROM customer JOIN orders ON c_custkey = o_custkey GROUP BY c_mktsegment ORDER BY avg_order_value DESC;"
Q75_V002,Q_0829,"SELECT c_mktsegment, AVG(o_totalprice) AS avg_order_value, COUNT(*) AS total_orders FROM customer JOIN orders ON c_custkey = o_custkey GROUP BY c_mktsegment ORDER BY total_orders DESC;"
Q75_V003,Q_0830,"SELECT c_mktsegment, SUM(o_totalprice) AS total_revenue FROM customer JOIN orders ON c_custkey = o_custkey GROUP BY c_mktsegment ORDER BY total_revenue DESC;"
Q75_V004,Q_0831,"SELECT c_mktsegment, AVG(o_totalprice) AS avg_order_value, COUNT(*) AS total_orders FROM customer JOIN orders ON c_custkey = o_custkey WHERE o_orderdate >= DATE '1995-01-01' GROUP BY c_mktsegment ORDER BY avg_order_value DESC;"
Q75_V005,Q_0832,"SELECT c_mktsegment, MIN(o_totalprice) AS min_order, MAX(o_totalprice) AS max_order FROM customer JOIN orders ON c_custkey = o_custkey GROUP BY c_mktsegment ORDER BY c_mktsegment;"
Q75_V006,Q_0833,"SELECT c_mktsegment, COUNT(DISTINCT c_custkey) AS unique_customers FROM customer JOIN orders ON c_custkey = o_custkey GROUP BY c_mktsegment ORDER BY unique_customers DESC;"
Q75_V007,Q_0834,"SELECT c_mktsegment, AVG(o_totalprice) AS avg_order_value FROM customer JOIN orders ON c_custkey = o_custkey WHERE o_orderstatus = 'F' GROUP BY c_mktsegment ORDER BY avg_order_value DESC;"
Q75_V008,Q_0835,"SELECT c_mktsegment, AVG(o_totalprice) AS avg_order_value, COUNT(*) AS total_orders FROM customer JOIN orders ON c_custkey = o_custkey HAVING COUNT(*) > 10000 GROUP BY c_mktsegment ORDER BY avg_order_value DESC;"
Q75_V009,Q_0836,"SELECT c_mktsegment, AVG(o_totalprice) AS avg_order_value FROM customer JOIN orders ON c_custkey = o_custkey GROUP BY c_mktsegment ORDER BY c_mktsegment;"
Q75_V010,Q_0837,"SELECT c_mktsegment, AVG(o_totalprice) AS avg_order_value, SUM(o_totalprice) AS total_revenue FROM customer JOIN orders ON c_custkey = o_custkey GROUP BY c_mktsegment ORDER BY avg_order_value DESC;"
Q75_V011,Q_0838,"SELECT c_mktsegment, COUNT(*) AS total_orders FROM customer JOIN orders ON c_custkey = o_custkey GROUP BY c_mktsegment ORDER BY total_orders DESC;"
Q76_V001,Q_0839,"SELECT s_name, COUNT(ps_partkey) AS parts_supplied FROM supplier JOIN partsupp ON s_suppkey = ps_suppkey GROUP BY s_name ORDER BY parts_supplied DESC LIMIT 20;"
Q76_V002,Q_0840,"SELECT s_name, COUNT(ps_partkey) AS parts_supplied FROM supplier JOIN partsupp ON s_suppkey = ps_suppkey GROUP BY s_name ORDER BY parts_supplied ASC LIMIT 20;"
Q76_V003,Q_0841,"SELECT s_name, COUNT(ps_partkey) AS parts_supplied FROM supplier JOIN partsupp ON s_suppkey = ps_suppkey GROUP BY s_name ORDER BY parts_supplied DESC LIMIT 10;"
Q76_V004,Q_0842,"SELECT s_name, SUM(ps_availqty) AS total_qty FROM supplier JOIN partsupp ON s_suppkey = ps_suppkey GROUP BY s_name ORDER BY total_qty DESC LIMIT 20;"
Q76_V005,Q_0843,"SELECT s_name, COUNT(ps_partkey) AS parts_supplied FROM supplier JOIN partsupp ON s_suppkey = ps_suppkey WHERE ps_supplycost < 100 GROUP BY s_name ORDER BY parts_supplied DESC LIMIT 20;"
Q76_V006,Q_0844,"SELECT s_name, COUNT(ps_partkey) AS parts_supplied, AVG(ps_supplycost) AS avg_cost FROM supplier JOIN partsupp ON s_suppkey = ps_suppkey GROUP BY s_name ORDER BY parts_supplied DESC LIMIT 20;"
Q76_V007,Q_0845,"SELECT s_nationkey, COUNT(ps_partkey) AS parts_supplied FROM supplier JOIN partsupp ON s_suppkey = ps_suppkey GROUP BY s_nationkey ORDER BY parts_supplied DESC;"
Q76_V008,Q_0846,"SELECT s_name, COUNT(ps_partkey) AS parts_supplied FROM supplier JOIN partsupp ON s_suppkey = ps_suppkey GROUP BY s_name HAVING COUNT(ps_partkey) > 100 ORDER BY parts_supplied DESC LIMIT 20;"
Q76_V009,Q_0847,"SELECT s_name, SUM(ps_supplycost * ps_availqty) AS supply_value FROM supplier JOIN partsupp ON s_suppkey = ps_suppkey GROUP BY s_name ORDER BY supply_value DESC LIMIT 20;"
Q76_V010,Q_0848,"SELECT s_name, MAX(ps_supplycost) AS max_cost FROM supplier JOIN partsupp ON s_suppkey = ps_suppkey GROUP BY s_name ORDER BY max_cost DESC LIMIT 20;"
Q76_V011,Q_0849,"SELECT s_name, COUNT(ps_partkey) AS parts_supplied FROM supplier JOIN partsupp ON s_suppkey = ps_suppkey WHERE ps_availqty > 5000 GROUP BY s_name ORDER BY parts_supplied DESC LIMIT 20;"
Q77_V001,Q_0850,"SELECT n_name, SUM(ps_supplycost * ps_availqty) AS total_supply_value FROM nation JOIN supplier ON n_nationkey = s_nationkey JOIN partsupp ON s_suppkey = ps_suppkey GROUP BY n_name ORDER BY total_supply_value DESC;"
Q77_V002,Q_0851,"SELECT n_name, SUM(ps_supplycost * ps_availqty) AS total_supply_value FROM nation JOIN supplier ON n_nationkey = s_nationkey JOIN partsupp ON s_suppkey = ps_suppkey GROUP BY n_name ORDER BY total_supply_value ASC;"
Q77_V003,Q_0852,"SELECT n_name, AVG(ps_supplycost) AS avg_cost FROM nation JOIN supplier ON n_nationkey = s_nationkey JOIN partsupp ON s_suppkey = ps_suppkey GROUP BY n_name ORDER BY avg_cost DESC;"
Q77_V004,Q_0853,"SELECT n_name, SUM(ps_availqty) AS total_qty FROM nation JOIN supplier ON n_nationkey = s_nationkey JOIN partsupp ON s_suppkey = ps_suppkey GROUP BY n_name ORDER BY total_qty DESC;"
Q77_V005,Q_0854,"SELECT n_name, COUNT(ps_partkey) AS part_count FROM nation JOIN supplier ON n_nationkey = s_nationkey JOIN partsupp ON s_suppkey = ps_suppkey GROUP BY n_name ORDER BY part_count DESC;"
Q77_V006,Q_0855,"SELECT n_name, SUM(ps_supplycost * ps_availqty) AS total_supply_value FROM nation JOIN supplier ON n_nationkey = s_nationkey JOIN partsupp ON s_suppkey = ps_suppkey WHERE ps_supplycost < 200 GROUP BY n_name ORDER BY total_supply_value DESC;"
Q77_V007,Q_0856,"SELECT n_name, MAX(ps_supplycost) AS max_cost FROM nation JOIN supplier ON n_nationkey = s_nationkey JOIN partsupp ON s_suppkey = ps_suppkey GROUP BY n_name ORDER BY max_cost DESC;"
Q77_V008,Q_0857,"SELECT n_name, SUM(ps_supplycost * ps_availqty) AS total_supply_value FROM nation JOIN supplier ON n_nationkey = s_nationkey JOIN partsupp ON s_suppkey = ps_suppkey GROUP BY n_name HAVING SUM(ps_supplycost * ps_availqty) > 1000000 ORDER BY total_supply_value DESC;"
Q77_V009,Q_0858,"SELECT n_name, COUNT(DISTINCT s_suppkey) AS supplier_count FROM nation JOIN supplier ON n_nationkey = s_nationkey GROUP BY n_name ORDER BY supplier_count DESC;"
Q77_V010,Q_0859,"SELECT n_name, SUM(ps_supplycost * ps_availqty) AS total_supply_value FROM nation JOIN supplier ON n_nationkey = s_nationkey JOIN partsupp ON s_suppkey = ps_suppkey GROUP BY n_name ORDER BY n_name;"
Q77_V011,Q_0860,"SELECT n_name, MIN(ps_supplycost) AS min_cost, MAX(ps_supplycost) AS max_cost FROM nation JOIN supplier ON n_nationkey = s_nationkey JOIN partsupp ON s_suppkey = ps_suppkey GROUP BY n_name ORDER BY n_name;"
Q78_V001,Q_0861,"SELECT c_custkey, c_name, COUNT(o_orderkey) AS order_count FROM customer JOIN orders ON c_custkey = o_custkey GROUP BY c_custkey, c_name HAVING COUNT(o_orderkey) > 20 ORDER BY order_count DESC;"
Q78_V002,Q_0862,"SELECT c_custkey, c_name, COUNT(o_orderkey) AS order_count FROM customer JOIN orders ON c_custkey = o_custkey GROUP BY c_custkey, c_name HAVING COUNT(o_orderkey) > 15 ORDER BY order_count DESC;"
Q78_V003,Q_0863,"SELECT c_custkey, c_name, COUNT(o_orderkey) AS order_count FROM customer JOIN orders ON c_custkey = o_custkey GROUP BY c_custkey, c_name HAVING COUNT(o_orderkey) > 25 ORDER BY order_count DESC;"
Q78_V004,Q_0864,"SELECT c_custkey, c_name, COUNT(o_orderkey) AS order_count FROM customer JOIN orders ON c_custkey = o_custkey WHERE o_orderdate >= DATE '1995-01-01' GROUP BY c_custkey, c_name HAVING COUNT(o_orderkey) > 20 ORDER BY order_count DESC;"
Q78_V005,Q_0865,"SELECT c_custkey, c_name, COUNT(o_orderkey) AS order_count, SUM(o_totalprice) AS total_spent FROM customer JOIN orders ON c_custkey = o_custkey GROUP BY c_custkey, c_name HAVING COUNT(o_orderkey) > 20 ORDER BY order_count DESC;"
Q78_V006,Q_0866,"SELECT c_custkey, c_name, COUNT(o_orderkey) AS order_count FROM customer JOIN orders ON c_custkey = o_custkey WHERE o_orderstatus = 'F' GROUP BY c_custkey, c_name HAVING COUNT(o_orderkey) > 20 ORDER BY order_count DESC;"
Q78_V007,Q_0867,"SELECT c_mktsegment, COUNT(o_orderkey) AS order_count FROM customer JOIN orders ON c_custkey = o_custkey GROUP BY c_mktsegment HAVING COUNT(o_orderkey) > 20000 ORDER BY order_count DESC;"
Q78_V008,Q_0868,"SELECT c_custkey, c_name, COUNT(o_orderkey) AS order_count FROM customer JOIN orders ON c_custkey = o_custkey GROUP BY c_custkey, c_name HAVING COUNT(o_orderkey) > 20 ORDER BY c_name;"
Q78_V009,Q_0869,"SELECT c_custkey, c_name, COUNT(o_orderkey) AS order_count FROM customer JOIN orders ON c_custkey = o_custkey GROUP BY c_custkey, c_name HAVING COUNT(o_orderkey) BETWEEN 20 AND 30 ORDER BY order_count DESC;"
Q78_V010,Q_0870,"SELECT c_custkey, c_name, COUNT(o_orderkey) AS order_count FROM customer JOIN orders ON c_custkey = o_custkey GROUP BY c_custkey, c_name HAVING COUNT(o_orderkey) > 20 ORDER BY order_count DESC LIMIT 50;"
Q78_V011,Q_0871,"SELECT c_nationkey, COUNT(o_orderkey) AS order_count FROM customer JOIN orders ON c_custkey = o_custkey GROUP BY c_nationkey HAVING COUNT(o_orderkey) > 1000 ORDER BY order_count DESC;"
Q79_V001,Q_0872,"SELECT l_shipmode, SUM(l_extendedprice * (1 - l_discount)) AS revenue FROM lineitem JOIN orders ON l_orderkey = o_orderkey GROUP BY l_shipmode ORDER BY revenue DESC;"
Q79_V002,Q_0873,"SELECT l_shipmode, SUM(l_extendedprice * (1 - l_discount)) AS revenue FROM lineitem JOIN orders ON l_orderkey = o_orderkey GROUP BY l_shipmode ORDER BY revenue ASC;"
Q79_V003,Q_0874,"SELECT l_shipmode, AVG(l_extendedprice * (1 - l_discount)) AS avg_revenue FROM lineitem JOIN orders ON l_orderkey = o_orderkey GROUP BY l_shipmode ORDER BY avg_revenue DESC;"
Q79_V004,Q_0875,"SELECT l_shipmode, SUM(l_extendedprice * (1 - l_discount)) AS revenue FROM lineitem JOIN orders ON l_orderkey = o_orderkey WHERE o_orderstatus = 'F' GROUP BY l_shipmode ORDER BY revenue DESC;"
Q79_V005,Q_0876,"SELECT l_shipmode, SUM(l_extendedprice * (1 - l_discount)) AS revenue, COUNT(*) AS line_count FROM lineitem JOIN orders ON l_orderkey = o_orderkey GROUP BY l_shipmode ORDER BY revenue DESC;"
Q79_V006,Q_0877,"SELECT l_shipmode, SUM(l_extendedprice * (1 - l_discount)) AS revenue FROM lineitem JOIN orders ON l_orderkey = o_orderkey WHERE l_shipdate >= DATE '1996-01-01' GROUP BY l_shipmode ORDER BY revenue DESC;"
Q79_V007,Q_0878,"SELECT l_shipinstruct, SUM(l_extendedprice * (1 - l_discount)) AS revenue FROM lineitem JOIN orders ON l_orderkey = o_orderkey GROUP BY l_shipinstruct ORDER BY revenue DESC;"
Q79_V008,Q_0879,"SELECT o_orderpriority, SUM(l_extendedprice * (1 - l_discount)) AS revenue FROM lineitem JOIN orders ON l_orderkey = o_orderkey GROUP BY o_orderpriority ORDER BY revenue DESC;"
Q79_V009,Q_0880,"SELECT l_shipmode, SUM(l_extendedprice) AS gross_revenue, SUM(l_extendedprice * (1 - l_discount)) AS net_revenue FROM lineitem JOIN orders ON l_orderkey = o_orderkey GROUP BY l_shipmode ORDER BY net_revenue DESC;"
Q79_V010,Q_0881,"SELECT l_shipmode, SUM(l_extendedprice * (1 - l_discount)) AS revenue FROM lineitem JOIN orders ON l_orderkey = o_orderkey WHERE l_discount > 0.05 GROUP BY l_shipmode ORDER BY revenue DESC;"
Q79_V011,Q_0882,"SELECT l_shipmode, COUNT(DISTINCT o_orderkey) AS order_count FROM lineitem JOIN orders ON l_orderkey = o_orderkey GROUP BY l_shipmode ORDER BY order_count DESC;"
Q80_V001,Q_0883,"SELECT p_brand, AVG(l_discount) AS avg_discount FROM part JOIN lineitem ON p_partkey = l_partkey GROUP BY p_brand ORDER BY avg_discount DESC;"
Q80_V002,Q_0884,"SELECT p_brand, AVG(l_discount) AS avg_discount FROM part JOIN lineitem ON p_partkey = l_partkey GROUP BY p_brand ORDER BY avg_discount ASC;"
Q80_V003,Q_0885,"SELECT p_brand, AVG(l_discount) AS avg_discount FROM part JOIN lineitem ON p_partkey = l_partkey WHERE l_shipdate >= DATE '1996-01-01' GROUP BY p_brand ORDER BY avg_discount DESC;"
Q80_V004,Q_0886,"SELECT p_brand, SUM(l_extendedprice * l_discount) AS total_discount FROM part JOIN lineitem ON p_partkey = l_partkey GROUP BY p_brand ORDER BY total_discount DESC;"
Q80_V005,Q_0887,"SELECT p_brand, AVG(l_discount) AS avg_discount, COUNT(*) AS line_count FROM part JOIN lineitem ON p_partkey = l_partkey GROUP BY p_brand ORDER BY avg_discount DESC;"
Q80_V006,Q_0888,"SELECT p_type, AVG(l_discount) AS avg_discount FROM part JOIN lineitem ON p_partkey = l_partkey GROUP BY p_type ORDER BY avg_discount DESC LIMIT 20;"
Q80_V007,Q_0889,"SELECT p_brand, AVG(l_discount) AS avg_discount FROM part JOIN lineitem ON p_partkey = l_partkey WHERE l_discount > 0 GROUP BY p_brand ORDER BY avg_discount DESC;"
Q80_V008,Q_0890,"SELECT p_brand, MIN(l_discount) AS min_discount, MAX(l_discount) AS max_discount FROM part JOIN lineitem ON p_partkey = l_partkey GROUP BY p_brand ORDER BY p_brand;"
Q80_V009,Q_0891,"SELECT p_container, AVG(l_discount) AS avg_discount FROM part JOIN lineitem ON p_partkey = l_partkey GROUP BY p_container ORDER BY avg_discount DESC;"
Q80_V010,Q_0892,"SELECT p_brand, AVG(l_discount) AS avg_discount FROM part JOIN lineitem ON p_partkey = l_partkey GROUP BY p_brand HAVING AVG(l_discount) > 0.05 ORDER BY avg_discount DESC;"
Q80_V011,Q_0893,"SELECT p_size, AVG(l_discount) AS avg_discount FROM part JOIN lineitem ON p_partkey = l_partkey GROUP BY p_size ORDER BY avg_discount DESC;"
Q81_V001,Q_0894,"SELECT o_orderkey, COUNT(l_linenumber) AS line_count FROM orders JOIN lineitem ON o_orderkey = l_orderkey GROUP BY o_orderkey HAVING COUNT(l_linenumber) > 5 ORDER BY line_count DESC LIMIT 50;"
Q81_V002,Q_0895,"SELECT o_orderkey, COUNT(l_linenumber) AS line_count FROM orders JOIN lineitem ON o_orderkey = l_orderkey GROUP BY o_orderkey HAVING COUNT(l_linenumber) > 3 ORDER BY line_count DESC LIMIT 50;"
Q81_V003,Q_0896,"SELECT o_orderkey, COUNT(l_linenumber) AS line_count FROM orders JOIN lineitem ON o_orderkey = l_orderkey GROUP BY o_orderkey HAVING COUNT(l_linenumber) > 7 ORDER BY line_count DESC LIMIT 50;"
Q81_V004,Q_0897,"SELECT o_orderkey, COUNT(l_linenumber) AS line_count FROM orders JOIN lineitem ON o_orderkey = l_orderkey GROUP BY o_orderkey HAVING COUNT(l_linenumber) > 5 ORDER BY line_count DESC LIMIT 100;"
Q81_V005,Q_0898,"SELECT o_orderkey, COUNT(l_linenumber) AS line_count, SUM(l_extendedprice) AS total_price FROM orders JOIN lineitem ON o_orderkey = l_orderkey GROUP BY o_orderkey HAVING COUNT(l_linenumber) > 5 ORDER BY line_count DESC LIMIT 50;"
Q81_V006,Q_0899,"SELECT o_orderkey, COUNT(l_linenumber) AS line_count FROM orders JOIN lineitem ON o_orderkey = l_orderkey WHERE o_orderstatus = 'F' GROUP BY o_orderkey HAVING COUNT(l_linenumber) > 5 ORDER BY line_count DESC LIMIT 50;"
Q81_V007,Q_0900,"SELECT o_custkey, COUNT(l_linenumber) AS total_lines FROM orders JOIN lineitem ON o_orderkey = l_orderkey GROUP BY o_custkey HAVING COUNT(l_linenumber) > 50 ORDER BY total_lines DESC LIMIT 50;"
Q81_V008,Q_0901,"SELECT o_orderkey, COUNT(l_linenumber) AS line_count FROM orders JOIN lineitem ON o_orderkey = l_orderkey GROUP BY o_orderkey HAVING COUNT(l_linenumber) = 7 ORDER BY line_count DESC LIMIT 50;"
Q81_V009,Q_0902,"SELECT o_orderkey, COUNT(l_linenumber) AS line_count FROM orders JOIN lineitem ON o_orderkey = l_orderkey WHERE o_orderdate >= DATE '1995-01-01' GROUP BY o_orderkey HAVING COUNT(l_linenumber) > 5 ORDER BY line_count DESC LIMIT 50;"
Q81_V010,Q_0903,"SELECT AVG(line_count) AS avg_lines FROM (SELECT o_orderkey, COUNT(l_linenumber) AS line_count FROM orders JOIN lineitem ON o_orderkey = l_orderkey GROUP BY o_orderkey) t;"
Q81_V011,Q_0904,"SELECT o_orderpriority, COUNT(*) AS multi_line_orders FROM orders JOIN lineitem ON o_orderkey = l_orderkey GROUP BY o_orderkey, o_orderpriority HAVING COUNT(l_linenumber) > 5 GROUP BY o_orderpriority ORDER BY multi_line_orders DESC;"
Q82_V001,Q_0905,"SELECT s_suppkey, s_name, SUM(ps_availqty) AS total_stock FROM supplier JOIN partsupp ON s_suppkey = ps_suppkey GROUP BY s_suppkey, s_name HAVING SUM(ps_availqty) > 50000 ORDER BY total_stock DESC;"
Q82_V002,Q_0906,"SELECT s_suppkey, s_name, SUM(ps_availqty) AS total_stock FROM supplier JOIN partsupp ON s_suppkey = ps_suppkey GROUP BY s_suppkey, s_name HAVING SUM(ps_availqty) > 30000 ORDER BY total_stock DESC;"
Q82_V003,Q_0907,"SELECT s_suppkey, s_name, SUM(ps_availqty) AS total_stock FROM supplier JOIN partsupp ON s_suppkey = ps_suppkey GROUP BY s_suppkey, s_name HAVING SUM(ps_availqty) > 100000 ORDER BY total_stock DESC;"
Q82_V004,Q_0908,"SELECT s_suppkey, s_name, SUM(ps_availqty) AS total_stock FROM supplier JOIN partsupp ON s_suppkey = ps_suppkey WHERE ps_supplycost < 200 GROUP BY s_suppkey, s_name HAVING SUM(ps_availqty) > 50000 ORDER BY total_stock DESC;"
Q82_V005,Q_0909,"SELECT s_suppkey, s_name, AVG(ps_availqty) AS avg_stock FROM supplier JOIN partsupp ON s_suppkey = ps_suppkey GROUP BY s_suppkey, s_name HAVING AVG(ps_availqty) > 5000 ORDER BY avg_stock DESC;"
Q82_V006,Q_0910,"SELECT s_suppkey, s_name, SUM(ps_availqty) AS total_stock, COUNT(ps_partkey) AS parts FROM supplier JOIN partsupp ON s_suppkey = ps_suppkey GROUP BY s_suppkey, s_name HAVING SUM(ps_availqty) > 50000 ORDER BY total_stock DESC;"
Q82_V007,Q_0911,"SELECT s_nationkey, SUM(ps_availqty) AS total_stock FROM supplier JOIN partsupp ON s_suppkey = ps_suppkey GROUP BY s_nationkey HAVING SUM(ps_availqty) > 500000 ORDER BY total_stock DESC;"
Q82_V008,Q_0912,"SELECT s_suppkey, s_name, SUM(ps_availqty) AS total_stock FROM supplier JOIN partsupp ON s_suppkey = ps_suppkey GROUP BY s_suppkey, s_name HAVING SUM(ps_availqty) > 50000 ORDER BY s_name;"
Q82_V009,Q_0913,"SELECT s_suppkey, s_name, SUM(ps_supplycost * ps_availqty) AS supply_value FROM supplier JOIN partsupp ON s_suppkey = ps_suppkey GROUP BY s_suppkey, s_name HAVING SUM(ps_supplycost * ps_availqty) > 5000000 ORDER BY supply_value DESC;"
Q82_V010,Q_0914,"SELECT s_suppkey, s_name, SUM(ps_availqty) AS total_stock FROM supplier JOIN partsupp ON s_suppkey = ps_suppkey GROUP BY s_suppkey, s_name HAVING SUM(ps_availqty) BETWEEN 50000 AND 100000 ORDER BY total_stock DESC;"
Q82_V011,Q_0915,"SELECT s_suppkey, s_name, MAX(ps_availqty) AS max_stock FROM supplier JOIN partsupp ON s_suppkey = ps_suppkey GROUP BY s_suppkey, s_name ORDER BY max_stock DESC LIMIT 20;"
Q83_V001,Q_0916,"SELECT r_name, SUM(o_totalprice) AS regional_revenue FROM region JOIN nation ON r_regionkey = n_regionkey JOIN customer ON n_nationkey = c_nationkey JOIN orders ON c_custkey = o_custkey GROUP BY r_name ORDER BY regional_revenue DESC;"
Q83_V002,Q_0917,"SELECT r_name, SUM(o_totalprice) AS regional_revenue FROM region JOIN nation ON r_regionkey = n_regionkey JOIN customer ON n_nationkey = c_nationkey JOIN orders ON c_custkey = o_custkey GROUP BY r_name ORDER BY regional_revenue ASC;"
Q83_V003,Q_0918,"SELECT r_name, AVG(o_totalprice) AS avg_order FROM region JOIN nation ON r_regionkey = n_regionkey JOIN customer ON n_nationkey = c_nationkey JOIN orders ON c_custkey = o_custkey GROUP BY r_name ORDER BY avg_order DESC;"
Q83_V004,Q_0919,"SELECT r_name, COUNT(o_orderkey) AS order_count FROM region JOIN nation ON r_regionkey = n_regionkey JOIN customer ON n_nationkey = c_nationkey JOIN orders ON c_custkey = o_custkey GROUP BY r_name ORDER BY order_count DESC;"
Q83_V005,Q_0920,"SELECT r_name, SUM(o_totalprice) AS regional_revenue FROM region JOIN nation ON r_regionkey = n_regionkey JOIN customer ON n_nationkey = c_nationkey JOIN orders ON c_custkey = o_custkey WHERE o_orderdate >= DATE '1995-01-01' GROUP BY r_name ORDER BY regional_revenue DESC;"
Q83_V006,Q_0921,"SELECT r_name, SUM(o_totalprice) AS regional_revenue, COUNT(o_orderkey) AS order_count FROM region JOIN nation ON r_regionkey = n_regionkey JOIN customer ON n_nationkey = c_nationkey JOIN orders ON c_custkey = o_custkey GROUP BY r_name ORDER BY regional_revenue DESC;"
Q83_V007,Q_0922,"SELECT r_name, COUNT(DISTINCT c_custkey) AS unique_customers FROM region JOIN nation ON r_regionkey = n_regionkey JOIN customer ON n_nationkey = c_nationkey GROUP BY r_name ORDER BY unique_customers DESC;"
Q83_V008,Q_0923,"SELECT r_name, MAX(o_totalprice) AS max_order FROM region JOIN nation ON r_regionkey = n_regionkey JOIN customer ON n_nationkey = c_nationkey JOIN orders ON c_custkey = o_custkey GROUP BY r_name ORDER BY max_order DESC;"
Q83_V009,Q_0924,"SELECT r_name, SUM(o_totalprice) AS regional_revenue FROM region JOIN nation ON r_regionkey = n_regionkey JOIN customer ON n_nationkey = c_nationkey JOIN orders ON c_custkey = o_custkey WHERE o_orderstatus = 'F' GROUP BY r_name ORDER BY regional_revenue DESC;"
Q83_V010,Q_0925,"SELECT r_name, AVG(o_totalprice) AS avg_order, MIN(o_totalprice) AS min_order FROM region JOIN nation ON r_regionkey = n_regionkey JOIN customer ON n_nationkey = c_nationkey JOIN orders ON c_custkey = o_custkey GROUP BY r_name ORDER BY avg_order DESC;"
Q83_V011,Q_0926,"SELECT r_name, COUNT(DISTINCT n_name) AS nation_count, SUM(o_totalprice) AS regional_revenue FROM region JOIN nation ON r_regionkey = n_regionkey JOIN customer ON n_nationkey = c_nationkey JOIN orders ON c_custkey = o_custkey GROUP BY r_name ORDER BY regional_revenue DESC;"
Q84_V001,Q_0927,"SELECT s_name, COUNT(ps_partkey) AS cheap_parts FROM supplier JOIN partsupp ON s_suppkey = ps_suppkey WHERE ps_supplycost < (SELECT AVG(ps_supplycost) FROM partsupp) GROUP BY s_name ORDER BY cheap_parts DESC LIMIT 20;"
Q84_V002,Q_0928,"SELECT s_name, COUNT(ps_partkey) AS cheap_parts FROM supplier JOIN partsupp ON s_suppkey = ps_suppkey WHERE ps_supplycost < (SELECT AVG(ps_supplycost) FROM partsupp) GROUP BY s_name ORDER BY cheap_parts ASC LIMIT 20;"
Q84_V003,Q_0929,"SELECT s_name, COUNT(ps_partkey) AS cheap_parts FROM supplier JOIN partsupp ON s_suppkey = ps_suppkey WHERE ps_supplycost < (SELECT AVG(ps_supplycost) FROM partsupp) * 0.9 GROUP BY s_name ORDER BY cheap_parts DESC LIMIT 20;"
Q84_V004,Q_0930,"SELECT s_name, COUNT(ps_partkey) AS cheap_parts FROM supplier JOIN partsupp ON s_suppkey = ps_suppkey WHERE ps_supplycost < (SELECT AVG(ps_supplycost) FROM partsupp) GROUP BY s_name HAVING COUNT(ps_partkey) > 50 ORDER BY cheap_parts DESC LIMIT 20;"
Q84_V005,Q_0931,"SELECT s_name, COUNT(ps_partkey) AS cheap_parts, AVG(ps_supplycost) AS avg_cost FROM supplier JOIN partsupp ON s_suppkey = ps_suppkey WHERE ps_supplycost < (SELECT AVG(ps_supplycost) FROM partsupp) GROUP BY s_name ORDER BY cheap_parts DESC LIMIT 20;"
Q84_V006,Q_0932,"SELECT s_name, SUM(ps_availqty) AS total_cheap_qty FROM supplier JOIN partsupp ON s_suppkey = ps_suppkey WHERE ps_supplycost < (SELECT AVG(ps_supplycost) FROM partsupp) GROUP BY s_name ORDER BY total_cheap_qty DESC LIMIT 20;"
Q84_V007,Q_0933,"SELECT s_nationkey, COUNT(ps_partkey) AS cheap_parts FROM supplier JOIN partsupp ON s_suppkey = ps_suppkey WHERE ps_supplycost < (SELECT AVG(ps_supplycost) FROM partsupp) GROUP BY s_nationkey ORDER BY cheap_parts DESC;"
Q84_V008,Q_0934,"SELECT s_name, COUNT(ps_partkey) AS cheap_parts FROM supplier JOIN partsupp ON s_suppkey = ps_suppkey WHERE ps_supplycost < (SELECT MIN(ps_supplycost) FROM partsupp) + 10 GROUP BY s_name ORDER BY cheap_parts DESC LIMIT 20;"
Q84_V009,Q_0935,"SELECT s_name, COUNT(ps_partkey) AS cheap_parts FROM supplier JOIN partsupp ON s_suppkey = ps_suppkey WHERE ps_supplycost < (SELECT AVG(ps_supplycost) FROM partsupp) AND ps_availqty > 1000 GROUP BY s_name ORDER BY cheap_parts DESC LIMIT 20;"
Q84_V010,Q_0936,"SELECT s_name, COUNT(ps_partkey) AS cheap_parts FROM supplier JOIN partsupp ON s_suppkey = ps_suppkey WHERE ps_supplycost < 100 GROUP BY s_name ORDER BY cheap_parts DESC LIMIT 20;"
Q84_V011,Q_0937,"SELECT s_name, MIN(ps_supplycost) AS min_cost FROM supplier JOIN partsupp ON s_suppkey = ps_suppkey GROUP BY s_name HAVING MIN(ps_supplycost) < (SELECT AVG(ps_supplycost) FROM partsupp) ORDER BY min_cost ASC LIMIT 20;"
Q85_V001,Q_0938,"SELECT EXTRACT(YEAR FROM l_shipdate) AS ship_year, SUM(l_quantity) AS total_qty FROM lineitem GROUP BY ship_year ORDER BY ship_year;"
Q85_V002,Q_0939,"SELECT EXTRACT(YEAR FROM l_shipdate) AS ship_year, SUM(l_quantity) AS total_qty FROM lineitem GROUP BY ship_year ORDER BY total_qty DESC;"
Q85_V003,Q_0940,"SELECT EXTRACT(YEAR FROM l_shipdate) AS ship_year, AVG(l_quantity) AS avg_qty FROM lineitem GROUP BY ship_year ORDER BY ship_year;"
Q85_V004,Q_0941,"SELECT EXTRACT(YEAR FROM l_shipdate) AS ship_year, COUNT(*) AS line_count FROM lineitem GROUP BY ship_year ORDER BY ship_year;"
Q85_V005,Q_0942,"SELECT EXTRACT(YEAR FROM l_shipdate) AS ship_year, SUM(l_quantity) AS total_qty FROM lineitem WHERE EXTRACT(YEAR FROM l_shipdate) >= 1993 GROUP BY ship_year ORDER BY ship_year;"
Q85_V006,Q_0943,"SELECT EXTRACT(YEAR FROM l_shipdate) AS ship_year, SUM(l_quantity) AS total_qty FROM lineitem WHERE EXTRACT(YEAR FROM l_shipdate) <= 1997 GROUP BY ship_year ORDER BY ship_year;"
Q85_V007,Q_0944,"SELECT EXTRACT(YEAR FROM l_shipdate) AS ship_year, SUM(l_quantity) AS total_qty FROM lineitem GROUP BY ship_year HAVING SUM(l_quantity) > 50000 ORDER BY ship_year;"
Q85_V008,Q_0945,"SELECT EXTRACT(MONTH FROM l_shipdate) AS ship_month, SUM(l_quantity) AS total_qty FROM lineitem GROUP BY ship_month ORDER BY ship_month;"
Q85_V009,Q_0946,"SELECT EXTRACT(YEAR FROM l_shipdate) AS ship_year, MAX(l_quantity) AS max_qty FROM lineitem GROUP BY ship_year ORDER BY ship_year;"
Q85_V010,Q_0947,"SELECT EXTRACT(YEAR FROM l_shipdate) AS ship_year, SUM(l_quantity) AS total_qty FROM lineitem WHERE l_shipdate BETWEEN DATE '1994-01-01' AND DATE '1998-12-31' GROUP BY ship_year ORDER BY total_qty ASC;"
Q85_V011,Q_0948,"SELECT EXTRACT(YEAR FROM l_shipdate) AS ship_year, EXTRACT(QUARTER FROM l_shipdate) AS ship_qtr, SUM(l_quantity) AS total_qty FROM lineitem GROUP BY ship_year, ship_qtr ORDER BY ship_year, ship_qtr;"
Q86_V001,Q_0949,"SELECT c_custkey, c_name FROM customer LEFT JOIN orders ON c_custkey = o_custkey WHERE o_orderkey IS NULL;"
Q86_V002,Q_0950,"SELECT c_custkey, c_name FROM customer LEFT JOIN orders ON c_custkey = o_custkey WHERE o_orderkey IS NULL ORDER BY c_custkey;"
Q86_V003,Q_0951,"SELECT c_custkey, c_name, c_mktsegment FROM customer LEFT JOIN orders ON c_custkey = o_custkey WHERE o_orderkey IS NULL;"
Q86_V004,Q_0952,"SELECT c_custkey, c_name FROM customer WHERE c_custkey NOT IN (SELECT DISTINCT o_custkey FROM orders);"
Q86_V005,Q_0953,"SELECT c_custkey, c_name FROM customer LEFT JOIN orders ON c_custkey = o_custkey WHERE o_orderkey IS NULL AND c_mktsegment = 'BUILDING';"
Q86_V006,Q_0954,"SELECT c_custkey, c_name FROM customer LEFT JOIN orders ON c_custkey = o_custkey WHERE o_orderkey IS NULL AND c_mktsegment = 'AUTOMOBILE';"
Q86_V007,Q_0955,SELECT COUNT(*) AS no_order_customers FROM customer LEFT JOIN orders ON c_custkey = o_custkey WHERE o_orderkey IS NULL;
Q86_V008,Q_0956,"SELECT c_mktsegment, COUNT(*) AS inactive_count FROM customer LEFT JOIN orders ON c_custkey = o_custkey WHERE o_orderkey IS NULL GROUP BY c_mktsegment ORDER BY inactive_count DESC;"
Q86_V009,Q_0957,"SELECT c_custkey, c_name FROM customer LEFT JOIN orders ON c_custkey = o_custkey WHERE o_orderkey IS NULL AND c_acctbal > 0 ORDER BY c_acctbal DESC;"
Q86_V010,Q_0958,"SELECT c_custkey, c_name, c_acctbal FROM customer LEFT JOIN orders ON c_custkey = o_custkey WHERE o_orderkey IS NULL AND c_acctbal <= 0;"
Q86_V011,Q_0959,"SELECT n_name, COUNT(*) AS customers_without_orders FROM nation JOIN customer ON n_nationkey = c_nationkey LEFT JOIN orders ON c_custkey = o_custkey WHERE o_orderkey IS NULL GROUP BY n_name ORDER BY customers_without_orders DESC;"
Q87_V001,Q_0960,SELECT SUM(o_totalprice) AS urgent_revenue FROM orders WHERE o_orderpriority = '1-URGENT';
Q87_V002,Q_0961,SELECT SUM(o_totalprice) AS high_revenue FROM orders WHERE o_orderpriority = '2-HIGH';
Q87_V003,Q_0962,SELECT SUM(o_totalprice) AS medium_revenue FROM orders WHERE o_orderpriority = '3-MEDIUM';
Q87_V004,Q_0963,"SELECT o_orderpriority, SUM(o_totalprice) AS revenue FROM orders GROUP BY o_orderpriority ORDER BY o_orderpriority;"
Q87_V005,Q_0964,SELECT SUM(o_totalprice) AS urgent_revenue FROM orders WHERE o_orderpriority = '1-URGENT' AND o_orderdate >= DATE '1995-01-01';
Q87_V006,Q_0965,SELECT SUM(o_totalprice) AS urgent_revenue FROM orders WHERE o_orderpriority = '1-URGENT' AND o_orderdate <= DATE '1996-12-31';
Q87_V007,Q_0966,"SELECT COUNT(*) AS urgent_count, SUM(o_totalprice) AS urgent_revenue FROM orders WHERE o_orderpriority = '1-URGENT';"
Q87_V008,Q_0967,"SELECT SUM(o_totalprice) AS urgent_revenue FROM orders WHERE o_orderpriority IN ('1-URGENT', '2-HIGH');"
Q87_V009,Q_0968,SELECT AVG(o_totalprice) AS avg_urgent_price FROM orders WHERE o_orderpriority = '1-URGENT';
Q87_V010,Q_0969,"SELECT EXTRACT(YEAR FROM o_orderdate) AS yr, SUM(o_totalprice) AS urgent_revenue FROM orders WHERE o_orderpriority = '1-URGENT' GROUP BY yr ORDER BY yr;"
Q87_V011,Q_0970,SELECT SUM(o_totalprice) AS urgent_revenue FROM orders WHERE o_orderpriority = '1-URGENT' AND o_totalprice > 100000;
Q88_V001,Q_0971,"SELECT c_custkey, c_name, COUNT(DISTINCT l_partkey) AS distinct_parts FROM customer JOIN orders ON c_custkey = o_custkey JOIN lineitem ON o_orderkey = l_orderkey GROUP BY c_custkey, c_name ORDER BY distinct_parts DESC LIMIT 20;"
Q88_V002,Q_0972,"SELECT c_custkey, c_name, COUNT(DISTINCT l_partkey) AS distinct_parts FROM customer JOIN orders ON c_custkey = o_custkey JOIN lineitem ON o_orderkey = l_orderkey GROUP BY c_custkey, c_name ORDER BY distinct_parts ASC LIMIT 20;"
Q88_V003,Q_0973,"SELECT c_custkey, c_name, COUNT(DISTINCT l_partkey) AS distinct_parts FROM customer JOIN orders ON c_custkey = o_custkey JOIN lineitem ON o_orderkey = l_orderkey GROUP BY c_custkey, c_name HAVING COUNT(DISTINCT l_partkey) > 10 ORDER BY distinct_parts DESC;"
Q88_V004,Q_0974,"SELECT c_custkey, c_name, COUNT(DISTINCT l_partkey) AS distinct_parts FROM customer JOIN orders ON c_custkey = o_custkey JOIN lineitem ON o_orderkey = l_orderkey GROUP BY c_custkey, c_name ORDER BY distinct_parts DESC LIMIT 50;"
Q88_V005,Q_0975,"SELECT c_custkey, c_name, COUNT(DISTINCT l_suppkey) AS distinct_suppliers FROM customer JOIN orders ON c_custkey = o_custkey JOIN lineitem ON o_orderkey = l_orderkey GROUP BY c_custkey, c_name ORDER BY distinct_suppliers DESC LIMIT 20;"
Q88_V006,Q_0976,"SELECT c_mktsegment, AVG(dp.distinct_parts) AS avg_distinct_parts FROM customer JOIN (SELECT o_custkey, COUNT(DISTINCT l_partkey) AS distinct_parts FROM orders JOIN lineitem ON o_orderkey = l_orderkey GROUP BY o_custkey) dp ON c_custkey = dp.o_custkey GROUP BY c_mktsegment ORDER BY avg_distinct_parts DESC;"
Q88_V007,Q_0977,"SELECT c_custkey, c_name, COUNT(DISTINCT l_partkey) AS distinct_parts FROM customer JOIN orders ON c_custkey = o_custkey JOIN lineitem ON o_orderkey = l_orderkey WHERE o_orderdate >= DATE '1996-01-01' GROUP BY c_custkey, c_name ORDER BY distinct_parts DESC LIMIT 20;"
Q88_V008,Q_0978,"SELECT c_custkey, c_name, COUNT(DISTINCT l_partkey) AS distinct_parts FROM customer JOIN orders ON c_custkey = o_custkey JOIN lineitem ON o_orderkey = l_orderkey WHERE o_orderdate <= DATE '1995-12-31' GROUP BY c_custkey, c_name ORDER BY distinct_parts DESC LIMIT 20;"
Q88_V009,Q_0979,"SELECT c_custkey, c_name, COUNT(DISTINCT l_partkey) AS distinct_parts FROM customer JOIN orders ON c_custkey = o_custkey JOIN lineitem ON o_orderkey = l_orderkey WHERE o_orderpriority = '1-URGENT' GROUP BY c_custkey, c_name ORDER BY distinct_parts DESC LIMIT 20;"
Q88_V010,Q_0980,"SELECT c_custkey, c_name, COUNT(*) AS total_lineitems FROM customer JOIN orders ON c_custkey = o_custkey JOIN lineitem ON o_orderkey = l_orderkey GROUP BY c_custkey, c_name ORDER BY total_lineitems DESC LIMIT 20;"
Q88_V011,Q_0981,"SELECT c_custkey, c_name, COUNT(DISTINCT l_partkey) AS distinct_parts FROM customer JOIN orders ON c_custkey = o_custkey JOIN lineitem ON o_orderkey = l_orderkey WHERE c_mktsegment = 'BUILDING' GROUP BY c_custkey, c_name ORDER BY distinct_parts DESC LIMIT 20;"
Q89_V001,Q_0982,SELECT AVG(l_shipdate - o_orderdate) AS avg_days_to_ship FROM orders JOIN lineitem ON o_orderkey = l_orderkey;
Q89_V002,Q_0983,SELECT AVG(l_shipdate - o_orderdate) AS avg_days_to_ship FROM orders JOIN lineitem ON o_orderkey = l_orderkey WHERE o_orderdate >= DATE '1995-01-01';
Q89_V003,Q_0984,SELECT AVG(l_shipdate - o_orderdate) AS avg_days_to_ship FROM orders JOIN lineitem ON o_orderkey = l_orderkey WHERE o_orderdate <= DATE '1996-12-31';
Q89_V004,Q_0985,SELECT AVG(l_commitdate - o_orderdate) AS avg_days_to_commit FROM orders JOIN lineitem ON o_orderkey = l_orderkey;
Q89_V005,Q_0986,SELECT AVG(l_receiptdate - l_shipdate) AS avg_transit_days FROM lineitem;
Q89_V006,Q_0987,"SELECT o_orderpriority, AVG(l_shipdate - o_orderdate) AS avg_days_to_ship FROM orders JOIN lineitem ON o_orderkey = l_orderkey GROUP BY o_orderpriority ORDER BY o_orderpriority;"
Q89_V007,Q_0988,"SELECT EXTRACT(YEAR FROM o_orderdate) AS yr, AVG(l_shipdate - o_orderdate) AS avg_days_to_ship FROM orders JOIN lineitem ON o_orderkey = l_orderkey GROUP BY yr ORDER BY yr;"
Q89_V008,Q_0989,"SELECT l_shipmode, AVG(l_shipdate - o_orderdate) AS avg_days_to_ship FROM orders JOIN lineitem ON o_orderkey = l_orderkey GROUP BY l_shipmode ORDER BY avg_days_to_ship;"
Q89_V009,Q_0990,"SELECT MAX(l_shipdate - o_orderdate) AS max_days_to_ship, MIN(l_shipdate - o_orderdate) AS min_days_to_ship FROM orders JOIN lineitem ON o_orderkey = l_orderkey;"
Q89_V010,Q_0991,SELECT AVG(l_shipdate - o_orderdate) AS avg_days_to_ship FROM orders JOIN lineitem ON o_orderkey = l_orderkey WHERE o_orderpriority = '1-URGENT';
Q89_V011,Q_0992,SELECT AVG(l_shipdate - o_orderdate) AS avg_days_to_ship FROM orders JOIN lineitem ON o_orderkey = l_orderkey WHERE l_shipdate - o_orderdate > 7;
Q90_V001,Q_0993,"SELECT p_type, AVG(p_retailprice) AS avg_price FROM part GROUP BY p_type HAVING AVG(p_retailprice) > 1200 ORDER BY avg_price DESC;"
Q90_V002,Q_0994,"SELECT p_type, AVG(p_retailprice) AS avg_price FROM part GROUP BY p_type HAVING AVG(p_retailprice) > 1500 ORDER BY avg_price DESC;"
Q90_V003,Q_0995,"SELECT p_type, AVG(p_retailprice) AS avg_price FROM part GROUP BY p_type HAVING AVG(p_retailprice) < 1200 ORDER BY avg_price ASC;"
Q90_V004,Q_0996,"SELECT p_type, AVG(p_retailprice) AS avg_price FROM part GROUP BY p_type HAVING AVG(p_retailprice) >= 1000 ORDER BY avg_price DESC;"
Q90_V005,Q_0997,"SELECT p_type, MIN(p_retailprice) AS min_price, MAX(p_retailprice) AS max_price, AVG(p_retailprice) AS avg_price FROM part GROUP BY p_type ORDER BY avg_price DESC;"
Q90_V006,Q_0998,"SELECT p_type, COUNT(*) AS part_count, AVG(p_retailprice) AS avg_price FROM part GROUP BY p_type HAVING AVG(p_retailprice) > 1200 ORDER BY part_count DESC;"
Q90_V007,Q_0999,"SELECT p_brand, AVG(p_retailprice) AS avg_price FROM part GROUP BY p_brand HAVING AVG(p_retailprice) > 1200 ORDER BY avg_price DESC;"
Q90_V008,Q_1000,"SELECT p_type, AVG(p_retailprice) AS avg_price FROM part WHERE p_size > 10 GROUP BY p_type HAVING AVG(p_retailprice) > 1200 ORDER BY avg_price DESC;"
Q90_V009,Q_1001,"SELECT p_type, AVG(p_retailprice) AS avg_price FROM part WHERE p_size <= 30 GROUP BY p_type HAVING AVG(p_retailprice) > 1200 ORDER BY avg_price DESC;"
Q90_V010,Q_1002,"SELECT p_type, SUM(p_retailprice) AS total_price FROM part GROUP BY p_type ORDER BY total_price DESC LIMIT 10;"
Q90_V011,Q_1003,"SELECT p_container, AVG(p_retailprice) AS avg_price FROM part GROUP BY p_container HAVING AVG(p_retailprice) > 1200 ORDER BY avg_price DESC;"
Q91_V001,Q_1004,"SELECT n_name, SUM(l_extendedprice * (1 - l_discount)) AS revenue FROM nation JOIN customer ON n_nationkey = c_nationkey JOIN orders ON c_custkey = o_custkey JOIN lineitem ON o_orderkey = l_orderkey GROUP BY n_name ORDER BY revenue DESC LIMIT 10;"
Q91_V002,Q_1005,"SELECT n_name, SUM(l_extendedprice * (1 - l_discount)) AS revenue FROM nation JOIN customer ON n_nationkey = c_nationkey JOIN orders ON c_custkey = o_custkey JOIN lineitem ON o_orderkey = l_orderkey GROUP BY n_name ORDER BY revenue ASC LIMIT 10;"
Q91_V003,Q_1006,"SELECT n_name, SUM(l_extendedprice * (1 - l_discount)) AS revenue FROM nation JOIN customer ON n_nationkey = c_nationkey JOIN orders ON c_custkey = o_custkey JOIN lineitem ON o_orderkey = l_orderkey WHERE o_orderdate >= DATE '1996-01-01' GROUP BY n_name ORDER BY revenue DESC LIMIT 10;"
Q91_V004,Q_1007,"SELECT n_name, SUM(l_extendedprice * (1 - l_discount)) AS revenue FROM nation JOIN customer ON n_nationkey = c_nationkey JOIN orders ON c_custkey = o_custkey JOIN lineitem ON o_orderkey = l_orderkey WHERE o_orderdate <= DATE '1995-12-31' GROUP BY n_name ORDER BY revenue DESC LIMIT 10;"
Q91_V005,Q_1008,"SELECT n_name, COUNT(*) AS order_count FROM nation JOIN customer ON n_nationkey = c_nationkey JOIN orders ON c_custkey = o_custkey GROUP BY n_name ORDER BY order_count DESC LIMIT 10;"
Q91_V006,Q_1009,"SELECT n_name, AVG(l_extendedprice * (1 - l_discount)) AS avg_revenue FROM nation JOIN customer ON n_nationkey = c_nationkey JOIN orders ON c_custkey = o_custkey JOIN lineitem ON o_orderkey = l_orderkey GROUP BY n_name ORDER BY avg_revenue DESC LIMIT 10;"
Q91_V007,Q_1010,"SELECT n_name, SUM(l_extendedprice * (1 - l_discount)) AS revenue FROM nation JOIN customer ON n_nationkey = c_nationkey JOIN orders ON c_custkey = o_custkey JOIN lineitem ON o_orderkey = l_orderkey WHERE o_orderpriority = '1-URGENT' GROUP BY n_name ORDER BY revenue DESC LIMIT 10;"
Q91_V008,Q_1011,"SELECT n_name, SUM(l_extendedprice * (1 - l_discount)) AS revenue FROM nation JOIN customer ON n_nationkey = c_nationkey JOIN orders ON c_custkey = o_custkey JOIN lineitem ON o_orderkey = l_orderkey GROUP BY n_name ORDER BY revenue DESC;"
Q91_V009,Q_1012,"SELECT r_name, SUM(l_extendedprice * (1 - l_discount)) AS revenue FROM region JOIN nation ON r_regionkey = n_regionkey JOIN customer ON n_nationkey = c_nationkey JOIN orders ON c_custkey = o_custkey JOIN lineitem ON o_orderkey = l_orderkey GROUP BY r_name ORDER BY revenue DESC;"
Q91_V010,Q_1013,"SELECT n_name, SUM(l_extendedprice * (1 - l_discount)) AS revenue FROM nation JOIN customer ON n_nationkey = c_nationkey JOIN orders ON c_custkey = o_custkey JOIN lineitem ON o_orderkey = l_orderkey WHERE l_discount < 0.05 GROUP BY n_name ORDER BY revenue DESC LIMIT 10;"
Q91_V011,Q_1014,"SELECT n_name, SUM(l_extendedprice * (1 - l_discount)) AS revenue FROM nation JOIN customer ON n_nationkey = c_nationkey JOIN orders ON c_custkey = o_custkey JOIN lineitem ON o_orderkey = l_orderkey WHERE l_discount >= 0.05 GROUP BY n_name ORDER BY revenue DESC LIMIT 10;"
Q92_V001,Q_1015,"SELECT s_suppkey, s_name, SUM(ps_supplycost * ps_availqty) AS total_value FROM supplier JOIN partsupp ON s_suppkey = ps_suppkey GROUP BY s_suppkey, s_name HAVING SUM(ps_supplycost * ps_availqty) > ( SELECT AVG(total) FROM ( SELECT SUM(ps_supplycost * ps_availqty) AS total FROM partsupp GROUP BY ps_suppkey ) t ) ORDER BY total_value DESC;"
Q92_V002,Q_1016,"SELECT s_suppkey, s_name, SUM(ps_supplycost * ps_availqty) AS total_value FROM supplier JOIN partsupp ON s_suppkey = ps_suppkey GROUP BY s_suppkey, s_name ORDER BY total_value ASC LIMIT 20;"
Q92_V003,Q_1017,"SELECT s_suppkey, s_name, SUM(ps_supplycost * ps_availqty) AS total_value FROM supplier JOIN partsupp ON s_suppkey = ps_suppkey GROUP BY s_suppkey, s_name HAVING SUM(ps_supplycost * ps_availqty) > 1000000 ORDER BY total_value DESC;"
Q92_V004,Q_1018,"SELECT s_suppkey, s_name, AVG(ps_supplycost * ps_availqty) AS avg_value FROM supplier JOIN partsupp ON s_suppkey = ps_suppkey GROUP BY s_suppkey, s_name ORDER BY avg_value DESC LIMIT 20;"
Q92_V005,Q_1019,"SELECT s_suppkey, s_name, COUNT(*) AS part_count FROM supplier JOIN partsupp ON s_suppkey = ps_suppkey GROUP BY s_suppkey, s_name ORDER BY part_count DESC LIMIT 20;"
Q92_V006,Q_1020,"SELECT s_suppkey, s_name, SUM(ps_supplycost * ps_availqty) AS total_value FROM supplier JOIN partsupp ON s_suppkey = ps_suppkey WHERE ps_supplycost > 100 GROUP BY s_suppkey, s_name HAVING SUM(ps_supplycost * ps_availqty) > (SELECT AVG(total) FROM (SELECT SUM(ps_supplycost * ps_availqty) AS total FROM partsupp GROUP BY ps_suppkey) t) ORDER BY total_value DESC;"
Q92_V007,Q_1021,"SELECT s_suppkey, s_name, SUM(ps_supplycost * ps_availqty) AS total_value FROM supplier JOIN partsupp ON s_suppkey = ps_suppkey WHERE ps_supplycost <= 100 GROUP BY s_suppkey, s_name HAVING SUM(ps_supplycost * ps_availqty) > (SELECT AVG(total) FROM (SELECT SUM(ps_supplycost * ps_availqty) AS total FROM partsupp GROUP BY ps_suppkey) t) ORDER BY total_value DESC;"
Q92_V008,Q_1022,"SELECT s_suppkey, s_name, MAX(ps_supplycost) AS max_cost FROM supplier JOIN partsupp ON s_suppkey = ps_suppkey GROUP BY s_suppkey, s_name ORDER BY max_cost DESC LIMIT 20;"
Q92_V009,Q_1023,"SELECT n_name, SUM(ps_supplycost * ps_availqty) AS total_value FROM nation JOIN supplier ON n_nationkey = s_nationkey JOIN partsupp ON s_suppkey = ps_suppkey GROUP BY n_name ORDER BY total_value DESC;"
Q92_V010,Q_1024,"SELECT s_suppkey, s_name, SUM(ps_availqty) AS total_qty FROM supplier JOIN partsupp ON s_suppkey = ps_suppkey GROUP BY s_suppkey, s_name ORDER BY total_qty DESC LIMIT 20;"
Q92_V011,Q_1025,"SELECT s_suppkey, s_name, MIN(ps_supplycost) AS min_cost FROM supplier JOIN partsupp ON s_suppkey = ps_suppkey GROUP BY s_suppkey, s_name ORDER BY min_cost ASC LIMIT 20;"
Q93_V001,Q_1026,"SELECT l_returnflag, l_linestatus, COUNT(*) AS cnt, SUM(l_extendedprice) AS gross_revenue, SUM(l_extendedprice * (1 - l_discount)) AS net_revenue FROM lineitem GROUP BY l_returnflag, l_linestatus ORDER BY l_returnflag, l_linestatus;"
Q93_V002,Q_1027,"SELECT l_returnflag, l_linestatus, COUNT(*) AS cnt, SUM(l_extendedprice) AS gross_revenue, SUM(l_extendedprice * (1 - l_discount)) AS net_revenue FROM lineitem WHERE l_shipdate <= DATE '1998-09-02' GROUP BY l_returnflag, l_linestatus ORDER BY l_returnflag, l_linestatus;"
Q93_V003,Q_1028,"SELECT l_returnflag, l_linestatus, COUNT(*) AS cnt, AVG(l_extendedprice) AS avg_revenue FROM lineitem GROUP BY l_returnflag, l_linestatus ORDER BY l_returnflag, l_linestatus;"
Q93_V004,Q_1029,"SELECT l_returnflag, COUNT(*) AS cnt, SUM(l_extendedprice * (1 - l_discount)) AS net_revenue FROM lineitem GROUP BY l_returnflag ORDER BY l_returnflag;"
Q93_V005,Q_1030,"SELECT l_linestatus, COUNT(*) AS cnt, SUM(l_extendedprice * (1 - l_discount)) AS net_revenue FROM lineitem GROUP BY l_linestatus ORDER BY l_linestatus;"
Q93_V006,Q_1031,"SELECT l_returnflag, l_linestatus, SUM(l_quantity) AS total_qty, SUM(l_extendedprice * (1 - l_discount)) AS net_revenue FROM lineitem WHERE l_shipdate >= DATE '1994-01-01' GROUP BY l_returnflag, l_linestatus ORDER BY l_returnflag, l_linestatus;"
Q93_V007,Q_1032,"SELECT l_returnflag, l_linestatus, SUM(l_extendedprice * (1 - l_discount) * (1 + l_tax)) AS total_charge FROM lineitem GROUP BY l_returnflag, l_linestatus ORDER BY l_returnflag, l_linestatus;"
Q93_V008,Q_1033,"SELECT l_returnflag, l_linestatus, COUNT(*) AS cnt, SUM(l_extendedprice) AS gross_revenue, SUM(l_extendedprice * (1 - l_discount)) AS net_revenue FROM lineitem WHERE l_discount >= 0.05 GROUP BY l_returnflag, l_linestatus ORDER BY l_returnflag, l_linestatus;"
Q93_V009,Q_1034,"SELECT l_returnflag, l_linestatus, COUNT(*) AS cnt, SUM(l_extendedprice) AS gross_revenue, SUM(l_extendedprice * (1 - l_discount)) AS net_revenue FROM lineitem WHERE l_discount <= 0.05 GROUP BY l_returnflag, l_linestatus ORDER BY l_returnflag, l_linestatus;"
Q93_V010,Q_1035,"SELECT l_returnflag, l_linestatus, AVG(l_discount) AS avg_discount, SUM(l_extendedprice * (1 - l_discount)) AS net_revenue FROM lineitem GROUP BY l_returnflag, l_linestatus ORDER BY net_revenue DESC;"
Q93_V011,Q_1036,"SELECT l_returnflag, l_linestatus, STDDEV(l_extendedprice) AS price_stddev, COUNT(*) AS cnt FROM lineitem GROUP BY l_returnflag, l_linestatus ORDER BY l_returnflag, l_linestatus;"
Q94_V001,Q_1037,"SELECT o_orderkey, o_orderdate, o_totalprice, o_orderpriority FROM orders WHERE o_orderdate > DATE '1997-01-01' AND o_totalprice > 100000 ORDER BY o_totalprice DESC LIMIT 50;"
Q94_V002,Q_1038,"SELECT o_orderkey, o_orderdate, o_totalprice, o_orderpriority FROM orders WHERE o_orderdate > DATE '1996-01-01' AND o_totalprice > 100000 ORDER BY o_totalprice DESC LIMIT 50;"
Q94_V003,Q_1039,"SELECT o_orderkey, o_orderdate, o_totalprice, o_orderpriority FROM orders WHERE o_orderdate < DATE '1997-01-01' AND o_totalprice > 100000 ORDER BY o_totalprice DESC LIMIT 50;"
Q94_V004,Q_1040,"SELECT o_orderkey, o_orderdate, o_totalprice, o_orderpriority FROM orders WHERE o_orderdate >= DATE '1995-01-01' AND o_totalprice >= 150000 ORDER BY o_totalprice DESC LIMIT 50;"
Q94_V005,Q_1041,"SELECT o_orderkey, o_orderdate, o_totalprice, o_orderpriority FROM orders WHERE o_orderdate <= DATE '1997-12-31' AND o_totalprice > 100000 ORDER BY o_orderdate DESC LIMIT 50;"
Q94_V006,Q_1042,"SELECT o_orderkey, o_orderdate, o_totalprice, o_orderpriority FROM orders WHERE o_orderdate > DATE '1997-01-01' AND o_totalprice > 200000 ORDER BY o_totalprice DESC LIMIT 50;"
Q94_V007,Q_1043,"SELECT o_orderkey, o_orderdate, o_totalprice, o_orderpriority FROM orders WHERE o_orderdate > DATE '1997-01-01' AND o_totalprice BETWEEN 100000 AND 200000 ORDER BY o_totalprice DESC LIMIT 50;"
Q94_V008,Q_1044,"SELECT o_orderkey, o_orderdate, o_totalprice, o_orderpriority FROM orders WHERE o_orderdate > DATE '1997-01-01' AND o_totalprice > 100000 AND o_orderpriority = '1-URGENT' ORDER BY o_totalprice DESC LIMIT 50;"
Q94_V009,Q_1045,"SELECT o_orderkey, o_orderdate, o_totalprice, o_orderpriority FROM orders WHERE o_orderdate BETWEEN DATE '1996-01-01' AND DATE '1998-12-31' AND o_totalprice > 100000 ORDER BY o_totalprice DESC LIMIT 100;"
Q94_V010,Q_1046,"SELECT o_orderpriority, COUNT(*) AS cnt, SUM(o_totalprice) AS revenue FROM orders WHERE o_orderdate > DATE '1997-01-01' AND o_totalprice > 100000 GROUP BY o_orderpriority ORDER BY revenue DESC;"
Q94_V011,Q_1047,"SELECT o_orderkey, o_orderdate, o_totalprice, o_orderpriority FROM orders WHERE o_orderdate > DATE '1997-06-01' AND o_totalprice > 100000 ORDER BY o_totalprice ASC LIMIT 50;"
Q95_V001,Q_1048,"SELECT p_partkey, p_name FROM part LEFT JOIN partsupp ON p_partkey = ps_partkey WHERE ps_partkey IS NULL;"
Q95_V002,Q_1049,"SELECT p_partkey, p_name, p_type FROM part LEFT JOIN partsupp ON p_partkey = ps_partkey WHERE ps_partkey IS NULL;"
Q95_V003,Q_1050,SELECT COUNT(*) AS parts_without_supply FROM part LEFT JOIN partsupp ON p_partkey = ps_partkey WHERE ps_partkey IS NULL;
Q95_V004,Q_1051,"SELECT p_partkey, p_name, p_brand FROM part LEFT JOIN partsupp ON p_partkey = ps_partkey WHERE ps_partkey IS NULL ORDER BY p_brand;"
Q95_V005,Q_1052,"SELECT p_type, COUNT(*) AS unsupplied_parts FROM part LEFT JOIN partsupp ON p_partkey = ps_partkey WHERE ps_partkey IS NULL GROUP BY p_type ORDER BY unsupplied_parts DESC;"
Q95_V006,Q_1053,"SELECT p_brand, COUNT(*) AS unsupplied_count FROM part LEFT JOIN partsupp ON p_partkey = ps_partkey WHERE ps_partkey IS NULL GROUP BY p_brand ORDER BY unsupplied_count DESC;"
Q95_V007,Q_1054,"SELECT p_partkey, p_name FROM part LEFT JOIN partsupp ON p_partkey = ps_partkey WHERE ps_partkey IS NULL AND p_retailprice > 1000;"
Q95_V008,Q_1055,"SELECT p_partkey, p_name FROM part LEFT JOIN partsupp ON p_partkey = ps_partkey WHERE ps_partkey IS NULL AND p_retailprice <= 1000;"
Q95_V009,Q_1056,"SELECT p_size, COUNT(*) AS unsupplied_count FROM part LEFT JOIN partsupp ON p_partkey = ps_partkey WHERE ps_partkey IS NULL GROUP BY p_size ORDER BY unsupplied_count DESC;"
Q95_V010,Q_1057,"SELECT p_container, COUNT(*) AS unsupplied_parts FROM part LEFT JOIN partsupp ON p_partkey = ps_partkey WHERE ps_partkey IS NULL GROUP BY p_container ORDER BY unsupplied_parts DESC;"
Q95_V011,Q_1058,"SELECT p_partkey, p_name, p_retailprice FROM part LEFT JOIN partsupp ON p_partkey = ps_partkey WHERE ps_partkey IS NULL ORDER BY p_retailprice DESC LIMIT 30;"
Q96_V001,Q_1059,"SELECT p_container, SUM(l_extendedprice * (1 - l_discount)) AS revenue, COUNT(*) AS line_count FROM part JOIN lineitem ON p_partkey = l_partkey GROUP BY p_container ORDER BY revenue DESC;"
Q96_V002,Q_1060,"SELECT p_container, SUM(l_extendedprice * (1 - l_discount)) AS revenue, COUNT(*) AS line_count FROM part JOIN lineitem ON p_partkey = l_partkey GROUP BY p_container ORDER BY revenue ASC;"
Q96_V003,Q_1061,"SELECT p_container, AVG(l_extendedprice * (1 - l_discount)) AS avg_revenue FROM part JOIN lineitem ON p_partkey = l_partkey GROUP BY p_container ORDER BY avg_revenue DESC;"
Q96_V004,Q_1062,"SELECT p_container, SUM(l_quantity) AS total_qty FROM part JOIN lineitem ON p_partkey = l_partkey GROUP BY p_container ORDER BY total_qty DESC;"
Q96_V005,Q_1063,"SELECT p_container, SUM(l_extendedprice * (1 - l_discount)) AS revenue FROM part JOIN lineitem ON p_partkey = l_partkey WHERE l_shipdate >= DATE '1995-01-01' GROUP BY p_container ORDER BY revenue DESC;"
Q96_V006,Q_1064,"SELECT p_container, SUM(l_extendedprice * (1 - l_discount)) AS revenue FROM part JOIN lineitem ON p_partkey = l_partkey WHERE l_shipdate <= DATE '1997-12-31' GROUP BY p_container ORDER BY revenue DESC;"
Q96_V007,Q_1065,"SELECT p_container, COUNT(DISTINCT l_orderkey) AS order_count FROM part JOIN lineitem ON p_partkey = l_partkey GROUP BY p_container ORDER BY order_count DESC;"
Q96_V008,Q_1066,"SELECT p_container, SUM(l_extendedprice * (1 - l_discount)) AS revenue FROM part JOIN lineitem ON p_partkey = l_partkey WHERE l_discount < 0.05 GROUP BY p_container ORDER BY revenue DESC;"
Q96_V009,Q_1067,"SELECT p_container, SUM(l_extendedprice * (1 - l_discount)) AS revenue FROM part JOIN lineitem ON p_partkey = l_partkey WHERE l_discount >= 0.05 GROUP BY p_container ORDER BY revenue DESC;"
Q96_V010,Q_1068,"SELECT p_type, p_container, SUM(l_extendedprice * (1 - l_discount)) AS revenue FROM part JOIN lineitem ON p_partkey = l_partkey GROUP BY p_type, p_container ORDER BY revenue DESC LIMIT 30;"
Q96_V011,Q_1069,"SELECT p_container, SUM(l_extendedprice * (1 - l_discount)) AS revenue, ROUND(100.0 * SUM(l_extendedprice * (1 - l_discount)) / SUM(SUM(l_extendedprice * (1 - l_discount))) OVER (), 2) AS pct_share FROM part JOIN lineitem ON p_partkey = l_partkey GROUP BY p_container ORDER BY revenue DESC;"
Q97_V001,Q_1070,"SELECT r_name, COUNT(DISTINCT s_suppkey) AS supplier_count FROM region JOIN nation ON r_regionkey = n_regionkey JOIN supplier ON n_nationkey = s_nationkey GROUP BY r_name ORDER BY supplier_count DESC;"
Q97_V002,Q_1071,"SELECT r_name, COUNT(DISTINCT s_suppkey) AS supplier_count FROM region JOIN nation ON r_regionkey = n_regionkey JOIN supplier ON n_nationkey = s_nationkey GROUP BY r_name ORDER BY supplier_count ASC;"
Q97_V003,Q_1072,"SELECT n_name, COUNT(DISTINCT s_suppkey) AS supplier_count FROM nation JOIN supplier ON n_nationkey = s_nationkey GROUP BY n_name ORDER BY supplier_count DESC;"
Q97_V004,Q_1073,"SELECT r_name, COUNT(DISTINCT s_suppkey) AS supplier_count, AVG(s_acctbal) AS avg_acctbal FROM region JOIN nation ON r_regionkey = n_regionkey JOIN supplier ON n_nationkey = s_nationkey GROUP BY r_name ORDER BY supplier_count DESC;"
Q97_V005,Q_1074,"SELECT r_name, SUM(s_acctbal) AS total_acctbal FROM region JOIN nation ON r_regionkey = n_regionkey JOIN supplier ON n_nationkey = s_nationkey GROUP BY r_name ORDER BY total_acctbal DESC;"
Q97_V006,Q_1075,"SELECT r_name, COUNT(DISTINCT s_suppkey) AS supplier_count FROM region JOIN nation ON r_regionkey = n_regionkey JOIN supplier ON n_nationkey = s_nationkey WHERE s_acctbal > 0 GROUP BY r_name ORDER BY supplier_count DESC;"
Q97_V007,Q_1076,"SELECT r_name, COUNT(DISTINCT s_suppkey) AS supplier_count FROM region JOIN nation ON r_regionkey = n_regionkey JOIN supplier ON n_nationkey = s_nationkey WHERE s_acctbal <= 0 GROUP BY r_name ORDER BY supplier_count DESC;"
Q97_V008,Q_1077,"SELECT r_name, COUNT(DISTINCT ps_partkey) AS part_count FROM region JOIN nation ON r_regionkey = n_regionkey JOIN supplier ON n_nationkey = s_nationkey JOIN partsupp ON s_suppkey = ps_suppkey GROUP BY r_name ORDER BY part_count DESC;"
Q97_V009,Q_1078,"SELECT r_name, AVG(s_acctbal) AS avg_acctbal FROM region JOIN nation ON r_regionkey = n_regionkey JOIN supplier ON n_nationkey = s_nationkey GROUP BY r_name ORDER BY avg_acctbal DESC;"
Q97_V010,Q_1079,"SELECT r_name, MAX(s_acctbal) AS max_acctbal FROM region JOIN nation ON r_regionkey = n_regionkey JOIN supplier ON n_nationkey = s_nationkey GROUP BY r_name ORDER BY max_acctbal DESC;"
Q97_V011,Q_1080,"SELECT n_name, r_name, COUNT(DISTINCT s_suppkey) AS supplier_count FROM nation JOIN region ON n_regionkey = r_regionkey JOIN supplier ON n_nationkey = s_nationkey GROUP BY n_name, r_name ORDER BY supplier_count DESC LIMIT 20;"
Q98_V001,Q_1081,"SELECT EXTRACT(YEAR FROM o_orderdate) AS yr, EXTRACT(MONTH FROM o_orderdate) AS mo, COUNT(*) AS orders, SUM(o_totalprice) AS revenue FROM orders WHERE o_orderdate BETWEEN DATE '1993-01-01' AND DATE '1997-12-31' GROUP BY yr, mo ORDER BY yr, mo;"
Q98_V002,Q_1082,"SELECT EXTRACT(YEAR FROM o_orderdate) AS yr, EXTRACT(MONTH FROM o_orderdate) AS mo, COUNT(*) AS orders, SUM(o_totalprice) AS revenue FROM orders WHERE o_orderdate BETWEEN DATE '1994-01-01' AND DATE '1996-12-31' GROUP BY yr, mo ORDER BY yr, mo;"
Q98_V003,Q_1083,"SELECT EXTRACT(YEAR FROM o_orderdate) AS yr, EXTRACT(MONTH FROM o_orderdate) AS mo, COUNT(*) AS orders, SUM(o_totalprice) AS revenue FROM orders WHERE o_orderdate BETWEEN DATE '1993-01-01' AND DATE '1997-12-31' GROUP BY yr, mo ORDER BY revenue DESC;"
Q98_V004,Q_1084,"SELECT EXTRACT(YEAR FROM o_orderdate) AS yr, COUNT(*) AS orders, SUM(o_totalprice) AS revenue FROM orders WHERE o_orderdate BETWEEN DATE '1993-01-01' AND DATE '1997-12-31' GROUP BY yr ORDER BY yr;"
Q98_V005,Q_1085,"SELECT EXTRACT(QUARTER FROM o_orderdate) AS qtr, COUNT(*) AS orders, SUM(o_totalprice) AS revenue FROM orders WHERE o_orderdate BETWEEN DATE '1993-01-01' AND DATE '1997-12-31' GROUP BY qtr ORDER BY qtr;"
Q98_V006,Q_1086,"SELECT EXTRACT(YEAR FROM o_orderdate) AS yr, EXTRACT(MONTH FROM o_orderdate) AS mo, COUNT(*) AS orders, AVG(o_totalprice) AS avg_revenue FROM orders WHERE o_orderdate BETWEEN DATE '1993-01-01' AND DATE '1997-12-31' GROUP BY yr, mo ORDER BY yr, mo;"
Q98_V007,Q_1087,"SELECT EXTRACT(YEAR FROM o_orderdate) AS yr, EXTRACT(MONTH FROM o_orderdate) AS mo, COUNT(*) AS orders, SUM(o_totalprice) AS revenue FROM orders WHERE o_orderdate >= DATE '1993-01-01' AND o_orderdate <= DATE '1995-12-31' GROUP BY yr, mo ORDER BY yr, mo;"
Q98_V008,Q_1088,"SELECT EXTRACT(YEAR FROM o_orderdate) AS yr, EXTRACT(MONTH FROM o_orderdate) AS mo, COUNT(*) AS orders, SUM(o_totalprice) AS revenue FROM orders WHERE o_orderdate >= DATE '1995-01-01' AND o_orderdate <= DATE '1997-12-31' GROUP BY yr, mo ORDER BY yr, mo;"
Q98_V009,Q_1089,"SELECT EXTRACT(YEAR FROM o_orderdate) AS yr, EXTRACT(MONTH FROM o_orderdate) AS mo, SUM(o_totalprice) AS revenue FROM orders WHERE o_orderdate BETWEEN DATE '1993-01-01' AND DATE '1997-12-31' AND o_orderpriority = '1-URGENT' GROUP BY yr, mo ORDER BY yr, mo;"
Q98_V010,Q_1090,"SELECT EXTRACT(YEAR FROM o_orderdate) AS yr, EXTRACT(MONTH FROM o_orderdate) AS mo, MAX(o_totalprice) AS max_order_value FROM orders WHERE o_orderdate BETWEEN DATE '1993-01-01' AND DATE '1997-12-31' GROUP BY yr, mo ORDER BY yr, mo;"
Q98_V011,Q_1091,"SELECT EXTRACT(YEAR FROM o_orderdate) AS yr, EXTRACT(MONTH FROM o_orderdate) AS mo, COUNT(*) AS orders, SUM(o_totalprice) AS revenue FROM orders WHERE o_orderdate BETWEEN DATE '1993-01-01' AND DATE '1997-12-31' AND o_totalprice > 100000 GROUP BY yr, mo ORDER BY yr, mo;"
Q99_V001,Q_1092,"SELECT p_brand, AVG(ps_supplycost) AS avg_supply_cost, COUNT(*) AS supply_count FROM part JOIN partsupp ON p_partkey = ps_partkey GROUP BY p_brand ORDER BY avg_supply_cost;"
Q99_V002,Q_1093,"SELECT p_brand, AVG(ps_supplycost) AS avg_supply_cost, COUNT(*) AS supply_count FROM part JOIN partsupp ON p_partkey = ps_partkey GROUP BY p_brand ORDER BY avg_supply_cost DESC;"
Q99_V003,Q_1094,"SELECT p_brand, MIN(ps_supplycost) AS min_cost, MAX(ps_supplycost) AS max_cost FROM part JOIN partsupp ON p_partkey = ps_partkey GROUP BY p_brand ORDER BY p_brand;"
Q99_V004,Q_1095,"SELECT p_brand, AVG(ps_supplycost) AS avg_supply_cost FROM part JOIN partsupp ON p_partkey = ps_partkey GROUP BY p_brand HAVING AVG(ps_supplycost) > 500 ORDER BY avg_supply_cost;"
Q99_V005,Q_1096,"SELECT p_brand, AVG(ps_supplycost) AS avg_supply_cost FROM part JOIN partsupp ON p_partkey = ps_partkey GROUP BY p_brand HAVING AVG(ps_supplycost) <= 500 ORDER BY avg_supply_cost;"
Q99_V006,Q_1097,"SELECT p_brand, SUM(ps_supplycost * ps_availqty) AS total_inventory_value FROM part JOIN partsupp ON p_partkey = ps_partkey GROUP BY p_brand ORDER BY total_inventory_value DESC;"
Q99_V007,Q_1098,"SELECT p_type, AVG(ps_supplycost) AS avg_supply_cost FROM part JOIN partsupp ON p_partkey = ps_partkey GROUP BY p_type ORDER BY avg_supply_cost;"
Q99_V008,Q_1099,"SELECT p_brand, AVG(ps_supplycost) AS avg_supply_cost, COUNT(DISTINCT ps_suppkey) AS supplier_count FROM part JOIN partsupp ON p_partkey = ps_partkey GROUP BY p_brand ORDER BY avg_supply_cost;"
Q99_V009,Q_1100,"SELECT p_brand, AVG(ps_supplycost) AS avg_supply_cost FROM part JOIN partsupp ON p_partkey = ps_partkey WHERE ps_availqty > 1000 GROUP BY p_brand ORDER BY avg_supply_cost;"
Q99_V010,Q_1101,"SELECT p_brand, AVG(ps_supplycost) AS avg_supply_cost FROM part JOIN partsupp ON p_partkey = ps_partkey WHERE ps_availqty <= 1000 GROUP BY p_brand ORDER BY avg_supply_cost;"
Q99_V011,Q_1102,"SELECT p_brand, STDDEV(ps_supplycost) AS cost_stddev, AVG(ps_supplycost) AS avg_cost FROM part JOIN partsupp ON p_partkey = ps_partkey GROUP BY p_brand ORDER BY cost_stddev DESC;"
Q100_V001,Q_1103,"SELECT l_orderkey, l_partkey, l_commitdate, l_receiptdate, (l_receiptdate - l_commitdate) AS days_late FROM lineitem WHERE l_receiptdate > l_commitdate ORDER BY days_late DESC LIMIT 50;"
Q100_V002,Q_1104,"SELECT l_orderkey, l_partkey, l_commitdate, l_receiptdate, (l_receiptdate - l_commitdate) AS days_late FROM lineitem WHERE l_receiptdate > l_commitdate ORDER BY days_late ASC LIMIT 50;"
Q100_V003,Q_1105,"SELECT l_orderkey, l_partkey, l_commitdate, l_receiptdate, (l_receiptdate - l_commitdate) AS days_late FROM lineitem WHERE l_receiptdate > l_commitdate AND (l_receiptdate - l_commitdate) > 30 ORDER BY days_late DESC LIMIT 50;"
Q100_V004,Q_1106,"SELECT l_orderkey, l_partkey, l_commitdate, l_receiptdate, (l_receiptdate - l_commitdate) AS days_late FROM lineitem WHERE l_receiptdate <= l_commitdate ORDER BY l_commitdate LIMIT 50;"
Q100_V005,Q_1107,"SELECT COUNT(*) AS late_deliveries, AVG(l_receiptdate - l_commitdate) AS avg_days_late FROM lineitem WHERE l_receiptdate > l_commitdate;"
Q100_V006,Q_1108,"SELECT l_shipmode, COUNT(*) AS late_count, AVG(l_receiptdate - l_commitdate) AS avg_days_late FROM lineitem WHERE l_receiptdate > l_commitdate GROUP BY l_shipmode ORDER BY late_count DESC;"
Q100_V007,Q_1109,"SELECT l_orderkey, l_partkey, l_commitdate, l_receiptdate, (l_receiptdate - l_commitdate) AS days_late FROM lineitem WHERE l_receiptdate > l_commitdate AND l_shipdate >= DATE '1996-01-01' ORDER BY days_late DESC LIMIT 50;"
Q100_V008,Q_1110,"SELECT l_orderkey, l_partkey, l_commitdate, l_receiptdate, (l_receiptdate - l_commitdate) AS days_late FROM lineitem WHERE l_receiptdate > l_commitdate AND l_shipdate <= DATE '1996-12-31' ORDER BY days_late DESC LIMIT 50;"
Q100_V009,Q_1111,"SELECT EXTRACT(YEAR FROM l_commitdate) AS yr, COUNT(*) AS late_count FROM lineitem WHERE l_receiptdate > l_commitdate GROUP BY yr ORDER BY yr;"
Q100_V010,Q_1112,"SELECT MAX(l_receiptdate - l_commitdate) AS max_days_late, MIN(l_receiptdate - l_commitdate) AS min_days_late FROM lineitem WHERE l_receiptdate > l_commitdate;"
Q100_V011,Q_1113,"SELECT l_orderkey, (l_receiptdate - l_commitdate) AS days_late FROM lineitem WHERE l_receiptdate > l_commitdate AND (l_receiptdate - l_commitdate) >= 60 ORDER BY days_late DESC LIMIT 50;"
Q101_V001,Q_1114,"SELECT c_custkey, c_name, total_spent FROM ( SELECT c_custkey, c_name, SUM(o_totalprice) AS total_spent FROM customer JOIN orders ON c_custkey = o_custkey GROUP BY c_custkey, c_name ) ranked WHERE total_spent > ( SELECT PERCENTILE_CONT(0.75) WITHIN GROUP (ORDER BY total_per_customer) FROM ( SELECT SUM(o_totalprice) AS total_per_customer FROM orders GROUP BY o_custkey ) sub ) ORDER BY total_spent DESC;"
Q101_V002,Q_1115,"SELECT c_custkey, c_name, total_spent FROM (SELECT c_custkey, c_name, SUM(o_totalprice) AS total_spent FROM customer JOIN orders ON c_custkey = o_custkey GROUP BY c_custkey, c_name) ranked WHERE total_spent > (SELECT PERCENTILE_CONT(0.90) WITHIN GROUP (ORDER BY total_per_customer) FROM (SELECT SUM(o_totalprice) AS total_per_customer FROM orders GROUP BY o_custkey) sub) ORDER BY total_spent DESC;"
Q101_V003,Q_1116,"SELECT c_custkey, c_name, total_spent FROM (SELECT c_custkey, c_name, SUM(o_totalprice) AS total_spent FROM customer JOIN orders ON c_custkey = o_custkey GROUP BY c_custkey, c_name) ranked WHERE total_spent > (SELECT PERCENTILE_CONT(0.50) WITHIN GROUP (ORDER BY total_per_customer) FROM (SELECT SUM(o_totalprice) AS total_per_customer FROM orders GROUP BY o_custkey) sub) ORDER BY total_spent DESC;"
Q101_V004,Q_1117,"SELECT c_custkey, c_name, total_spent FROM (SELECT c_custkey, c_name, SUM(o_totalprice) AS total_spent FROM customer JOIN orders ON c_custkey = o_custkey GROUP BY c_custkey, c_name) ranked WHERE total_spent <= (SELECT PERCENTILE_CONT(0.75) WITHIN GROUP (ORDER BY total_per_customer) FROM (SELECT SUM(o_totalprice) AS total_per_customer FROM orders GROUP BY o_custkey) sub) ORDER BY total_spent DESC;"
Q101_V005,Q_1118,"SELECT c_custkey, c_name, total_spent FROM (SELECT c_custkey, c_name, SUM(o_totalprice) AS total_spent FROM customer JOIN orders ON c_custkey = o_custkey WHERE o_orderdate >= DATE '1995-01-01' GROUP BY c_custkey, c_name) ranked WHERE total_spent > (SELECT PERCENTILE_CONT(0.75) WITHIN GROUP (ORDER BY total_per_customer) FROM (SELECT SUM(o_totalprice) AS total_per_customer FROM orders WHERE o_orderdate >= DATE '1995-01-01' GROUP BY o_custkey) sub) ORDER BY total_spent DESC;"
Q101_V006,Q_1119,"SELECT c_custkey, c_name, total_spent FROM (SELECT c_custkey, c_name, SUM(o_totalprice) AS total_spent FROM customer JOIN orders ON c_custkey = o_custkey WHERE o_orderdate <= DATE '1996-12-31' GROUP BY c_custkey, c_name) ranked WHERE total_spent > (SELECT PERCENTILE_CONT(0.75) WITHIN GROUP (ORDER BY total_per_customer) FROM (SELECT SUM(o_totalprice) AS total_per_customer FROM orders WHERE o_orderdate <= DATE '1996-12-31' GROUP BY o_custkey) sub) ORDER BY total_spent DESC;"
Q101_V007,Q_1120,"SELECT c_mktsegment, COUNT(*) AS high_value_customers FROM customer WHERE c_custkey IN (SELECT c_custkey FROM (SELECT c_custkey, c_name, SUM(o_totalprice) AS total_spent FROM customer JOIN orders ON c_custkey = o_custkey GROUP BY c_custkey, c_name) ranked WHERE total_spent > (SELECT PERCENTILE_CONT(0.75) WITHIN GROUP (ORDER BY total_per_customer) FROM (SELECT SUM(o_totalprice) AS total_per_customer FROM orders GROUP BY o_custkey) sub)) GROUP BY c_mktsegment ORDER BY high_value_customers DESC;"
Q101_V008,Q_1121,"SELECT c_custkey, c_name, total_spent FROM (SELECT c_custkey, c_name, SUM(o_totalprice) AS total_spent FROM customer JOIN orders ON c_custkey = o_custkey GROUP BY c_custkey, c_name) ranked WHERE total_spent > (SELECT PERCENTILE_CONT(0.75) WITHIN GROUP (ORDER BY total_per_customer) FROM (SELECT SUM(o_totalprice) AS total_per_customer FROM orders GROUP BY o_custkey) sub) ORDER BY total_spent ASC;"
Q101_V009,Q_1122,"SELECT c_custkey, c_name, total_orders FROM (SELECT c_custkey, c_name, COUNT(o_orderkey) AS total_orders FROM customer JOIN orders ON c_custkey = o_custkey GROUP BY c_custkey, c_name) ranked WHERE total_orders > (SELECT PERCENTILE_CONT(0.75) WITHIN GROUP (ORDER BY order_count) FROM (SELECT COUNT(*) AS order_count FROM orders GROUP BY o_custkey) sub) ORDER BY total_orders DESC;"
Q101_V010,Q_1123,"SELECT c_custkey, c_name, total_spent FROM (SELECT c_custkey, c_name, SUM(o_totalprice) AS total_spent FROM customer JOIN orders ON c_custkey = o_custkey GROUP BY c_custkey, c_name) ranked WHERE total_spent > (SELECT PERCENTILE_CONT(0.75) WITHIN GROUP (ORDER BY total_per_customer) FROM (SELECT SUM(o_totalprice) AS total_per_customer FROM orders GROUP BY o_custkey) sub) AND total_spent < (SELECT PERCENTILE_CONT(0.99) WITHIN GROUP (ORDER BY total_per_customer) FROM (SELECT SUM(o_totalprice) AS total_per_customer FROM orders GROUP BY o_custkey) sub) ORDER BY total_spent DESC;"
Q101_V011,Q_1124,"SELECT n_name, COUNT(*) AS high_value_count FROM nation JOIN customer ON n_nationkey = c_nationkey WHERE c_custkey IN (SELECT c_custkey FROM (SELECT c_custkey, SUM(o_totalprice) AS total_spent FROM customer JOIN orders ON c_custkey = o_custkey GROUP BY c_custkey) r WHERE total_spent > (SELECT PERCENTILE_CONT(0.75) WITHIN GROUP (ORDER BY total_per_customer) FROM (SELECT SUM(o_totalprice) AS total_per_customer FROM orders GROUP BY o_custkey) sub)) GROUP BY n_name ORDER BY high_value_count DESC;"
Q102_V001,Q_1125,"SELECT l_shipmode, SUM(l_extendedprice * (1 - l_discount)) AS mode_revenue, ROUND( 100.0 * SUM(l_extendedprice * (1 - l_discount)) / SUM(SUM(l_extendedprice * (1 - l_discount))) OVER (), 2 ) AS pct_share FROM lineitem GROUP BY l_shipmode ORDER BY mode_revenue DESC;"
Q102_V002,Q_1126,"SELECT l_shipmode, SUM(l_extendedprice * (1 - l_discount)) AS mode_revenue, ROUND(100.0 * SUM(l_extendedprice * (1 - l_discount)) / SUM(SUM(l_extendedprice * (1 - l_discount))) OVER (), 2) AS pct_share FROM lineitem WHERE l_shipdate >= DATE '1995-01-01' GROUP BY l_shipmode ORDER BY mode_revenue DESC;"
Q102_V003,Q_1127,"SELECT l_shipmode, SUM(l_extendedprice * (1 - l_discount)) AS mode_revenue, ROUND(100.0 * SUM(l_extendedprice * (1 - l_discount)) / SUM(SUM(l_extendedprice * (1 - l_discount))) OVER (), 2) AS pct_share FROM lineitem WHERE l_shipdate <= DATE '1997-12-31' GROUP BY l_shipmode ORDER BY mode_revenue DESC;"
Q102_V004,Q_1128,"SELECT l_shipmode, COUNT(*) AS shipment_count, ROUND(100.0 * COUNT(*) / SUM(COUNT(*)) OVER (), 2) AS pct_share FROM lineitem GROUP BY l_shipmode ORDER BY shipment_count DESC;"
Q102_V005,Q_1129,"SELECT l_shipmode, AVG(l_extendedprice * (1 - l_discount)) AS avg_revenue FROM lineitem GROUP BY l_shipmode ORDER BY avg_revenue DESC;"
Q102_V006,Q_1130,"SELECT l_shipmode, SUM(l_extendedprice * (1 - l_discount)) AS mode_revenue FROM lineitem WHERE l_discount < 0.05 GROUP BY l_shipmode ORDER BY mode_revenue DESC;"
Q102_V007,Q_1131,"SELECT l_shipmode, SUM(l_extendedprice * (1 - l_discount)) AS mode_revenue FROM lineitem WHERE l_discount >= 0.05 GROUP BY l_shipmode ORDER BY mode_revenue DESC;"
Q102_V008,Q_1132,"SELECT l_shipinstruct, SUM(l_extendedprice * (1 - l_discount)) AS revenue, ROUND(100.0 * SUM(l_extendedprice * (1 - l_discount)) / SUM(SUM(l_extendedprice * (1 - l_discount))) OVER (), 2) AS pct_share FROM lineitem GROUP BY l_shipinstruct ORDER BY revenue DESC;"
Q102_V009,Q_1133,"SELECT l_shipmode, SUM(l_extendedprice) AS gross_revenue, SUM(l_extendedprice * l_discount) AS total_discount FROM lineitem GROUP BY l_shipmode ORDER BY gross_revenue DESC;"
Q102_V010,Q_1134,"SELECT EXTRACT(YEAR FROM l_shipdate) AS yr, l_shipmode, SUM(l_extendedprice * (1 - l_discount)) AS mode_revenue FROM lineitem GROUP BY yr, l_shipmode ORDER BY yr, mode_revenue DESC;"
Q102_V011,Q_1135,"SELECT l_shipmode, SUM(l_extendedprice * (1 - l_discount)) AS mode_revenue, ROUND(100.0 * SUM(l_extendedprice * (1 - l_discount)) / SUM(SUM(l_extendedprice * (1 - l_discount))) OVER (), 2) AS pct_share FROM lineitem WHERE l_returnflag = 'R' GROUP BY l_shipmode ORDER BY mode_revenue DESC;"
Q103_V001,Q_1136,"SELECT ps_partkey, COUNT(DISTINCT ps_suppkey) AS supplier_count FROM partsupp GROUP BY ps_partkey HAVING COUNT(DISTINCT ps_suppkey) > 3 ORDER BY supplier_count DESC;"
Q103_V002,Q_1137,"SELECT ps_partkey, COUNT(DISTINCT ps_suppkey) AS supplier_count FROM partsupp GROUP BY ps_partkey HAVING COUNT(DISTINCT ps_suppkey) > 2 ORDER BY supplier_count DESC;"
Q103_V003,Q_1138,"SELECT ps_partkey, COUNT(DISTINCT ps_suppkey) AS supplier_count FROM partsupp GROUP BY ps_partkey HAVING COUNT(DISTINCT ps_suppkey) >= 4 ORDER BY supplier_count DESC;"
Q103_V004,Q_1139,"SELECT ps_partkey, COUNT(DISTINCT ps_suppkey) AS supplier_count FROM partsupp GROUP BY ps_partkey HAVING COUNT(DISTINCT ps_suppkey) <= 3 ORDER BY supplier_count DESC;"
Q103_V005,Q_1140,"SELECT ps_partkey, COUNT(DISTINCT ps_suppkey) AS supplier_count FROM partsupp GROUP BY ps_partkey HAVING COUNT(DISTINCT ps_suppkey) = 1 ORDER BY ps_partkey;"
Q103_V006,Q_1141,"SELECT p_name, p_type, COUNT(DISTINCT ps_suppkey) AS supplier_count FROM part JOIN partsupp ON p_partkey = ps_partkey GROUP BY p_partkey, p_name, p_type HAVING COUNT(DISTINCT ps_suppkey) > 3 ORDER BY supplier_count DESC;"
Q103_V007,Q_1142,"SELECT ps_partkey, COUNT(DISTINCT ps_suppkey) AS supplier_count, AVG(ps_supplycost) AS avg_cost FROM partsupp GROUP BY ps_partkey HAVING COUNT(DISTINCT ps_suppkey) > 3 ORDER BY supplier_count DESC;"
Q103_V008,Q_1143,SELECT COUNT(*) AS multi_supplier_parts FROM (SELECT ps_partkey FROM partsupp GROUP BY ps_partkey HAVING COUNT(DISTINCT ps_suppkey) > 3) t;
Q103_V009,Q_1144,"SELECT ps_partkey, COUNT(DISTINCT ps_suppkey) AS supplier_count FROM partsupp GROUP BY ps_partkey HAVING COUNT(DISTINCT ps_suppkey) > 3 ORDER BY ps_partkey;"
Q103_V010,Q_1145,"SELECT ps_partkey, COUNT(DISTINCT ps_suppkey) AS supplier_count, SUM(ps_availqty) AS total_qty FROM partsupp GROUP BY ps_partkey HAVING COUNT(DISTINCT ps_suppkey) > 3 ORDER BY total_qty DESC;"
Q103_V011,Q_1146,"SELECT p_brand, COUNT(DISTINCT ps_suppkey) AS total_suppliers FROM part JOIN partsupp ON p_partkey = ps_partkey GROUP BY p_brand ORDER BY total_suppliers DESC;"
Q104_V001,Q_1147,"SELECT n_name, COUNT(*) AS high_value_orders FROM nation JOIN customer ON n_nationkey = c_nationkey JOIN orders ON c_custkey = o_custkey WHERE o_totalprice > 150000 AND EXTRACT(YEAR FROM o_orderdate) = 1996 GROUP BY n_name ORDER BY high_value_orders DESC;"
Q104_V002,Q_1148,"SELECT n_name, COUNT(*) AS high_value_orders FROM nation JOIN customer ON n_nationkey = c_nationkey JOIN orders ON c_custkey = o_custkey WHERE o_totalprice > 150000 AND EXTRACT(YEAR FROM o_orderdate) = 1995 GROUP BY n_name ORDER BY high_value_orders DESC;"
Q104_V003,Q_1149,"SELECT n_name, COUNT(*) AS high_value_orders FROM nation JOIN customer ON n_nationkey = c_nationkey JOIN orders ON c_custkey = o_custkey WHERE o_totalprice > 150000 AND EXTRACT(YEAR FROM o_orderdate) = 1997 GROUP BY n_name ORDER BY high_value_orders DESC;"
Q104_V004,Q_1150,"SELECT n_name, COUNT(*) AS high_value_orders FROM nation JOIN customer ON n_nationkey = c_nationkey JOIN orders ON c_custkey = o_custkey WHERE o_totalprice >= 200000 AND EXTRACT(YEAR FROM o_orderdate) = 1996 GROUP BY n_name ORDER BY high_value_orders DESC;"
Q104_V005,Q_1151,"SELECT n_name, COUNT(*) AS high_value_orders FROM nation JOIN customer ON n_nationkey = c_nationkey JOIN orders ON c_custkey = o_custkey WHERE o_totalprice <= 150000 AND EXTRACT(YEAR FROM o_orderdate) = 1996 GROUP BY n_name ORDER BY high_value_orders DESC;"
Q104_V006,Q_1152,"SELECT n_name, SUM(o_totalprice) AS total_revenue FROM nation JOIN customer ON n_nationkey = c_nationkey JOIN orders ON c_custkey = o_custkey WHERE o_totalprice > 150000 AND EXTRACT(YEAR FROM o_orderdate) = 1996 GROUP BY n_name ORDER BY total_revenue DESC;"
Q104_V007,Q_1153,"SELECT n_name, COUNT(*) AS orders FROM nation JOIN customer ON n_nationkey = c_nationkey JOIN orders ON c_custkey = o_custkey WHERE o_totalprice > 150000 AND EXTRACT(YEAR FROM o_orderdate) BETWEEN 1995 AND 1997 GROUP BY n_name ORDER BY orders DESC;"
Q104_V008,Q_1154,"SELECT n_name, COUNT(*) AS high_value_orders FROM nation JOIN customer ON n_nationkey = c_nationkey JOIN orders ON c_custkey = o_custkey WHERE o_totalprice > 150000 AND EXTRACT(YEAR FROM o_orderdate) = 1996 AND o_orderpriority = '1-URGENT' GROUP BY n_name ORDER BY high_value_orders DESC;"
Q104_V009,Q_1155,"SELECT r_name, COUNT(*) AS high_value_orders FROM region JOIN nation ON r_regionkey = n_regionkey JOIN customer ON n_nationkey = c_nationkey JOIN orders ON c_custkey = o_custkey WHERE o_totalprice > 150000 AND EXTRACT(YEAR FROM o_orderdate) = 1996 GROUP BY r_name ORDER BY high_value_orders DESC;"
Q104_V010,Q_1156,"SELECT n_name, AVG(o_totalprice) AS avg_order_value FROM nation JOIN customer ON n_nationkey = c_nationkey JOIN orders ON c_custkey = o_custkey WHERE EXTRACT(YEAR FROM o_orderdate) = 1996 GROUP BY n_name ORDER BY avg_order_value DESC;"
Q104_V011,Q_1157,"SELECT n_name, COUNT(*) AS high_value_orders FROM nation JOIN customer ON n_nationkey = c_nationkey JOIN orders ON c_custkey = o_custkey WHERE o_totalprice > 100000 AND EXTRACT(YEAR FROM o_orderdate) = 1996 GROUP BY n_name ORDER BY high_value_orders DESC;"
Q105_V001,Q_1158,"SELECT s_suppkey, s_name, SUM(l_extendedprice * (1 - l_discount)) AS net_revenue FROM supplier JOIN lineitem ON s_suppkey = l_suppkey GROUP BY s_suppkey, s_name ORDER BY net_revenue DESC LIMIT 15;"
Q105_V002,Q_1159,"SELECT s_suppkey, s_name, SUM(l_extendedprice * (1 - l_discount)) AS net_revenue FROM supplier JOIN lineitem ON s_suppkey = l_suppkey GROUP BY s_suppkey, s_name ORDER BY net_revenue ASC LIMIT 15;"
Q105_V003,Q_1160,"SELECT s_suppkey, s_name, SUM(l_extendedprice * (1 - l_discount)) AS net_revenue FROM supplier JOIN lineitem ON s_suppkey = l_suppkey GROUP BY s_suppkey, s_name ORDER BY net_revenue DESC LIMIT 10;"
Q105_V004,Q_1161,"SELECT s_suppkey, s_name, SUM(l_extendedprice * (1 - l_discount)) AS net_revenue FROM supplier JOIN lineitem ON s_suppkey = l_suppkey GROUP BY s_suppkey, s_name ORDER BY net_revenue DESC LIMIT 20;"
Q105_V005,Q_1162,"SELECT s_suppkey, s_name, SUM(l_extendedprice * (1 - l_discount)) AS net_revenue FROM supplier JOIN lineitem ON s_suppkey = l_suppkey WHERE l_shipdate >= DATE '1995-01-01' GROUP BY s_suppkey, s_name ORDER BY net_revenue DESC LIMIT 15;"
Q105_V006,Q_1163,"SELECT s_suppkey, s_name, SUM(l_extendedprice * (1 - l_discount)) AS net_revenue FROM supplier JOIN lineitem ON s_suppkey = l_suppkey WHERE l_shipdate <= DATE '1997-12-31' GROUP BY s_suppkey, s_name ORDER BY net_revenue DESC LIMIT 15;"
Q105_V007,Q_1164,"SELECT s_suppkey, s_name, AVG(l_extendedprice * (1 - l_discount)) AS avg_revenue FROM supplier JOIN lineitem ON s_suppkey = l_suppkey GROUP BY s_suppkey, s_name ORDER BY avg_revenue DESC LIMIT 15;"
Q105_V008,Q_1165,"SELECT s_suppkey, s_name, COUNT(DISTINCT l_orderkey) AS order_count FROM supplier JOIN lineitem ON s_suppkey = l_suppkey GROUP BY s_suppkey, s_name ORDER BY order_count DESC LIMIT 15;"
Q105_V009,Q_1166,"SELECT n_name, SUM(l_extendedprice * (1 - l_discount)) AS net_revenue FROM nation JOIN supplier ON n_nationkey = s_nationkey JOIN lineitem ON s_suppkey = l_suppkey GROUP BY n_name ORDER BY net_revenue DESC;"
Q105_V010,Q_1167,"SELECT s_suppkey, s_name, SUM(l_extendedprice * (1 - l_discount)) AS net_revenue FROM supplier JOIN lineitem ON s_suppkey = l_suppkey WHERE l_discount < 0.05 GROUP BY s_suppkey, s_name ORDER BY net_revenue DESC LIMIT 15;"
Q105_V011,Q_1168,"SELECT s_suppkey, s_name, SUM(l_extendedprice * (1 - l_discount)) AS net_revenue FROM supplier JOIN lineitem ON s_suppkey = l_suppkey WHERE l_discount >= 0.05 GROUP BY s_suppkey, s_name ORDER BY net_revenue DESC LIMIT 15;"
Q106_V001,Q_1169,"SELECT p_partkey, p_name FROM part WHERE p_partkey NOT IN ( SELECT DISTINCT l_partkey FROM lineitem );"
Q106_V002,Q_1170,"SELECT p_partkey, p_name, p_type FROM part WHERE p_partkey NOT IN (SELECT DISTINCT l_partkey FROM lineitem);"
Q106_V003,Q_1171,SELECT COUNT(*) AS never_ordered_parts FROM part WHERE p_partkey NOT IN (SELECT DISTINCT l_partkey FROM lineitem);
Q106_V004,Q_1172,"SELECT p_partkey, p_name FROM part LEFT JOIN lineitem ON p_partkey = l_partkey WHERE l_partkey IS NULL;"
Q106_V005,Q_1173,"SELECT p_type, COUNT(*) AS never_ordered FROM part WHERE p_partkey NOT IN (SELECT DISTINCT l_partkey FROM lineitem) GROUP BY p_type ORDER BY never_ordered DESC;"
Q106_V006,Q_1174,"SELECT p_brand, COUNT(*) AS never_ordered FROM part WHERE p_partkey NOT IN (SELECT DISTINCT l_partkey FROM lineitem) GROUP BY p_brand ORDER BY never_ordered DESC;"
Q106_V007,Q_1175,"SELECT p_partkey, p_name, p_retailprice FROM part WHERE p_partkey NOT IN (SELECT DISTINCT l_partkey FROM lineitem) ORDER BY p_retailprice DESC LIMIT 20;"
Q106_V008,Q_1176,"SELECT p_partkey, p_name, p_retailprice FROM part WHERE p_partkey NOT IN (SELECT DISTINCT l_partkey FROM lineitem) ORDER BY p_retailprice ASC LIMIT 20;"
Q106_V009,Q_1177,"SELECT p_container, COUNT(*) AS never_ordered FROM part WHERE p_partkey NOT IN (SELECT DISTINCT l_partkey FROM lineitem) GROUP BY p_container ORDER BY never_ordered DESC;"
Q106_V010,Q_1178,"SELECT p_partkey, p_name FROM part WHERE p_partkey NOT IN (SELECT DISTINCT l_partkey FROM lineitem) AND p_retailprice > 1000;"
Q106_V011,Q_1179,"SELECT p_partkey, p_name FROM part WHERE p_partkey NOT IN (SELECT DISTINCT ps_partkey FROM partsupp);"
Q107_V001,Q_1180,SELECT COUNT(DISTINCT o_orderkey) AS orders_from_asia FROM orders JOIN lineitem ON o_orderkey = l_orderkey JOIN supplier ON l_suppkey = s_suppkey JOIN nation ON s_nationkey = n_nationkey JOIN region ON n_regionkey = r_regionkey WHERE r_name = 'ASIA';
Q107_V002,Q_1181,SELECT COUNT(DISTINCT o_orderkey) AS orders_from_europe FROM orders JOIN lineitem ON o_orderkey = l_orderkey JOIN supplier ON l_suppkey = s_suppkey JOIN nation ON s_nationkey = n_nationkey JOIN region ON n_regionkey = r_regionkey WHERE r_name = 'EUROPE';
Q107_V003,Q_1182,SELECT COUNT(DISTINCT o_orderkey) AS orders_from_america FROM orders JOIN lineitem ON o_orderkey = l_orderkey JOIN supplier ON l_suppkey = s_suppkey JOIN nation ON s_nationkey = n_nationkey JOIN region ON n_regionkey = r_regionkey WHERE r_name = 'AMERICA';
Q107_V004,Q_1183,"SELECT r_name, COUNT(DISTINCT o_orderkey) AS order_count FROM orders JOIN lineitem ON o_orderkey = l_orderkey JOIN supplier ON l_suppkey = s_suppkey JOIN nation ON s_nationkey = n_nationkey JOIN region ON n_regionkey = r_regionkey GROUP BY r_name ORDER BY order_count DESC;"
Q107_V005,Q_1184,SELECT COUNT(DISTINCT o_orderkey) AS orders_from_asia FROM orders JOIN lineitem ON o_orderkey = l_orderkey JOIN supplier ON l_suppkey = s_suppkey JOIN nation ON s_nationkey = n_nationkey JOIN region ON n_regionkey = r_regionkey WHERE r_name = 'ASIA' AND o_orderdate >= DATE '1995-01-01';
Q107_V006,Q_1185,SELECT COUNT(DISTINCT o_orderkey) AS orders_from_asia FROM orders JOIN lineitem ON o_orderkey = l_orderkey JOIN supplier ON l_suppkey = s_suppkey JOIN nation ON s_nationkey = n_nationkey JOIN region ON n_regionkey = r_regionkey WHERE r_name = 'ASIA' AND o_orderdate <= DATE '1997-12-31';
Q107_V007,Q_1186,"SELECT n_name, COUNT(DISTINCT o_orderkey) AS order_count FROM orders JOIN lineitem ON o_orderkey = l_orderkey JOIN supplier ON l_suppkey = s_suppkey JOIN nation ON s_nationkey = n_nationkey JOIN region ON n_regionkey = r_regionkey WHERE r_name = 'ASIA' GROUP BY n_name ORDER BY order_count DESC;"
Q107_V008,Q_1187,SELECT COUNT(DISTINCT o_orderkey) AS orders_from_asia FROM orders JOIN lineitem ON o_orderkey = l_orderkey JOIN supplier ON l_suppkey = s_suppkey JOIN nation ON s_nationkey = n_nationkey JOIN region ON n_regionkey = r_regionkey WHERE r_name = 'ASIA' AND o_orderpriority = '1-URGENT';
Q107_V009,Q_1188,SELECT SUM(l_extendedprice * (1 - l_discount)) AS asia_revenue FROM orders JOIN lineitem ON o_orderkey = l_orderkey JOIN supplier ON l_suppkey = s_suppkey JOIN nation ON s_nationkey = n_nationkey JOIN region ON n_regionkey = r_regionkey WHERE r_name = 'ASIA';
Q107_V010,Q_1189,"SELECT EXTRACT(YEAR FROM o_orderdate) AS yr, COUNT(DISTINCT o_orderkey) AS order_count FROM orders JOIN lineitem ON o_orderkey = l_orderkey JOIN supplier ON l_suppkey = s_suppkey JOIN nation ON s_nationkey = n_nationkey JOIN region ON n_regionkey = r_regionkey WHERE r_name = 'ASIA' GROUP BY yr ORDER BY yr;"
Q107_V011,Q_1190,SELECT COUNT(DISTINCT o_orderkey) AS orders_from_africa FROM orders JOIN lineitem ON o_orderkey = l_orderkey JOIN supplier ON l_suppkey = s_suppkey JOIN nation ON s_nationkey = n_nationkey JOIN region ON n_regionkey = r_regionkey WHERE r_name = 'AFRICA';
Q108_V001,Q_1191,"SELECT ps_partkey, MAX(ps_supplycost) - MIN(ps_supplycost) AS cost_range, COUNT(*) AS supplier_count FROM partsupp GROUP BY ps_partkey HAVING MAX(ps_supplycost) - MIN(ps_supplycost) > 100 ORDER BY cost_range DESC LIMIT 30;"
Q108_V002,Q_1192,"SELECT ps_partkey, MAX(ps_supplycost) - MIN(ps_supplycost) AS cost_range, COUNT(*) AS supplier_count FROM partsupp GROUP BY ps_partkey HAVING MAX(ps_supplycost) - MIN(ps_supplycost) > 200 ORDER BY cost_range DESC LIMIT 30;"
Q108_V003,Q_1193,"SELECT ps_partkey, MAX(ps_supplycost) - MIN(ps_supplycost) AS cost_range, COUNT(*) AS supplier_count FROM partsupp GROUP BY ps_partkey HAVING MAX(ps_supplycost) - MIN(ps_supplycost) <= 100 ORDER BY cost_range DESC LIMIT 30;"
Q108_V004,Q_1194,"SELECT ps_partkey, MAX(ps_supplycost) - MIN(ps_supplycost) AS cost_range, COUNT(*) AS supplier_count FROM partsupp GROUP BY ps_partkey HAVING MAX(ps_supplycost) - MIN(ps_supplycost) >= 50 ORDER BY cost_range DESC LIMIT 30;"
Q108_V005,Q_1195,"SELECT ps_partkey, MAX(ps_supplycost) AS max_cost, MIN(ps_supplycost) AS min_cost FROM partsupp GROUP BY ps_partkey ORDER BY max_cost DESC LIMIT 30;"
Q108_V006,Q_1196,"SELECT ps_partkey, MAX(ps_supplycost) - MIN(ps_supplycost) AS cost_range, COUNT(DISTINCT ps_suppkey) AS distinct_suppliers FROM partsupp GROUP BY ps_partkey HAVING MAX(ps_supplycost) - MIN(ps_supplycost) > 100 ORDER BY distinct_suppliers DESC LIMIT 30;"
Q108_V007,Q_1197,SELECT COUNT(*) AS volatile_parts FROM (SELECT ps_partkey FROM partsupp GROUP BY ps_partkey HAVING MAX(ps_supplycost) - MIN(ps_supplycost) > 100) t;
Q108_V008,Q_1198,"SELECT p_type, AVG(range_data.cost_range) AS avg_range FROM part JOIN (SELECT ps_partkey, MAX(ps_supplycost) - MIN(ps_supplycost) AS cost_range FROM partsupp GROUP BY ps_partkey HAVING MAX(ps_supplycost) - MIN(ps_supplycost) > 100) range_data ON p_partkey = range_data.ps_partkey GROUP BY p_type ORDER BY avg_range DESC;"
Q108_V009,Q_1199,"SELECT ps_partkey, MAX(ps_supplycost) - MIN(ps_supplycost) AS cost_range FROM partsupp GROUP BY ps_partkey HAVING MAX(ps_supplycost) - MIN(ps_supplycost) > 100 AND COUNT(*) > 2 ORDER BY cost_range DESC LIMIT 30;"
Q108_V010,Q_1200,"SELECT ps_partkey, MAX(ps_supplycost) - MIN(ps_supplycost) AS cost_range, AVG(ps_supplycost) AS avg_cost FROM partsupp GROUP BY ps_partkey HAVING MAX(ps_supplycost) - MIN(ps_supplycost) > 100 ORDER BY cost_range DESC LIMIT 30;"
Q108_V011,Q_1201,"SELECT ps_partkey, MAX(ps_supplycost) - MIN(ps_supplycost) AS cost_range, SUM(ps_availqty) AS total_qty FROM partsupp GROUP BY ps_partkey HAVING MAX(ps_supplycost) - MIN(ps_supplycost) > 100 ORDER BY total_qty DESC LIMIT 30;"
Q109_V001,Q_1202,"SELECT c_mktsegment, EXTRACT(YEAR FROM o_orderdate) AS yr, SUM(o_totalprice) AS revenue FROM customer JOIN orders ON c_custkey = o_custkey GROUP BY c_mktsegment, yr ORDER BY c_mktsegment, yr;"
Q109_V002,Q_1203,"SELECT c_mktsegment, EXTRACT(YEAR FROM o_orderdate) AS yr, SUM(o_totalprice) AS revenue FROM customer JOIN orders ON c_custkey = o_custkey WHERE EXTRACT(YEAR FROM o_orderdate) >= 1994 GROUP BY c_mktsegment, yr ORDER BY c_mktsegment, yr;"
Q109_V003,Q_1204,"SELECT c_mktsegment, EXTRACT(YEAR FROM o_orderdate) AS yr, SUM(o_totalprice) AS revenue FROM customer JOIN orders ON c_custkey = o_custkey WHERE EXTRACT(YEAR FROM o_orderdate) <= 1997 GROUP BY c_mktsegment, yr ORDER BY c_mktsegment, yr;"
Q109_V004,Q_1205,"SELECT c_mktsegment, EXTRACT(YEAR FROM o_orderdate) AS yr, AVG(o_totalprice) AS avg_revenue FROM customer JOIN orders ON c_custkey = o_custkey GROUP BY c_mktsegment, yr ORDER BY c_mktsegment, yr;"
Q109_V005,Q_1206,"SELECT c_mktsegment, SUM(o_totalprice) AS total_revenue FROM customer JOIN orders ON c_custkey = o_custkey GROUP BY c_mktsegment ORDER BY total_revenue DESC;"
Q109_V006,Q_1207,"SELECT c_mktsegment, EXTRACT(YEAR FROM o_orderdate) AS yr, COUNT(*) AS order_count FROM customer JOIN orders ON c_custkey = o_custkey GROUP BY c_mktsegment, yr ORDER BY c_mktsegment, yr;"
Q109_V007,Q_1208,"SELECT c_mktsegment, EXTRACT(YEAR FROM o_orderdate) AS yr, SUM(o_totalprice) AS revenue FROM customer JOIN orders ON c_custkey = o_custkey WHERE o_orderpriority = '1-URGENT' GROUP BY c_mktsegment, yr ORDER BY c_mktsegment, yr;"
Q109_V008,Q_1209,"SELECT c_mktsegment, EXTRACT(YEAR FROM o_orderdate) AS yr, SUM(o_totalprice) AS revenue FROM customer JOIN orders ON c_custkey = o_custkey WHERE o_totalprice > 100000 GROUP BY c_mktsegment, yr ORDER BY revenue DESC;"
Q109_V009,Q_1210,"SELECT c_mktsegment, EXTRACT(QUARTER FROM o_orderdate) AS qtr, SUM(o_totalprice) AS revenue FROM customer JOIN orders ON c_custkey = o_custkey GROUP BY c_mktsegment, qtr ORDER BY c_mktsegment, qtr;"
Q109_V010,Q_1211,"SELECT c_mktsegment, EXTRACT(YEAR FROM o_orderdate) AS yr, MAX(o_totalprice) AS max_order FROM customer JOIN orders ON c_custkey = o_custkey GROUP BY c_mktsegment, yr ORDER BY c_mktsegment, yr;"
Q109_V011,Q_1212,"SELECT c_mktsegment, EXTRACT(YEAR FROM o_orderdate) AS yr, SUM(o_totalprice) AS revenue FROM customer JOIN orders ON c_custkey = o_custkey WHERE o_totalprice <= 100000 GROUP BY c_mktsegment, yr ORDER BY c_mktsegment, yr;"
Q110_V001,Q_1213,"SELECT EXTRACT(YEAR FROM l_shipdate) AS yr, EXTRACT(QUARTER FROM l_shipdate) AS qtr, AVG(l_extendedprice) AS avg_price FROM lineitem GROUP BY yr, qtr ORDER BY yr, qtr;"
Q110_V002,Q_1214,"SELECT EXTRACT(YEAR FROM l_shipdate) AS yr, EXTRACT(QUARTER FROM l_shipdate) AS qtr, SUM(l_extendedprice) AS total_price FROM lineitem GROUP BY yr, qtr ORDER BY yr, qtr;"
Q110_V003,Q_1215,"SELECT EXTRACT(YEAR FROM l_shipdate) AS yr, EXTRACT(QUARTER FROM l_shipdate) AS qtr, MAX(l_extendedprice) AS max_price FROM lineitem GROUP BY yr, qtr ORDER BY yr, qtr;"
Q110_V004,Q_1216,"SELECT EXTRACT(YEAR FROM l_shipdate) AS yr, EXTRACT(QUARTER FROM l_shipdate) AS qtr, COUNT(*) AS line_count FROM lineitem GROUP BY yr, qtr ORDER BY yr, qtr;"
Q110_V005,Q_1217,"SELECT EXTRACT(YEAR FROM l_shipdate) AS yr, EXTRACT(QUARTER FROM l_shipdate) AS qtr, AVG(l_extendedprice) AS avg_price FROM lineitem WHERE l_shipdate >= DATE '1994-01-01' GROUP BY yr, qtr ORDER BY yr, qtr;"
Q110_V006,Q_1218,"SELECT EXTRACT(YEAR FROM l_shipdate) AS yr, EXTRACT(QUARTER FROM l_shipdate) AS qtr, AVG(l_extendedprice) AS avg_price FROM lineitem WHERE l_shipdate <= DATE '1997-12-31' GROUP BY yr, qtr ORDER BY yr, qtr;"
Q110_V007,Q_1219,"SELECT EXTRACT(YEAR FROM l_shipdate) AS yr, AVG(l_extendedprice) AS avg_price FROM lineitem GROUP BY yr ORDER BY yr;"
Q110_V008,Q_1220,"SELECT EXTRACT(YEAR FROM l_shipdate) AS yr, EXTRACT(QUARTER FROM l_shipdate) AS qtr, AVG(l_extendedprice) AS avg_price FROM lineitem WHERE l_discount < 0.05 GROUP BY yr, qtr ORDER BY yr, qtr;"
Q110_V009,Q_1221,"SELECT EXTRACT(YEAR FROM l_shipdate) AS yr, EXTRACT(QUARTER FROM l_shipdate) AS qtr, AVG(l_extendedprice) AS avg_price FROM lineitem WHERE l_discount >= 0.05 GROUP BY yr, qtr ORDER BY yr, qtr;"
Q110_V010,Q_1222,"SELECT EXTRACT(YEAR FROM l_shipdate) AS yr, EXTRACT(QUARTER FROM l_shipdate) AS qtr, AVG(l_extendedprice * (1 - l_discount)) AS avg_net_price FROM lineitem GROUP BY yr, qtr ORDER BY yr, qtr;"
Q110_V011,Q_1223,"SELECT EXTRACT(YEAR FROM l_commitdate) AS yr, EXTRACT(QUARTER FROM l_commitdate) AS qtr, AVG(l_extendedprice) AS avg_price FROM lineitem GROUP BY yr, qtr ORDER BY yr, qtr;"
Q111_V001,Q_1224,"SELECT s_nationkey, s_name, s_acctbal FROM supplier s WHERE s_acctbal < ( SELECT AVG(s2.s_acctbal) FROM supplier s2 WHERE s2.s_nationkey = s.s_nationkey ) ORDER BY s_nationkey, s_acctbal;"
Q111_V002,Q_1225,"SELECT s_nationkey, s_name, s_acctbal FROM supplier s WHERE s_acctbal > (SELECT AVG(s2.s_acctbal) FROM supplier s2 WHERE s2.s_nationkey = s.s_nationkey) ORDER BY s_nationkey, s_acctbal DESC;"
Q111_V003,Q_1226,"SELECT s_nationkey, s_name, s_acctbal FROM supplier s WHERE s_acctbal < (SELECT AVG(s2.s_acctbal) FROM supplier s2 WHERE s2.s_nationkey = s.s_nationkey) AND s_acctbal > 0 ORDER BY s_nationkey, s_acctbal;"
Q111_V004,Q_1227,"SELECT s_nationkey, s_name, s_acctbal FROM supplier s WHERE s_acctbal < (SELECT AVG(s2.s_acctbal) FROM supplier s2) ORDER BY s_acctbal;"
Q111_V005,Q_1228,SELECT COUNT(*) AS below_avg_suppliers FROM supplier s WHERE s_acctbal < (SELECT AVG(s2.s_acctbal) FROM supplier s2 WHERE s2.s_nationkey = s.s_nationkey);
Q111_V006,Q_1229,"SELECT n_name, COUNT(*) AS below_avg_count FROM nation JOIN supplier s ON n_nationkey = s_nationkey WHERE s_acctbal < (SELECT AVG(s2.s_acctbal) FROM supplier s2 WHERE s2.s_nationkey = s.s_nationkey) GROUP BY n_name ORDER BY below_avg_count DESC;"
Q111_V007,Q_1230,"SELECT s_nationkey, s_name, s_acctbal FROM supplier s WHERE s_acctbal <= (SELECT AVG(s2.s_acctbal) FROM supplier s2 WHERE s2.s_nationkey = s.s_nationkey) ORDER BY s_nationkey, s_acctbal;"
Q111_V008,Q_1231,"SELECT s_nationkey, AVG(s_acctbal) AS national_avg, MIN(s_acctbal) AS min_bal, MAX(s_acctbal) AS max_bal FROM supplier GROUP BY s_nationkey ORDER BY s_nationkey;"
Q111_V009,Q_1232,"SELECT s_nationkey, s_name, s_acctbal FROM supplier s WHERE s_acctbal < 0 ORDER BY s_nationkey, s_acctbal;"
Q111_V010,Q_1233,"SELECT s_nationkey, s_name, s_acctbal, (SELECT AVG(s2.s_acctbal) FROM supplier s2 WHERE s2.s_nationkey = s.s_nationkey) AS national_avg FROM supplier s ORDER BY s_nationkey, s_acctbal;"
Q111_V011,Q_1234,"SELECT r_name, COUNT(*) AS below_avg_count FROM region JOIN nation ON r_regionkey = n_regionkey JOIN supplier s ON n_nationkey = s_nationkey WHERE s_acctbal < (SELECT AVG(s2.s_acctbal) FROM supplier s2 WHERE s2.s_nationkey = s.s_nationkey) GROUP BY r_name ORDER BY below_avg_count DESC;"
Q112_V001,Q_1235,"SELECT o_orderpriority, COUNT(l_linenumber) AS lineitem_count, AVG(l_quantity) AS avg_qty FROM orders JOIN lineitem ON o_orderkey = l_orderkey GROUP BY o_orderpriority ORDER BY o_orderpriority;"
Q112_V002,Q_1236,"SELECT o_orderpriority, COUNT(l_linenumber) AS lineitem_count, AVG(l_quantity) AS avg_qty FROM orders JOIN lineitem ON o_orderkey = l_orderkey WHERE o_orderdate >= DATE '1995-01-01' GROUP BY o_orderpriority ORDER BY o_orderpriority;"
Q112_V003,Q_1237,"SELECT o_orderpriority, COUNT(l_linenumber) AS lineitem_count, AVG(l_quantity) AS avg_qty FROM orders JOIN lineitem ON o_orderkey = l_orderkey WHERE o_orderdate <= DATE '1996-12-31' GROUP BY o_orderpriority ORDER BY o_orderpriority;"
Q112_V004,Q_1238,"SELECT o_orderpriority, SUM(l_quantity) AS total_qty FROM orders JOIN lineitem ON o_orderkey = l_orderkey GROUP BY o_orderpriority ORDER BY o_orderpriority;"
Q112_V005,Q_1239,"SELECT o_orderpriority, COUNT(l_linenumber) AS lineitem_count, SUM(l_extendedprice) AS total_revenue FROM orders JOIN lineitem ON o_orderkey = l_orderkey GROUP BY o_orderpriority ORDER BY total_revenue DESC;"
Q112_V006,Q_1240,"SELECT o_orderpriority, MAX(l_quantity) AS max_qty, MIN(l_quantity) AS min_qty FROM orders JOIN lineitem ON o_orderkey = l_orderkey GROUP BY o_orderpriority ORDER BY o_orderpriority;"
Q112_V007,Q_1241,"SELECT o_orderpriority, COUNT(DISTINCT o_orderkey) AS order_count FROM orders JOIN lineitem ON o_orderkey = l_orderkey GROUP BY o_orderpriority ORDER BY o_orderpriority;"
Q112_V008,Q_1242,"SELECT o_orderpriority, COUNT(l_linenumber) AS lineitem_count, AVG(l_discount) AS avg_discount FROM orders JOIN lineitem ON o_orderkey = l_orderkey GROUP BY o_orderpriority ORDER BY o_orderpriority;"
Q112_V009,Q_1243,"SELECT o_orderpriority, COUNT(l_linenumber) AS lineitem_count, AVG(l_quantity) AS avg_qty FROM orders JOIN lineitem ON o_orderkey = l_orderkey WHERE o_totalprice > 100000 GROUP BY o_orderpriority ORDER BY o_orderpriority;"
Q112_V010,Q_1244,"SELECT o_orderpriority, COUNT(l_linenumber) AS lineitem_count, AVG(l_quantity) AS avg_qty FROM orders JOIN lineitem ON o_orderkey = l_orderkey WHERE o_totalprice <= 100000 GROUP BY o_orderpriority ORDER BY o_orderpriority;"
Q112_V011,Q_1245,"SELECT o_shippriority, o_orderpriority, COUNT(l_linenumber) AS lineitem_count FROM orders JOIN lineitem ON o_orderkey = l_orderkey GROUP BY o_shippriority, o_orderpriority ORDER BY o_orderpriority;"
Q113_V001,Q_1246,"SELECT ps_partkey, STDDEV(ps_supplycost) AS cost_stddev FROM partsupp GROUP BY ps_partkey ORDER BY cost_stddev DESC LIMIT 20;"
Q113_V002,Q_1247,"SELECT ps_partkey, STDDEV(ps_supplycost) AS cost_stddev FROM partsupp GROUP BY ps_partkey ORDER BY cost_stddev ASC LIMIT 20;"
Q113_V003,Q_1248,"SELECT ps_partkey, STDDEV(ps_supplycost) AS cost_stddev FROM partsupp GROUP BY ps_partkey HAVING STDDEV(ps_supplycost) > 100 ORDER BY cost_stddev DESC LIMIT 20;"
Q113_V004,Q_1249,"SELECT ps_partkey, STDDEV(ps_supplycost) AS cost_stddev FROM partsupp GROUP BY ps_partkey HAVING STDDEV(ps_supplycost) <= 100 ORDER BY cost_stddev DESC LIMIT 20;"
Q113_V005,Q_1250,"SELECT ps_partkey, VARIANCE(ps_supplycost) AS cost_variance FROM partsupp GROUP BY ps_partkey ORDER BY cost_variance DESC LIMIT 20;"
Q113_V006,Q_1251,"SELECT p_brand, AVG(STDDEV_sub.cost_stddev) AS avg_stddev FROM part JOIN (SELECT ps_partkey, STDDEV(ps_supplycost) AS cost_stddev FROM partsupp GROUP BY ps_partkey) STDDEV_sub ON p_partkey = STDDEV_sub.ps_partkey GROUP BY p_brand ORDER BY avg_stddev DESC LIMIT 20;"
Q113_V007,Q_1252,"SELECT ps_partkey, STDDEV(ps_supplycost) AS cost_stddev, COUNT(*) AS supplier_count FROM partsupp GROUP BY ps_partkey ORDER BY cost_stddev DESC LIMIT 20;"
Q113_V008,Q_1253,"SELECT ps_partkey, STDDEV(ps_supplycost) AS cost_stddev FROM partsupp GROUP BY ps_partkey ORDER BY cost_stddev DESC LIMIT 30;"
Q113_V009,Q_1254,"SELECT ps_partkey, STDDEV(ps_supplycost) AS cost_stddev, AVG(ps_supplycost) AS avg_cost FROM partsupp GROUP BY ps_partkey ORDER BY cost_stddev DESC LIMIT 20;"
Q113_V010,Q_1255,SELECT COUNT(*) AS high_variance_parts FROM (SELECT ps_partkey FROM partsupp GROUP BY ps_partkey HAVING STDDEV(ps_supplycost) > 100) t;
Q113_V011,Q_1256,"SELECT p_type, AVG(s.cost_stddev) AS avg_stddev FROM part JOIN (SELECT ps_partkey, STDDEV(ps_supplycost) AS cost_stddev FROM partsupp GROUP BY ps_partkey) s ON p_partkey = s.ps_partkey GROUP BY p_type ORDER BY avg_stddev DESC;"
Q114_V001,Q_1257,"SELECT c_custkey, c_name FROM customer WHERE c_custkey IN ( SELECT o_custkey FROM orders WHERE EXTRACT(YEAR FROM o_orderdate) = 1993 ) AND c_custkey IN ( SELECT o_custkey FROM orders WHERE EXTRACT(YEAR FROM o_orderdate) = 1997 );"
Q114_V002,Q_1258,"SELECT c_custkey, c_name FROM customer WHERE c_custkey IN (SELECT o_custkey FROM orders WHERE EXTRACT(YEAR FROM o_orderdate) = 1994) AND c_custkey IN (SELECT o_custkey FROM orders WHERE EXTRACT(YEAR FROM o_orderdate) = 1997);"
Q114_V003,Q_1259,"SELECT c_custkey, c_name FROM customer WHERE c_custkey IN (SELECT o_custkey FROM orders WHERE EXTRACT(YEAR FROM o_orderdate) = 1993) AND c_custkey IN (SELECT o_custkey FROM orders WHERE EXTRACT(YEAR FROM o_orderdate) = 1996);"
Q114_V004,Q_1260,"SELECT c_custkey, c_name FROM customer WHERE c_custkey IN (SELECT o_custkey FROM orders WHERE EXTRACT(YEAR FROM o_orderdate) = 1995) AND c_custkey IN (SELECT o_custkey FROM orders WHERE EXTRACT(YEAR FROM o_orderdate) = 1997);"
Q114_V005,Q_1261,SELECT COUNT(*) AS loyal_customers FROM customer WHERE c_custkey IN (SELECT o_custkey FROM orders WHERE EXTRACT(YEAR FROM o_orderdate) = 1993) AND c_custkey IN (SELECT o_custkey FROM orders WHERE EXTRACT(YEAR FROM o_orderdate) = 1997);
Q114_V006,Q_1262,"SELECT c_mktsegment, COUNT(*) AS loyal_count FROM customer WHERE c_custkey IN (SELECT o_custkey FROM orders WHERE EXTRACT(YEAR FROM o_orderdate) = 1993) AND c_custkey IN (SELECT o_custkey FROM orders WHERE EXTRACT(YEAR FROM o_orderdate) = 1997) GROUP BY c_mktsegment ORDER BY loyal_count DESC;"
Q114_V007,Q_1263,"SELECT c_custkey, c_name FROM customer WHERE c_custkey IN (SELECT o_custkey FROM orders WHERE EXTRACT(YEAR FROM o_orderdate) = 1993) AND c_custkey NOT IN (SELECT o_custkey FROM orders WHERE EXTRACT(YEAR FROM o_orderdate) = 1997);"
Q114_V008,Q_1264,"SELECT c_custkey, c_name FROM customer WHERE c_custkey IN (SELECT o_custkey FROM orders WHERE EXTRACT(YEAR FROM o_orderdate) = 1993) AND c_custkey IN (SELECT o_custkey FROM orders WHERE EXTRACT(YEAR FROM o_orderdate) = 1997) ORDER BY c_custkey;"
Q114_V009,Q_1265,"SELECT c_custkey, c_name, c_acctbal FROM customer WHERE c_custkey IN (SELECT o_custkey FROM orders WHERE EXTRACT(YEAR FROM o_orderdate) = 1993) AND c_custkey IN (SELECT o_custkey FROM orders WHERE EXTRACT(YEAR FROM o_orderdate) = 1997) ORDER BY c_acctbal DESC;"
Q114_V010,Q_1266,"SELECT n_name, COUNT(*) AS loyal_count FROM nation JOIN customer ON n_nationkey = c_nationkey WHERE c_custkey IN (SELECT o_custkey FROM orders WHERE EXTRACT(YEAR FROM o_orderdate) = 1993) AND c_custkey IN (SELECT o_custkey FROM orders WHERE EXTRACT(YEAR FROM o_orderdate) = 1997) GROUP BY n_name ORDER BY loyal_count DESC;"
Q114_V011,Q_1267,"SELECT c_custkey, c_name FROM customer WHERE c_custkey IN (SELECT o_custkey FROM orders WHERE EXTRACT(YEAR FROM o_orderdate) BETWEEN 1993 AND 1995) AND c_custkey IN (SELECT o_custkey FROM orders WHERE EXTRACT(YEAR FROM o_orderdate) BETWEEN 1996 AND 1997);"
Q115_V001,Q_1268,"SELECT p_type, EXTRACT(YEAR FROM l_shipdate) AS yr, SUM(l_extendedprice * (1 - l_discount)) AS net_revenue FROM part JOIN lineitem ON p_partkey = l_partkey GROUP BY p_type, yr ORDER BY p_type, yr;"
Q115_V002,Q_1269,"SELECT p_type, EXTRACT(YEAR FROM l_shipdate) AS yr, SUM(l_extendedprice * (1 - l_discount)) AS net_revenue FROM part JOIN lineitem ON p_partkey = l_partkey WHERE l_shipdate >= DATE '1995-01-01' GROUP BY p_type, yr ORDER BY p_type, yr;"
Q115_V003,Q_1270,"SELECT p_type, EXTRACT(YEAR FROM l_shipdate) AS yr, SUM(l_extendedprice * (1 - l_discount)) AS net_revenue FROM part JOIN lineitem ON p_partkey = l_partkey WHERE l_shipdate <= DATE '1997-12-31' GROUP BY p_type, yr ORDER BY p_type, yr;"
Q115_V004,Q_1271,"SELECT p_type, SUM(l_extendedprice * (1 - l_discount)) AS net_revenue FROM part JOIN lineitem ON p_partkey = l_partkey GROUP BY p_type ORDER BY net_revenue DESC;"
Q115_V005,Q_1272,"SELECT p_brand, EXTRACT(YEAR FROM l_shipdate) AS yr, SUM(l_extendedprice * (1 - l_discount)) AS net_revenue FROM part JOIN lineitem ON p_partkey = l_partkey GROUP BY p_brand, yr ORDER BY p_brand, yr;"
Q115_V006,Q_1273,"SELECT p_type, EXTRACT(YEAR FROM l_shipdate) AS yr, AVG(l_extendedprice * (1 - l_discount)) AS avg_revenue FROM part JOIN lineitem ON p_partkey = l_partkey GROUP BY p_type, yr ORDER BY p_type, yr;"
Q115_V007,Q_1274,"SELECT p_type, EXTRACT(YEAR FROM l_shipdate) AS yr, COUNT(*) AS line_count FROM part JOIN lineitem ON p_partkey = l_partkey GROUP BY p_type, yr ORDER BY p_type, yr;"
Q115_V008,Q_1275,"SELECT p_type, EXTRACT(YEAR FROM l_shipdate) AS yr, SUM(l_extendedprice * (1 - l_discount)) AS net_revenue FROM part JOIN lineitem ON p_partkey = l_partkey WHERE l_discount < 0.05 GROUP BY p_type, yr ORDER BY p_type, yr;"
Q115_V009,Q_1276,"SELECT p_type, EXTRACT(YEAR FROM l_shipdate) AS yr, SUM(l_extendedprice * (1 - l_discount)) AS net_revenue FROM part JOIN lineitem ON p_partkey = l_partkey WHERE l_discount >= 0.05 GROUP BY p_type, yr ORDER BY net_revenue DESC;"
Q115_V010,Q_1277,"SELECT p_container, EXTRACT(YEAR FROM l_shipdate) AS yr, SUM(l_extendedprice * (1 - l_discount)) AS net_revenue FROM part JOIN lineitem ON p_partkey = l_partkey GROUP BY p_container, yr ORDER BY p_container, yr;"
Q115_V011,Q_1278,"SELECT p_type, EXTRACT(YEAR FROM l_shipdate) AS yr, SUM(l_quantity) AS total_qty FROM part JOIN lineitem ON p_partkey = l_partkey GROUP BY p_type, yr ORDER BY p_type, yr;"
Q116_V001,Q_1279,"SELECT n_name, AVG(line_count) AS avg_lines_per_order FROM nation JOIN customer ON n_nationkey = c_nationkey JOIN orders ON c_custkey = o_custkey JOIN ( SELECT l_orderkey, COUNT(*) AS line_count FROM lineitem GROUP BY l_orderkey ) lc ON o_orderkey = lc.l_orderkey GROUP BY n_name ORDER BY avg_lines_per_order DESC;"
Q116_V002,Q_1280,"SELECT n_name, AVG(line_count) AS avg_lines_per_order FROM nation JOIN customer ON n_nationkey = c_nationkey JOIN orders ON c_custkey = o_custkey JOIN (SELECT l_orderkey, COUNT(*) AS line_count FROM lineitem GROUP BY l_orderkey) lc ON o_orderkey = lc.l_orderkey GROUP BY n_name ORDER BY avg_lines_per_order ASC;"
Q116_V003,Q_1281,"SELECT n_name, MAX(line_count) AS max_lines_per_order FROM nation JOIN customer ON n_nationkey = c_nationkey JOIN orders ON c_custkey = o_custkey JOIN (SELECT l_orderkey, COUNT(*) AS line_count FROM lineitem GROUP BY l_orderkey) lc ON o_orderkey = lc.l_orderkey GROUP BY n_name ORDER BY max_lines_per_order DESC;"
Q116_V004,Q_1282,"SELECT r_name, AVG(line_count) AS avg_lines_per_order FROM region JOIN nation ON r_regionkey = n_regionkey JOIN customer ON n_nationkey = c_nationkey JOIN orders ON c_custkey = o_custkey JOIN (SELECT l_orderkey, COUNT(*) AS line_count FROM lineitem GROUP BY l_orderkey) lc ON o_orderkey = lc.l_orderkey GROUP BY r_name ORDER BY avg_lines_per_order DESC;"
Q116_V005,Q_1283,"SELECT n_name, AVG(line_count) AS avg_lines_per_order FROM nation JOIN customer ON n_nationkey = c_nationkey JOIN orders ON c_custkey = o_custkey JOIN (SELECT l_orderkey, COUNT(*) AS line_count FROM lineitem GROUP BY l_orderkey) lc ON o_orderkey = lc.l_orderkey WHERE o_orderdate >= DATE '1995-01-01' GROUP BY n_name ORDER BY avg_lines_per_order DESC;"
Q116_V006,Q_1284,"SELECT n_name, AVG(line_count) AS avg_lines_per_order FROM nation JOIN customer ON n_nationkey = c_nationkey JOIN orders ON c_custkey = o_custkey JOIN (SELECT l_orderkey, COUNT(*) AS line_count FROM lineitem GROUP BY l_orderkey) lc ON o_orderkey = lc.l_orderkey WHERE o_orderdate <= DATE '1997-12-31' GROUP BY n_name ORDER BY avg_lines_per_order DESC;"
Q116_V007,Q_1285,"SELECT c_mktsegment, AVG(line_count) AS avg_lines_per_order FROM customer JOIN orders ON c_custkey = o_custkey JOIN (SELECT l_orderkey, COUNT(*) AS line_count FROM lineitem GROUP BY l_orderkey) lc ON o_orderkey = lc.l_orderkey GROUP BY c_mktsegment ORDER BY avg_lines_per_order DESC;"
Q116_V008,Q_1286,"SELECT n_name, SUM(line_count) AS total_lines FROM nation JOIN customer ON n_nationkey = c_nationkey JOIN orders ON c_custkey = o_custkey JOIN (SELECT l_orderkey, COUNT(*) AS line_count FROM lineitem GROUP BY l_orderkey) lc ON o_orderkey = lc.l_orderkey GROUP BY n_name ORDER BY total_lines DESC;"
Q116_V009,Q_1287,"SELECT n_name, AVG(line_count) AS avg_lines_per_order FROM nation JOIN customer ON n_nationkey = c_nationkey JOIN orders ON c_custkey = o_custkey JOIN (SELECT l_orderkey, COUNT(*) AS line_count FROM lineitem GROUP BY l_orderkey) lc ON o_orderkey = lc.l_orderkey WHERE o_orderpriority = '1-URGENT' GROUP BY n_name ORDER BY avg_lines_per_order DESC;"
Q116_V010,Q_1288,"SELECT n_name, MIN(line_count) AS min_lines_per_order FROM nation JOIN customer ON n_nationkey = c_nationkey JOIN orders ON c_custkey = o_custkey JOIN (SELECT l_orderkey, COUNT(*) AS line_count FROM lineitem GROUP BY l_orderkey) lc ON o_orderkey = lc.l_orderkey GROUP BY n_name ORDER BY min_lines_per_order;"
Q116_V011,Q_1289,"SELECT n_name, AVG(line_count) AS avg_lines_per_order FROM nation JOIN customer ON n_nationkey = c_nationkey JOIN orders ON c_custkey = o_custkey JOIN (SELECT l_orderkey, COUNT(*) AS line_count FROM lineitem GROUP BY l_orderkey) lc ON o_orderkey = lc.l_orderkey WHERE o_totalprice > 100000 GROUP BY n_name ORDER BY avg_lines_per_order DESC;"
Q117_V001,Q_1290,"SELECT p_partkey, p_name, p_retailprice, AVG(ps_supplycost) AS avg_supply_cost FROM part JOIN partsupp ON p_partkey = ps_partkey GROUP BY p_partkey, p_name, p_retailprice HAVING p_retailprice < AVG(ps_supplycost);"
Q117_V002,Q_1291,"SELECT p_partkey, p_name, p_retailprice, AVG(ps_supplycost) AS avg_supply_cost FROM part JOIN partsupp ON p_partkey = ps_partkey GROUP BY p_partkey, p_name, p_retailprice HAVING p_retailprice > AVG(ps_supplycost);"
Q117_V003,Q_1292,"SELECT p_partkey, p_name, p_retailprice, AVG(ps_supplycost) AS avg_supply_cost FROM part JOIN partsupp ON p_partkey = ps_partkey GROUP BY p_partkey, p_name, p_retailprice HAVING p_retailprice <= AVG(ps_supplycost);"
Q117_V004,Q_1293,"SELECT p_partkey, p_name, p_retailprice, MIN(ps_supplycost) AS min_supply_cost FROM part JOIN partsupp ON p_partkey = ps_partkey GROUP BY p_partkey, p_name, p_retailprice HAVING p_retailprice < MIN(ps_supplycost);"
Q117_V005,Q_1294,"SELECT COUNT(*) AS underwater_parts FROM (SELECT p_partkey FROM part JOIN partsupp ON p_partkey = ps_partkey GROUP BY p_partkey, p_retailprice HAVING p_retailprice < AVG(ps_supplycost)) t;"
Q117_V006,Q_1295,"SELECT p_type, COUNT(*) AS underwater_count FROM (SELECT p_partkey, p_type FROM part JOIN partsupp ON p_partkey = ps_partkey GROUP BY p_partkey, p_name, p_retailprice, p_type HAVING p_retailprice < AVG(ps_supplycost)) underwater GROUP BY p_type ORDER BY underwater_count DESC;"
Q117_V007,Q_1296,"SELECT p_brand, COUNT(*) AS underwater_count FROM (SELECT p_partkey, p_brand FROM part JOIN partsupp ON p_partkey = ps_partkey GROUP BY p_partkey, p_brand, p_retailprice HAVING p_retailprice < AVG(ps_supplycost)) underwater GROUP BY p_brand ORDER BY underwater_count DESC;"
Q117_V008,Q_1297,"SELECT p_partkey, p_name, p_retailprice, AVG(ps_supplycost) AS avg_supply_cost, (AVG(ps_supplycost) - p_retailprice) AS loss_margin FROM part JOIN partsupp ON p_partkey = ps_partkey GROUP BY p_partkey, p_name, p_retailprice HAVING p_retailprice < AVG(ps_supplycost) ORDER BY loss_margin DESC;"
Q117_V009,Q_1298,"SELECT p_partkey, p_name, p_retailprice, MAX(ps_supplycost) AS max_supply_cost FROM part JOIN partsupp ON p_partkey = ps_partkey GROUP BY p_partkey, p_name, p_retailprice HAVING p_retailprice < MAX(ps_supplycost) ORDER BY p_retailprice DESC;"
Q117_V010,Q_1299,"SELECT p_partkey, p_name, p_retailprice, AVG(ps_supplycost) AS avg_supply_cost FROM part JOIN partsupp ON p_partkey = ps_partkey WHERE ps_availqty > 500 GROUP BY p_partkey, p_name, p_retailprice HAVING p_retailprice < AVG(ps_supplycost);"
Q117_V011,Q_1300,"SELECT p_partkey, p_name, p_retailprice, AVG(ps_supplycost) AS avg_supply_cost FROM part JOIN partsupp ON p_partkey = ps_partkey WHERE ps_availqty <= 500 GROUP BY p_partkey, p_name, p_retailprice HAVING p_retailprice < AVG(ps_supplycost);"
Q118_V001,Q_1301,"SELECT o_clerk, COUNT(*) AS urgent_orders FROM orders WHERE o_orderpriority IN ('1-URGENT', '2-HIGH') GROUP BY o_clerk ORDER BY urgent_orders DESC LIMIT 15;"
Q118_V002,Q_1302,"SELECT o_clerk, COUNT(*) AS urgent_orders FROM orders WHERE o_orderpriority IN ('1-URGENT', '2-HIGH') GROUP BY o_clerk ORDER BY urgent_orders ASC LIMIT 15;"
Q118_V003,Q_1303,"SELECT o_clerk, COUNT(*) AS urgent_orders FROM orders WHERE o_orderpriority = '1-URGENT' GROUP BY o_clerk ORDER BY urgent_orders DESC LIMIT 15;"
Q118_V004,Q_1304,"SELECT o_clerk, COUNT(*) AS urgent_orders FROM orders WHERE o_orderpriority IN ('1-URGENT', '2-HIGH', '3-MEDIUM') GROUP BY o_clerk ORDER BY urgent_orders DESC LIMIT 15;"
Q118_V005,Q_1305,"SELECT o_clerk, SUM(o_totalprice) AS urgent_revenue FROM orders WHERE o_orderpriority IN ('1-URGENT', '2-HIGH') GROUP BY o_clerk ORDER BY urgent_revenue DESC LIMIT 15;"
Q118_V006,Q_1306,"SELECT o_clerk, COUNT(*) AS urgent_orders FROM orders WHERE o_orderpriority IN ('1-URGENT', '2-HIGH') AND o_orderdate >= DATE '1995-01-01' GROUP BY o_clerk ORDER BY urgent_orders DESC LIMIT 15;"
Q118_V007,Q_1307,"SELECT o_clerk, COUNT(*) AS urgent_orders FROM orders WHERE o_orderpriority IN ('1-URGENT', '2-HIGH') AND o_orderdate <= DATE '1997-12-31' GROUP BY o_clerk ORDER BY urgent_orders DESC LIMIT 15;"
Q118_V008,Q_1308,"SELECT o_clerk, COUNT(*) AS all_orders FROM orders GROUP BY o_clerk ORDER BY all_orders DESC LIMIT 15;"
Q118_V009,Q_1309,"SELECT o_clerk, AVG(o_totalprice) AS avg_order_value FROM orders WHERE o_orderpriority IN ('1-URGENT', '2-HIGH') GROUP BY o_clerk ORDER BY avg_order_value DESC LIMIT 15;"
Q118_V010,Q_1310,"SELECT o_clerk, COUNT(*) AS urgent_orders FROM orders WHERE o_orderpriority IN ('1-URGENT', '2-HIGH') AND o_totalprice > 100000 GROUP BY o_clerk ORDER BY urgent_orders DESC LIMIT 15;"
Q118_V011,Q_1311,"SELECT o_clerk, COUNT(*) AS urgent_orders FROM orders WHERE o_orderpriority IN ('1-URGENT', '2-HIGH') AND o_totalprice <= 100000 GROUP BY o_clerk ORDER BY urgent_orders DESC LIMIT 15;"
Q119_V001,Q_1312,"SELECT p_size, SUM(l_extendedprice * (1 - l_discount)) AS discounted_revenue FROM part JOIN lineitem ON p_partkey = l_partkey GROUP BY p_size ORDER BY p_size;"
Q119_V002,Q_1313,"SELECT p_size, SUM(l_extendedprice * (1 - l_discount)) AS discounted_revenue FROM part JOIN lineitem ON p_partkey = l_partkey GROUP BY p_size ORDER BY discounted_revenue DESC;"
Q119_V003,Q_1314,"SELECT p_size, AVG(l_extendedprice * (1 - l_discount)) AS avg_revenue FROM part JOIN lineitem ON p_partkey = l_partkey GROUP BY p_size ORDER BY p_size;"
Q119_V004,Q_1315,"SELECT p_size, COUNT(*) AS line_count FROM part JOIN lineitem ON p_partkey = l_partkey GROUP BY p_size ORDER BY p_size;"
Q119_V005,Q_1316,"SELECT p_size, SUM(l_extendedprice * (1 - l_discount)) AS discounted_revenue FROM part JOIN lineitem ON p_partkey = l_partkey WHERE l_shipdate >= DATE '1995-01-01' GROUP BY p_size ORDER BY p_size;"
Q119_V006,Q_1317,"SELECT p_size, SUM(l_extendedprice * (1 - l_discount)) AS discounted_revenue FROM part JOIN lineitem ON p_partkey = l_partkey WHERE l_shipdate <= DATE '1997-12-31' GROUP BY p_size ORDER BY p_size;"
Q119_V007,Q_1318,"SELECT p_size, SUM(l_extendedprice * (1 - l_discount)) AS discounted_revenue FROM part JOIN lineitem ON p_partkey = l_partkey WHERE p_size > 10 GROUP BY p_size ORDER BY p_size;"
Q119_V008,Q_1319,"SELECT p_size, SUM(l_extendedprice * (1 - l_discount)) AS discounted_revenue FROM part JOIN lineitem ON p_partkey = l_partkey WHERE p_size <= 10 GROUP BY p_size ORDER BY p_size;"
Q119_V009,Q_1320,"SELECT p_size, SUM(l_extendedprice) AS gross_revenue, SUM(l_extendedprice * l_discount) AS total_discount FROM part JOIN lineitem ON p_partkey = l_partkey GROUP BY p_size ORDER BY p_size;"
Q119_V010,Q_1321,"SELECT p_size, SUM(l_extendedprice * (1 - l_discount)) AS discounted_revenue FROM part JOIN lineitem ON p_partkey = l_partkey WHERE l_discount < 0.05 GROUP BY p_size ORDER BY p_size;"
Q119_V011,Q_1322,"SELECT p_size, SUM(l_extendedprice * (1 - l_discount)) AS discounted_revenue FROM part JOIN lineitem ON p_partkey = l_partkey WHERE l_discount >= 0.05 GROUP BY p_size ORDER BY discounted_revenue DESC;"
Q120_V001,Q_1323,"SELECT DISTINCT s_suppkey, s_name FROM supplier s JOIN partsupp ps ON s.s_suppkey = ps.ps_suppkey JOIN lineitem l ON ps.ps_partkey = l.l_partkey AND s.s_suppkey = l.l_suppkey JOIN orders o ON l.l_orderkey = o.o_orderkey JOIN customer c ON o.o_custkey = c.c_custkey WHERE c.c_nationkey = s.s_nationkey;"
Q120_V002,Q_1324,"SELECT DISTINCT s_suppkey, s_name FROM supplier s JOIN partsupp ps ON s.s_suppkey = ps.ps_suppkey JOIN lineitem l ON ps.ps_partkey = l.l_partkey AND s.s_suppkey = l.l_suppkey JOIN orders o ON l.l_orderkey = o.o_orderkey JOIN customer c ON o.o_custkey = c.c_custkey WHERE c.c_nationkey = s.s_nationkey AND o.o_orderdate >= DATE '1995-01-01';"
Q120_V003,Q_1325,"SELECT DISTINCT s_suppkey, s_name FROM supplier s JOIN partsupp ps ON s.s_suppkey = ps.ps_suppkey JOIN lineitem l ON ps.ps_partkey = l.l_partkey AND s.s_suppkey = l.l_suppkey JOIN orders o ON l.l_orderkey = o.o_orderkey JOIN customer c ON o.o_custkey = c.c_custkey WHERE c.c_nationkey = s.s_nationkey AND o.o_orderdate <= DATE '1997-12-31';"
Q120_V004,Q_1326,"SELECT DISTINCT s_suppkey, s_name FROM supplier s JOIN partsupp ps ON s.s_suppkey = ps.ps_suppkey JOIN lineitem l ON ps.ps_partkey = l.l_partkey AND s.s_suppkey = l.l_suppkey JOIN orders o ON l.l_orderkey = o.o_orderkey JOIN customer c ON o.o_custkey = c.c_custkey WHERE c.c_nationkey != s.s_nationkey;"
Q120_V005,Q_1327,SELECT COUNT(DISTINCT s_suppkey) AS same_nation_suppliers FROM supplier s JOIN partsupp ps ON s.s_suppkey = ps.ps_suppkey JOIN lineitem l ON ps.ps_partkey = l.l_partkey AND s.s_suppkey = l.l_suppkey JOIN orders o ON l.l_orderkey = o.o_orderkey JOIN customer c ON o.o_custkey = c.c_custkey WHERE c.c_nationkey = s.s_nationkey;
Q120_V006,Q_1328,"SELECT n_name, COUNT(DISTINCT s_suppkey) AS same_nation_supplier_count FROM nation JOIN supplier s ON n_nationkey = s_nationkey JOIN partsupp ps ON s.s_suppkey = ps.ps_suppkey JOIN lineitem l ON ps.ps_partkey = l.l_partkey AND s.s_suppkey = l.l_suppkey JOIN orders o ON l.l_orderkey = o.o_orderkey JOIN customer c ON o.o_custkey = c.c_custkey WHERE c.c_nationkey = s.s_nationkey GROUP BY n_name ORDER BY same_nation_supplier_count DESC;"
Q120_V007,Q_1329,"SELECT DISTINCT s_suppkey, s_name, SUM(l.l_extendedprice * (1 - l.l_discount)) AS revenue FROM supplier s JOIN partsupp ps ON s.s_suppkey = ps.ps_suppkey JOIN lineitem l ON ps.ps_partkey = l.l_partkey AND s.s_suppkey = l.l_suppkey JOIN orders o ON l.l_orderkey = o.o_orderkey JOIN customer c ON o.o_custkey = c.c_custkey WHERE c.c_nationkey = s.s_nationkey GROUP BY s_suppkey, s_name ORDER BY revenue DESC LIMIT 20;"
Q120_V008,Q_1330,"SELECT DISTINCT s_suppkey, s_name FROM supplier s JOIN partsupp ps ON s.s_suppkey = ps.ps_suppkey JOIN lineitem l ON ps.ps_partkey = l.l_partkey AND s.s_suppkey = l.l_suppkey JOIN orders o ON l.l_orderkey = o.o_orderkey JOIN customer c ON o.o_custkey = c.c_custkey WHERE c.c_nationkey = s.s_nationkey AND o.o_orderpriority = '1-URGENT';"
Q120_V009,Q_1331,"SELECT DISTINCT c_custkey, c_name FROM customer c JOIN orders o ON c.c_custkey = o.o_custkey JOIN lineitem l ON o.o_orderkey = l.l_orderkey JOIN supplier s ON l.l_suppkey = s.s_suppkey WHERE c.c_nationkey = s.s_nationkey;"
Q120_V010,Q_1332,"SELECT DISTINCT s_suppkey, s_name FROM supplier s JOIN partsupp ps ON s.s_suppkey = ps.ps_suppkey JOIN lineitem l ON ps.ps_partkey = l.l_partkey AND s.s_suppkey = l.l_suppkey JOIN orders o ON l.l_orderkey = o.o_orderkey JOIN customer c ON o.o_custkey = c.c_custkey WHERE c.c_nationkey = s.s_nationkey AND o.o_totalprice > 150000;"
Q120_V011,Q_1333,"SELECT DISTINCT s_suppkey, s_name FROM supplier s JOIN partsupp ps ON s.s_suppkey = ps.ps_suppkey JOIN lineitem l ON ps.ps_partkey = l.l_partkey AND s.s_suppkey = l.l_suppkey JOIN orders o ON l.l_orderkey = o.o_orderkey JOIN customer c ON o.o_custkey = c.c_custkey WHERE c.c_nationkey = s.s_nationkey AND o.o_totalprice <= 150000;"
Q121_V001,Q_1334,"SELECT o_shippriority, AVG(o_totalprice) AS avg_total, COUNT(*) AS order_count FROM orders GROUP BY o_shippriority;"
Q121_V002,Q_1335,"SELECT o_shippriority, AVG(o_totalprice) AS avg_total, COUNT(*) AS order_count FROM orders GROUP BY o_shippriority ORDER BY avg_total DESC;"
Q121_V003,Q_1336,"SELECT o_shippriority, SUM(o_totalprice) AS total, COUNT(*) AS order_count FROM orders GROUP BY o_shippriority ORDER BY o_shippriority;"
Q121_V004,Q_1337,"SELECT o_shippriority, MAX(o_totalprice) AS max_price, MIN(o_totalprice) AS min_price FROM orders GROUP BY o_shippriority;"
Q121_V005,Q_1338,"SELECT o_shippriority, AVG(o_totalprice) AS avg_total, COUNT(*) AS order_count FROM orders WHERE o_orderdate >= DATE '1995-01-01' GROUP BY o_shippriority;"
Q121_V006,Q_1339,"SELECT o_shippriority, AVG(o_totalprice) AS avg_total, COUNT(*) AS order_count FROM orders WHERE o_orderdate <= DATE '1997-12-31' GROUP BY o_shippriority;"
Q121_V007,Q_1340,"SELECT o_shippriority, o_orderpriority, AVG(o_totalprice) AS avg_total FROM orders GROUP BY o_shippriority, o_orderpriority ORDER BY o_shippriority;"
Q121_V008,Q_1341,"SELECT o_shippriority, AVG(o_totalprice) AS avg_total FROM orders WHERE o_totalprice > 100000 GROUP BY o_shippriority;"
Q121_V009,Q_1342,"SELECT o_shippriority, AVG(o_totalprice) AS avg_total FROM orders WHERE o_totalprice <= 100000 GROUP BY o_shippriority;"
Q121_V010,Q_1343,"SELECT o_shippriority, STDDEV(o_totalprice) AS price_stddev FROM orders GROUP BY o_shippriority;"
Q121_V011,Q_1344,"SELECT c_mktsegment, o_shippriority, AVG(o_totalprice) AS avg_total FROM customer JOIN orders ON c_custkey = o_custkey GROUP BY c_mktsegment, o_shippriority ORDER BY c_mktsegment, o_shippriority;"
Q122_V001,Q_1345,"SELECT l_orderkey, l_linenumber, l_discount, l_tax FROM lineitem WHERE l_discount >= l_tax LIMIT 100;"
Q122_V002,Q_1346,"SELECT l_orderkey, l_linenumber, l_discount, l_tax FROM lineitem WHERE l_discount <= l_tax LIMIT 100;"
Q122_V003,Q_1347,"SELECT l_orderkey, l_linenumber, l_discount, l_tax FROM lineitem WHERE l_discount > l_tax LIMIT 100;"
Q122_V004,Q_1348,"SELECT l_orderkey, l_linenumber, l_discount, l_tax FROM lineitem WHERE l_discount = l_tax LIMIT 100;"
Q122_V005,Q_1349,SELECT COUNT(*) AS high_discount_lines FROM lineitem WHERE l_discount >= l_tax;
Q122_V006,Q_1350,"SELECT l_shipmode, COUNT(*) AS high_discount_count FROM lineitem WHERE l_discount >= l_tax GROUP BY l_shipmode ORDER BY high_discount_count DESC;"
Q122_V007,Q_1351,"SELECT l_orderkey, l_linenumber, l_discount, l_tax, (l_discount - l_tax) AS diff FROM lineitem WHERE l_discount >= l_tax ORDER BY diff DESC LIMIT 100;"
Q122_V008,Q_1352,"SELECT l_orderkey, l_linenumber, l_discount, l_tax FROM lineitem WHERE l_discount >= l_tax AND l_shipdate >= DATE '1995-01-01' LIMIT 100;"
Q122_V009,Q_1353,"SELECT l_orderkey, l_linenumber, l_discount, l_tax FROM lineitem WHERE l_discount >= l_tax AND l_shipdate <= DATE '1997-12-31' LIMIT 100;"
Q122_V010,Q_1354,"SELECT EXTRACT(YEAR FROM l_shipdate) AS yr, COUNT(*) AS high_discount_count FROM lineitem WHERE l_discount >= l_tax GROUP BY yr ORDER BY yr;"
Q122_V011,Q_1355,"SELECT l_returnflag, COUNT(*) AS high_discount_count FROM lineitem WHERE l_discount >= l_tax GROUP BY l_returnflag;"
Q123_V001,Q_1356,"WITH yearly_revenue AS ( SELECT r_name, EXTRACT(YEAR FROM o_orderdate) AS yr, SUM(o_totalprice) AS revenue FROM region JOIN nation ON r_regionkey = n_regionkey JOIN customer ON n_nationkey = c_nationkey JOIN orders ON c_custkey = o_custkey GROUP BY r_name, yr ) SELECT r_name, yr, revenue, LAG(revenue) OVER (PARTITION BY r_name ORDER BY yr) AS prev_revenue, ROUND( 100.0 * (revenue - LAG(revenue) OVER (PARTITION BY r_name ORDER BY yr)) / NULLIF(LAG(revenue) OVER (PARTITION BY r_name ORDER BY yr), 0), 2 ) AS yoy_growth_pct FROM yearly_revenue ORDER BY r_name, yr;"
Q123_V002,Q_1357,"WITH nation_yr AS ( SELECT n_name, EXTRACT(YEAR FROM o_orderdate) AS yr, SUM(o_totalprice) AS revenue FROM nation JOIN customer ON n_nationkey = c_nationkey JOIN orders ON c_custkey = o_custkey GROUP BY n_name, yr ) SELECT n_name, yr, revenue, LAG(revenue) OVER (PARTITION BY n_name ORDER BY yr) AS prev_yr, ROUND(100.0*(revenue - LAG(revenue) OVER (PARTITION BY n_name ORDER BY yr)) / NULLIF(LAG(revenue) OVER (PARTITION BY n_name ORDER BY yr),0),2) AS yoy_pct FROM nation_yr ORDER BY n_name, yr;"
Q123_V003,Q_1358,"WITH seg_yr AS ( SELECT c_mktsegment, EXTRACT(YEAR FROM o_orderdate) AS yr, SUM(o_totalprice) AS revenue FROM customer JOIN orders ON c_custkey = o_custkey GROUP BY c_mktsegment, yr ) SELECT c_mktsegment, yr, revenue, LAG(revenue) OVER (PARTITION BY c_mktsegment ORDER BY yr) AS prev_yr, ROUND(100.0*(revenue - LAG(revenue) OVER (PARTITION BY c_mktsegment ORDER BY yr)) / NULLIF(LAG(revenue) OVER (PARTITION BY c_mktsegment ORDER BY yr),0),2) AS yoy_pct FROM seg_yr ORDER BY c_mktsegment, yr;"
Q123_V004,Q_1359,"WITH qtr_data AS ( SELECT r_name, EXTRACT(YEAR FROM o_orderdate) AS yr, EXTRACT(QUARTER FROM o_orderdate) AS qtr, SUM(o_totalprice) AS revenue FROM region JOIN nation ON r_regionkey=n_regionkey JOIN customer ON n_nationkey=c_nationkey JOIN orders ON c_custkey=o_custkey GROUP BY r_name, yr, qtr ) SELECT r_name, yr, qtr, revenue, LAG(revenue) OVER (PARTITION BY r_name, qtr ORDER BY yr) AS same_qtr_prev_yr, ROUND(100.0*(revenue - LAG(revenue) OVER (PARTITION BY r_name, qtr ORDER BY yr)) / NULLIF(LAG(revenue) OVER (PARTITION BY r_name, qtr ORDER BY yr),0),2) AS yoy_pct FROM qtr_data ORDER BY r_name, yr, qtr;"
Q123_V005,Q_1360,"WITH sup_yr AS ( SELECT r_name, EXTRACT(YEAR FROM l_shipdate) AS yr, SUM(l_extendedprice*(1-l_discount)) AS revenue FROM region JOIN nation ON r_regionkey=n_regionkey JOIN supplier ON n_nationkey=s_nationkey JOIN lineitem ON s_suppkey=l_suppkey GROUP BY r_name, yr ) SELECT r_name, yr, revenue, LAG(revenue) OVER (PARTITION BY r_name ORDER BY yr) AS prev_yr, ROUND(100.0*(revenue - LAG(revenue) OVER (PARTITION BY r_name ORDER BY yr)) / NULLIF(LAG(revenue) OVER (PARTITION BY r_name ORDER BY yr),0),2) AS yoy_pct FROM sup_yr ORDER BY r_name, yr;"
Q123_V006,Q_1361,"WITH cnt_yr AS ( SELECT r_name, EXTRACT(YEAR FROM o_orderdate) AS yr, COUNT(DISTINCT o_orderkey) AS order_cnt FROM region JOIN nation ON r_regionkey=n_regionkey JOIN customer ON n_nationkey=c_nationkey JOIN orders ON c_custkey=o_custkey GROUP BY r_name, yr ) SELECT r_name, yr, order_cnt, LAG(order_cnt) OVER (PARTITION BY r_name ORDER BY yr) AS prev_yr_cnt, ROUND(100.0*(order_cnt - LAG(order_cnt) OVER (PARTITION BY r_name ORDER BY yr)) / NULLIF(LAG(order_cnt) OVER (PARTITION BY r_name ORDER BY yr),0),2) AS yoy_pct FROM cnt_yr ORDER BY r_name, yr;"
Q123_V007,Q_1362,"WITH yr_rev AS ( SELECT r_name, EXTRACT(YEAR FROM o_orderdate) AS yr, SUM(o_totalprice) AS revenue FROM region JOIN nation ON r_regionkey=n_regionkey JOIN customer ON n_nationkey=c_nationkey JOIN orders ON c_custkey=o_custkey GROUP BY r_name, yr ) SELECT r_name, yr, revenue, SUM(revenue) OVER (PARTITION BY r_name ORDER BY yr ROWS BETWEEN UNBOUNDED PRECEDING AND CURRENT ROW) AS cumulative_revenue FROM yr_rev ORDER BY r_name, yr;"
Q123_V008,Q_1363,"WITH yr_rev AS ( SELECT r_name, EXTRACT(YEAR FROM o_orderdate) AS yr, SUM(o_totalprice) AS revenue FROM region JOIN nation ON r_regionkey=n_regionkey JOIN customer ON n_nationkey=c_nationkey JOIN orders ON c_custkey=o_custkey GROUP BY r_name, yr ) SELECT r_name, yr, revenue, RANK() OVER (PARTITION BY yr ORDER BY revenue DESC) AS rank_in_year, ROUND(100.0*revenue / SUM(revenue) OVER (PARTITION BY yr),2) AS pct_of_year_total FROM yr_rev ORDER BY yr, rank_in_year;"
Q123_V009,Q_1364,"WITH avg_yr AS ( SELECT r_name, EXTRACT(YEAR FROM o_orderdate) AS yr, AVG(o_totalprice) AS avg_order_val FROM region JOIN nation ON r_regionkey=n_regionkey JOIN customer ON n_nationkey=c_nationkey JOIN orders ON c_custkey=o_custkey GROUP BY r_name, yr ) SELECT r_name, yr, ROUND(avg_order_val,2) AS avg_order_val, ROUND(LAG(avg_order_val) OVER (PARTITION BY r_name ORDER BY yr),2) AS prev_yr_avg, ROUND(100.0*(avg_order_val - LAG(avg_order_val) OVER (PARTITION BY r_name ORDER BY yr)) / NULLIF(LAG(avg_order_val) OVER (PARTITION BY r_name ORDER BY yr),0),2) AS yoy_pct FROM avg_yr ORDER BY r_name, yr;"
Q123_V010,Q_1365,"WITH yr_rev AS ( SELECT r_name, EXTRACT(YEAR FROM o_orderdate) AS yr, SUM(o_totalprice) AS revenue FROM region JOIN nation ON r_regionkey=n_regionkey JOIN customer ON n_nationkey=c_nationkey JOIN orders ON c_custkey=o_custkey GROUP BY r_name, yr ) SELECT r_name, yr, revenue, LEAD(revenue) OVER (PARTITION BY r_name ORDER BY yr) AS next_yr_revenue, ROUND(100.0*(LEAD(revenue) OVER (PARTITION BY r_name ORDER BY yr) - revenue) / NULLIF(revenue,0),2) AS next_yr_growth_pct FROM yr_rev ORDER BY r_name, yr;"
Q123_V011,Q_1366,"WITH net_yr AS ( SELECT r_name, EXTRACT(YEAR FROM l_shipdate) AS yr, SUM(l_extendedprice*(1-l_discount)*(1+l_tax)) AS net_revenue FROM region JOIN nation ON r_regionkey=n_regionkey JOIN supplier ON n_nationkey=s_nationkey JOIN lineitem ON s_suppkey=l_suppkey GROUP BY r_name, yr ) SELECT r_name, yr, ROUND(net_revenue,2) AS net_revenue, ROUND(LAG(net_revenue) OVER (PARTITION BY r_name ORDER BY yr),2) AS prev_yr, ROUND(100.0*(net_revenue - LAG(net_revenue) OVER (PARTITION BY r_name ORDER BY yr)) / NULLIF(LAG(net_revenue) OVER (PARTITION BY r_name ORDER BY yr),0),2) AS yoy_pct FROM net_yr ORDER BY r_name, yr;"
Q124_V001,Q_1367,"WITH customer_value AS ( SELECT c_custkey, c_name, c_nationkey, SUM(o_totalprice) AS lifetime_value, COUNT(o_orderkey) AS total_orders FROM customer JOIN orders ON c_custkey = o_custkey GROUP BY c_custkey, c_name, c_nationkey ) SELECT cv.*, n_name, RANK() OVER (PARTITION BY c_nationkey ORDER BY lifetime_value DESC) AS nation_rank FROM customer_value cv JOIN nation ON cv.c_nationkey = n_nationkey ORDER BY c_nationkey, nation_rank LIMIT 100;"
Q124_V002,Q_1368,"WITH clv AS ( SELECT c_custkey, c_name, c_nationkey, SUM(o_totalprice) AS lifetime_value, COUNT(o_orderkey) AS total_orders FROM customer JOIN orders ON c_custkey=o_custkey GROUP BY c_custkey, c_name, c_nationkey ) SELECT clv.c_custkey, clv.c_name, n_name, clv.lifetime_value, clv.total_orders, DENSE_RANK() OVER (PARTITION BY c_nationkey ORDER BY lifetime_value DESC) AS nation_rank FROM clv JOIN nation ON clv.c_nationkey=n_nationkey ORDER BY c_nationkey, nation_rank LIMIT 100;"
Q124_V003,Q_1369,"WITH clv AS ( SELECT c_custkey, c_name, c_nationkey, SUM(o_totalprice) AS lifetime_value, COUNT(o_orderkey) AS total_orders FROM customer JOIN orders ON c_custkey=o_custkey GROUP BY c_custkey, c_name, c_nationkey ) SELECT clv.c_custkey, clv.c_name, n_name, clv.lifetime_value, clv.total_orders, RANK() OVER (PARTITION BY c_nationkey ORDER BY total_orders DESC) AS order_count_rank FROM clv JOIN nation ON clv.c_nationkey=n_nationkey ORDER BY c_nationkey, order_count_rank LIMIT 100;"
Q124_V004,Q_1370,"WITH clv AS ( SELECT c_custkey, c_name, c_nationkey, SUM(o_totalprice) AS lifetime_value FROM customer JOIN orders ON c_custkey=o_custkey GROUP BY c_custkey, c_name, c_nationkey ) SELECT clv.c_custkey, clv.c_name, r_name, clv.lifetime_value, RANK() OVER (PARTITION BY r_regionkey ORDER BY lifetime_value DESC) AS region_rank FROM clv JOIN nation ON clv.c_nationkey=n_nationkey JOIN region ON n_regionkey=r_regionkey ORDER BY r_name, region_rank LIMIT 100;"
Q124_V005,Q_1371,"WITH clv AS ( SELECT c_custkey, c_name, c_nationkey, c_mktsegment, SUM(o_totalprice) AS lifetime_value FROM customer JOIN orders ON c_custkey=o_custkey GROUP BY c_custkey, c_name, c_nationkey, c_mktsegment ) SELECT clv.c_custkey, clv.c_name, clv.c_mktsegment, clv.lifetime_value, RANK() OVER (PARTITION BY c_mktsegment ORDER BY lifetime_value DESC) AS seg_rank FROM clv JOIN nation ON clv.c_nationkey=n_nationkey ORDER BY c_mktsegment, seg_rank LIMIT 100;"
Q124_V006,Q_1372,"WITH clv AS ( SELECT c_custkey, c_name, c_nationkey, SUM(o_totalprice) AS lifetime_value FROM customer JOIN orders ON c_custkey=o_custkey GROUP BY c_custkey, c_name, c_nationkey ), ranked AS ( SELECT clv.c_custkey, clv.c_name, n_name, clv.lifetime_value, RANK() OVER (PARTITION BY c_nationkey ORDER BY lifetime_value DESC) AS nation_rank FROM clv JOIN nation ON clv.c_nationkey=n_nationkey ) SELECT * FROM ranked WHERE nation_rank <= 5 ORDER BY n_name, nation_rank;"
Q124_V007,Q_1373,"WITH clv AS ( SELECT c_custkey, c_nationkey, SUM(o_totalprice) AS lifetime_value FROM customer JOIN orders ON c_custkey=o_custkey GROUP BY c_custkey, c_nationkey ) SELECT n_name, COUNT(*) AS customer_count, ROUND(AVG(lifetime_value),2) AS avg_lifetime_value, ROUND(MAX(lifetime_value),2) AS max_lifetime_value, ROUND(MIN(lifetime_value),2) AS min_lifetime_value FROM clv JOIN nation ON clv.c_nationkey=n_nationkey GROUP BY n_name ORDER BY avg_lifetime_value DESC;"
Q124_V008,Q_1374,"WITH clv AS ( SELECT c_custkey, c_name, c_nationkey, SUM(o_totalprice) AS lifetime_value FROM customer JOIN orders ON c_custkey=o_custkey GROUP BY c_custkey, c_name, c_nationkey ) SELECT clv.c_custkey, clv.c_name, n_name, clv.lifetime_value, ROUND(PERCENT_RANK() OVER (PARTITION BY c_nationkey ORDER BY lifetime_value DESC)*100,2) AS top_pct FROM clv JOIN nation ON clv.c_nationkey=n_nationkey ORDER BY c_nationkey, top_pct LIMIT 100;"
Q124_V009,Q_1375,"WITH clv AS ( SELECT c_custkey, c_name, c_nationkey, SUM(o_totalprice) AS lifetime_value FROM customer JOIN orders ON c_custkey=o_custkey GROUP BY c_custkey, c_name, c_nationkey ) SELECT clv.c_custkey, clv.c_name, n_name, clv.lifetime_value, NTILE(4) OVER (PARTITION BY c_nationkey ORDER BY lifetime_value DESC) AS value_tier FROM clv JOIN nation ON clv.c_nationkey=n_nationkey ORDER BY c_nationkey, value_tier LIMIT 100;"
Q124_V010,Q_1376,"WITH clv AS ( SELECT c_custkey, c_name, c_nationkey, SUM(o_totalprice) AS lifetime_value FROM customer JOIN orders ON c_custkey=o_custkey GROUP BY c_custkey, c_name, c_nationkey ) SELECT clv.c_custkey, clv.c_name, n_name, clv.lifetime_value, ROUND(AVG(clv.lifetime_value) OVER (PARTITION BY clv.c_nationkey),2) AS nation_avg, ROUND(clv.lifetime_value - AVG(clv.lifetime_value) OVER (PARTITION BY clv.c_nationkey),2) AS diff_from_avg FROM clv JOIN nation ON clv.c_nationkey=n_nationkey ORDER BY c_nationkey, diff_from_avg DESC LIMIT 100;"
Q124_V011,Q_1377,"WITH clv AS ( SELECT c_custkey, c_nationkey, SUM(o_totalprice) AS lifetime_value FROM customer JOIN orders ON c_custkey=o_custkey GROUP BY c_custkey, c_nationkey ), nation_avg AS ( SELECT c_nationkey, AVG(lifetime_value) AS nat_avg FROM clv GROUP BY c_nationkey ) SELECT r_name, COUNT(*) FILTER (WHERE clv.lifetime_value > nation_avg.nat_avg) AS above_avg_count, COUNT(*) AS total_customers FROM clv JOIN nation_avg ON clv.c_nationkey = nation_avg.c_nationkey JOIN nation ON clv.c_nationkey = n_nationkey JOIN region ON n_regionkey = r_regionkey GROUP BY r_name ORDER BY above_avg_count DESC;"
Q125_V001,Q_1378,"SELECT s_suppkey, s_name, l_shipdate, SUM(l_extendedprice * (1 - l_discount)) AS daily_revenue, SUM(SUM(l_extendedprice * (1 - l_discount))) OVER (PARTITION BY s_suppkey ORDER BY l_shipdate ROWS BETWEEN UNBOUNDED PRECEDING AND CURRENT ROW) AS running_total FROM supplier JOIN lineitem ON s_suppkey = l_suppkey GROUP BY s_suppkey, s_name, l_shipdate ORDER BY s_suppkey, l_shipdate LIMIT 200;"
Q125_V002,Q_1379,"SELECT s_suppkey, s_name, EXTRACT(YEAR FROM l_shipdate) AS yr, EXTRACT(MONTH FROM l_shipdate) AS mo, SUM(l_extendedprice*(1-l_discount)) AS monthly_revenue, SUM(SUM(l_extendedprice*(1-l_discount))) OVER ( PARTITION BY s_suppkey ORDER BY EXTRACT(YEAR FROM l_shipdate), EXTRACT(MONTH FROM l_shipdate) ROWS BETWEEN UNBOUNDED PRECEDING AND CURRENT ROW) AS running_total FROM supplier JOIN lineitem ON s_suppkey=l_suppkey GROUP BY s_suppkey, s_name, yr, mo ORDER BY s_suppkey, yr, mo LIMIT 200;"
Q125_V003,Q_1380,"SELECT s_suppkey, s_name, l_shipdate, SUM(l_extendedprice*(1-l_discount)) AS daily_revenue, ROUND(AVG(SUM(l_extendedprice*(1-l_discount))) OVER ( PARTITION BY s_suppkey ORDER BY l_shipdate ROWS BETWEEN 6 PRECEDING AND CURRENT ROW),2) AS moving_avg_7day FROM supplier JOIN lineitem ON s_suppkey=l_suppkey GROUP BY s_suppkey, s_name, l_shipdate ORDER BY s_suppkey, l_shipdate LIMIT 200;"
Q125_V004,Q_1381,"SELECT s_suppkey, s_name, l_shipdate, COUNT(*) AS daily_shipments, SUM(COUNT(*)) OVER ( PARTITION BY s_suppkey ORDER BY l_shipdate ROWS BETWEEN UNBOUNDED PRECEDING AND CURRENT ROW) AS running_shipment_count FROM supplier JOIN lineitem ON s_suppkey=l_suppkey GROUP BY s_suppkey, s_name, l_shipdate ORDER BY s_suppkey, l_shipdate LIMIT 200;"
Q125_V005,Q_1382,"SELECT s_suppkey, s_name, l_shipdate, SUM(l_extendedprice*(1-l_discount)) AS daily_revenue, LAG(SUM(l_extendedprice*(1-l_discount))) OVER ( PARTITION BY s_suppkey ORDER BY l_shipdate) AS prev_day_revenue, ROUND(SUM(l_extendedprice*(1-l_discount)) - LAG(SUM(l_extendedprice*(1-l_discount))) OVER ( PARTITION BY s_suppkey ORDER BY l_shipdate),2) AS day_over_day_change FROM supplier JOIN lineitem ON s_suppkey=l_suppkey GROUP BY s_suppkey, s_name, l_shipdate ORDER BY s_suppkey, l_shipdate LIMIT 200;"
Q125_V006,Q_1383,"SELECT s_suppkey, s_name, l_shipdate, COUNT(DISTINCT l_partkey) AS daily_distinct_parts, SUM(COUNT(DISTINCT l_partkey)) OVER ( PARTITION BY s_suppkey ORDER BY l_shipdate ROWS BETWEEN UNBOUNDED PRECEDING AND CURRENT ROW) AS running_part_count FROM supplier JOIN lineitem ON s_suppkey=l_suppkey GROUP BY s_suppkey, s_name, l_shipdate ORDER BY s_suppkey, l_shipdate LIMIT 200;"
Q125_V007,Q_1384,"SELECT s_suppkey, s_name, l_shipdate, SUM(l_extendedprice*(1-l_discount)) AS daily_revenue, RANK() OVER (PARTITION BY l_shipdate ORDER BY SUM(l_extendedprice*(1-l_discount)) DESC) AS rank_on_day FROM supplier JOIN lineitem ON s_suppkey=l_suppkey GROUP BY s_suppkey, s_name, l_shipdate ORDER BY l_shipdate, rank_on_day LIMIT 200;"
Q125_V008,Q_1385,"SELECT s_suppkey, s_name, l_shipdate, SUM(l_quantity) AS daily_qty, SUM(SUM(l_quantity)) OVER ( PARTITION BY s_suppkey ORDER BY l_shipdate ROWS BETWEEN UNBOUNDED PRECEDING AND CURRENT ROW) AS running_qty_total FROM supplier JOIN lineitem ON s_suppkey=l_suppkey GROUP BY s_suppkey, s_name, l_shipdate ORDER BY s_suppkey, l_shipdate LIMIT 200;"
Q125_V009,Q_1386,"SELECT n_name, l_shipdate, SUM(l_extendedprice*(1-l_discount)) AS daily_revenue, SUM(SUM(l_extendedprice*(1-l_discount))) OVER ( PARTITION BY n_name ORDER BY l_shipdate ROWS BETWEEN UNBOUNDED PRECEDING AND CURRENT ROW) AS running_total FROM nation JOIN supplier ON n_nationkey=s_nationkey JOIN lineitem ON s_suppkey=l_suppkey GROUP BY n_name, l_shipdate ORDER BY n_name, l_shipdate LIMIT 200;"
Q125_V010,Q_1387,"SELECT s_suppkey, s_name, EXTRACT(YEAR FROM l_shipdate) AS yr, EXTRACT(QUARTER FROM l_shipdate) AS qtr, SUM(l_extendedprice*(1-l_discount)) AS quarterly_revenue, SUM(SUM(l_extendedprice*(1-l_discount))) OVER ( PARTITION BY s_suppkey ORDER BY EXTRACT(YEAR FROM l_shipdate), EXTRACT(QUARTER FROM l_shipdate) ROWS BETWEEN UNBOUNDED PRECEDING AND CURRENT ROW) AS running_total FROM supplier JOIN lineitem ON s_suppkey=l_suppkey GROUP BY s_suppkey, s_name, yr, qtr ORDER BY s_suppkey, yr, qtr LIMIT 200;"
Q125_V011,Q_1388,"SELECT s_suppkey, s_name, l_shipdate, SUM(l_extendedprice * l_discount) AS daily_discount_given, SUM(SUM(l_extendedprice * l_discount)) OVER ( PARTITION BY s_suppkey ORDER BY l_shipdate ROWS BETWEEN UNBOUNDED PRECEDING AND CURRENT ROW) AS running_discount_total FROM supplier JOIN lineitem ON s_suppkey=l_suppkey GROUP BY s_suppkey, s_name, l_shipdate ORDER BY s_suppkey, l_shipdate LIMIT 200;"
Q126_V001,Q_1389,"WITH part_revenue AS ( SELECT p_brand, p_partkey, p_name, SUM(l_extendedprice * (1 - l_discount)) AS revenue FROM part JOIN lineitem ON p_partkey = l_partkey GROUP BY p_brand, p_partkey, p_name ), ranked AS ( SELECT *, DENSE_RANK() OVER (PARTITION BY p_brand ORDER BY revenue DESC) AS brand_rank FROM part_revenue ) SELECT * FROM ranked WHERE brand_rank <= 3 ORDER BY p_brand, brand_rank;"
Q126_V002,Q_1390,"WITH part_revenue AS ( SELECT p_brand, p_partkey, p_name, SUM(l_extendedprice * (1 - l_discount)) AS revenue FROM part JOIN lineitem ON p_partkey = l_partkey GROUP BY p_brand, p_partkey, p_name ), ranked AS ( SELECT *, DENSE_RANK() OVER (PARTITION BY p_brand ORDER BY revenue ASC) AS brand_rank FROM part_revenue ) SELECT * FROM ranked WHERE brand_rank <= 3 ORDER BY p_brand, brand_rank;"
Q126_V003,Q_1391,"WITH part_revenue AS ( SELECT p_brand, p_partkey, p_name, SUM(l_extendedprice * (1 - l_discount)) AS revenue FROM part JOIN lineitem ON p_partkey = l_partkey GROUP BY p_brand, p_partkey, p_name ), ranked AS ( SELECT *, DENSE_RANK() OVER (PARTITION BY p_brand ORDER BY p_partkey ASC) AS brand_rank FROM part_revenue ) SELECT * FROM ranked WHERE brand_rank <= 3 ORDER BY p_brand, brand_rank;"
Q126_V004,Q_1392,"WITH part_revenue AS ( SELECT p_brand, p_partkey, p_name, SUM(l_extendedprice * (1 - l_discount)) AS revenue FROM part JOIN lineitem ON p_partkey = l_partkey GROUP BY p_brand, p_partkey, p_name ), ranked AS ( SELECT *, DENSE_RANK() OVER (PARTITION BY p_brand ORDER BY p_partkey ASC) AS brand_rank FROM part_revenue ) SELECT * FROM ranked WHERE brand_rank <= 9 ORDER BY p_brand, brand_rank;"
Q126_V005,Q_1393,"WITH part_revenue AS ( SELECT p_brand, p_partkey, p_name, SUM(l_extendedprice * (1 - l_discount)) AS revenue FROM part JOIN lineitem ON p_partkey = l_partkey GROUP BY p_brand, p_partkey, p_name ), ranked AS ( SELECT *, DENSE_RANK() OVER (PARTITION BY p_brand ORDER BY p_partkey ASC) AS brand_rank FROM part_revenue ) SELECT * FROM ranked WHERE brand_rank <= 1 ORDER BY p_brand, brand_rank;"
Q126_V006,Q_1394,"WITH part_revenue AS ( SELECT p_brand, p_partkey, p_name, SUM(l_extendedprice * (1 - l_discount)) AS revenue FROM part JOIN lineitem ON p_partkey = l_partkey GROUP BY p_brand, p_partkey, p_name ), ranked AS ( SELECT *, DENSE_RANK() OVER (PARTITION BY p_brand ORDER BY p_partkey ASC) AS brand_rank FROM part_revenue ) SELECT * FROM ranked WHERE brand_rank <= 100 ORDER BY p_brand, brand_rank;"
Q126_V007,Q_1395,"WITH part_revenue AS ( SELECT p_brand, p_partkey, p_name, SUM(l_extendedprice * (1 - l_discount)) AS revenue FROM part JOIN lineitem ON p_partkey = l_partkey GROUP BY p_brand, p_partkey, p_name ), ranked AS ( SELECT *, DENSE_RANK() OVER (PARTITION BY p_brand ORDER BY p_partkey ASC) AS brand_rank FROM part_revenue ) SELECT * FROM ranked WHERE brand_rank >= 10 ORDER BY p_brand, brand_rank;"
Q126_V008,Q_1396,"WITH part_revenue AS ( SELECT p_brand, p_partkey, p_name, SUM(l_extendedprice * (1 - l_discount)) AS revenue FROM part JOIN lineitem ON p_partkey = l_partkey GROUP BY p_brand, p_partkey, p_name ), ranked AS ( SELECT *, DENSE_RANK() OVER (PARTITION BY p_brand ORDER BY p_partkey ASC) AS brand_rank FROM part_revenue ) SELECT * FROM ranked WHERE brand_rank >= 100 ORDER BY p_brand, brand_rank;"
Q126_V009,Q_1397,"WITH part_revenue AS ( SELECT p_brand, p_partkey, p_name, SUM(l_extendedprice * (1 - l_discount)) AS revenue FROM part JOIN lineitem ON p_partkey = l_partkey GROUP BY p_brand, p_partkey, p_name ), ranked AS ( SELECT *, DENSE_RANK() OVER (PARTITION BY p_brand ORDER BY p_partkey ASC) AS brand_rank FROM part_revenue ) SELECT * FROM ranked WHERE brand_rank >= 50 ORDER BY p_brand, brand_rank;"
Q126_V010,Q_1398,"WITH part_revenue AS ( SELECT p_brand, p_partkey, p_name, SUM(l_extendedprice * (1 - l_discount)) AS revenue FROM part JOIN lineitem ON p_partkey = l_partkey GROUP BY p_brand, p_partkey, p_name ), ranked AS ( SELECT *, DENSE_RANK() OVER (PARTITION BY p_brand ORDER BY p_partkey ASC) AS brand_rank FROM part_revenue ) SELECT * FROM ranked WHERE brand_rank >= 50 ORDER BY p_brand, brand_rank DESC;"
Q127_V001,Q_1399,"WITH period1 AS ( SELECT o_custkey, COUNT(*) AS cnt1 FROM orders WHERE o_orderdate BETWEEN DATE '1993-01-01' AND DATE '1995-12-31' GROUP BY o_custkey ), period2 AS ( SELECT o_custkey, COUNT(*) AS cnt2 FROM orders WHERE o_orderdate BETWEEN DATE '1996-01-01' AND DATE '1998-12-31' GROUP BY o_custkey ) SELECT c_custkey, c_name, cnt1, cnt2, cnt2 - cnt1 AS order_change FROM customer JOIN period1 ON c_custkey = period1.o_custkey JOIN period2 ON c_custkey = period2.o_custkey WHERE cnt2 < cnt1 ORDER BY order_change;"
Q127_V002,Q_1400,"WITH period1 AS ( SELECT o_custkey, COUNT(*) AS cnt1 FROM orders WHERE o_orderdate BETWEEN DATE '1990-01-01' AND DATE '1999-12-31' GROUP BY o_custkey ), period2 AS ( SELECT o_custkey, COUNT(*) AS cnt2 FROM orders WHERE o_orderdate BETWEEN DATE '1996-01-01' AND DATE '1998-12-31' GROUP BY o_custkey ) SELECT c_custkey, c_name, cnt1, cnt2, cnt2 - cnt1 AS order_change FROM customer JOIN period1 ON c_custkey = period1.o_custkey JOIN period2 ON c_custkey = period2.o_custkey WHERE cnt2 < cnt1 ORDER BY order_change;"
Q127_V003,Q_1401,"WITH period1 AS ( SELECT o_custkey, COUNT(*) AS cnt1 FROM orders WHERE o_orderdate BETWEEN DATE '1993-01-01' AND DATE '1995-12-31' GROUP BY o_custkey ), period2 AS ( SELECT o_custkey, COUNT(*) AS cnt2 FROM orders WHERE o_orderdate BETWEEN DATE '1990-01-01' AND DATE '1999-12-31' GROUP BY o_custkey ) SELECT c_custkey, c_name, cnt1, cnt2, cnt2 - cnt1 AS order_change FROM customer JOIN period1 ON c_custkey = period1.o_custkey JOIN period2 ON c_custkey = period2.o_custkey WHERE cnt2 < cnt1 ORDER BY order_change;"
Q127_V004,Q_1402,"WITH period1 AS ( SELECT o_custkey, COUNT(*) AS cnt1 FROM orders WHERE o_orderdate BETWEEN DATE '1993-01-01' AND DATE '1995-12-31' GROUP BY o_custkey ), period2 AS ( SELECT o_custkey, COUNT(*) AS cnt2 FROM orders WHERE o_orderdate BETWEEN DATE '1996-01-01' AND DATE '1998-12-31' GROUP BY o_custkey ) SELECT c_custkey, c_name, cnt1, cnt2, cnt2 - cnt1 AS order_change FROM customer JOIN period1 ON c_custkey = period1.o_custkey JOIN period2 ON c_custkey = period2.o_custkey WHERE cnt2 > cnt1 ORDER BY order_change;"
Q127_V005,Q_1403,"WITH period1 AS ( SELECT o_custkey, COUNT(*) AS cnt1 FROM orders WHERE o_orderdate BETWEEN DATE '1993-01-01' AND DATE '1995-12-31' GROUP BY o_custkey ), period2 AS ( SELECT o_custkey, COUNT(*) AS cnt2 FROM orders WHERE o_orderdate BETWEEN DATE '1996-01-01' AND DATE '1998-12-31' GROUP BY o_custkey ) SELECT c_custkey, c_name, cnt1, cnt2, cnt2 - cnt1 AS order_change FROM customer JOIN period1 ON c_custkey = period1.o_custkey JOIN period2 ON c_custkey = period2.o_custkey WHERE cnt2 < cnt1 ORDER BY order_change DESC;"
Q127_V006,Q_1404,"WITH period1 AS ( SELECT o_custkey, COUNT(*) AS cnt1 FROM orders WHERE o_orderdate BETWEEN DATE '1993-01-01' AND DATE '1995-12-31' GROUP BY o_custkey ), period2 AS ( SELECT o_custkey, COUNT(*) AS cnt2 FROM orders WHERE o_orderdate BETWEEN DATE '1996-01-01' AND DATE '1998-12-31' GROUP BY o_custkey ) SELECT c_custkey, c_name, cnt1, cnt2, cnt2 - cnt1 AS order_change FROM customer JOIN period1 ON c_custkey = period1.o_custkey JOIN period2 ON c_custkey = period2.o_custkey WHERE cnt2 < cnt1 ORDER BY order_change ASC;"
Q127_V007,Q_1405,"WITH period1 AS ( SELECT o_custkey, COUNT(*) AS cnt1 FROM orders WHERE o_orderdate BETWEEN DATE '1993-01-01' AND DATE '1995-12-31' GROUP BY o_custkey ), period2 AS ( SELECT o_custkey, COUNT(*) AS cnt2 FROM orders WHERE o_orderdate BETWEEN DATE '1996-01-01' AND DATE '1998-12-31' GROUP BY o_custkey ) SELECT c_custkey, c_name, cnt1, cnt2, cnt2 - cnt1 AS order_change FROM customer JOIN period1 ON c_custkey = period1.o_custkey JOIN period2 ON c_custkey = period2.o_custkey WHERE cnt2 < cnt1 ORDER BY cnt1 ASC;"
Q127_V008,Q_1406,"WITH period1 AS ( SELECT o_custkey, COUNT(*) AS cnt1 FROM orders WHERE o_orderdate BETWEEN DATE '1993-01-01' AND DATE '1995-12-31' GROUP BY o_custkey ), period2 AS ( SELECT o_custkey, COUNT(*) AS cnt2 FROM orders WHERE o_orderdate BETWEEN DATE '1996-01-01' AND DATE '1998-12-31' GROUP BY o_custkey ) SELECT c_custkey, c_name, cnt1, cnt2, cnt2 - cnt1 AS order_change FROM customer JOIN period1 ON c_custkey = period1.o_custkey left JOIN period2 ON c_custkey = period2.o_custkey WHERE cnt2 < cnt1 ORDER BY cnt1 ASC;"
Q127_V009,Q_1407,"WITH period1 AS ( SELECT o_custkey, COUNT(*) AS cnt1 FROM orders WHERE o_orderdate BETWEEN DATE '1993-01-01' AND DATE '1995-12-31' GROUP BY o_custkey ), period2 AS ( SELECT o_custkey, COUNT(*) AS cnt2 FROM orders WHERE o_orderdate BETWEEN DATE '1996-01-01' AND DATE '1998-12-31' GROUP BY o_custkey ) SELECT c_custkey, c_name, cnt1, cnt2, cnt2 - cnt1 AS order_change FROM customer JOIN period1 ON c_custkey = period1.o_custkey RIGHT JOIN period2 ON c_custkey = period2.o_custkey WHERE cnt2 < cnt1 ORDER BY cnt1 ASC;"
Q127_V010,Q_1408,"WITH period1 AS ( SELECT o_custkey, COUNT(*) AS cnt1 FROM orders WHERE o_orderdate BETWEEN DATE '1993-01-01' AND DATE '1995-12-31' GROUP BY o_custkey ), period2 AS ( SELECT o_custkey, COUNT(*) AS cnt2 FROM orders WHERE o_orderdate BETWEEN DATE '1996-01-01' AND DATE '1998-12-31' GROUP BY o_custkey ) SELECT c_custkey, c_name, cnt1, cnt2, cnt2 - cnt1 AS order_change FROM customer JOIN period1 ON c_custkey = period1.o_custkey INNER JOIN period2 ON c_custkey = period2.o_custkey WHERE cnt2 < cnt1 ORDER BY cnt1 ASC;"
Q128_V001,Q_1409,"SELECT l1.l_partkey AS part_a, l2.l_partkey AS part_b, COUNT(*) AS co_occurrence FROM lineitem l1 JOIN lineitem l2 ON l1.l_orderkey = l2.l_orderkey AND l1.l_partkey < l2.l_partkey GROUP BY l1.l_partkey, l2.l_partkey HAVING COUNT(*) > 100 ORDER BY co_occurrence DESC LIMIT 30;"
Q128_V002,Q_1410,"SELECT l1.l_partkey AS part_a, l2.l_partkey AS part_b, COUNT(*) AS co_occurrence FROM lineitem l1 LEFT JOIN lineitem l2 ON l1.l_orderkey = l2.l_orderkey AND l1.l_partkey < l2.l_partkey GROUP BY l1.l_partkey, l2.l_partkey HAVING COUNT(*) > 100 ORDER BY co_occurrence DESC LIMIT 30;"
Q128_V003,Q_1411,"SELECT l1.l_partkey AS part_a, l2.l_partkey AS part_b, COUNT(*) AS co_occurrence FROM lineitem l1 RIGHT JOIN lineitem l2 ON l1.l_orderkey = l2.l_orderkey AND l1.l_partkey < l2.l_partkey GROUP BY l1.l_partkey, l2.l_partkey HAVING COUNT(*) > 100 ORDER BY co_occurrence DESC LIMIT 30;"
Q128_V004,Q_1412,"SELECT l1.l_partkey AS part_a, l2.l_partkey AS part_b, COUNT(*) AS co_occurrence FROM lineitem l1  JOIN lineitem l2 ON l1.l_orderkey = l2.l_orderkey AND l1.l_partkey > l2.l_partkey GROUP BY l1.l_partkey, l2.l_partkey HAVING COUNT(*) > 100 ORDER BY co_occurrence DESC LIMIT 30;"
Q128_V005,Q_1413,"SELECT l1.l_partkey AS part_a, l2.l_partkey AS part_b, COUNT(*) AS co_occurrence FROM lineitem l1  JOIN lineitem l2 ON l1.l_orderkey = l2.l_orderkey AND l1.l_partkey > l2.l_partkey GROUP BY l1.l_partkey, l2.l_partkey HAVING COUNT(*) > 1 ORDER BY co_occurrence DESC LIMIT 30;"
Q128_V006,Q_1414,"SELECT l1.l_partkey AS part_a, l2.l_partkey AS part_b, COUNT(*) AS co_occurrence FROM lineitem l1  JOIN lineitem l2 ON l1.l_orderkey = l2.l_orderkey AND l1.l_partkey > l2.l_partkey GROUP BY l1.l_partkey, l2.l_partkey HAVING COUNT(*) > 10 ORDER BY co_occurrence DESC LIMIT 30;"
Q128_V007,Q_1415,"SELECT l1.l_partkey AS part_a, l2.l_partkey AS part_b, COUNT(*) AS co_occurrence FROM lineitem l1  JOIN lineitem l2 ON l1.l_orderkey = l2.l_orderkey AND l1.l_partkey > l2.l_partkey GROUP BY l1.l_partkey, l2.l_partkey HAVING COUNT(*) > 3 ORDER BY co_occurrence DESC LIMIT 30;"
Q128_V008,Q_1416,"SELECT l1.l_partkey AS part_a, l2.l_partkey AS part_b, COUNT(*) AS co_occurrence FROM lineitem l1  JOIN lineitem l2 ON l1.l_orderkey = l2.l_orderkey AND l1.l_partkey > l2.l_partkey GROUP BY l1.l_partkey, l2.l_partkey HAVING COUNT(*) > 0 ORDER BY co_occurrence DESC LIMIT 30;"
Q128_V009,Q_1417,"SELECT l1.l_partkey AS part_a, l2.l_partkey AS part_b, COUNT(*) AS co_occurrence FROM lineitem l1  JOIN lineitem l2 ON l1.l_orderkey = l2.l_orderkey AND l1.l_partkey > l2.l_partkey GROUP BY l1.l_partkey, l2.l_partkey HAVING COUNT(*) > 0 ORDER BY co_occurrence ASC LIMIT 30;"
Q128_V010,Q_1418,"SELECT l1.l_partkey AS part_a, l2.l_partkey AS part_b, COUNT(*) AS co_occurrence FROM lineitem l1  JOIN lineitem l2 ON l1.l_orderkey = l2.l_orderkey AND l1.l_partkey > l2.l_partkey GROUP BY l1.l_partkey, l2.l_partkey HAVING COUNT(*) > 0 ORDER BY co_occurrence ASC LIMIT 100;"
Q129_V001,Q_1419,"WITH supplier_metrics AS ( SELECT l_suppkey, COUNT(*) AS total_lines, SUM(CASE WHEN l_receiptdate <= l_commitdate THEN 1 ELSE 0 END) AS on_time, AVG(l_receiptdate - l_shipdate) AS avg_lead_days FROM lineitem GROUP BY l_suppkey ) SELECT s_suppkey, s_name, n_name AS nation, ROUND(100.0 * on_time / total_lines, 2) AS fill_rate_pct, ROUND(avg_lead_days, 2) AS avg_lead_days, ROUND( 100.0 * on_time / total_lines - avg_lead_days, 2 ) AS performance_index FROM supplier_metrics JOIN supplier ON l_suppkey = s_suppkey JOIN nation ON s_nationkey = n_nationkey ORDER BY performance_index DESC LIMIT 30;"
Q129_V002,Q_1420,"WITH supplier_metrics AS ( SELECT l_suppkey, COUNT(*) AS total_lines, SUM(CASE WHEN l_receiptdate >= l_commitdate THEN 1 ELSE 0 END) AS on_time, AVG(l_receiptdate - l_shipdate) AS avg_lead_days FROM lineitem GROUP BY l_suppkey ) SELECT s_suppkey, s_name, n_name AS nation, ROUND(100.0 * on_time / total_lines, 2) AS fill_rate_pct, ROUND(avg_lead_days, 2) AS avg_lead_days, ROUND( 100.0 * on_time / total_lines - avg_lead_days, 2 ) AS performance_index FROM supplier_metrics JOIN supplier ON l_suppkey = s_suppkey JOIN nation ON s_nationkey = n_nationkey ORDER BY performance_index DESC LIMIT 30;"
Q129_V003,Q_1421,"WITH supplier_metrics AS ( SELECT l_suppkey, COUNT(*) AS total_lines, SUM(CASE WHEN l_receiptdate <= l_commitdate THEN 1 ELSE 0 END) AS on_time, AVG(l_receiptdate - l_shipdate) AS avg_lead_days FROM lineitem GROUP BY l_suppkey ) SELECT s_suppkey, s_name, n_name AS nation, ROUND(100.0 * on_time / total_lines, 5) AS fill_rate_pct, ROUND(avg_lead_days, 2) AS avg_lead_days, ROUND( 100.0 * on_time / total_lines - avg_lead_days, 2 ) AS performance_index FROM supplier_metrics JOIN supplier ON l_suppkey = s_suppkey JOIN nation ON s_nationkey = n_nationkey ORDER BY performance_index DESC LIMIT 30;"
Q129_V004,Q_1422,"WITH supplier_metrics AS ( SELECT l_suppkey, COUNT(*) AS total_lines, SUM(CASE WHEN l_receiptdate <= l_commitdate THEN 1 ELSE 0 END) AS on_time, AVG(l_receiptdate - l_shipdate) AS avg_lead_days FROM lineitem GROUP BY l_suppkey ) SELECT s_suppkey, s_name, n_name AS nation, ROUND(10.0 * on_time / total_lines, 2) AS fill_rate_pct, ROUND(avg_lead_days, 2) AS avg_lead_days, ROUND( 100.0 * on_time / total_lines - avg_lead_days, 2 ) AS performance_index FROM supplier_metrics JOIN supplier ON l_suppkey = s_suppkey JOIN nation ON s_nationkey = n_nationkey ORDER BY performance_index DESC LIMIT 30;"
Q129_V005,Q_1423,"WITH supplier_metrics AS ( SELECT l_suppkey, COUNT(*) AS total_lines, SUM(CASE WHEN l_receiptdate <= l_commitdate THEN 1 ELSE 0 END) AS on_time, AVG(l_receiptdate - l_shipdate) AS avg_lead_days FROM lineitem GROUP BY l_suppkey ) SELECT s_suppkey, s_name, n_name AS nation, ROUND(10.0 * on_time / total_lines, 2) AS fill_rate_pct, ROUND(avg_lead_days, 5) AS avg_lead_days, ROUND( 100.0 * on_time / total_lines - avg_lead_days, 2 ) AS performance_index FROM supplier_metrics JOIN supplier ON l_suppkey = s_suppkey JOIN nation ON s_nationkey = n_nationkey ORDER BY performance_index DESC LIMIT 30;"
Q129_V006,Q_1424,"WITH supplier_metrics AS ( SELECT l_suppkey, COUNT(*) AS total_lines, SUM(CASE WHEN l_receiptdate <= l_commitdate THEN 1 ELSE 0 END) AS on_time, AVG(l_receiptdate - l_shipdate) AS avg_lead_days FROM lineitem GROUP BY l_suppkey ) SELECT s_suppkey, s_name, n_name AS nation, ROUND(10.0 * on_time / total_lines, 2) AS fill_rate_pct, ROUND(avg_lead_days, 5) AS avg_lead_days, ROUND( 100.0 * on_time / total_lines - avg_lead_days, 2 ) AS performance_index FROM supplier_metrics JOIN supplier ON l_suppkey = s_suppkey RIGHT JOIN nation ON s_nationkey = n_nationkey ORDER BY performance_index DESC LIMIT 30;"
Q129_V007,Q_1425,"WITH supplier_metrics AS ( SELECT l_suppkey, COUNT(*) AS total_lines, SUM(CASE WHEN l_receiptdate <= l_commitdate THEN 1 ELSE 0 END) AS on_time, AVG(l_receiptdate - l_shipdate) AS avg_lead_days FROM lineitem GROUP BY l_suppkey ) SELECT s_suppkey, s_name, n_name AS nation, ROUND(10.0 * on_time / total_lines, 2) AS fill_rate_pct, ROUND(avg_lead_days, 5) AS avg_lead_days, ROUND( 100.0 * on_time / total_lines - avg_lead_days, 2 ) AS performance_index FROM supplier_metrics JOIN supplier ON l_suppkey = s_suppkey LEFT JOIN nation ON s_nationkey = n_nationkey ORDER BY performance_index DESC LIMIT 30;"
Q129_V008,Q_1426,"WITH supplier_metrics AS ( SELECT l_suppkey, COUNT(*) AS total_lines, SUM(CASE WHEN l_receiptdate <= l_commitdate THEN 1 ELSE 0 END) AS on_time, AVG(l_receiptdate - l_shipdate) AS avg_lead_days FROM lineitem GROUP BY l_suppkey ) SELECT s_suppkey, s_name, n_name AS nation, ROUND(10.0 * on_time / total_lines, 2) AS fill_rate_pct, ROUND(avg_lead_days, 5) AS avg_lead_days, ROUND( 100.0 * on_time / total_lines - avg_lead_days, 2 ) AS performance_index FROM supplier_metrics JOIN supplier ON l_suppkey = s_suppkey LEFT JOIN nation ON s_nationkey = n_nationkey ORDER BY performance_index ASC LIMIT 30;"
Q129_V009,Q_1427,"WITH supplier_metrics AS ( SELECT l_suppkey, COUNT(*) AS total_lines, SUM(CASE WHEN l_receiptdate <= l_commitdate THEN 1 ELSE 0 END) AS on_time, AVG(l_receiptdate - l_shipdate) AS avg_lead_days FROM lineitem GROUP BY l_suppkey ) SELECT s_suppkey, s_name, n_name AS nation, ROUND(10.0 * on_time / total_lines, 2) AS fill_rate_pct, ROUND(avg_lead_days, 5) AS avg_lead_days, ROUND( 100.0 * on_time / total_lines - avg_lead_days, 2 ) AS performance_index FROM supplier_metrics JOIN supplier ON l_suppkey = s_suppkey LEFT JOIN nation ON s_nationkey = n_nationkey ORDER BY performance_index ASC LIMIT 100;"
Q129_V010,Q_1428,"WITH supplier_metrics AS ( SELECT l_suppkey, COUNT(*) AS total_lines, SUM(CASE WHEN l_receiptdate <= l_commitdate THEN 1 ELSE 0 END) AS on_time, AVG(l_receiptdate - l_shipdate) AS avg_lead_days FROM lineitem GROUP BY l_suppkey ) SELECT s_suppkey, s_name, n_name AS nation, ROUND(10.0 * on_time / total_lines, 2) AS fill_rate_pct, ROUND(avg_lead_days, 5) AS avg_lead_days, ROUND( 100.0 * on_time / total_lines - avg_lead_days, 2 ) AS performance_index FROM supplier_metrics JOIN supplier ON l_suppkey = s_suppkey LEFT JOIN nation ON s_nationkey = n_nationkey ORDER BY performance_index ASC LIMIT 1000;"
Q130_V001,Q_1429,"WITH part_cost AS (SELECT p_partkey,p_name,p_brand,ps_suppkey,ps_supplycost,ps_availqty,ps_supplycost*ps_availqty AS weighted_cost FROM part JOIN partsupp ON p_partkey=ps_partkey) SELECT p_partkey,p_name,p_brand,SUM(weighted_cost)/NULLIF(SUM(ps_availqty),0) AS weighted_avg_cost FROM part_cost GROUP BY p_partkey,p_name,p_brand ORDER BY weighted_avg_cost DESC LIMIT 100;"
Q130_V002,Q_1430,"WITH part_cost AS (SELECT p_partkey,p_brand,ps_supplycost,ps_availqty FROM part JOIN partsupp ON p_partkey=ps_partkey) SELECT p_brand,AVG(ps_supplycost) AS avg_supply_cost,SUM(ps_availqty) AS total_inventory FROM part_cost GROUP BY p_brand ORDER BY avg_supply_cost DESC;"
Q130_V003,Q_1431,"WITH part_cost AS (SELECT p_partkey,p_name,p_brand,ps_supplycost,ps_availqty FROM part JOIN partsupp ON p_partkey=ps_partkey) SELECT p_partkey,p_name,p_brand,MAX(ps_supplycost) AS max_cost,MIN(ps_supplycost) AS min_cost FROM part_cost GROUP BY p_partkey,p_name,p_brand ORDER BY max_cost DESC LIMIT 100;"
Q130_V004,Q_1432,"WITH part_cost AS (SELECT p_partkey,p_name,p_brand,ps_suppkey,ps_supplycost,ps_availqty FROM part JOIN partsupp ON p_partkey=ps_partkey) SELECT p_brand,COUNT(DISTINCT p_partkey) AS part_count,COUNT(DISTINCT ps_suppkey) AS supplier_count FROM part_cost GROUP BY p_brand ORDER BY supplier_count DESC;"
Q130_V005,Q_1433,"WITH weighted_avg AS (SELECT p_partkey,p_name,p_brand,SUM(ps_supplycost*ps_availqty)/NULLIF(SUM(ps_availqty),0) AS weighted_avg_cost FROM part JOIN partsupp ON p_partkey=ps_partkey GROUP BY p_partkey,p_name,p_brand) SELECT *,DENSE_RANK() OVER (ORDER BY weighted_avg_cost DESC) AS overall_rank FROM weighted_avg LIMIT 100;"
Q130_V006,Q_1434,"WITH weighted_avg AS (SELECT p_partkey,p_name,p_brand,SUM(ps_supplycost*ps_availqty)/NULLIF(SUM(ps_availqty),0) AS weighted_avg_cost FROM part JOIN partsupp ON p_partkey=ps_partkey WHERE ps_availqty>500 GROUP BY p_partkey,p_name,p_brand) SELECT * FROM weighted_avg ORDER BY weighted_avg_cost DESC LIMIT 100;"
Q130_V007,Q_1435,"WITH weighted_avg AS (SELECT p_partkey,p_name,p_brand,SUM(ps_supplycost*ps_availqty)/NULLIF(SUM(ps_availqty),0) AS weighted_avg_cost,SUM(ps_availqty) AS total_avail FROM part JOIN partsupp ON p_partkey=ps_partkey GROUP BY p_partkey,p_name,p_brand) SELECT * FROM weighted_avg WHERE total_avail>(SELECT AVG(ps_availqty) FROM partsupp) ORDER BY weighted_avg_cost DESC;"
Q130_V008,Q_1436,"WITH supplier_stats AS (SELECT p_partkey,p_name,p_brand,COUNT(ps_suppkey) AS supplier_count,AVG(ps_supplycost) AS avg_cost FROM part JOIN partsupp ON p_partkey=ps_partkey GROUP BY p_partkey,p_name,p_brand) SELECT *,RANK() OVER (PARTITION BY p_brand ORDER BY supplier_count DESC) AS supplier_rank FROM supplier_stats ORDER BY p_brand,supplier_rank;"
Q130_V009,Q_1437,"WITH weighted_avg AS (SELECT p_partkey,p_name,p_brand,SUM(ps_supplycost*ps_availqty)/NULLIF(SUM(ps_availqty),0) AS weighted_avg_cost FROM part JOIN partsupp ON p_partkey=ps_partkey GROUP BY p_partkey,p_name,p_brand) SELECT p_brand,AVG(weighted_avg_cost) AS brand_avg_cost FROM weighted_avg GROUP BY p_brand ORDER BY brand_avg_cost DESC;"
Q130_V010,Q_1438,"WITH weighted_avg AS (SELECT p_partkey,p_name,p_brand,SUM(ps_supplycost*ps_availqty)/NULLIF(SUM(ps_availqty),0) AS weighted_avg_cost,COUNT(ps_suppkey) AS supplier_count FROM part JOIN partsupp ON p_partkey=ps_partkey GROUP BY p_partkey,p_name,p_brand) SELECT *,NTILE(4) OVER (ORDER BY weighted_avg_cost DESC) AS cost_quartile FROM weighted_avg ORDER BY cost_quartile,weighted_avg_cost DESC;"
Q131_V001,Q_1439,"WITH customer_spend AS ( SELECT c_custkey, c_name, n_regionkey, SUM(o_totalprice) AS total_spend FROM customer JOIN nation ON c_nationkey = n_nationkey JOIN orders ON c_custkey = o_custkey GROUP BY c_custkey, c_name, n_regionkey ), regional_threshold AS ( SELECT n_regionkey, PERCENTILE_CONT(0.90) WITHIN GROUP (ORDER BY total_spend) AS p90_spend FROM customer_spend GROUP BY n_regionkey ) SELECT cs.*, r_name FROM customer_spend cs JOIN regional_threshold rt ON cs.n_regionkey = rt.n_regionkey JOIN region ON cs.n_regionkey = r_regionkey WHERE cs.total_spend >= rt.p90_spend ORDER BY r_name, total_spend DESC;"
Q131_V002,Q_1440,"WITH customer_spend AS ( SELECT c_custkey, c_name, n_regionkey, SUM(o_totalprice) AS total_spend FROM customer JOIN nation ON c_nationkey = n_nationkey LEFT JOIN orders ON c_custkey = o_custkey GROUP BY c_custkey, c_name, n_regionkey ), regional_threshold AS ( SELECT n_regionkey, PERCENTILE_CONT(0.90) WITHIN GROUP (ORDER BY total_spend) AS p90_spend FROM customer_spend GROUP BY n_regionkey ) SELECT cs.*, r_name FROM customer_spend cs JOIN regional_threshold rt ON cs.n_regionkey = rt.n_regionkey JOIN region ON cs.n_regionkey = r_regionkey WHERE cs.total_spend >= rt.p90_spend ORDER BY r_name, total_spend DESC;"
Q131_V003,Q_1441,"WITH customer_spend AS ( SELECT c_custkey, c_name, n_regionkey, SUM(o_totalprice) AS total_spend FROM customer JOIN nation ON c_nationkey = n_nationkey RIGHT JOIN orders ON c_custkey = o_custkey GROUP BY c_custkey, c_name, n_regionkey ), regional_threshold AS ( SELECT n_regionkey, PERCENTILE_CONT(0.90) WITHIN GROUP (ORDER BY total_spend) AS p90_spend FROM customer_spend GROUP BY n_regionkey ) SELECT cs.*, r_name FROM customer_spend cs JOIN regional_threshold rt ON cs.n_regionkey = rt.n_regionkey JOIN region ON cs.n_regionkey = r_regionkey WHERE cs.total_spend >= rt.p90_spend ORDER BY r_name, total_spend DESC;"
Q131_V004,Q_1442,"WITH customer_spend AS ( SELECT c_custkey, c_name, n_regionkey, SUM(o_totalprice) AS total_spend FROM customer JOIN nation ON c_nationkey = n_nationkey  JOIN orders ON c_custkey = o_custkey GROUP BY c_custkey, c_name, n_regionkey ), regional_threshold AS ( SELECT n_regionkey, PERCENTILE_CONT(0.10) WITHIN GROUP (ORDER BY total_spend) AS p90_spend FROM customer_spend GROUP BY n_regionkey ) SELECT cs.*, r_name FROM customer_spend cs JOIN regional_threshold rt ON cs.n_regionkey = rt.n_regionkey JOIN region ON cs.n_regionkey = r_regionkey WHERE cs.total_spend >= rt.p90_spend ORDER BY r_name, total_spend DESC;"
Q131_V005,Q_1443,"WITH customer_spend AS ( SELECT c_custkey, c_name, n_regionkey, SUM(o_totalprice) AS total_spend FROM customer JOIN nation ON c_nationkey = n_nationkey  JOIN orders ON c_custkey = o_custkey GROUP BY c_custkey, c_name, n_regionkey ), regional_threshold AS ( SELECT n_regionkey, PERCENTILE_CONT(0.90) WITHIN GROUP (ORDER BY c_custkey) AS p90_spend FROM customer_spend GROUP BY n_regionkey ) SELECT cs.*, r_name FROM customer_spend cs JOIN regional_threshold rt ON cs.n_regionkey = rt.n_regionkey JOIN region ON cs.n_regionkey = r_regionkey WHERE cs.total_spend >= rt.p90_spend ORDER BY r_name, total_spend DESC;"
Q131_V006,Q_1444,"WITH customer_spend AS ( SELECT c_custkey, c_name, n_regionkey, SUM(o_totalprice) AS total_spend FROM customer JOIN nation ON c_nationkey = n_nationkey  JOIN orders ON c_custkey = o_custkey GROUP BY c_custkey, c_name, n_regionkey ), regional_threshold AS ( SELECT n_regionkey, PERCENTILE_CONT(0.90) WITHIN GROUP (ORDER BY total_spend) AS p90_spend FROM customer_spend GROUP BY n_regionkey ) SELECT cs.*, r_name FROM customer_spend cs JOIN regional_threshold rt ON cs.n_regionkey = rt.n_regionkey JOIN region ON cs.n_regionkey = r_regionkey WHERE cs.total_spend <= rt.p90_spend ORDER BY r_name, total_spend DESC;"
Q131_V007,Q_1445,"WITH customer_spend AS ( SELECT c_custkey, c_name, n_regionkey, SUM(o_totalprice) AS total_spend FROM customer JOIN nation ON c_nationkey = n_nationkey  JOIN orders ON c_custkey = o_custkey GROUP BY c_custkey, c_name, n_regionkey ), regional_threshold AS ( SELECT n_regionkey, PERCENTILE_CONT(0.90) WITHIN GROUP (ORDER BY total_spend) AS p90_spend FROM customer_spend GROUP BY n_regionkey ) SELECT cs.*, r_name FROM customer_spend cs JOIN regional_threshold rt ON cs.n_regionkey = rt.n_regionkey JOIN region ON cs.n_regionkey = r_regionkey WHERE cs.total_spend >= rt.p90_spend ORDER BY r_name, total_spend ASC;"
Q131_V008,Q_1446,"WITH customer_spend AS ( SELECT c_custkey, c_name, n_regionkey, SUM(o_totalprice) AS total_spend FROM customer JOIN nation ON c_nationkey = n_nationkey LEFT JOIN orders ON c_custkey = o_custkey GROUP BY c_custkey, c_name, n_regionkey ), regional_threshold AS ( SELECT n_regionkey, PERCENTILE_CONT(0.90) WITHIN GROUP (ORDER BY total_spend) AS p90_spend FROM customer_spend GROUP BY n_regionkey ) SELECT cs.*, r_name FROM customer_spend cs JOIN regional_threshold rt ON cs.n_regionkey = rt.n_regionkey JOIN region ON cs.n_regionkey = r_regionkey WHERE cs.total_spend >= rt.p90_spend ORDER BY r_name, c_custkey DESC;"
Q131_V009,Q_1447,"WITH customer_spend AS ( SELECT c_custkey, c_name, n_regionkey, SUM(o_totalprice) AS total_spend FROM customer JOIN nation ON c_nationkey = n_nationkey LEFT JOIN orders ON c_custkey = o_custkey GROUP BY c_custkey, c_name, n_regionkey ), regional_threshold AS ( SELECT n_regionkey, PERCENTILE_CONT(0.90) WITHIN GROUP (ORDER BY total_spend) AS p90_spend FROM customer_spend GROUP BY n_regionkey ) SELECT cs.*, r_name FROM customer_spend cs JOIN regional_threshold rt ON cs.n_regionkey = rt.n_regionkey JOIN region ON cs.n_regionkey = r_regionkey WHERE cs.total_spend >= rt.p90_spend ORDER BY r_name, c_custkey ASC;"
Q131_V010,Q_1448,"WITH customer_spend AS ( SELECT c_custkey, c_name, n_regionkey, SUM(o_totalprice) AS total_spend FROM customer JOIN nation ON c_nationkey = n_nationkey LEFT JOIN orders ON c_custkey = o_custkey GROUP BY c_custkey, c_name, n_regionkey ), regional_threshold AS ( SELECT n_regionkey, PERCENTILE_CONT(0.90) WITHIN GROUP (ORDER BY total_spend) AS p90_spend FROM customer_spend GROUP BY n_regionkey ) SELECT cs.*, r_name FROM customer_spend cs JOIN regional_threshold rt ON cs.n_regionkey = rt.n_regionkey JOIN region ON cs.n_regionkey = r_regionkey WHERE cs.total_spend >= rt.p90_spend ORDER BY n_regionkey, c_custkey ASC;"
Q132_V001,Q_1449,"WITH late_orders AS ( SELECT l_suppkey, l_orderkey, l_extendedprice * (1 - l_discount) AS line_revenue, l_receiptdate - l_commitdate AS days_late FROM lineitem WHERE l_receiptdate > l_commitdate ) SELECT n_name, s_name, COUNT(*) AS late_shipments, AVG(lo.days_late) AS avg_days_late, SUM(lo.line_revenue) AS affected_revenue, RANK() OVER (PARTITION BY n_name ORDER BY SUM(lo.line_revenue) DESC) AS revenue_rank FROM late_orders lo JOIN supplier ON lo.l_suppkey = s_suppkey JOIN nation ON s_nationkey = n_nationkey GROUP BY n_name, s_name ORDER BY n_name, revenue_rank LIMIT 50;"
Q132_V002,Q_1450,"WITH late_orders AS ( SELECT l_suppkey, l_orderkey, l_extendedprice * (1 - l_discount) AS line_revenue, l_receiptdate - l_commitdate AS days_late FROM lineitem WHERE l_receiptdate < l_commitdate ) SELECT n_name, s_name, COUNT(*) AS late_shipments, AVG(lo.days_late) AS avg_days_late, SUM(lo.line_revenue) AS affected_revenue, RANK() OVER (PARTITION BY n_name ORDER BY SUM(lo.line_revenue) DESC) AS revenue_rank FROM late_orders lo JOIN supplier ON lo.l_suppkey = s_suppkey JOIN nation ON s_nationkey = n_nationkey GROUP BY n_name, s_name ORDER BY n_name, revenue_rank LIMIT 50;"
Q132_V003,Q_1451,"WITH late_orders AS ( SELECT l_suppkey, l_orderkey, l_extendedprice * (1 - l_discount) AS line_revenue, l_receiptdate - l_commitdate AS days_late FROM lineitem WHERE l_receiptdate > l_commitdate ) SELECT n_name, s_name, COUNT(*) AS late_shipments, AVG(lo.days_late) AS avg_days_late, SUM(lo.line_revenue) AS affected_revenue, RANK() OVER (PARTITION BY n_name ORDER BY SUM(lo.line_revenue) ASC) AS revenue_rank FROM late_orders lo JOIN supplier ON lo.l_suppkey = s_suppkey JOIN nation ON s_nationkey = n_nationkey GROUP BY n_name, s_name ORDER BY n_name, revenue_rank LIMIT 50;"
Q132_V004,Q_1452,"WITH late_orders AS ( SELECT l_suppkey, l_orderkey, l_extendedprice * (1 - l_discount) AS line_revenue, l_receiptdate - l_commitdate AS days_late FROM lineitem WHERE l_receiptdate > l_commitdate ) SELECT n_name, s_name, COUNT(*) AS late_shipments, AVG(lo.days_late) AS avg_days_late, SUM(lo.line_revenue) AS affected_revenue, RANK() OVER (PARTITION BY n_name ORDER BY SUM(lo.line_revenue) DESC) AS revenue_rank FROM late_orders lo LEFT JOIN supplier ON lo.l_suppkey = s_suppkey JOIN nation ON s_nationkey = n_nationkey GROUP BY n_name, s_name ORDER BY n_name, revenue_rank LIMIT 50;"
Q132_V005,Q_1453,"WITH late_orders AS ( SELECT l_suppkey, l_orderkey, l_extendedprice * (1 - l_discount) AS line_revenue, l_receiptdate - l_commitdate AS days_late FROM lineitem WHERE l_receiptdate > l_commitdate ) SELECT n_name, s_name, COUNT(*) AS late_shipments, AVG(lo.days_late) AS avg_days_late, SUM(lo.line_revenue) AS affected_revenue, RANK() OVER (PARTITION BY n_name ORDER BY SUM(lo.line_revenue) DESC) AS revenue_rank FROM late_orders lo RIGHT JOIN supplier ON lo.l_suppkey = s_suppkey JOIN nation ON s_nationkey = n_nationkey GROUP BY n_name, s_name ORDER BY n_name, revenue_rank LIMIT 50;"
Q132_V006,Q_1454,"WITH late_orders AS ( SELECT l_suppkey, l_orderkey, l_extendedprice * (1 - l_discount) AS line_revenue, l_receiptdate - l_commitdate AS days_late FROM lineitem WHERE l_receiptdate > l_commitdate ) SELECT n_name, s_name, COUNT(*) AS late_shipments, AVG(lo.days_late) AS avg_days_late, SUM(lo.line_revenue) AS affected_revenue, RANK() OVER (PARTITION BY n_name ORDER BY SUM(lo.line_revenue) DESC) AS revenue_rank FROM late_orders lo  JOIN supplier ON lo.l_suppkey = s_suppkey LEFT JOIN nation ON s_nationkey = n_nationkey GROUP BY n_name, s_name ORDER BY n_name, revenue_rank LIMIT 50;"
Q132_V007,Q_1455,"WITH late_orders AS ( SELECT l_suppkey, l_orderkey, l_extendedprice * (1 - l_discount) AS line_revenue, l_receiptdate - l_commitdate AS days_late FROM lineitem WHERE l_receiptdate > l_commitdate ) SELECT n_name, s_name, COUNT(*) AS late_shipments, AVG(lo.days_late) AS avg_days_late, SUM(lo.line_revenue) AS affected_revenue, RANK() OVER (PARTITION BY n_name ORDER BY SUM(lo.line_revenue) DESC) AS revenue_rank FROM late_orders lo  JOIN supplier ON lo.l_suppkey = s_suppkey JOIN nation ON s_nationkey != n_nationkey GROUP BY n_name, s_name ORDER BY n_name, revenue_rank LIMIT 50;"
Q132_V008,Q_1456,"WITH late_orders AS ( SELECT l_suppkey, l_orderkey, l_extendedprice * (1 - l_discount) AS line_revenue, l_receiptdate - l_commitdate AS days_late FROM lineitem WHERE l_receiptdate > l_commitdate ) SELECT n_name, s_name, COUNT(*) AS late_shipments, AVG(lo.days_late) AS avg_days_late, SUM(lo.line_revenue) AS affected_revenue, RANK() OVER (PARTITION BY n_name ORDER BY SUM(lo.line_revenue) DESC) AS revenue_rank FROM late_orders lo  JOIN supplier ON lo.l_suppkey = s_suppkey  JOIN nation ON s_nationkey = n_nationkey GROUP BY n_name, s_name ORDER BY n_name, revenue_rank LIMIT 10;"
Q132_V009,Q_1457,"WITH late_orders AS ( SELECT l_suppkey, l_orderkey, l_extendedprice * (1 - l_discount) AS line_revenue, l_receiptdate - l_commitdate AS days_late FROM lineitem WHERE l_receiptdate > l_commitdate ) SELECT n_name, s_name, COUNT(*) AS late_shipments, AVG(lo.days_late) AS avg_days_late, SUM(lo.line_revenue) AS affected_revenue, RANK() OVER (PARTITION BY n_name ORDER BY SUM(lo.line_revenue) DESC) AS revenue_rank FROM late_orders lo  JOIN supplier ON lo.l_suppkey = s_suppkey  JOIN nation ON s_nationkey = n_nationkey GROUP BY n_name, s_name ORDER BY n_name, revenue_rank LIMIT 100;"
Q132_V010,Q_1458,"WITH late_orders AS ( SELECT l_suppkey, l_orderkey, l_extendedprice * (1 - l_discount) AS line_revenue, l_receiptdate - l_commitdate AS days_late FROM lineitem WHERE l_receiptdate > l_commitdate ) SELECT n_name, s_name, COUNT(*) AS late_shipments, AVG(lo.days_late) AS avg_days_late, SUM(lo.line_revenue) AS affected_revenue, RANK() OVER (PARTITION BY n_name ORDER BY SUM(lo.line_revenue) DESC) AS revenue_rank FROM late_orders lo  JOIN supplier ON lo.l_suppkey = s_suppkey  JOIN nation ON s_nationkey = n_nationkey GROUP BY n_name, s_name ORDER BY n_name, revenue_rank LIMIT 1000;"
Q133_V001,Q_1459,"SELECT r_name, SUM(CASE WHEN c_mktsegment = 'AUTOMOBILE' THEN o_totalprice ELSE 0 END) AS automobile, SUM(CASE WHEN c_mktsegment = 'BUILDING' THEN o_totalprice ELSE 0 END) AS building, SUM(CASE WHEN c_mktsegment = 'FURNITURE' THEN o_totalprice ELSE 0 END) AS furniture, SUM(CASE WHEN c_mktsegment = 'HOUSEHOLD' THEN o_totalprice ELSE 0 END) AS household, SUM(CASE WHEN c_mktsegment = 'MACHINERY' THEN o_totalprice ELSE 0 END) AS machinery FROM region JOIN nation ON r_regionkey = n_regionkey JOIN customer ON n_nationkey = c_nationkey JOIN orders ON c_custkey = o_custkey GROUP BY r_name ORDER BY r_name;"
Q133_V002,Q_1460,"SELECT r_name, SUM(CASE WHEN c_mktsegment = 'HOUSEHOLD' THEN o_totalprice ELSE 0 END) AS automobile, SUM(CASE WHEN c_mktsegment = 'BUILDING' THEN o_totalprice ELSE 0 END) AS building, SUM(CASE WHEN c_mktsegment = 'FURNITURE' THEN o_totalprice ELSE 0 END) AS furniture, SUM(CASE WHEN c_mktsegment = 'HOUSEHOLD' THEN o_totalprice ELSE 0 END) AS household, SUM(CASE WHEN c_mktsegment = 'MACHINERY' THEN o_totalprice ELSE 0 END) AS machinery FROM region JOIN nation ON r_regionkey = n_regionkey JOIN customer ON n_nationkey = c_nationkey JOIN orders ON c_custkey = o_custkey GROUP BY r_name ORDER BY r_name;"
Q133_V003,Q_1461,"SELECT r_name, SUM(CASE WHEN c_mktsegment = 'MACHINORY' THEN o_totalprice ELSE 0 END) AS automobile, SUM(CASE WHEN c_mktsegment = 'BUILDING' THEN o_totalprice ELSE 0 END) AS building, SUM(CASE WHEN c_mktsegment = 'FURNITURE' THEN o_totalprice ELSE 0 END) AS furniture, SUM(CASE WHEN c_mktsegment = 'HOUSEHOLD' THEN o_totalprice ELSE 0 END) AS household, SUM(CASE WHEN c_mktsegment = 'MACHINERY' THEN o_totalprice ELSE 0 END) AS machinery FROM region JOIN nation ON r_regionkey = n_regionkey JOIN customer ON n_nationkey = c_nationkey JOIN orders ON c_custkey = o_custkey GROUP BY r_name ORDER BY r_name;"
Q133_V004,Q_1462,"SELECT r_name, SUM(CASE WHEN c_mktsegment = 'FURNITURE' THEN o_totalprice ELSE 0 END) AS automobile, SUM(CASE WHEN c_mktsegment = 'BUILDING' THEN o_totalprice ELSE 0 END) AS building, SUM(CASE WHEN c_mktsegment = 'FURNITURE' THEN o_totalprice ELSE 0 END) AS furniture, SUM(CASE WHEN c_mktsegment = 'HOUSEHOLD' THEN o_totalprice ELSE 0 END) AS household, SUM(CASE WHEN c_mktsegment = 'MACHINERY' THEN o_totalprice ELSE 0 END) AS machinery FROM region JOIN nation ON r_regionkey = n_regionkey JOIN customer ON n_nationkey = c_nationkey JOIN orders ON c_custkey = o_custkey GROUP BY r_name ORDER BY r_name;"
Q133_V005,Q_1463,"SELECT r_name, SUM(CASE WHEN c_mktsegment = 'AUTOMOBILE' THEN o_totalprice ELSE 0 END) AS automobile, SUM(CASE WHEN c_mktsegment = 'AUTOMOBILE' THEN o_totalprice ELSE 0 END) AS building, SUM(CASE WHEN c_mktsegment = 'FURNITURE' THEN o_totalprice ELSE 0 END) AS furniture, SUM(CASE WHEN c_mktsegment = 'HOUSEHOLD' THEN o_totalprice ELSE 0 END) AS household, SUM(CASE WHEN c_mktsegment = 'MACHINERY' THEN o_totalprice ELSE 0 END) AS machinery FROM region JOIN nation ON r_regionkey = n_regionkey JOIN customer ON n_nationkey = c_nationkey JOIN orders ON c_custkey = o_custkey GROUP BY r_name ORDER BY r_name;"
Q133_V006,Q_1464,"SELECT r_name, SUM(CASE WHEN c_mktsegment = 'AUTOMOBILE' THEN o_totalprice ELSE 0 END) AS automobile, SUM(CASE WHEN c_mktsegment = 'FURNITURE' THEN o_totalprice ELSE 0 END) AS building, SUM(CASE WHEN c_mktsegment = 'FURNITURE' THEN o_totalprice ELSE 0 END) AS furniture, SUM(CASE WHEN c_mktsegment = 'HOUSEHOLD' THEN o_totalprice ELSE 0 END) AS household, SUM(CASE WHEN c_mktsegment = 'MACHINERY' THEN o_totalprice ELSE 0 END) AS machinery FROM region JOIN nation ON r_regionkey = n_regionkey JOIN customer ON n_nationkey = c_nationkey JOIN orders ON c_custkey = o_custkey GROUP BY r_name ORDER BY r_name;"
Q133_V007,Q_1465,"SELECT r_name, SUM(CASE WHEN c_mktsegment = 'AUTOMOBILE' THEN o_totalprice ELSE 0 END) AS automobile, SUM(CASE WHEN c_mktsegment = 'FURNITURE' THEN o_totalprice ELSE 0 END) AS building, SUM(CASE WHEN c_mktsegment = 'HOUSEHOLD' THEN o_totalprice ELSE 0 END) AS furniture, SUM(CASE WHEN c_mktsegment = 'HOUSEHOLD' THEN o_totalprice ELSE 0 END) AS household, SUM(CASE WHEN c_mktsegment = 'MACHINERY' THEN o_totalprice ELSE 0 END) AS machinery FROM region JOIN nation ON r_regionkey = n_regionkey JOIN customer ON n_nationkey = c_nationkey JOIN orders ON c_custkey = o_custkey GROUP BY r_name ORDER BY r_name;"
Q133_V008,Q_1466,"SELECT r_name, SUM(CASE WHEN c_mktsegment = 'AUTOMOBILE' THEN o_totalprice ELSE 0 END) AS automobile, SUM(CASE WHEN c_mktsegment = 'FURNITURE' THEN o_totalprice ELSE 0 END) AS building, SUM(CASE WHEN c_mktsegment = 'HOUSEHOLD' THEN o_totalprice ELSE 0 END) AS furniture, SUM(CASE WHEN c_mktsegment = 'FURNITURE' THEN o_totalprice ELSE 0 END) AS household, SUM(CASE WHEN c_mktsegment = 'MACHINERY' THEN o_totalprice ELSE 0 END) AS machinery FROM region JOIN nation ON r_regionkey = n_regionkey JOIN customer ON n_nationkey = c_nationkey JOIN orders ON c_custkey = o_custkey GROUP BY r_name ORDER BY r_name;"
Q133_V009,Q_1467,"SELECT r_name, SUM(CASE WHEN c_mktsegment = 'AUTOMOBILE' THEN o_totalprice ELSE 0 END) AS automobile, SUM(CASE WHEN c_mktsegment = 'FURNITURE' THEN o_totalprice ELSE 0 END) AS building, SUM(CASE WHEN c_mktsegment = 'HOUSEHOLD' THEN o_totalprice ELSE 0 END) AS furniture, SUM(CASE WHEN c_mktsegment = 'FURNITURE' THEN o_totalprice ELSE 0 END) AS household, SUM(CASE WHEN c_mktsegment = 'MACHINERY' THEN o_totalprice ELSE 0 END) AS machinery FROM region left JOIN nation ON r_regionkey = n_regionkey JOIN customer ON n_nationkey = c_nationkey JOIN orders ON c_custkey = o_custkey GROUP BY r_name ORDER BY r_name;"
Q133_V010,Q_1468,"SELECT r_name, SUM(CASE WHEN c_mktsegment = 'AUTOMOBILE' THEN o_totalprice ELSE 0 END) AS automobile, SUM(CASE WHEN c_mktsegment = 'FURNITURE' THEN o_totalprice ELSE 0 END) AS building, SUM(CASE WHEN c_mktsegment = 'HOUSEHOLD' THEN o_totalprice ELSE 0 END) AS furniture, SUM(CASE WHEN c_mktsegment = 'FURNITURE' THEN o_totalprice ELSE 0 END) AS household, SUM(CASE WHEN c_mktsegment = 'MACHINERY' THEN o_totalprice ELSE 0 END) AS machinery FROM region  JOIN nation ON r_regionkey = n_regionkey JOIN customer ON n_nationkey = c_nationkey LEFT JOIN orders ON c_custkey = o_custkey GROUP BY r_name ORDER BY r_name;"
Q134_V001,Q_1469,"WITH demand AS ( SELECT l_partkey, SUM(l_quantity) AS total_demand FROM lineitem WHERE l_shipdate >= DATE '1990-01-01' GROUP BY l_partkey ), supply AS ( SELECT ps_partkey, SUM(ps_availqty) AS total_supply FROM partsupp GROUP BY ps_partkey ) SELECT p_partkey, p_name, p_brand, total_demand, total_supply, ROUND(total_demand::NUMERIC / NULLIF(total_supply, 0), 4) AS demand_supply_ratio FROM demand JOIN supply ON l_partkey = ps_partkey JOIN part ON p_partkey = l_partkey WHERE total_supply < total_demand ORDER BY demand_supply_ratio DESC LIMIT 30;"
Q134_V002,Q_1470,"WITH demand AS ( SELECT l_partkey, SUM(l_quantity) AS total_demand FROM lineitem WHERE l_shipdate <= DATE '1999-01-01' GROUP BY l_partkey ), supply AS ( SELECT ps_partkey, SUM(ps_availqty) AS total_supply FROM partsupp GROUP BY ps_partkey ) SELECT p_partkey, p_name, p_brand, total_demand, total_supply, ROUND(total_demand::NUMERIC / NULLIF(total_supply, 0), 4) AS demand_supply_ratio FROM demand JOIN supply ON l_partkey = ps_partkey JOIN part ON p_partkey = l_partkey WHERE total_supply < total_demand ORDER BY demand_supply_ratio DESC LIMIT 30;"
Q134_V003,Q_1471,"WITH demand AS ( SELECT l_partkey, SUM(l_quantity) AS total_demand FROM lineitem WHERE l_shipdate <= DATE '1999-01-01' GROUP BY l_partkey ), supply AS ( SELECT ps_partkey, SUM(ps_availqty) AS total_supply FROM partsupp GROUP BY ps_partkey ) SELECT p_partkey, p_name, p_brand, total_demand, total_supply, ROUND(total_demand::NUMERIC / NULLIF(total_supply, 0), 4) AS demand_supply_ratio FROM demand JOIN supply ON l_partkey = ps_partkey JOIN part ON p_partkey = l_partkey WHERE total_supply > total_demand ORDER BY demand_supply_ratio DESC LIMIT 30;"
Q134_V004,Q_1472,"WITH demand AS ( SELECT l_partkey, SUM(l_quantity) AS total_demand FROM lineitem WHERE l_shipdate <= DATE '1999-01-01' GROUP BY l_partkey ), supply AS ( SELECT ps_partkey, SUM(ps_availqty) AS total_supply FROM partsupp GROUP BY ps_partkey ) SELECT p_partkey, p_name, p_brand, total_demand, total_supply, ROUND(total_demand::NUMERIC / NULLIF(total_supply, 0), 4) AS demand_supply_ratio FROM demand JOIN supply ON l_partkey = ps_partkey JOIN part ON p_partkey = l_partkey WHERE total_supply > total_demand ORDER BY demand_supply_ratio ASC LIMIT 30;"
Q134_V005,Q_1473,"WITH demand AS ( SELECT l_partkey, SUM(l_quantity) AS total_demand FROM lineitem WHERE l_shipdate <= DATE '1999-01-01' GROUP BY l_partkey ), supply AS ( SELECT ps_partkey, SUM(ps_availqty) AS total_supply FROM partsupp GROUP BY ps_partkey ) SELECT p_partkey, p_name, p_brand, total_demand, total_supply, ROUND(total_demand::NUMERIC / NULLIF(total_supply, 0), 4) AS demand_supply_ratio FROM demand JOIN supply ON l_partkey = ps_partkey JOIN part ON p_partkey = l_partkey WHERE total_supply > total_demand ORDER BY demand_supply_ratio ASC LIMIT 50;"
Q134_V006,Q_1474,"WITH demand AS ( SELECT l_partkey, SUM(l_quantity) AS total_demand FROM lineitem WHERE l_shipdate <= DATE '1999-01-01' GROUP BY l_partkey ), supply AS ( SELECT ps_partkey, SUM(ps_availqty) AS total_supply FROM partsupp GROUP BY ps_partkey ) SELECT p_partkey, p_name, p_brand, total_demand, total_supply, ROUND(total_demand::NUMERIC / NULLIF(total_supply, 0), 4) AS demand_supply_ratio FROM demand JOIN supply ON l_partkey = ps_partkey JOIN part ON p_partkey = l_partkey WHERE total_supply > total_demand ORDER BY demand_supply_ratio ASC LIMIT 100;"
Q134_V007,Q_1475,"WITH demand AS ( SELECT l_partkey, SUM(l_quantity) AS total_demand FROM lineitem WHERE l_shipdate <= DATE '1999-01-01' GROUP BY l_partkey ), supply AS ( SELECT ps_partkey, SUM(ps_availqty) AS total_supply FROM partsupp GROUP BY ps_partkey ) SELECT p_partkey, p_name, p_brand, total_demand, total_supply, ROUND(total_demand::NUMERIC / NULLIF(total_supply, 0), 4) AS demand_supply_ratio FROM demand JOIN supply ON l_partkey = ps_partkey JOIN part ON p_partkey = l_partkey WHERE total_supply > total_demand ORDER BY demand_supply_ratio ASC LIMIT 300;"
Q134_V008,Q_1476,"WITH demand AS ( SELECT l_partkey, SUM(l_quantity) AS total_demand FROM lineitem WHERE l_shipdate <= DATE '1999-01-01' GROUP BY l_partkey ), supply AS ( SELECT ps_partkey, SUM(ps_availqty) AS total_supply FROM partsupp GROUP BY ps_partkey ) SELECT p_partkey, p_name, p_brand, total_demand, total_supply, ROUND(total_demand::NUMERIC / NULLIF(total_supply, 0), 4) AS demand_supply_ratio FROM demand JOIN supply ON l_partkey = ps_partkey JOIN part ON p_partkey = l_partkey WHERE total_supply > total_demand ORDER BY demand_supply_ratio ASC LIMIT 500;"
Q134_V009,Q_1477,"WITH demand AS ( SELECT l_partkey, SUM(l_quantity) AS total_demand FROM lineitem WHERE l_shipdate <= DATE '1999-01-01' GROUP BY l_partkey ), supply AS ( SELECT ps_partkey, SUM(ps_availqty) AS total_supply FROM partsupp GROUP BY ps_partkey ) SELECT p_partkey, p_name, p_brand, total_demand, total_supply, ROUND(total_demand::NUMERIC / NULLIF(total_supply, 0), 4) AS demand_supply_ratio FROM demand JOIN supply ON l_partkey = ps_partkey JOIN part ON p_partkey = l_partkey WHERE total_supply > total_demand ORDER BY demand_supply_ratio ASC LIMIT 1000;"
Q134_V010,Q_1478,"WITH demand AS ( SELECT l_partkey, SUM(l_quantity) AS total_demand FROM lineitem WHERE l_shipdate <= DATE '1999-01-01' GROUP BY l_partkey ), supply AS ( SELECT ps_partkey, SUM(ps_availqty) AS total_supply FROM partsupp GROUP BY ps_partkey ) SELECT p_partkey, p_name, p_brand, total_demand, total_supply, ROUND(total_demand::NUMERIC / NULLIF(total_supply, 0), 4) AS demand_supply_ratio FROM demand LEFT JOIN supply ON l_partkey = ps_partkey JOIN part ON p_partkey = l_partkey WHERE total_supply > total_demand ORDER BY demand_supply_ratio ASC LIMIT 1000;"
Q135_V001,Q_1479,"WITH first_order AS ( SELECT o_custkey, EXTRACT(YEAR FROM MIN(o_orderdate)) AS cohort_year FROM orders GROUP BY o_custkey ), order_activity AS ( SELECT o.o_custkey, fo.cohort_year, EXTRACT(YEAR FROM o.o_orderdate) AS activity_year FROM orders o JOIN first_order fo ON o.o_custkey = fo.o_custkey ) SELECT cohort_year, activity_year, activity_year - cohort_year AS years_since_first, COUNT(DISTINCT o_custkey) AS active_customers FROM order_activity GROUP BY cohort_year, activity_year ORDER BY cohort_year, activity_year;"
Q135_V002,Q_1480,"WITH first_order AS (SELECT o_custkey,EXTRACT(YEAR FROM MIN(o_orderdate)) AS cohort_year FROM orders GROUP BY o_custkey) SELECT cohort_year,COUNT(*) AS new_customers FROM first_order GROUP BY cohort_year ORDER BY cohort_year;"
Q135_V003,Q_1481,"WITH first_order AS (SELECT o_custkey,MIN(o_orderdate) AS first_date FROM orders GROUP BY o_custkey) SELECT EXTRACT(YEAR FROM first_date) AS cohort_year,COUNT(*) AS customer_count FROM first_order GROUP BY EXTRACT(YEAR FROM first_date) ORDER BY customer_count DESC;"
Q135_V004,Q_1482,"WITH first_order AS (SELECT o_custkey,MIN(o_orderdate) AS first_date FROM orders GROUP BY o_custkey),order_activity AS (SELECT o.o_custkey,EXTRACT(YEAR FROM fo.first_date) AS cohort_year,EXTRACT(YEAR FROM o.o_orderdate) AS activity_year,o.o_totalprice FROM orders o JOIN first_order fo ON o.o_custkey=fo.o_custkey) SELECT cohort_year,activity_year,SUM(o_totalprice) AS total_revenue FROM order_activity GROUP BY cohort_year,activity_year ORDER BY total_revenue DESC;"
Q135_V005,Q_1483,"WITH first_order AS (SELECT o_custkey,EXTRACT(YEAR FROM MIN(o_orderdate)) AS cohort_year FROM orders GROUP BY o_custkey),order_counts AS (SELECT o.o_custkey,fo.cohort_year,COUNT(*) AS order_count FROM orders o JOIN first_order fo ON o.o_custkey=fo.o_custkey GROUP BY o.o_custkey,fo.cohort_year) SELECT cohort_year,AVG(order_count) AS avg_orders_per_customer FROM order_counts GROUP BY cohort_year ORDER BY cohort_year;"
Q135_V006,Q_1484,"WITH first_order AS (SELECT o_custkey,EXTRACT(YEAR FROM MIN(o_orderdate)) AS cohort_year FROM orders GROUP BY o_custkey),activity AS (SELECT o.o_custkey,fo.cohort_year,EXTRACT(YEAR FROM o.o_orderdate) AS activity_year FROM orders o JOIN first_order fo ON o.o_custkey=fo.o_custkey) SELECT cohort_year,activity_year,COUNT(*) AS total_orders FROM activity GROUP BY cohort_year,activity_year ORDER BY cohort_year,activity_year;"
Q135_V007,Q_1485,"WITH first_order AS (SELECT o_custkey,MIN(o_orderdate) AS first_date FROM orders GROUP BY o_custkey) SELECT EXTRACT(YEAR FROM first_date) AS cohort_year,AVG(first_year_spend) AS avg_first_year_spend FROM (SELECT fo.o_custkey,fo.first_date,SUM(o.o_totalprice) AS first_year_spend FROM first_order fo JOIN orders o ON fo.o_custkey=o.o_custkey AND EXTRACT(YEAR FROM o.o_orderdate)=EXTRACT(YEAR FROM fo.first_date) GROUP BY fo.o_custkey,fo.first_date) t GROUP BY EXTRACT(YEAR FROM first_date);"
Q135_V008,Q_1486,"WITH first_order AS (SELECT o_custkey,EXTRACT(YEAR FROM MIN(o_orderdate)) AS cohort_year FROM orders GROUP BY o_custkey),activity AS (SELECT o.o_custkey,fo.cohort_year,EXTRACT(YEAR FROM o.o_orderdate) AS activity_year FROM orders o JOIN first_order fo ON o.o_custkey=fo.o_custkey) SELECT cohort_year,activity_year,COUNT(DISTINCT o_custkey) AS active_customers,RANK() OVER(PARTITION BY cohort_year ORDER BY COUNT(DISTINCT o_custkey) DESC) AS activity_rank FROM activity GROUP BY cohort_year,activity_year;"
Q135_V009,Q_1487,"WITH first_order AS (SELECT o_custkey,EXTRACT(YEAR FROM MIN(o_orderdate)) AS cohort_year FROM orders GROUP BY o_custkey),activity AS (SELECT o.o_custkey,fo.cohort_year,EXTRACT(YEAR FROM o.o_orderdate) AS activity_year FROM orders o JOIN first_order fo ON o.o_custkey=fo.o_custkey) SELECT cohort_year,activity_year-cohort_year AS retention_year,COUNT(DISTINCT o_custkey) AS retained_customers FROM activity GROUP BY cohort_year,activity_year ORDER BY retention_year;"
Q135_V010,Q_1488,"WITH first_order AS (SELECT o_custkey,EXTRACT(YEAR FROM MIN(o_orderdate)) AS cohort_year FROM orders GROUP BY o_custkey),activity AS (SELECT o.o_custkey,fo.cohort_year,EXTRACT(YEAR FROM o.o_orderdate) AS activity_year,o.o_totalprice FROM orders o JOIN first_order fo ON o.o_custkey=fo.o_custkey) SELECT cohort_year,activity_year,AVG(o_totalprice) AS avg_order_value,COUNT(DISTINCT o_custkey) AS customers FROM activity GROUP BY cohort_year,activity_year ORDER BY avg_order_value DESC;"
Q136_V001,Q_1489,"WITH part_type_supply AS ( SELECT p_type, ps_suppkey, SUM(ps_supplycost * ps_availqty) AS supply_value FROM part JOIN partsupp ON p_partkey = ps_partkey GROUP BY p_type, ps_suppkey ), total_by_type AS ( SELECT p_type, SUM(supply_value) AS type_total FROM part_type_supply GROUP BY p_type ), herfindahl AS ( SELECT pts.p_type, SUM(POWER(pts.supply_value / tbt.type_total, 2)) AS hhi FROM part_type_supply pts JOIN total_by_type tbt ON pts.p_type = tbt.p_type GROUP BY pts.p_type ) SELECT p_type, ROUND(hhi::NUMERIC, 6) AS hhi_score, CASE WHEN hhi > 0.25 THEN 'High Concentration' WHEN hhi > 0.15 THEN 'Moderate Concentration' ELSE 'Competitive' END AS market_structure FROM herfindahl ORDER BY hhi_score DESC;"
Q136_V002,Q_1490,"WITH part_type_supply AS ( SELECT p_type, ps_suppkey, SUM(ps_supplycost * ps_availqty) AS supply_value FROM part INNER JOIN partsupp ON p_partkey = ps_partkey GROUP BY p_type, ps_suppkey ), total_by_type AS ( SELECT p_type, SUM(supply_value) AS type_total FROM part_type_supply GROUP BY p_type ), herfindahl AS ( SELECT pts.p_type, SUM(POWER(pts.supply_value / tbt.type_total, 2)) AS hhi FROM part_type_supply pts JOIN total_by_type tbt ON pts.p_type = tbt.p_type GROUP BY pts.p_type ) SELECT p_type, ROUND(hhi::NUMERIC, 6) AS hhi_score, CASE WHEN hhi > 0.25 THEN 'High Concentration' WHEN hhi > 0.15 THEN 'Moderate Concentration' ELSE 'Competitive' END AS market_structure FROM herfindahl ORDER BY hhi_score DESC;"
Q136_V003,Q_1491,"WITH part_type_supply AS ( SELECT p_type, ps_suppkey, SUM(ps_supplycost * ps_availqty) AS supply_value FROM part LEFt JOIN partsupp ON p_partkey = ps_partkey GROUP BY p_type, ps_suppkey ), total_by_type AS ( SELECT p_type, SUM(supply_value) AS type_total FROM part_type_supply GROUP BY p_type ), herfindahl AS ( SELECT pts.p_type, SUM(POWER(pts.supply_value / tbt.type_total, 2)) AS hhi FROM part_type_supply pts JOIN total_by_type tbt ON pts.p_type = tbt.p_type GROUP BY pts.p_type ) SELECT p_type, ROUND(hhi::NUMERIC, 6) AS hhi_score, CASE WHEN hhi > 0.25 THEN 'High Concentration' WHEN hhi > 0.15 THEN 'Moderate Concentration' ELSE 'Competitive' END AS market_structure FROM herfindahl ORDER BY hhi_score DESC;"
Q136_V004,Q_1492,"WITH part_type_supply AS ( SELECT p_type, ps_suppkey, SUM(ps_supplycost * ps_availqty) AS supply_value FROM part  JOIN partsupp ON p_partkey = ps_partkey GROUP BY p_type, ps_suppkey ), total_by_type AS ( SELECT p_type, SUM(supply_value) AS type_total FROM part_type_supply GROUP BY p_type ), herfindahl AS ( SELECT pts.p_type, SUM(POWER(pts.supply_value / tbt.type_total, 9)) AS hhi FROM part_type_supply pts JOIN total_by_type tbt ON pts.p_type = tbt.p_type GROUP BY pts.p_type ) SELECT p_type, ROUND(hhi::NUMERIC, 6) AS hhi_score, CASE WHEN hhi > 0.25 THEN 'High Concentration' WHEN hhi > 0.15 THEN 'Moderate Concentration' ELSE 'Competitive' END AS market_structure FROM herfindahl ORDER BY hhi_score DESC;"
Q136_V005,Q_1493,"WITH part_type_supply AS ( SELECT p_type, ps_suppkey, SUM(ps_supplycost * ps_availqty) AS supply_value FROM part  JOIN partsupp ON p_partkey = ps_partkey GROUP BY p_type, ps_suppkey ), total_by_type AS ( SELECT p_type, SUM(supply_value) AS type_total FROM part_type_supply GROUP BY p_type ), herfindahl AS ( SELECT pts.p_type, SUM(POWER(pts.supply_value / tbt.type_total, 2)) AS hhi FROM part_type_supply pts JOIN total_by_type tbt ON pts.p_type = tbt.p_type GROUP BY pts.p_type ) SELECT p_type, ROUND(hhi::NUMERIC, 6) AS hhi_score, CASE WHEN hhi > 0.01 THEN 'High Concentration' WHEN hhi > 0.15 THEN 'Moderate Concentration' ELSE 'Competitive' END AS market_structure FROM herfindahl ORDER BY hhi_score DESC;"
Q136_V006,Q_1494,"WITH part_type_supply AS ( SELECT p_type, ps_suppkey, SUM(ps_supplycost * ps_availqty) AS supply_value FROM part  JOIN partsupp ON p_partkey = ps_partkey GROUP BY p_type, ps_suppkey ), total_by_type AS ( SELECT p_type, SUM(supply_value) AS type_total FROM part_type_supply GROUP BY p_type ), herfindahl AS ( SELECT pts.p_type, SUM(POWER(pts.supply_value / tbt.type_total, 2)) AS hhi FROM part_type_supply pts JOIN total_by_type tbt ON pts.p_type = tbt.p_type GROUP BY pts.p_type ) SELECT p_type, ROUND(hhi::NUMERIC, 6) AS hhi_score, CASE WHEN hhi > 0.25 THEN 'High Concentration' WHEN hhi > 0.15 THEN 'Moderate Concentration' ELSE 'Competitive' END AS market_structure FROM herfindahl ORDER BY hhi_score ASC;"
Q136_V007,Q_1495,"WITH part_type_supply AS ( SELECT p_type, ps_suppkey, SUM(ps_supplycost * ps_availqty) AS supply_value FROM part  LEFT JOIN partsupp ON p_partkey = ps_partkey GROUP BY p_type, ps_suppkey ), total_by_type AS ( SELECT p_type, SUM(supply_value) AS type_total FROM part_type_supply GROUP BY p_type ), herfindahl AS ( SELECT pts.p_type, SUM(POWER(pts.supply_value / tbt.type_total, 2)) AS hhi FROM part_type_supply pts JOIN total_by_type tbt ON pts.p_type = tbt.p_type GROUP BY pts.p_type ) SELECT p_type, ROUND(hhi::NUMERIC, 6) AS hhi_score, CASE WHEN hhi > 0.25 THEN 'High Concentration' WHEN hhi > 0.15 THEN 'Moderate Concentration' ELSE 'Competitive' END AS market_structure FROM herfindahl ORDER BY hhi_score ASC;"
Q136_V008,Q_1496,"WITH part_type_supply AS ( SELECT p_type, ps_suppkey, SUM(ps_supplycost * ps_availqty) AS supply_value FROM part  RIGHT JOIN partsupp ON p_partkey = ps_partkey GROUP BY p_type, ps_suppkey ), total_by_type AS ( SELECT p_type, SUM(supply_value) AS type_total FROM part_type_supply GROUP BY p_type ), herfindahl AS ( SELECT pts.p_type, SUM(POWER(pts.supply_value / tbt.type_total, 2)) AS hhi FROM part_type_supply pts JOIN total_by_type tbt ON pts.p_type = tbt.p_type GROUP BY pts.p_type ) SELECT p_type, ROUND(hhi::NUMERIC, 6) AS hhi_score, CASE WHEN hhi > 0.25 THEN 'High Concentration' WHEN hhi > 0.15 THEN 'Moderate Concentration' ELSE 'Competitive' END AS market_structure FROM herfindahl ORDER BY hhi_score ASC;"
Q136_V009,Q_1497,"WITH part_type_supply AS ( SELECT p_type, ps_suppkey, SUM(ps_supplycost * ps_availqty) AS supply_value FROM part  INNER JOIN partsupp ON p_partkey = ps_partkey GROUP BY p_type, ps_suppkey ), total_by_type AS ( SELECT p_type, SUM(supply_value) AS type_total FROM part_type_supply GROUP BY p_type ), herfindahl AS ( SELECT pts.p_type, SUM(POWER(pts.supply_value / tbt.type_total, 2)) AS hhi FROM part_type_supply pts JOIN total_by_type tbt ON pts.p_type = tbt.p_type GROUP BY pts.p_type ) SELECT p_type, ROUND(hhi::NUMERIC, 6) AS hhi_score, CASE WHEN hhi > 0.25 THEN 'High Concentration' WHEN hhi > 0.15 THEN 'Moderate Concentration' ELSE 'Competitive' END AS market_structure FROM herfindahl ORDER BY hhi_score ASC;"
Q136_V010,Q_1498,"WITH part_type_supply AS ( SELECT p_type, ps_suppkey, SUM(ps_supplycost * ps_availqty) AS supply_value FROM part   JOIN partsupp  ON p_partkey = ps_partkey GROUP BY p_type, ps_suppkey ), total_by_type AS ( SELECT p_type, SUM(supply_value) AS type_total FROM part_type_supply GROUP BY p_type ), herfindahl AS ( SELECT pts.p_type, SUM(POWER(pts.supply_value / tbt.type_total, 2)) AS hhi FROM part_type_supply pts JOIN total_by_type tbt ON pts.p_type = tbt.p_type GROUP BY pts.p_type ) SELECT p_type, ROUND(hhi::NUMERIC, 6) AS hhi_score, CASE WHEN hhi > 0.25 THEN 'High Concentration' WHEN hhi > 0.15 THEN 'Moderate Concentration' ELSE 'Competitive' END AS market_structure FROM herfindahl ORDER BY hhi_score DESC;"
Q137_V001,Q_1499,"SELECT COALESCE(r_name, 'ALL REGIONS') AS region, COALESCE(n_name, 'ALL NATIONS') AS nation, COALESCE(c_mktsegment, 'ALL SEGMENTS') AS segment, COUNT(DISTINCT c_custkey) AS customers, COUNT(o_orderkey) AS orders, SUM(o_totalprice) AS revenue FROM region JOIN nation ON r_regionkey = n_regionkey JOIN customer ON n_nationkey = c_nationkey JOIN orders ON c_custkey = o_custkey GROUP BY ROLLUP(r_name, n_name, c_mktsegment) ORDER BY region NULLS LAST, nation NULLS LAST, segment NULLS LAST;"
Q137_V002,Q_1500,"SELECT COALESCE(r_name, 'AFRICA') AS region, COALESCE(n_name, 'ALL NATIONS') AS nation, COALESCE(c_mktsegment, 'ALL SEGMENTS') AS segment, COUNT(DISTINCT c_custkey) AS customers, COUNT(o_orderkey) AS orders, SUM(o_totalprice) AS revenue FROM region JOIN nation ON r_regionkey = n_regionkey JOIN customer ON n_nationkey = c_nationkey JOIN orders ON c_custkey = o_custkey GROUP BY ROLLUP(r_name, n_name, c_mktsegment) ORDER BY region NULLS LAST, nation NULLS LAST, segment NULLS LAST;"
Q137_V003,Q_1501,"SELECT COALESCE(r_name, 'ALL REGIONS') AS region, COALESCE(n_name, 'ALL NATIONS') AS nation, COALESCE(c_mktsegment, 'ALL SEGMENTS') AS segment, COUNT(DISTINCT c_custkey) AS customers, COUNT(o_orderkey) AS orders, SUM(o_totalprice) AS revenue FROM region LEFT JOIN nation ON r_regionkey = n_regionkey JOIN customer ON n_nationkey = c_nationkey JOIN orders ON c_custkey = o_custkey GROUP BY ROLLUP(r_name, n_name, c_mktsegment) ORDER BY region NULLS LAST, nation NULLS LAST, segment NULLS LAST;"
Q137_V004,Q_1502,"SELECT COALESCE(r_name, 'ALL REGIONS') AS region, COALESCE(n_name, 'ALL NATIONS') AS nation, COALESCE(c_mktsegment, 'ALL SEGMENTS') AS segment, COUNT(DISTINCT c_custkey) AS customers, COUNT(o_orderkey) AS orders, SUM(o_totalprice) AS revenue FROM region RIGHT JOIN nation ON r_regionkey = n_regionkey JOIN customer ON n_nationkey = c_nationkey JOIN orders ON c_custkey = o_custkey GROUP BY ROLLUP(r_name, n_name, c_mktsegment) ORDER BY region NULLS LAST, nation NULLS LAST, segment NULLS LAST;"
Q137_V005,Q_1503,"SELECT COALESCE(r_name, 'ALL REGIONS') AS region, COALESCE(n_name, 'ALL NATIONS') AS nation, COALESCE(c_mktsegment, 'ALL SEGMENTS') AS segment, COUNT(DISTINCT c_custkey) AS customers, COUNT(o_orderkey) AS orders, SUM(o_totalprice) AS revenue FROM region JOIN nation ON r_regionkey != n_regionkey JOIN customer ON n_nationkey = c_nationkey JOIN orders ON c_custkey = o_custkey GROUP BY ROLLUP(r_name, n_name, c_mktsegment) ORDER BY region NULLS LAST, nation NULLS LAST, segment NULLS LAST;"
Q137_V006,Q_1504,"SELECT COALESCE(r_name, 'ALL REGIONS') AS region, COALESCE(n_name, 'ALL NATIONS') AS nation, COALESCE(c_mktsegment, 'ALL SEGMENTS') AS segment, COUNT(DISTINCT c_custkey) AS customers, COUNT(o_orderkey) AS orders, SUM(o_totalprice) AS revenue FROM region JOIN nation ON r_regionkey = n_regionkey JOIN customer ON n_nationkey = c_nationkey LEFT JOIN orders ON c_custkey = o_custkey GROUP BY ROLLUP(r_name, n_name, c_mktsegment) ORDER BY region NULLS LAST, nation NULLS LAST, segment NULLS LAST;"
Q137_V007,Q_1505,"SELECT COALESCE(r_name, 'ALL REGIONS') AS region, COALESCE(n_name, 'ALL NATIONS') AS nation, COALESCE(c_mktsegment, 'ALL SEGMENTS') AS segment, COUNT(DISTINCT c_custkey) AS customers, COUNT(o_orderkey) AS orders, SUM(o_totalprice) AS revenue FROM region JOIN nation ON r_regionkey = n_regionkey JOIN customer ON n_nationkey = c_nationkey  JOIN orders ON c_custkey = o_custkey GROUP BY ROLLUP(r_name, n_name, c_mktsegment) ORDER BY region , nation NULLS LAST, segment NULLS LAST;"
Q137_V008,Q_1506,"SELECT COALESCE(r_name, 'ALL REGIONS') AS region, COALESCE(n_name, 'ALL NATIONS') AS nation, COALESCE(c_mktsegment, 'ALL SEGMENTS') AS segment, COUNT(DISTINCT c_custkey) AS customers, COUNT(o_orderkey) AS orders, SUM(o_totalprice) AS revenue FROM region JOIN nation ON r_regionkey = n_regionkey JOIN customer ON n_nationkey != c_nationkey  JOIN orders ON c_custkey = o_custkey GROUP BY ROLLUP(r_name, n_name, c_mktsegment) ORDER BY region NULLS LAST, nation NULLS LAST, segment NULLS LAST;"
Q137_V009,Q_1507,"SELECT COALESCE(r_name, 'ALL REGIONS') AS region, COALESCE(n_name, 'ALL NATIONS') AS nation, COALESCE(c_mktsegment, 'ALL SEGMENTS') AS segment, COUNT(DISTINCT c_custkey) AS customers, COUNT(o_orderkey) AS orders, SUM(o_totalprice) AS revenue FROM region JOIN nation ON r_regionkey = n_regionkey LEFT JOIN customer ON n_nationkey != c_nationkey  JOIN orders ON c_custkey = o_custkey GROUP BY ROLLUP(r_name, n_name, c_mktsegment) ORDER BY region NULLS LAST, nation NULLS LAST, segment NULLS LAST;"
Q137_V010,Q_1508,"SELECT COALESCE(r_name, 'ALL REGIONS') AS region, COALESCE(n_name, 'ALL NATIONS') AS nation, COALESCE(c_mktsegment, 'ALL SEGMENTS') AS segment, COUNT(DISTINCT c_custkey) AS customers, COUNT(o_orderkey) AS orders, SUM(o_totalprice) AS revenue FROM region JOIN nation ON r_regionkey = n_regionkey LEFT JOIN customer ON n_nationkey != c_nationkey  JOIN orders ON c_custkey = o_custkey GROUP BY ROLLUP(r_name, n_name, c_mktsegment) ORDER BY region NULLS LAST;"
Q138_V001,Q_1509,"WITH order_stats AS ( SELECT c_nationkey, o_custkey, o_orderkey, o_totalprice, AVG(o_totalprice) OVER (PARTITION BY c_nationkey) AS nat_avg, STDDEV(o_totalprice) OVER (PARTITION BY c_nationkey) AS nat_stddev FROM orders JOIN customer ON o_custkey = c_custkey ) SELECT o_orderkey, o_custkey, o_totalprice, nat_avg, ROUND((o_totalprice - nat_avg) / NULLIF(nat_stddev, 0), 3) AS z_score FROM order_stats WHERE ABS((o_totalprice - nat_avg) / NULLIF(nat_stddev, 0)) > 3 ORDER BY z_score DESC LIMIT 50;"
Q138_V002,Q_1510,"WITH order_stats AS ( SELECT c_nationkey, o_custkey, o_orderkey, o_totalprice, AVG(o_totalprice) OVER (PARTITION BY c_nationkey) AS nat_avg, STDDEV(o_totalprice) OVER (PARTITION BY c_nationkey) AS nat_stddev FROM orders JOIN customer ON o_custkey = c_custkey ) SELECT o_orderkey, o_custkey, o_totalprice, nat_avg, ROUND((o_totalprice - nat_avg) / NULLIF(nat_stddev, 0), 3) AS z_score FROM order_stats WHERE ABS((o_totalprice - nat_avg) / NULLIF(nat_stddev, 0)) > 3 ORDER BY z_score DESC LIMIT 100;"
Q138_V003,Q_1511,"WITH order_stats AS ( SELECT c_nationkey, o_custkey, o_orderkey, o_totalprice, AVG(o_totalprice) OVER (PARTITION BY c_nationkey) AS nat_avg, STDDEV(o_totalprice) OVER (PARTITION BY c_nationkey) AS nat_stddev FROM orders JOIN customer ON o_custkey = c_custkey ) SELECT o_orderkey, o_custkey, o_totalprice, nat_avg, ROUND((o_totalprice - nat_avg) / NULLIF(nat_stddev, 0), 3) AS z_score FROM order_stats WHERE ABS((o_totalprice - nat_avg) / NULLIF(nat_stddev, 0)) > 1 ORDER BY z_score DESC LIMIT 100;"
Q138_V004,Q_1512,"WITH order_stats AS ( SELECT c_nationkey, o_custkey, o_orderkey, o_totalprice, AVG(o_totalprice) OVER (PARTITION BY c_nationkey) AS nat_avg, STDDEV(o_totalprice) OVER (PARTITION BY c_nationkey) AS nat_stddev FROM orders JOIN customer ON o_custkey = c_custkey ) SELECT o_orderkey, o_custkey, o_totalprice, nat_avg, ROUND((o_totalprice - nat_avg) / NULLIF(nat_stddev, 0), 3) AS z_score FROM order_stats WHERE ABS((o_totalprice - nat_avg) / NULLIF(nat_stddev, 0)) > 2 ORDER BY z_score DESC LIMIT 100;"
Q138_V005,Q_1513,"WITH order_stats AS ( SELECT c_nationkey, o_custkey, o_orderkey, o_totalprice, AVG(o_totalprice) OVER (PARTITION BY c_nationkey) AS nat_avg, STDDEV(o_totalprice) OVER (PARTITION BY c_nationkey) AS nat_stddev FROM orders JOIN customer ON o_custkey = c_custkey ) SELECT o_orderkey, o_custkey, o_totalprice, nat_avg, ROUND((o_totalprice - nat_avg) / NULLIF(nat_stddev, 0), 3) AS z_score FROM order_stats WHERE ABS((o_totalprice - nat_avg) / NULLIF(nat_stddev, 0)) > 0 ORDER BY z_score DESC LIMIT 100;"
Q138_V006,Q_1514,"WITH order_stats AS ( SELECT c_nationkey, o_custkey, o_orderkey, o_totalprice, AVG(o_totalprice) OVER (PARTITION BY c_nationkey) AS nat_avg, STDDEV(o_totalprice) OVER (PARTITION BY c_nationkey) AS nat_stddev FROM orders JOIN customer ON o_custkey = c_custkey ) SELECT o_orderkey, o_custkey, o_totalprice, nat_avg, ROUND((o_totalprice - nat_avg) / NULLIF(nat_stddev, 0), 3) AS z_score FROM order_stats WHERE ABS((o_totalprice - nat_avg) / NULLIF(nat_stddev, 0)) > 0 ORDER BY z_score ASC LIMIT 100;"
Q138_V007,Q_1515,"WITH order_stats AS ( SELECT c_nationkey, o_custkey, o_orderkey, o_totalprice, AVG(o_totalprice) OVER (PARTITION BY c_nationkey) AS nat_avg, STDDEV(o_totalprice) OVER (PARTITION BY c_nationkey) AS nat_stddev FROM orders JOIN customer ON o_custkey = c_custkey ) SELECT o_orderkey, o_custkey, o_totalprice, nat_avg, ROUND((o_totalprice - nat_avg) / NULLIF(nat_stddev, 0), 3) AS z_score FROM order_stats WHERE ABS((o_totalprice - nat_avg) / NULLIF(nat_stddev, 0)) > 0 ORDER BY o_orderkey ASC LIMIT 100;"
Q138_V008,Q_1516,"WITH order_stats AS ( SELECT c_nationkey, o_custkey, o_orderkey, o_totalprice, AVG(o_totalprice) OVER (PARTITION BY c_nationkey) AS nat_avg, STDDEV(o_totalprice) OVER (PARTITION BY c_nationkey) AS nat_stddev FROM orders Right JOIN customer ON o_custkey = c_custkey ) SELECT o_orderkey, o_custkey, o_totalprice, nat_avg, ROUND((o_totalprice - nat_avg) / NULLIF(nat_stddev, 0), 3) AS z_score FROM order_stats WHERE ABS((o_totalprice - nat_avg) / NULLIF(nat_stddev, 0)) > 0 ORDER BY z_score ASC LIMIT 100;"
Q138_V009,Q_1517,"WITH order_stats AS ( SELECT c_nationkey, o_custkey, o_orderkey, o_totalprice, AVG(o_totalprice) OVER (PARTITION BY c_nationkey) AS nat_avg, STDDEV(o_totalprice) OVER (PARTITION BY c_nationkey) AS nat_stddev FROM orders LEFT JOIN customer ON o_custkey = c_custkey ) SELECT o_orderkey, o_custkey, o_totalprice, nat_avg, ROUND((o_totalprice - nat_avg) / NULLIF(nat_stddev, 0), 3) AS z_score FROM order_stats WHERE ABS((o_totalprice - nat_avg) / NULLIF(nat_stddev, 0)) > 0 ORDER BY z_score ASC LIMIT 100;"
Q138_V010,Q_1518,"WITH order_stats AS ( SELECT c_nationkey, o_custkey, o_orderkey, o_totalprice, AVG(o_totalprice) OVER (PARTITION BY c_nationkey) AS nat_avg, STDDEV(o_totalprice) OVER (PARTITION BY c_nationkey) AS nat_stddev FROM orders INNER JOIN customer ON o_custkey = c_custkey ) SELECT o_orderkey, o_custkey, o_totalprice, nat_avg, ROUND((o_totalprice - nat_avg) / NULLIF(nat_stddev, 0), 3) AS z_score FROM order_stats WHERE ABS((o_totalprice - nat_avg) / NULLIF(nat_stddev, 0)) > 0 ORDER BY z_score ASC LIMIT 100;"
Q139_V001,Q_1519,"WITH yearly_demand AS ( SELECT l_partkey, EXTRACT(YEAR FROM l_shipdate) AS yr, SUM(l_quantity) AS annual_demand FROM lineitem GROUP BY l_partkey, yr ), trend AS ( SELECT *, LAG(annual_demand, 1) OVER (PARTITION BY l_partkey ORDER BY yr) AS prev1, LAG(annual_demand, 2) OVER (PARTITION BY l_partkey ORDER BY yr) AS prev2 FROM yearly_demand ) SELECT l_partkey, p_name, p_brand, yr AS latest_year, annual_demand, prev1, prev2 FROM trend JOIN part ON l_partkey = p_partkey WHERE annual_demand > prev1 AND prev1 > prev2 AND prev2 IS NOT NULL ORDER BY annual_demand DESC LIMIT 100;"
Q139_V002,Q_1520,"WITH yearly_demand AS ( SELECT l_partkey, EXTRACT(YEAR FROM l_shipdate) AS yr, SUM(l_quantity) AS annual_demand FROM lineitem GROUP BY l_partkey, yr ), trend AS ( SELECT *, LAG(annual_demand, 1) OVER (PARTITION BY l_partkey ORDER BY yr) AS prev1, LAG(annual_demand, 2) OVER (PARTITION BY l_partkey ORDER BY yr) AS prev2 FROM yearly_demand ) SELECT l_partkey, p_name, p_brand, yr AS latest_year, annual_demand, prev1, prev2 FROM trend JOIN part ON l_partkey = p_partkey WHERE annual_demand > prev1 AND prev1 > prev2 AND prev2 IS NOT NULL ORDER BY annual_demand ASC LIMIT 100;"
Q139_V003,Q_1521,"WITH yearly_demand AS ( SELECT l_partkey, EXTRACT(YEAR FROM l_shipdate) AS yr, SUM(l_quantity) AS annual_demand FROM lineitem GROUP BY l_partkey, yr ), trend AS ( SELECT *, LAG(annual_demand, 1) OVER (PARTITION BY l_partkey ORDER BY yr) AS prev1, LAG(annual_demand, 2) OVER (PARTITION BY l_partkey ORDER BY yr) AS prev2 FROM yearly_demand ) SELECT l_partkey, p_name, p_brand, yr AS latest_year, annual_demand, prev1, prev2 FROM trend JOIN part ON l_partkey = p_partkey WHERE annual_demand > prev1 AND prev1 < prev2 AND prev2 IS NOT NULL ORDER BY annual_demand ASC LIMIT 100;"
Q139_V004,Q_1522,"WITH yearly_demand AS ( SELECT l_partkey, EXTRACT(YEAR FROM l_shipdate) AS yr, SUM(l_quantity) AS annual_demand FROM lineitem GROUP BY l_partkey, yr ), trend AS ( SELECT *, LAG(annual_demand, 1) OVER (PARTITION BY l_partkey ORDER BY yr) AS prev1, LAG(annual_demand, 2) OVER (PARTITION BY l_partkey ORDER BY yr) AS prev2 FROM yearly_demand ) SELECT l_partkey, p_name, p_brand, yr AS latest_year, annual_demand, prev1, prev2 FROM trend JOIN part ON l_partkey = p_partkey WHERE annual_demand < prev1 AND prev1 < prev2 AND prev2 IS NOT NULL ORDER BY annual_demand ASC LIMIT 100;"
Q139_V005,Q_1523,"WITH yearly_demand AS ( SELECT l_partkey, EXTRACT(YEAR FROM l_shipdate) AS yr, SUM(l_quantity) AS annual_demand FROM lineitem GROUP BY l_partkey, yr ), trend AS ( SELECT *, LAG(annual_demand, 1) OVER (PARTITION BY l_partkey ORDER BY yr) AS prev1, LAG(annual_demand, 2) OVER (PARTITION BY l_partkey ORDER BY yr) AS prev2 FROM yearly_demand ) SELECT l_partkey, p_name, p_brand, yr AS latest_year, annual_demand, prev1, prev2 FROM trend JOIN part ON l_partkey = p_partkey WHERE annual_demand < prev1 OR prev1 < prev2 AND prev2 IS NOT NULL ORDER BY annual_demand ASC LIMIT 100;"
Q139_V006,Q_1524,"WITH yearly_demand AS ( SELECT l_partkey, EXTRACT(YEAR FROM l_shipdate) AS yr, SUM(l_quantity) AS annual_demand FROM lineitem GROUP BY l_partkey, yr ), trend AS ( SELECT *, LAG(annual_demand, 1) OVER (PARTITION BY l_partkey ORDER BY yr) AS prev1, LAG(annual_demand, 2) OVER (PARTITION BY l_partkey ORDER BY yr) AS prev2 FROM yearly_demand ) SELECT l_partkey, p_name, p_brand, yr AS latest_year, annual_demand, prev1, prev2 FROM trend JOIN part ON l_partkey = p_partkey WHERE annual_demand < prev1 OR prev1 < prev2 OR prev2 IS NOT NULL ORDER BY annual_demand ASC LIMIT 100;"
Q139_V007,Q_1525,"WITH yearly_demand AS ( SELECT l_partkey, EXTRACT(YEAR FROM l_shipdate) AS yr, SUM(l_quantity) AS annual_demand FROM lineitem GROUP BY l_partkey, yr ), trend AS ( SELECT *, LAG(annual_demand, 1) OVER (PARTITION BY l_partkey ORDER BY yr) AS prev1, LAG(annual_demand, 2) OVER (PARTITION BY l_partkey ORDER BY yr) AS prev2 FROM yearly_demand ) SELECT l_partkey, p_name, p_brand, yr AS latest_year, annual_demand, prev1, prev2 FROM trend JOIN part ON l_partkey = p_partkey WHERE annual_demand < prev1 AND prev1 < prev2 AND prev2 IS  NULL ORDER BY annual_demand ASC LIMIT 100;"
Q139_V008,Q_1526,"WITH yearly_demand AS ( SELECT l_partkey, EXTRACT(YEAR FROM l_shipdate) AS yr, SUM(l_quantity) AS annual_demand FROM lineitem GROUP BY l_partkey, yr ), trend AS ( SELECT *, LAG(annual_demand, 1) OVER (PARTITION BY l_partkey ORDER BY yr) AS prev1, LAG(annual_demand, 2) OVER (PARTITION BY l_partkey ORDER BY yr) AS prev2 FROM yearly_demand ) SELECT l_partkey, p_name, p_brand, yr AS latest_year, annual_demand, prev1, prev2 FROM trend JOIN part ON l_partkey = p_partkey WHERE annual_demand < prev1 AND prev1 < prev2 AND prev2 IS NOT NULL ORDER BY l_partkey ASC LIMIT 100;"
Q139_V009,Q_1527,"WITH yearly_demand AS ( SELECT l_partkey, EXTRACT(YEAR FROM l_shipdate) AS yr, SUM(l_quantity) AS annual_demand FROM lineitem GROUP BY l_partkey, yr ), trend AS ( SELECT *, LAG(annual_demand, 1) OVER (PARTITION BY l_partkey ORDER BY yr) AS prev1, LAG(annual_demand, 2) OVER (PARTITION BY l_partkey ORDER BY yr) AS prev2 FROM yearly_demand ) SELECT l_partkey, p_name, p_brand, yr AS latest_year, annual_demand, prev1, prev2 FROM trend JOIN part ON l_partkey = p_partkey WHERE annual_demand < prev1 AND prev1 < prev2 AND prev2 IS NOT NULL ORDER BY l_partkey ASC LIMIT 1000;"
Q139_V010,Q_1528,"WITH yearly_demand AS ( SELECT l_partkey, EXTRACT(YEAR FROM l_shipdate) AS yr, SUM(l_quantity) AS annual_demand FROM lineitem GROUP BY l_partkey, yr ), trend AS ( SELECT *, LAG(annual_demand, 1) OVER (PARTITION BY l_partkey ORDER BY yr) AS prev1, LAG(annual_demand, 2) OVER (PARTITION BY l_partkey ORDER BY yr) AS prev2 FROM yearly_demand ) SELECT l_partkey, p_name, p_brand, yr AS latest_year, annual_demand, prev1, prev2 FROM trend LEFT JOIN part ON l_partkey = p_partkey WHERE annual_demand < prev1 AND prev1 < prev2 AND prev2 IS NOT NULL ORDER BY l_partkey ASC LIMIT 1000;"
Q140_V001,Q_1529,"SELECT o_orderkey, c_name AS customer, cn.n_name AS customer_nation, cr.r_name AS customer_region, l_partkey, p_name AS part, p_brand, s_name AS supplier, sn.n_name AS supplier_nation, sr.r_name AS supplier_region, l_extendedprice * (1 - l_discount) AS line_revenue FROM orders JOIN customer ON o_custkey = c_custkey JOIN nation cn ON c_nationkey = cn.n_nationkey JOIN region cr ON cn.n_regionkey = cr.r_regionkey JOIN lineitem ON o_orderkey = l_orderkey JOIN part ON l_partkey = p_partkey JOIN supplier ON l_suppkey = s_suppkey JOIN nation sn ON s_nationkey = sn.n_nationkey JOIN region sr ON sn.n_regionkey = sr.r_regionkey WHERE cr.r_name != sr.r_name AND EXTRACT(YEAR FROM o_orderdate) = 1996 LIMIT 100;"
Q140_V002,Q_1530,"SELECT o_orderkey, c_name AS customer, cn.n_name AS customer_nation, cr.r_name AS customer_region, l_partkey, p_name AS part, p_brand, s_name AS supplier, sn.n_name AS supplier_nation, sr.r_name AS supplier_region, l_extendedprice * (1 - l_discount) AS line_revenue FROM orders LEFT JOIN customer ON o_custkey = c_custkey JOIN nation cn ON c_nationkey = cn.n_nationkey JOIN region cr ON cn.n_regionkey = cr.r_regionkey JOIN lineitem ON o_orderkey = l_orderkey JOIN part ON l_partkey = p_partkey JOIN supplier ON l_suppkey = s_suppkey JOIN nation sn ON s_nationkey = sn.n_nationkey JOIN region sr ON sn.n_regionkey = sr.r_regionkey WHERE cr.r_name != sr.r_name AND EXTRACT(YEAR FROM o_orderdate) = 1996 LIMIT 100;"
Q140_V003,Q_1531,"SELECT o_orderkey, c_name AS customer, cn.n_name AS customer_nation, cr.r_name AS customer_region, l_partkey, p_name AS part, p_brand, s_name AS supplier, sn.n_name AS supplier_nation, sr.r_name AS supplier_region, l_extendedprice * (1 - l_discount) AS line_revenue FROM orders RIGHT JOIN customer ON o_custkey = c_custkey JOIN nation cn ON c_nationkey = cn.n_nationkey JOIN region cr ON cn.n_regionkey = cr.r_regionkey JOIN lineitem ON o_orderkey = l_orderkey JOIN part ON l_partkey = p_partkey JOIN supplier ON l_suppkey = s_suppkey JOIN nation sn ON s_nationkey = sn.n_nationkey JOIN region sr ON sn.n_regionkey = sr.r_regionkey WHERE cr.r_name != sr.r_name AND EXTRACT(YEAR FROM o_orderdate) = 1996 LIMIT 100;"
Q140_V004,Q_1532,"SELECT o_orderkey, c_name AS customer, cn.n_name AS customer_nation, cr.r_name AS customer_region, l_partkey, p_name AS part, p_brand, s_name AS supplier, sn.n_name AS supplier_nation, sr.r_name AS supplier_region, l_extendedprice * (1 - l_discount) AS line_revenue FROM orders  JOIN customer ON o_custkey = c_custkey JOIN nation cn ON c_nationkey = cn.n_nationkey JOIN region cr ON cn.n_regionkey = cr.r_regionkey JOIN lineitem ON o_orderkey = l_orderkey JOIN part ON l_partkey = p_partkey JOIN supplier ON l_suppkey = s_suppkey JOIN nation sn ON s_nationkey = sn.n_nationkey JOIN region sr ON sn.n_regionkey = sr.r_regionkey WHERE cr.r_name = sr.r_name AND EXTRACT(YEAR FROM o_orderdate) = 1996 LIMIT 100;"
Q140_V005,Q_1533,"SELECT o_orderkey, c_name AS customer, cn.n_name AS customer_nation, cr.r_name AS customer_region, l_partkey, p_name AS part, p_brand, s_name AS supplier, sn.n_name AS supplier_nation, sr.r_name AS supplier_region, l_extendedprice * (1 - l_discount) AS line_revenue FROM orders  JOIN customer ON o_custkey = c_custkey JOIN nation cn ON c_nationkey = cn.n_nationkey JOIN region cr ON cn.n_regionkey = cr.r_regionkey JOIN lineitem ON o_orderkey = l_orderkey JOIN part ON l_partkey = p_partkey JOIN supplier ON l_suppkey = s_suppkey JOIN nation sn ON s_nationkey = sn.n_nationkey JOIN region sr ON sn.n_regionkey = sr.r_regionkey WHERE cr.r_name != sr.r_name OR EXTRACT(YEAR FROM o_orderdate) = 1996 LIMIT 100;"
Q140_V006,Q_1534,"SELECT o_orderkey, c_name AS customer, cn.n_name AS customer_nation, cr.r_name AS customer_region, l_partkey, p_name AS part, p_brand, s_name AS supplier, sn.n_name AS supplier_nation, sr.r_name AS supplier_region, l_extendedprice * (1 - l_discount) AS line_revenue FROM orders  JOIN customer ON o_custkey = c_custkey JOIN nation cn ON c_nationkey = cn.n_nationkey JOIN region cr ON cn.n_regionkey = cr.r_regionkey JOIN lineitem ON o_orderkey = l_orderkey JOIN part ON l_partkey = p_partkey JOIN supplier ON l_suppkey = s_suppkey JOIN nation sn ON s_nationkey = sn.n_nationkey JOIN region sr ON sn.n_regionkey = sr.r_regionkey WHERE cr.r_name != sr.r_name And EXTRACT(YEAR FROM o_orderdate) = 1995 LIMIT 100;"
Q140_V007,Q_1535,"SELECT o_orderkey, c_name AS customer, cn.n_name AS customer_nation, cr.r_name AS customer_region, l_partkey, p_name AS part, p_brand, s_name AS supplier, sn.n_name AS supplier_nation, sr.r_name AS supplier_region, l_extendedprice * (1 - l_discount) AS line_revenue FROM orders  JOIN customer ON o_custkey = c_custkey JOIN nation cn ON c_nationkey = cn.n_nationkey JOIN region cr ON cn.n_regionkey = cr.r_regionkey JOIN lineitem ON o_orderkey = l_orderkey JOIN part ON l_partkey = p_partkey JOIN supplier ON l_suppkey = s_suppkey JOIN nation sn ON s_nationkey = sn.n_nationkey JOIN region sr ON sn.n_regionkey = sr.r_regionkey WHERE cr.r_name != sr.r_name And EXTRACT(YEAR FROM o_orderdate) = 1998 LIMIT 100;"
Q140_V008,Q_1536,"SELECT o_orderkey, c_name AS customer, cn.n_name AS customer_nation, cr.r_name AS customer_region, l_partkey, p_name AS part, p_brand, s_name AS supplier, sn.n_name AS supplier_nation, sr.r_name AS supplier_region, l_extendedprice * (1 - l_discount) AS line_revenue FROM orders  JOIN customer ON o_custkey = c_custkey JOIN nation cn ON c_nationkey = cn.n_nationkey JOIN region cr ON cn.n_regionkey = cr.r_regionkey JOIN lineitem ON o_orderkey = l_orderkey JOIN part ON l_partkey = p_partkey JOIN supplier ON l_suppkey = s_suppkey JOIN nation sn ON s_nationkey = sn.n_nationkey JOIN region sr ON sn.n_regionkey = sr.r_regionkey WHERE cr.r_name != sr.r_name And EXTRACT(YEAR FROM o_orderdate) = 1998 LIMIT 1000;"
Q140_V009,Q_1537,"SELECT o_orderkey, c_name AS customer, cn.n_name AS customer_nation, cr.r_name AS customer_region, l_partkey, p_name AS part, p_brand, s_name AS supplier, sn.n_name AS supplier_nation, sr.r_name AS supplier_region, l_extendedprice * (1 - l_discount) AS line_revenue FROM orders  JOIN customer ON o_custkey = c_custkey JOIN nation cn ON c_nationkey = cn.n_nationkey JOIN region cr ON cn.n_regionkey = cr.r_regionkey JOIN lineitem ON o_orderkey = l_orderkey JOIN part ON l_partkey = p_partkey JOIN supplier ON l_suppkey = s_suppkey JOIN nation sn ON s_nationkey = sn.n_nationkey JOIN region sr ON sn.n_regionkey = sr.r_regionkey WHERE cr.r_name != sr.r_name And EXTRACT(YEAR FROM o_orderdate) = 1998 LIMIT 10000;"
Q140_V010,Q_1538,"SELECT o_orderkey, c_name AS customer, cn.n_name AS customer_nation, cr.r_name AS customer_region, l_partkey, p_name AS part, p_brand, s_name AS supplier, sn.n_name AS supplier_nation, sr.r_name AS supplier_region, l_extendedprice * (1 - l_discount) AS line_revenue FROM orders  JOIN customer ON o_custkey = c_custkey JOIN nation cn ON c_nationkey = cn.n_nationkey JOIN region cr ON cn.n_regionkey = cr.r_regionkey JOIN lineitem ON o_orderkey = l_orderkey JOIN part ON l_partkey = p_partkey JOIN supplier ON l_suppkey = s_suppkey JOIN nation sn ON s_nationkey = sn.n_nationkey JOIN region sr ON sn.n_regionkey = sr.r_regionkey WHERE cr.r_name != sr.r_name And EXTRACT(YEAR FROM o_orderdate) = 1996 LIMIT 10000;"
Q141_V001,Q_1539,"WITH last_order AS ( SELECT o_custkey, MAX(o_orderdate) AS last_order_date FROM orders GROUP BY o_custkey ), active AS ( SELECT o_custkey, last_order_date, DATE '1998-12-31' - last_order_date AS days_inactive FROM last_order ) SELECT c.c_custkey, c.c_name, c.c_mktsegment, n.n_name, a.last_order_date, a.days_inactive, SUM(o.o_totalprice) AS lifetime_revenue FROM active a JOIN customer c ON a.o_custkey = c.c_custkey JOIN nation n ON c.c_nationkey = n.n_nationkey JOIN orders o ON c.c_custkey = o.o_custkey WHERE a.days_inactive > 730 GROUP BY c.c_custkey, c.c_name, c.c_mktsegment, n.n_name, a.last_order_date, a.days_inactive ORDER BY lifetime_revenue DESC LIMIT 50;"
Q141_V002,Q_1540,"WITH last_order AS ( SELECT o_custkey, MAX(o_orderdate) AS last_order_date FROM orders GROUP BY o_custkey ), active AS ( SELECT o_custkey, last_order_date, DATE '1998-12-31' - last_order_date AS days_inactive FROM last_order ) SELECT c.c_custkey, c.c_name, c.c_mktsegment, n.n_name, a.last_order_date, a.days_inactive, SUM(o.o_totalprice) AS lifetime_revenue FROM active a JOIN customer c ON a.o_custkey = c.c_custkey JOIN nation n ON c.c_nationkey = n.n_nationkey JOIN orders o ON c.c_custkey = o.o_custkey WHERE a.days_inactive > 730 GROUP BY c.c_custkey, c.c_name, c.c_mktsegment, n.n_name, a.last_order_date, a.days_inactive ORDER BY lifetime_revenue DESC LIMIT 100;"
Q141_V003,Q_1541,"WITH last_order AS ( SELECT o_custkey, MAX(o_orderdate) AS last_order_date FROM orders GROUP BY o_custkey ), active AS ( SELECT o_custkey, last_order_date, DATE '1998-12-31' - last_order_date AS days_inactive FROM last_order ) SELECT c.c_custkey, c.c_name, c.c_mktsegment, n.n_name, a.last_order_date, a.days_inactive, SUM(o.o_totalprice) AS lifetime_revenue FROM active a JOIN customer c ON a.o_custkey = c.c_custkey JOIN nation n ON c.c_nationkey = n.n_nationkey JOIN orders o ON c.c_custkey = o.o_custkey WHERE a.days_inactive > 730 GROUP BY c.c_custkey, c.c_name, c.c_mktsegment, n.n_name, a.last_order_date, a.days_inactive ORDER BY lifetime_revenue DESC LIMIT 1000;"
Q141_V004,Q_1542,"WITH last_order AS ( SELECT o_custkey, MAX(o_orderdate) AS last_order_date FROM orders GROUP BY o_custkey ), active AS ( SELECT o_custkey, last_order_date, DATE '1998-12-31' - last_order_date AS days_inactive FROM last_order ) SELECT c.c_custkey, c.c_name, c.c_mktsegment, n.n_name, a.last_order_date, a.days_inactive, SUM(o.o_totalprice) AS lifetime_revenue FROM active a JOIN customer c ON a.o_custkey = c.c_custkey JOIN nation n ON c.c_nationkey = n.n_nationkey JOIN orders o ON c.c_custkey = o.o_custkey WHERE a.days_inactive > 730 GROUP BY c.c_custkey, c.c_name, c.c_mktsegment, n.n_name, a.last_order_date, a.days_inactive ORDER BY lifetime_revenue ASC LIMIT 1000;"
Q141_V005,Q_1543,"WITH last_order AS ( SELECT o_custkey, MAX(o_orderdate) AS last_order_date FROM orders GROUP BY o_custkey ), active AS ( SELECT o_custkey, last_order_date, DATE '1998-12-31' - last_order_date AS days_inactive FROM last_order ) SELECT c.c_custkey, c.c_name, c.c_mktsegment, n.n_name, a.last_order_date, a.days_inactive, SUM(o.o_totalprice) AS lifetime_revenue FROM active a JOIN customer c ON a.o_custkey = c.c_custkey JOIN nation n ON c.c_nationkey = n.n_nationkey JOIN orders o ON c.c_custkey = o.o_custkey WHERE a.days_inactive > 1000 GROUP BY c.c_custkey, c.c_name, c.c_mktsegment, n.n_name, a.last_order_date, a.days_inactive ORDER BY lifetime_revenue ASC LIMIT 1000;"
Q141_V006,Q_1544,"WITH last_order AS ( SELECT o_custkey, MAX(o_orderdate) AS last_order_date FROM orders GROUP BY o_custkey ), active AS ( SELECT o_custkey, last_order_date, DATE '1998-12-31' - last_order_date AS days_inactive FROM last_order ) SELECT c.c_custkey, c.c_name, c.c_mktsegment, n.n_name, a.last_order_date, a.days_inactive, SUM(o.o_totalprice) AS lifetime_revenue FROM active a JOIN customer c ON a.o_custkey = c.c_custkey JOIN nation n ON c.c_nationkey = n.n_nationkey JOIN orders o ON c.c_custkey = o.o_custkey WHERE a.days_inactive > 10 GROUP BY c.c_custkey, c.c_name, c.c_mktsegment, n.n_name, a.last_order_date, a.days_inactive ORDER BY lifetime_revenue ASC LIMIT 1000;"
Q141_V007,Q_1545,"WITH last_order AS ( SELECT o_custkey, MAX(o_orderdate) AS last_order_date FROM orders GROUP BY o_custkey ), active AS ( SELECT o_custkey, last_order_date, DATE '1998-12-31' - last_order_date AS days_inactive FROM last_order ) SELECT c.c_custkey, c.c_name, c.c_mktsegment, n.n_name, a.last_order_date, a.days_inactive, SUM(o.o_totalprice) AS lifetime_revenue FROM active a JOIN customer c ON a.o_custkey = c.c_custkey JOIN nation n ON c.c_nationkey = n.n_nationkey JOIN orders o ON c.c_custkey = o.o_custkey WHERE a.days_inactive > 10 GROUP BY c.c_custkey, c.c_name, c.c_mktsegment, n.n_name, a.last_order_date, a.days_inactive ORDER BY lifetime_revenue DESC LIMIT 1000;"
Q141_V008,Q_1546,"WITH last_order AS ( SELECT o_custkey, MAX(o_orderdate) AS last_order_date FROM orders GROUP BY o_custkey ), active AS ( SELECT o_custkey, last_order_date, DATE '1998-12-31' - last_order_date AS days_inactive FROM last_order ) SELECT c.c_custkey, c.c_name, c.c_mktsegment, n.n_name, a.last_order_date, a.days_inactive, SUM(o.o_totalprice) AS lifetime_revenue FROM active a JOIN customer c ON a.o_custkey = c.c_custkey JOIN nation n ON c.c_nationkey = n.n_nationkey JOIN orders o ON c.c_custkey = o.o_custkey WHERE a.days_inactive > 10 GROUP BY c.c_custkey, c.c_name, c.c_mktsegment, n.n_name, a.last_order_date, a.days_inactive ORDER BY c_custkey DESC LIMIT 1000;"
Q141_V009,Q_1547,"WITH last_order AS ( SELECT o_custkey, MAX(o_orderdate) AS last_order_date FROM orders GROUP BY o_custkey ), active AS ( SELECT o_custkey, last_order_date, DATE '1998-12-31' - last_order_date AS days_inactive FROM last_order ) SELECT c.c_custkey, c.c_name, c.c_mktsegment, n.n_name, a.last_order_date, a.days_inactive, SUM(o.o_totalprice) AS lifetime_revenue FROM active a JOIN customer c ON a.o_custkey = c.c_custkey JOIN nation n ON c.c_nationkey = n.n_nationkey JOIN orders o ON c.c_custkey = o.o_custkey WHERE a.days_inactive > 10 GROUP BY c.c_custkey, c.c_name, c.c_mktsegment, n.n_name, a.last_order_date, a.days_inactive ORDER BY c_custkey ASC LIMIT 1000;"
Q141_V010,Q_1548,"WITH last_order AS ( SELECT o_custkey, MAX(o_orderdate) AS last_order_date FROM orders GROUP BY o_custkey ), active AS ( SELECT o_custkey, last_order_date, DATE '1998-12-31' - last_order_date AS days_inactive FROM last_order ) SELECT c.c_custkey, c.c_name, c.c_mktsegment, n.n_name, a.last_order_date, a.days_inactive, SUM(o.o_totalprice) AS lifetime_revenue FROM active a JOIN customer c ON a.o_custkey = c.c_custkey JOIN nation n ON c.c_nationkey = n.n_nationkey JOIN orders o ON c.c_custkey = o.o_custkey WHERE a.days_inactive > 10 GROUP BY c.c_custkey, c.c_name, c.c_mktsegment, n.n_name, a.last_order_date, a.days_inactive ORDER BY c_custkey ASC LIMIT 10000;"
Q142_V001,Q_1549,"WITH monthly_demand AS ( SELECT p_type, EXTRACT(MONTH FROM l_shipdate) AS mo, SUM(l_quantity) AS monthly_qty FROM part JOIN lineitem ON p_partkey = l_partkey GROUP BY p_type, mo ), avg_demand AS ( SELECT p_type, AVG(monthly_qty) AS avg_monthly FROM monthly_demand GROUP BY p_type ) SELECT md.p_type, md.mo, md.monthly_qty, ROUND(md.monthly_qty / NULLIF(ad.avg_monthly, 0), 4) AS seasonal_index FROM monthly_demand md JOIN avg_demand ad ON md.p_type = ad.p_type ORDER BY md.p_type, md.mo;"
Q142_V002,Q_1550,"WITH monthly_demand AS (SELECT p_brand,EXTRACT(MONTH FROM l_shipdate) AS mo,SUM(l_quantity) AS monthly_qty FROM part JOIN lineitem ON p_partkey=l_partkey GROUP BY p_brand,mo),avg_demand AS (SELECT p_brand,AVG(monthly_qty) AS avg_monthly FROM monthly_demand GROUP BY p_brand) SELECT md.p_brand,md.mo,md.monthly_qty,ROUND(md.monthly_qty/NULLIF(ad.avg_monthly,0),4) AS seasonal_index FROM monthly_demand md JOIN avg_demand ad ON md.p_brand=ad.p_brand ORDER BY md.p_brand,md.mo;"
Q142_V003,Q_1551,"WITH monthly_demand AS (SELECT p_type,EXTRACT(MONTH FROM l_shipdate) AS mo,SUM(l_extendedprice) AS monthly_sales FROM part JOIN lineitem ON p_partkey=l_partkey GROUP BY p_type,mo) SELECT p_type,mo,monthly_sales,LAG(monthly_sales) OVER(PARTITION BY p_type ORDER BY mo) AS prev_month_sales FROM monthly_demand ORDER BY p_type,mo;"
Q142_V004,Q_1552,"WITH monthly_demand AS (SELECT p_type,EXTRACT(MONTH FROM l_shipdate) AS mo,SUM(l_quantity) AS monthly_qty FROM part JOIN lineitem ON p_partkey=l_partkey GROUP BY p_type,mo) SELECT p_type,AVG(monthly_qty) AS avg_qty,MAX(monthly_qty) AS max_qty,MIN(monthly_qty) AS min_qty FROM monthly_demand GROUP BY p_type ORDER BY avg_qty DESC;"
Q142_V005,Q_1553,"WITH monthly_demand AS (SELECT p_container,EXTRACT(MONTH FROM l_shipdate) AS mo,SUM(l_quantity) AS monthly_qty FROM part JOIN lineitem ON p_partkey=l_partkey GROUP BY p_container,mo),avg_demand AS (SELECT p_container,AVG(monthly_qty) AS avg_monthly FROM monthly_demand GROUP BY p_container) SELECT md.p_container,md.mo,md.monthly_qty,ROUND(md.monthly_qty- ad.avg_monthly,2) AS demand_variance FROM monthly_demand md JOIN avg_demand ad ON md.p_container=ad.p_container ORDER BY md.p_container,md.mo;"
Q142_V006,Q_1554,"WITH monthly_demand AS (SELECT p_type,EXTRACT(MONTH FROM l_shipdate) AS mo,SUM(l_quantity) AS monthly_qty FROM part JOIN lineitem ON p_partkey=l_partkey GROUP BY p_type,mo) SELECT p_type,mo,monthly_qty,SUM(monthly_qty) OVER(PARTITION BY p_type ORDER BY mo) AS cumulative_qty FROM monthly_demand ORDER BY p_type,mo;"
Q142_V007,Q_1555,"WITH monthly_demand AS (SELECT p_type,EXTRACT(MONTH FROM l_shipdate) AS mo,SUM(l_quantity) AS monthly_qty FROM part JOIN lineitem ON p_partkey=l_partkey GROUP BY p_type,mo) SELECT p_type,mo,monthly_qty,DENSE_RANK() OVER(PARTITION BY mo ORDER BY monthly_qty DESC) AS monthly_rank FROM monthly_demand ORDER BY mo,monthly_rank;"
Q142_V008,Q_1556,"WITH monthly_demand AS (SELECT p_size,EXTRACT(MONTH FROM l_shipdate) AS mo,SUM(l_quantity) AS monthly_qty FROM part JOIN lineitem ON p_partkey=l_partkey GROUP BY p_size,mo),avg_demand AS (SELECT p_size,AVG(monthly_qty) AS avg_monthly FROM monthly_demand GROUP BY p_size) SELECT md.p_size,md.mo,md.monthly_qty,ROUND(md.monthly_qty/NULLIF(ad.avg_monthly,0),4) AS seasonal_index FROM monthly_demand md JOIN avg_demand ad ON md.p_size=ad.p_size ORDER BY md.p_size,md.mo;"
Q142_V009,Q_1557,"WITH monthly_demand AS (SELECT p_type,EXTRACT(MONTH FROM l_shipdate) AS mo,SUM(l_quantity) AS monthly_qty FROM part JOIN lineitem ON p_partkey=l_partkey GROUP BY p_type,mo) SELECT p_type,mo,monthly_qty,AVG(monthly_qty) OVER(PARTITION BY p_type) AS overall_avg_qty FROM monthly_demand ORDER BY p_type,mo;"
Q142_V010,Q_1558,"WITH monthly_demand AS (SELECT p_type,EXTRACT(MONTH FROM l_shipdate) AS mo,SUM(l_quantity) AS monthly_qty FROM part JOIN lineitem ON p_partkey=l_partkey GROUP BY p_type,mo) SELECT p_type,mo,monthly_qty,NTILE(4) OVER(PARTITION BY p_type ORDER BY monthly_qty DESC) AS demand_quartile FROM monthly_demand ORDER BY p_type,mo;"
Q143_V001,Q_1559,"WITH cross_region AS (SELECT s_suppkey, c_custkey, sr.r_name AS supplier_region, cr.r_name AS customer_region, SUM(l_extendedprice * (1 - l_discount)) AS revenue FROM lineitem LEFT JOIN supplier ON l_suppkey = s_suppkey JOIN nation sn ON s_nationkey = sn.n_nationkey JOIN region sr ON sn.n_regionkey = sr.r_regionkey JOIN orders ON l_orderkey = o_orderkey JOIN customer ON o_custkey = c_custkey JOIN nation cn ON c_nationkey = cn.n_nationkey JOIN region cr ON cn.n_regionkey = cr.r_regionkey WHERE sr.r_name != cr.r_name GROUP BY s_suppkey, c_custkey, sr.r_name, cr.r_name ), ranked AS ( SELECT *, RANK() OVER (PARTITION BY supplier_region ORDER BY revenue DESC) AS rank_in_region FROM cross_region ) SELECT * FROM ranked WHERE rank_in_region <= 5 ORDER BY supplier_region, rank_in_region;"
Q143_V002,Q_1560,"WITH cross_region AS (SELECT s_suppkey, c_custkey, sr.r_name AS supplier_region, cr.r_name AS customer_region, SUM(l_extendedprice * (1 - l_discount)) AS revenue FROM lineitem RIGHT JOIN supplier ON l_suppkey = s_suppkey JOIN nation sn ON s_nationkey = sn.n_nationkey JOIN region sr ON sn.n_regionkey = sr.r_regionkey JOIN orders ON l_orderkey = o_orderkey JOIN customer ON o_custkey = c_custkey JOIN nation cn ON c_nationkey = cn.n_nationkey JOIN region cr ON cn.n_regionkey = cr.r_regionkey WHERE sr.r_name != cr.r_name GROUP BY s_suppkey, c_custkey, sr.r_name, cr.r_name ), ranked AS ( SELECT *, RANK() OVER (PARTITION BY supplier_region ORDER BY revenue DESC) AS rank_in_region FROM cross_region ) SELECT * FROM ranked WHERE rank_in_region <= 5 ORDER BY supplier_region, rank_in_region;"
Q143_V003,Q_1561,"WITH cross_region AS (SELECT s_suppkey, c_custkey, sr.r_name AS supplier_region, cr.r_name AS customer_region, SUM(l_extendedprice * (1 - l_discount)) AS revenue FROM lineitem JOIN supplier ON l_suppkey != s_suppkey JOIN nation sn ON s_nationkey = sn.n_nationkey JOIN region sr ON sn.n_regionkey = sr.r_regionkey JOIN orders ON l_orderkey = o_orderkey JOIN customer ON o_custkey = c_custkey JOIN nation cn ON c_nationkey = cn.n_nationkey JOIN region cr ON cn.n_regionkey = cr.r_regionkey WHERE sr.r_name != cr.r_name GROUP BY s_suppkey, c_custkey, sr.r_name, cr.r_name ), ranked AS ( SELECT *, RANK() OVER (PARTITION BY supplier_region ORDER BY revenue DESC) AS rank_in_region FROM cross_region ) SELECT * FROM ranked WHERE rank_in_region <= 5 ORDER BY supplier_region, rank_in_region;"
Q143_V004,Q_1562,"WITH cross_region AS (SELECT s_suppkey, c_custkey, sr.r_name AS supplier_region, cr.r_name AS customer_region, SUM(l_extendedprice * (1 - l_discount)) AS revenue FROM lineitem JOIN supplier ON l_suppkey = s_suppkey LEFT JOIN nation sn ON s_nationkey = sn.n_nationkey JOIN region sr ON sn.n_regionkey = sr.r_regionkey JOIN orders ON l_orderkey = o_orderkey JOIN customer ON o_custkey = c_custkey JOIN nation cn ON c_nationkey = cn.n_nationkey JOIN region cr ON cn.n_regionkey = cr.r_regionkey WHERE sr.r_name != cr.r_name GROUP BY s_suppkey, c_custkey, sr.r_name, cr.r_name ), ranked AS ( SELECT *, RANK() OVER (PARTITION BY supplier_region ORDER BY revenue DESC) AS rank_in_region FROM cross_region ) SELECT * FROM ranked WHERE rank_in_region <= 5 ORDER BY supplier_region, rank_in_region;"
Q143_V005,Q_1563,"WITH cross_region AS (SELECT s_suppkey, c_custkey, sr.r_name AS supplier_region, cr.r_name AS customer_region, SUM(l_extendedprice * (1 - l_discount)) AS revenue FROM lineitem JOIN supplier ON l_suppkey = s_suppkey JOIN nation sn ON s_nationkey != sn.n_nationkey JOIN region sr ON sn.n_regionkey = sr.r_regionkey JOIN orders ON l_orderkey = o_orderkey JOIN customer ON o_custkey = c_custkey JOIN nation cn ON c_nationkey = cn.n_nationkey JOIN region cr ON cn.n_regionkey = cr.r_regionkey WHERE sr.r_name != cr.r_name GROUP BY s_suppkey, c_custkey, sr.r_name, cr.r_name ), ranked AS ( SELECT *, RANK() OVER (PARTITION BY supplier_region ORDER BY revenue DESC) AS rank_in_region FROM cross_region ) SELECT * FROM ranked WHERE rank_in_region <= 5 ORDER BY supplier_region, rank_in_region;"
Q143_V006,Q_1564,"WITH cross_region AS (SELECT s_suppkey, c_custkey, sr.r_name AS supplier_region, cr.r_name AS customer_region, SUM(l_extendedprice * (1 - l_discount)) AS revenue FROM lineitem JOIN supplier ON l_suppkey = s_suppkey JOIN nation sn ON s_nationkey = sn.n_nationkey JOIN region sr ON sn.n_regionkey != sr.r_regionkey JOIN orders ON l_orderkey = o_orderkey JOIN customer ON o_custkey = c_custkey JOIN nation cn ON c_nationkey = cn.n_nationkey JOIN region cr ON cn.n_regionkey = cr.r_regionkey WHERE sr.r_name != cr.r_name GROUP BY s_suppkey, c_custkey, sr.r_name, cr.r_name ), ranked AS ( SELECT *, RANK() OVER (PARTITION BY supplier_region ORDER BY revenue DESC) AS rank_in_region FROM cross_region ) SELECT * FROM ranked WHERE rank_in_region <= 5 ORDER BY supplier_region, rank_in_region;"
Q143_V007,Q_1565,"WITH cross_region AS (SELECT s_suppkey, c_custkey, sr.r_name AS supplier_region, cr.r_name AS customer_region, SUM(l_extendedprice * (1 - l_discount)) AS revenue FROM lineitem JOIN supplier ON l_suppkey = s_suppkey JOIN nation sn ON s_nationkey = sn.n_nationkey JOIN region sr ON sn.n_regionkey = sr.r_regionkey JOIN orders ON l_orderkey = o_orderkey LEFT JOIN customer ON o_custkey = c_custkey JOIN nation cn ON c_nationkey = cn.n_nationkey JOIN region cr ON cn.n_regionkey = cr.r_regionkey WHERE sr.r_name != cr.r_name GROUP BY s_suppkey, c_custkey, sr.r_name, cr.r_name ), ranked AS ( SELECT *, RANK() OVER (PARTITION BY supplier_region ORDER BY revenue DESC) AS rank_in_region FROM cross_region ) SELECT * FROM ranked WHERE rank_in_region <= 5 ORDER BY supplier_region, rank_in_region;"
Q143_V008,Q_1566,"WITH cross_region AS (SELECT s_suppkey, c_custkey, sr.r_name AS supplier_region, cr.r_name AS customer_region, SUM(l_extendedprice * (1 - l_discount)) AS revenue FROM lineitem JOIN supplier ON l_suppkey = s_suppkey JOIN nation sn ON s_nationkey = sn.n_nationkey JOIN region sr ON sn.n_regionkey = sr.r_regionkey JOIN orders ON l_orderkey = o_orderkey RIGHT JOIN customer ON o_custkey = c_custkey JOIN nation cn ON c_nationkey = cn.n_nationkey JOIN region cr ON cn.n_regionkey = cr.r_regionkey WHERE sr.r_name != cr.r_name GROUP BY s_suppkey, c_custkey, sr.r_name, cr.r_name ), ranked AS ( SELECT *, RANK() OVER (PARTITION BY supplier_region ORDER BY revenue DESC) AS rank_in_region FROM cross_region ) SELECT * FROM ranked WHERE rank_in_region <= 5 ORDER BY supplier_region, rank_in_region;"
Q143_V009,Q_1567,"WITH cross_region AS (SELECT s_suppkey, c_custkey, sr.r_name AS supplier_region, cr.r_name AS customer_region, SUM(l_extendedprice * (1 - l_discount)) AS revenue FROM lineitem JOIN supplier ON l_suppkey = s_suppkey JOIN nation sn ON s_nationkey = sn.n_nationkey JOIN region sr ON sn.n_regionkey = sr.r_regionkey JOIN orders ON l_orderkey = o_orderkey JOIN customer ON o_custkey = c_custkey JOIN nation cn ON c_nationkey = cn.n_nationkey JOIN region cr ON cn.n_regionkey = cr.r_regionkey WHERE sr.r_name != cr.r_name GROUP BY s_suppkey, c_custkey, sr.r_name, cr.r_name ), ranked AS ( SELECT *, RANK() OVER (PARTITION BY supplier_region ORDER BY revenue DESC) AS rank_in_region FROM cross_region ) SELECT * FROM ranked WHERE rank_in_region <= 10 ORDER BY supplier_region, rank_in_region;"
Q143_V010,Q_1568,"WITH cross_region AS (SELECT s_suppkey, c_custkey, sr.r_name AS supplier_region, cr.r_name AS customer_region, SUM(l_extendedprice * (1 - l_discount)) AS revenue FROM lineitem JOIN supplier ON l_suppkey = s_suppkey JOIN nation sn ON s_nationkey = sn.n_nationkey JOIN region sr ON sn.n_regionkey = sr.r_regionkey JOIN orders ON l_orderkey = o_orderkey JOIN customer ON o_custkey = c_custkey JOIN nation cn ON c_nationkey = cn.n_nationkey JOIN region cr ON cn.n_regionkey = cr.r_regionkey WHERE sr.r_name != cr.r_name GROUP BY s_suppkey, c_custkey, sr.r_name, cr.r_name ), ranked AS ( SELECT *, RANK() OVER (PARTITION BY supplier_region ORDER BY revenue DESC) AS rank_in_region FROM cross_region ) SELECT * FROM ranked WHERE rank_in_region <= 50 ORDER BY supplier_region, rank_in_region;"
Q143_V011,Q_1569,"WITH cross_region AS (SELECT s_suppkey, c_custkey, sr.r_name AS supplier_region, cr.r_name AS customer_region, SUM(l_extendedprice * (1 - l_discount)) AS revenue FROM lineitem JOIN supplier ON l_suppkey = s_suppkey JOIN nation sn ON s_nationkey = sn.n_nationkey JOIN region sr ON sn.n_regionkey = sr.r_regionkey JOIN orders ON l_orderkey = o_orderkey JOIN customer ON o_custkey = c_custkey JOIN nation cn ON c_nationkey = cn.n_nationkey JOIN region cr ON cn.n_regionkey = cr.r_regionkey WHERE sr.r_name != cr.r_name GROUP BY s_suppkey, c_custkey, sr.r_name, cr.r_name ), ranked AS ( SELECT *, RANK() OVER (PARTITION BY supplier_region ORDER BY revenue DESC) AS rank_in_region FROM cross_region ) SELECT * FROM ranked WHERE rank_in_region <= 100 ORDER BY supplier_region, rank_in_region;"
Q143_V012,Q_1570,"WITH cross_region AS (SELECT s_suppkey, c_custkey, sr.r_name AS supplier_region, cr.r_name AS customer_region, SUM(l_extendedprice * (1 - l_discount)) AS revenue FROM lineitem JOIN supplier ON l_suppkey = s_suppkey JOIN nation sn ON s_nationkey = sn.n_nationkey JOIN region sr ON sn.n_regionkey = sr.r_regionkey JOIN orders ON l_orderkey = o_orderkey JOIN customer ON o_custkey = c_custkey JOIN nation cn ON c_nationkey = cn.n_nationkey JOIN region cr ON cn.n_regionkey = cr.r_regionkey WHERE sr.r_name != cr.r_name GROUP BY s_suppkey, c_custkey, sr.r_name, cr.r_name ), ranked AS ( SELECT *, RANK() OVER (PARTITION BY supplier_region ORDER BY revenue DESC) AS rank_in_region FROM cross_region ) SELECT * FROM ranked WHERE rank_in_region <= 1000 ORDER BY supplier_region, rank_in_region;"
Q143_V013,Q_1571,"WITH cross_region AS (SELECT s_suppkey, c_custkey, sr.r_name AS supplier_region, cr.r_name AS customer_region, SUM(l_extendedprice * (1 - l_discount)) AS revenue FROM lineitem JOIN supplier ON l_suppkey = s_suppkey JOIN nation sn ON s_nationkey = sn.n_nationkey JOIN region sr ON sn.n_regionkey = sr.r_regionkey JOIN orders ON l_orderkey = o_orderkey JOIN customer ON o_custkey = c_custkey JOIN nation cn ON c_nationkey = cn.n_nationkey JOIN region cr ON cn.n_regionkey = cr.r_regionkey WHERE sr.r_name != cr.r_name GROUP BY s_suppkey, c_custkey, sr.r_name, cr.r_name ), ranked AS ( SELECT *, RANK() OVER (PARTITION BY supplier_region ORDER BY revenue DESC) AS rank_in_region FROM cross_region ) SELECT * FROM ranked WHERE rank_in_region <= 10000 ORDER BY supplier_region, rank_in_region;"
Q143_V014,Q_1572,"WITH cross_region AS (SELECT s_suppkey, c_custkey, sr.r_name AS supplier_region, cr.r_name AS customer_region, SUM(l_extendedprice * (1 - l_discount)) AS revenue FROM lineitem JOIN supplier ON l_suppkey = s_suppkey JOIN nation sn ON s_nationkey = sn.n_nationkey JOIN region sr ON sn.n_regionkey = sr.r_regionkey JOIN orders ON l_orderkey = o_orderkey JOIN customer ON o_custkey = c_custkey JOIN nation cn ON c_nationkey = cn.n_nationkey JOIN region cr ON cn.n_regionkey = cr.r_regionkey WHERE sr.r_name != cr.r_name GROUP BY s_suppkey, c_custkey, sr.r_name, cr.r_name ), ranked AS ( SELECT *, RANK() OVER (PARTITION BY supplier_region ORDER BY revenue DESC) AS rank_in_region FROM cross_region ) SELECT * FROM ranked WHERE rank_in_region <= 100000 ORDER BY supplier_region, rank_in_region;"
Q143_V015,Q_1573,"WITH cross_region AS (SELECT s_suppkey, c_custkey, sr.r_name AS supplier_region, cr.r_name AS customer_region, SUM(l_extendedprice * (1 - l_discount)) AS revenue FROM lineitem JOIN supplier ON l_suppkey = s_suppkey JOIN nation sn ON s_nationkey = sn.n_nationkey JOIN region sr ON sn.n_regionkey = sr.r_regionkey JOIN orders ON l_orderkey = o_orderkey JOIN customer ON o_custkey = c_custkey JOIN nation cn ON c_nationkey = cn.n_nationkey JOIN region cr ON cn.n_regionkey = cr.r_regionkey WHERE sr.r_name != cr.r_name GROUP BY s_suppkey, c_custkey, sr.r_name, cr.r_name ), ranked AS ( SELECT *, RANK() OVER (PARTITION BY supplier_region ORDER BY revenue DESC) AS rank_in_region FROM cross_region ) SELECT * FROM ranked WHERE rank_in_region <= 100000 ORDER BY supplier_region, rank_in_region DESC;"
Q144_V001,Q_1574,"WITH supplier_annual AS ( SELECT s_suppkey, s_nationkey, EXTRACT(YEAR FROM l_shipdate) AS yr, SUM(l_extendedprice * (1 - l_discount)) AS annual_rev FROM supplier JOIN lineitem ON s_suppkey = l_suppkey GROUP BY s_suppkey, s_nationkey, yr ), year_range AS ( SELECT s_suppkey, s_nationkey, MIN(yr) AS first_yr, MAX(yr) AS last_yr FROM supplier_annual GROUP BY s_suppkey, s_nationkey ), first_last AS ( SELECT yr.s_suppkey, yr.s_nationkey, yr.first_yr, yr.last_yr, sa1.annual_rev AS first_rev, sa2.annual_rev AS last_rev FROM year_range yr JOIN supplier_annual sa1 ON yr.s_suppkey = sa1.s_suppkey AND yr.first_yr = sa1.yr JOIN supplier_annual sa2 ON yr.s_suppkey = sa2.s_suppkey AND yr.last_yr = sa2.yr ) SELECT s_suppkey, n_name, first_yr, last_yr, ROUND(first_rev::NUMERIC, 2) AS first_year_revenue, ROUND(last_rev::NUMERIC, 2) AS last_year_revenue, ROUND( (POWER(last_rev::NUMERIC / NULLIF(first_rev::NUMERIC, 0), 1.0 / NULLIF(last_yr - first_yr, 0)) - 1) * 100, 4 ) AS cagr_pct FROM first_last JOIN nation ON s_nationkey = n_nationkey ORDER BY cagr_pct DESC LIMIT 100;"
Q144_V002,Q_1575,"WITH supplier_annual AS ( SELECT s_suppkey, s_nationkey, EXTRACT(YEAR FROM l_shipdate) AS yr, SUM(l_extendedprice * (1 - l_discount)) AS annual_rev FROM supplier JOIN lineitem ON s_suppkey = l_suppkey GROUP BY s_suppkey, s_nationkey, yr ), year_range AS ( SELECT s_suppkey, s_nationkey, MIN(yr) AS first_yr, MAX(yr) AS last_yr FROM supplier_annual GROUP BY s_suppkey, s_nationkey ), first_last AS ( SELECT yr.s_suppkey, yr.s_nationkey, yr.first_yr, yr.last_yr, sa1.annual_rev AS first_rev, sa2.annual_rev AS last_rev FROM year_range yr JOIN supplier_annual sa1 ON yr.s_suppkey = sa1.s_suppkey AND yr.first_yr = sa1.yr JOIN supplier_annual sa2 ON yr.s_suppkey = sa2.s_suppkey AND yr.last_yr = sa2.yr ) SELECT s_suppkey, n_name, first_yr, last_yr, ROUND(first_rev::NUMERIC, 2) AS first_year_revenue, ROUND(last_rev::NUMERIC, 2) AS last_year_revenue, ROUND( (POWER(last_rev::NUMERIC / NULLIF(first_rev::NUMERIC, 0), 1.0 / NULLIF(last_yr - first_yr, 0)) - 1) * 100, 4 ) AS cagr_pct FROM first_last JOIN nation ON s_nationkey = n_nationkey ORDER BY cagr_pct DESC LIMIT 1000;"
Q144_V003,Q_1576,"WITH supplier_annual AS ( SELECT s_suppkey, s_nationkey, EXTRACT(YEAR FROM l_shipdate) AS yr, SUM(l_extendedprice * (1 - l_discount)) AS annual_rev FROM supplier JOIN lineitem ON s_suppkey = l_suppkey GROUP BY s_suppkey, s_nationkey, yr ), year_range AS ( SELECT s_suppkey, s_nationkey, MIN(yr) AS first_yr, MAX(yr) AS last_yr FROM supplier_annual GROUP BY s_suppkey, s_nationkey ), first_last AS ( SELECT yr.s_suppkey, yr.s_nationkey, yr.first_yr, yr.last_yr, sa1.annual_rev AS first_rev, sa2.annual_rev AS last_rev FROM year_range yr JOIN supplier_annual sa1 ON yr.s_suppkey = sa1.s_suppkey AND yr.first_yr = sa1.yr JOIN supplier_annual sa2 ON yr.s_suppkey = sa2.s_suppkey AND yr.last_yr = sa2.yr ) SELECT s_suppkey, n_name, first_yr, last_yr, ROUND(first_rev::NUMERIC, 2) AS first_year_revenue, ROUND(last_rev::NUMERIC, 2) AS last_year_revenue, ROUND( (POWER(last_rev::NUMERIC / NULLIF(first_rev::NUMERIC, 0), 1.0 / NULLIF(last_yr - first_yr, 0)) - 1) * 100, 4 ) AS cagr_pct FROM first_last JOIN nation ON s_nationkey = n_nationkey ORDER BY cagr_pct ASC LIMIT 1000;"
Q144_V004,Q_1577,"WITH supplier_annual AS ( SELECT s_suppkey, s_nationkey, EXTRACT(YEAR FROM l_shipdate) AS yr, SUM(l_extendedprice * (1 - l_discount)) AS annual_rev FROM supplier JOIN lineitem ON s_suppkey = l_suppkey GROUP BY s_suppkey, s_nationkey, yr ), year_range AS ( SELECT s_suppkey, s_nationkey, MIN(yr) AS first_yr, MAX(yr) AS last_yr FROM supplier_annual GROUP BY s_suppkey, s_nationkey ), first_last AS ( SELECT yr.s_suppkey, yr.s_nationkey, yr.first_yr, yr.last_yr, sa1.annual_rev AS first_rev, sa2.annual_rev AS last_rev FROM year_range yr JOIN supplier_annual sa1 ON yr.s_suppkey = sa1.s_suppkey AND yr.first_yr = sa1.yr JOIN supplier_annual sa2 ON yr.s_suppkey = sa2.s_suppkey AND yr.last_yr = sa2.yr ) SELECT s_suppkey, n_name, first_yr, last_yr, ROUND(first_rev::NUMERIC, 2) AS first_year_revenue, ROUND(last_rev::NUMERIC, 2) AS last_year_revenue, ROUND( (POWER(last_rev::NUMERIC / NULLIF(first_rev::NUMERIC, 0), 1.0 / NULLIF(last_yr - first_yr, 0)) - 1) * 100, 4 ) AS cagr_pct FROM first_last JOIN nation ON s_nationkey = n_nationkey ORDER BY s_suppkey ASC LIMIT 1000;"
Q144_V005,Q_1578,"WITH supplier_annual AS ( SELECT s_suppkey, s_nationkey, EXTRACT(YEAR FROM l_shipdate) AS yr, SUM(l_extendedprice * (1 - l_discount)) AS annual_rev FROM supplier JOIN lineitem ON s_suppkey = l_suppkey GROUP BY s_suppkey, s_nationkey, yr ), year_range AS ( SELECT s_suppkey, s_nationkey, MIN(yr) AS first_yr, MAX(yr) AS last_yr FROM supplier_annual GROUP BY s_suppkey, s_nationkey ), first_last AS ( SELECT yr.s_suppkey, yr.s_nationkey, yr.first_yr, yr.last_yr, sa1.annual_rev AS first_rev, sa2.annual_rev AS last_rev FROM year_range yr JOIN supplier_annual sa1 ON yr.s_suppkey = sa1.s_suppkey AND yr.first_yr = sa1.yr JOIN supplier_annual sa2 ON yr.s_suppkey = sa2.s_suppkey AND yr.last_yr = sa2.yr ) SELECT s_suppkey, n_name, first_yr, last_yr, ROUND(first_rev::NUMERIC, 2) AS first_year_revenue, ROUND(last_rev::NUMERIC, 2) AS last_year_revenue, ROUND( (POWER(last_rev::NUMERIC / NULLIF(first_rev::NUMERIC, 0), 1.0 / NULLIF(last_yr - first_yr, 0)) - 1) * 100, 4 ) AS cagr_pct FROM first_last LEFT JOIN nation ON s_nationkey = n_nationkey ORDER BY s_suppkey ASC LIMIT 1000;"
Q144_V006,Q_1579,"WITH supplier_annual AS ( SELECT s_suppkey, s_nationkey, EXTRACT(YEAR FROM l_shipdate) AS yr, SUM(l_extendedprice * (1 - l_discount)) AS annual_rev FROM supplier JOIN lineitem ON s_suppkey = l_suppkey GROUP BY s_suppkey, s_nationkey, yr ), year_range AS ( SELECT s_suppkey, s_nationkey, MIN(yr) AS first_yr, MAX(yr) AS last_yr FROM supplier_annual GROUP BY s_suppkey, s_nationkey ), first_last AS ( SELECT yr.s_suppkey, yr.s_nationkey, yr.first_yr, yr.last_yr, sa1.annual_rev AS first_rev, sa2.annual_rev AS last_rev FROM year_range yr JOIN supplier_annual sa1 ON yr.s_suppkey = sa1.s_suppkey AND yr.first_yr = sa1.yr JOIN supplier_annual sa2 ON yr.s_suppkey = sa2.s_suppkey AND yr.last_yr = sa2.yr ) SELECT s_suppkey, n_name, first_yr, last_yr, ROUND(first_rev::NUMERIC, 2) AS first_year_revenue, ROUND(last_rev::NUMERIC, 2) AS last_year_revenue, ROUND( (POWER(last_rev::NUMERIC / NULLIF(first_rev::NUMERIC, 0), 1.0 / NULLIF(last_yr - first_yr, 0)) - 1) * 100, 4 ) AS cagr_pct FROM first_last RIGHT JOIN nation ON s_nationkey = n_nationkey ORDER BY s_suppkey ASC LIMIT 1000;"
Q144_V007,Q_1580,"WITH supplier_annual AS ( SELECT s_suppkey, s_nationkey, EXTRACT(YEAR FROM l_shipdate) AS yr, SUM(l_extendedprice * (1 - l_discount)) AS annual_rev FROM supplier JOIN lineitem ON s_suppkey = l_suppkey GROUP BY s_suppkey, s_nationkey, yr ), year_range AS ( SELECT s_suppkey, s_nationkey, MAX(yr) AS first_yr, MAX(yr) AS last_yr FROM supplier_annual GROUP BY s_suppkey, s_nationkey ), first_last AS ( SELECT yr.s_suppkey, yr.s_nationkey, yr.first_yr, yr.last_yr, sa1.annual_rev AS first_rev, sa2.annual_rev AS last_rev FROM year_range yr JOIN supplier_annual sa1 ON yr.s_suppkey = sa1.s_suppkey AND yr.first_yr = sa1.yr JOIN supplier_annual sa2 ON yr.s_suppkey = sa2.s_suppkey AND yr.last_yr = sa2.yr ) SELECT s_suppkey, n_name, first_yr, last_yr, ROUND(first_rev::NUMERIC, 2) AS first_year_revenue, ROUND(last_rev::NUMERIC, 2) AS last_year_revenue, ROUND( (POWER(last_rev::NUMERIC / NULLIF(first_rev::NUMERIC, 0), 1.0 / NULLIF(last_yr - first_yr, 0)) - 1) * 100, 4 ) AS cagr_pct FROM first_last RIGHT JOIN nation ON s_nationkey = n_nationkey ORDER BY s_suppkey ASC LIMIT 1000;"
Q144_V008,Q_1581,"WITH supplier_annual AS ( SELECT s_suppkey, s_nationkey, EXTRACT(YEAR FROM l_shipdate) AS yr, SUM(l_extendedprice * (1 - l_discount)) AS annual_rev FROM supplier JOIN lineitem ON s_suppkey = l_suppkey GROUP BY s_suppkey, s_nationkey, yr ), year_range AS ( SELECT s_suppkey, s_nationkey, MIN(yr) AS first_yr, MIN(yr) AS last_yr FROM supplier_annual GROUP BY s_suppkey, s_nationkey ), first_last AS ( SELECT yr.s_suppkey, yr.s_nationkey, yr.first_yr, yr.last_yr, sa1.annual_rev AS first_rev, sa2.annual_rev AS last_rev FROM year_range yr JOIN supplier_annual sa1 ON yr.s_suppkey = sa1.s_suppkey AND yr.first_yr = sa1.yr JOIN supplier_annual sa2 ON yr.s_suppkey = sa2.s_suppkey AND yr.last_yr = sa2.yr ) SELECT s_suppkey, n_name, first_yr, last_yr, ROUND(first_rev::NUMERIC, 2) AS first_year_revenue, ROUND(last_rev::NUMERIC, 2) AS last_year_revenue, ROUND( (POWER(last_rev::NUMERIC / NULLIF(first_rev::NUMERIC, 0), 1.0 / NULLIF(last_yr - first_yr, 0)) - 1) * 100, 4 ) AS cagr_pct FROM first_last RIGHT JOIN nation ON s_nationkey = n_nationkey ORDER BY s_suppkey ASC LIMIT 1000;"
Q144_V009,Q_1582,"WITH supplier_annual AS ( SELECT s_suppkey, s_nationkey, EXTRACT(YEAR FROM l_shipdate) AS yr, SUM(l_extendedprice * (1 - l_discount)) AS annual_rev FROM supplier JOIN lineitem ON s_suppkey = l_suppkey GROUP BY s_suppkey, s_nationkey, yr ), year_range AS ( SELECT s_suppkey, s_nationkey, MIN(yr) AS first_yr, MIN(yr) AS last_yr FROM supplier_annual GROUP BY s_suppkey, s_nationkey ), first_last AS ( SELECT yr.s_suppkey, yr.s_nationkey, yr.first_yr, yr.last_yr, sa1.annual_rev AS first_rev, sa2.annual_rev AS last_rev FROM year_range yr JOIN supplier_annual sa1 ON yr.s_suppkey = sa1.s_suppkey AND yr.first_yr = sa1.yr JOIN supplier_annual sa2 ON yr.s_suppkey = sa2.s_suppkey AND yr.last_yr = sa2.yr ) SELECT s_suppkey, n_name, first_yr, last_yr, ROUND(first_rev::NUMERIC, 2) AS first_year_revenue, ROUND(last_rev::NUMERIC, 10) AS last_year_revenue, ROUND( (POWER(last_rev::NUMERIC / NULLIF(first_rev::NUMERIC, 0), 1.0 / NULLIF(last_yr - first_yr, 0)) - 1) * 100, 4 ) AS cagr_pct FROM first_last RIGHT JOIN nation ON s_nationkey = n_nationkey ORDER BY s_suppkey ASC LIMIT 1000;"
Q144_V010,Q_1583,"WITH supplier_annual AS ( SELECT s_suppkey, s_nationkey, EXTRACT(YEAR FROM l_shipdate) AS yr, SUM(l_extendedprice * (1 - l_discount)) AS annual_rev FROM supplier JOIN lineitem ON s_suppkey = l_suppkey GROUP BY s_suppkey, s_nationkey, yr ), year_range AS ( SELECT s_suppkey, s_nationkey, MIN(yr) AS first_yr, MIN(yr) AS last_yr FROM supplier_annual GROUP BY s_suppkey, s_nationkey ), first_last AS ( SELECT yr.s_suppkey, yr.s_nationkey, yr.first_yr, yr.last_yr, sa1.annual_rev AS first_rev, sa2.annual_rev AS last_rev FROM year_range yr JOIN supplier_annual sa1 ON yr.s_suppkey = sa1.s_suppkey AND yr.first_yr = sa1.yr JOIN supplier_annual sa2 ON yr.s_suppkey = sa2.s_suppkey AND yr.last_yr = sa2.yr ) SELECT s_suppkey, n_name, first_yr, last_yr, ROUND(first_rev::NUMERIC, 2) AS first_year_revenue, ROUND(last_rev::NUMERIC, 10) AS last_year_revenue, ROUND( (POWER(last_rev::NUMERIC / NULLIF(first_rev::NUMERIC, 0), 9.0 / NULLIF(last_yr - first_yr, 0)) - 1) * 100, 4 ) AS cagr_pct FROM first_last RIGHT JOIN nation ON s_nationkey = n_nationkey ORDER BY s_suppkey ASC LIMIT 1000;"
Q145_V001,Q_1584,"WITH effective_cost AS ( SELECT p_partkey, p_name, p_retailprice, AVG(ps_supplycost) AS avg_supply_cost, MIN(ps_supplycost) AS min_supply_cost, SUM(ps_availqty * ps_supplycost) / NULLIF(SUM(ps_availqty), 0) AS weighted_cost FROM part JOIN partsupp ON p_partkey = ps_partkey GROUP BY p_partkey, p_name, p_retailprice ) SELECT *, p_retailprice - weighted_cost AS margin, ROUND(100.0 * (p_retailprice - weighted_cost) / NULLIF(weighted_cost, 0), 2) AS margin_pct, RANK() OVER (ORDER BY (p_retailprice - weighted_cost)) AS margin_rank FROM effective_cost WHERE p_retailprice < weighted_cost ORDER BY margin LIMIT 25;"
Q145_V002,Q_1585,"WITH effective_cost AS ( SELECT p_partkey, p_name, p_retailprice, AVG(ps_supplycost) AS avg_supply_cost, MAX(ps_supplycost) AS max_supply_cost, SUM(ps_availqty * ps_supplycost) / NULLIF(SUM(ps_availqty), 0) AS weighted_cost FROM part JOIN partsupp ON p_partkey = ps_partkey GROUP BY p_partkey, p_name, p_retailprice ) SELECT *, p_retailprice - weighted_cost AS margin, ROUND(100.0 * (p_retailprice - weighted_cost) / NULLIF(weighted_cost, 0), 2) AS margin_pct, RANK() OVER (ORDER BY (p_retailprice - weighted_cost)) AS margin_rank FROM effective_cost WHERE p_retailprice < weighted_cost ORDER BY margin LIMIT 25;"
Q145_V003,Q_1586,"WITH effective_cost AS ( SELECT p_partkey, p_name, p_retailprice, AVG(ps_supplycost) AS avg_supply_cost, MAX(ps_supplycost) AS max_supply_cost, SUM(ps_availqty * ps_supplycost) / NULLIF(SUM(ps_availqty), 0) AS weighted_cost FROM part LEFT JOIN partsupp ON p_partkey = ps_partkey GROUP BY p_partkey, p_name, p_retailprice ) SELECT *, p_retailprice - weighted_cost AS margin, ROUND(100.0 * (p_retailprice - weighted_cost) / NULLIF(weighted_cost, 0), 2) AS margin_pct, RANK() OVER (ORDER BY (p_retailprice - weighted_cost)) AS margin_rank FROM effective_cost WHERE p_retailprice < weighted_cost ORDER BY margin LIMIT 25;"
Q145_V004,Q_1587,"WITH effective_cost AS ( SELECT p_partkey, p_name, p_retailprice, AVG(ps_supplycost) AS avg_supply_cost, MAX(ps_supplycost) AS max_supply_cost, SUM(ps_availqty * ps_supplycost) / NULLIF(SUM(ps_availqty), 0) AS weighted_cost FROM part RIGHT JOIN partsupp ON p_partkey = ps_partkey GROUP BY p_partkey, p_name, p_retailprice ) SELECT *, p_retailprice - weighted_cost AS margin, ROUND(100.0 * (p_retailprice - weighted_cost) / NULLIF(weighted_cost, 0), 2) AS margin_pct, RANK() OVER (ORDER BY (p_retailprice - weighted_cost)) AS margin_rank FROM effective_cost WHERE p_retailprice < weighted_cost ORDER BY margin LIMIT 25;"
Q145_V005,Q_1588,"WITH effective_cost AS ( SELECT p_partkey, p_name, p_retailprice, AVG(ps_supplycost) AS avg_supply_cost, MAX(ps_supplycost) AS max_supply_cost, SUM(ps_availqty * ps_supplycost) / NULLIF(SUM(ps_availqty), 0) AS weighted_cost FROM part RIGHT JOIN partsupp ON p_partkey = ps_partkey GROUP BY p_partkey, p_name, p_retailprice ) SELECT *, p_retailprice - weighted_cost AS margin, ROUND(100.0 * (p_retailprice - weighted_cost) / NULLIF(weighted_cost, 0), 2) AS margin_pct, RANK() OVER (ORDER BY (p_retailprice - weighted_cost)) AS margin_rank FROM effective_cost WHERE p_retailprice > weighted_cost ORDER BY margin LIMIT 25;"
Q145_V006,Q_1589,"WITH effective_cost AS ( SELECT p_partkey, p_name, p_retailprice, AVG(ps_supplycost) AS avg_supply_cost, MAX(ps_supplycost) AS max_supply_cost, SUM(ps_availqty * ps_supplycost) / NULLIF(SUM(ps_availqty), 0) AS weighted_cost FROM part RIGHT JOIN partsupp ON p_partkey = ps_partkey GROUP BY p_partkey, p_name, p_retailprice ) SELECT *, p_retailprice - weighted_cost AS margin, ROUND(100.0 * (p_retailprice - weighted_cost) / NULLIF(weighted_cost, 0), 2) AS margin_pct, RANK() OVER (ORDER BY (p_retailprice - weighted_cost)) AS margin_rank FROM effective_cost WHERE p_retailprice > weighted_cost ORDER BY margin LIMIT 50;"
Q145_V007,Q_1590,"WITH effective_cost AS ( SELECT p_partkey, p_name, p_retailprice, AVG(ps_supplycost) AS avg_supply_cost, MAX(ps_supplycost) AS max_supply_cost, SUM(ps_availqty * ps_supplycost) / NULLIF(SUM(ps_availqty), 0) AS weighted_cost FROM part RIGHT JOIN partsupp ON p_partkey = ps_partkey GROUP BY p_partkey, p_name, p_retailprice ) SELECT *, p_retailprice - weighted_cost AS margin, ROUND(100.0 * (p_retailprice - weighted_cost) / NULLIF(weighted_cost, 0), 2) AS margin_pct, RANK() OVER (ORDER BY (p_retailprice - weighted_cost)) AS margin_rank FROM effective_cost WHERE p_retailprice > weighted_cost ORDER BY margin LIMIT 100;"
Q145_V008,Q_1591,"WITH effective_cost AS ( SELECT p_partkey, p_name, p_retailprice, AVG(ps_supplycost) AS avg_supply_cost, MAX(ps_supplycost) AS max_supply_cost, SUM(ps_availqty * ps_supplycost) / NULLIF(SUM(ps_availqty), 0) AS weighted_cost FROM part RIGHT JOIN partsupp ON p_partkey = ps_partkey GROUP BY p_partkey, p_name, p_retailprice ) SELECT *, p_retailprice - weighted_cost AS margin, ROUND(100.0 * (p_retailprice - weighted_cost) / NULLIF(weighted_cost, 0), 2) AS margin_pct, RANK() OVER (ORDER BY (p_retailprice - weighted_cost)) AS margin_rank FROM effective_cost WHERE p_retailprice > weighted_cost ORDER BY margin LIMIT 1000;"
Q145_V009,Q_1592,"WITH effective_cost AS ( SELECT p_partkey, p_name, p_retailprice, AVG(ps_supplycost) AS avg_supply_cost, MAX(ps_supplycost) AS max_supply_cost, SUM(ps_availqty * ps_supplycost) / NULLIF(SUM(ps_availqty), 0) AS weighted_cost FROM part RIGHT JOIN partsupp ON p_partkey = ps_partkey GROUP BY p_partkey, p_name, p_retailprice ) SELECT *, p_retailprice - weighted_cost AS margin, ROUND(100.0 * (p_retailprice - weighted_cost) / NULLIF(weighted_cost, 0), 2) AS margin_pct, RANK() OVER (ORDER BY (p_retailprice - weighted_cost)) AS margin_rank FROM effective_cost WHERE p_retailprice > weighted_cost ORDER BY p_partkey LIMIT 1000;"
Q145_V010,Q_1593,"WITH effective_cost AS ( SELECT p_partkey, p_name, p_retailprice, AVG(ps_supplycost) AS avg_supply_cost, MAX(ps_supplycost) AS max_supply_cost, SUM(ps_availqty * ps_supplycost) / NULLIF(SUM(ps_availqty), 0) AS weighted_cost FROM part RIGHT JOIN partsupp ON p_partkey = ps_partkey GROUP BY p_partkey, p_name, p_retailprice ) SELECT *, p_retailprice - weighted_cost AS margin, ROUND(100.0 * (p_retailprice - weighted_cost) / NULLIF(weighted_cost, 0), 2) AS margin_pct, RANK() OVER (ORDER BY (p_retailprice - weighted_cost)) AS margin_rank FROM effective_cost WHERE p_retailprice < weighted_cost ORDER BY p_partkey LIMIT 1000;"
Q146_V001,Q_1594,"WITH hop1 AS ( SELECT l_orderkey, l_suppkey, l_partkey, l_receiptdate - l_shipdate AS transit_days, l_commitdate - o_orderdate AS promised_days, l_extendedprice * (1 - l_discount) AS revenue FROM lineitem JOIN orders ON l_orderkey = o_orderkey ), supplier_scores AS ( SELECT l_suppkey, AVG(transit_days) AS avg_transit, AVG(promised_days) AS avg_promised, SUM(revenue) AS total_revenue, SUM(CASE WHEN transit_days >= promised_days THEN 1 ELSE 0 END)::FLOAT / COUNT(*) AS fulfillment_rate FROM hop1 GROUP BY l_suppkey ) SELECT s_suppkey, s_name, n_name, ROUND(avg_transit::NUMERIC, 2) AS avg_transit_days, ROUND(avg_promised::NUMERIC, 2) AS avg_promised_days, ROUND((100.0 * fulfillment_rate)::NUMERIC, 2) AS fulfillment_pct, ROUND(total_revenue::NUMERIC, 2) AS total_revenue, ROUND( ((fulfillment_rate * 50) + (50.0 / NULLIF(avg_transit, 0)))::NUMERIC, 4 ) AS efficiency_score FROM supplier_scores JOIN supplier ON l_suppkey = s_suppkey JOIN nation ON s_nationkey = n_nationkey ORDER BY efficiency_score DESC LIMIT 40;"
Q146_V002,Q_1595,"WITH hop1 AS ( SELECT l_orderkey, l_suppkey, l_partkey, l_receiptdate - l_shipdate AS transit_days, l_commitdate - o_orderdate AS promised_days, l_extendedprice * (1 - l_discount) AS revenue FROM lineitem JOIN orders ON l_orderkey = o_orderkey ), supplier_scores AS ( SELECT l_suppkey, AVG(transit_days) AS avg_transit, AVG(promised_days) AS avg_promised, SUM(revenue) AS total_revenue, SUM(CASE WHEN transit_days <= promised_days THEN 1 ELSE 0 END)::FLOAT / COUNT(*) AS fulfillment_rate FROM hop1 GROUP BY l_suppkey ) SELECT s_suppkey, s_name, n_name, ROUND(avg_transit::NUMERIC, 2) AS avg_transit_days, ROUND(avg_promised::NUMERIC, 2) AS avg_promised_days, ROUND((100.0 * fulfillment_rate)::NUMERIC, 2) AS fulfillment_pct, ROUND(total_revenue::NUMERIC, 2) AS total_revenue, ROUND( ((fulfillment_rate * 50) + (50.0 / NULLIF(avg_transit, 0)))::NUMERIC, 4 ) AS efficiency_score FROM supplier_scores JOIN supplier ON l_suppkey = s_suppkey JOIN nation ON s_nationkey = n_nationkey ORDER BY efficiency_score DESC LIMIT 40;"
Q146_V003,Q_1596,"WITH hop1 AS ( SELECT l_orderkey, l_suppkey, l_partkey, l_receiptdate - l_shipdate AS transit_days, l_commitdate - o_orderdate AS promised_days, l_extendedprice * (1 - l_discount) AS revenue FROM lineitem JOIN orders ON l_orderkey = o_orderkey ), supplier_scores AS ( SELECT l_suppkey, AVG(transit_days) AS avg_transit, AVG(promised_days) AS avg_promised, SUM(revenue) AS total_revenue, SUM(CASE WHEN transit_days <= promised_days THEN 1 ELSE 0 END)::FLOAT / COUNT(*) AS fulfillment_rate FROM hop1 GROUP BY l_suppkey ) SELECT s_suppkey, s_name, n_name, ROUND(avg_transit::NUMERIC, 2) AS avg_transit_days, ROUND(avg_promised::NUMERIC, 2) AS avg_promised_days, ROUND((100.0 * fulfillment_rate)::NUMERIC, 2) AS fulfillment_pct, ROUND(total_revenue::NUMERIC, 2) AS total_revenue, ROUND( ((fulfillment_rate * 50) + (50.0 / NULLIF(avg_transit, 0)))::NUMERIC, 4 ) AS efficiency_score FROM supplier_scores JOIN supplier ON l_suppkey = s_suppkey JOIN nation ON s_nationkey = n_nationkey ORDER BY efficiency_score DESC LIMIT 100;"
Q146_V004,Q_1597,"WITH hop1 AS ( SELECT l_orderkey, l_suppkey, l_partkey, l_receiptdate - l_shipdate AS transit_days, l_commitdate - o_orderdate AS promised_days, l_extendedprice * (1 - l_discount) AS revenue FROM lineitem JOIN orders ON l_orderkey = o_orderkey ), supplier_scores AS ( SELECT l_suppkey, AVG(transit_days) AS avg_transit, AVG(promised_days) AS avg_promised, SUM(revenue) AS total_revenue, SUM(CASE WHEN transit_days <= promised_days THEN 1 ELSE 0 END)::FLOAT / COUNT(*) AS fulfillment_rate FROM hop1 GROUP BY l_suppkey ) SELECT s_suppkey, s_name, n_name, ROUND(avg_transit::NUMERIC, 2) AS avg_transit_days, ROUND(avg_promised::NUMERIC, 2) AS avg_promised_days, ROUND((100.0 * fulfillment_rate)::NUMERIC, 2) AS fulfillment_pct, ROUND(total_revenue::NUMERIC, 2) AS total_revenue, ROUND( ((fulfillment_rate * 50) + (50.0 / NULLIF(avg_transit, 0)))::NUMERIC, 4 ) AS efficiency_score FROM supplier_scores JOIN supplier ON l_suppkey = s_suppkey JOIN nation ON s_nationkey = n_nationkey ORDER BY efficiency_score DESC LIMIT 500;"
Q146_V005,Q_1598,"WITH hop1 AS ( SELECT l_orderkey, l_suppkey, l_partkey, l_receiptdate - l_shipdate AS transit_days, l_commitdate - o_orderdate AS promised_days, l_extendedprice * (1 - l_discount) AS revenue FROM lineitem JOIN orders ON l_orderkey = o_orderkey ), supplier_scores AS ( SELECT l_suppkey, AVG(transit_days) AS avg_transit, AVG(promised_days) AS avg_promised, SUM(revenue) AS total_revenue, SUM(CASE WHEN transit_days <= promised_days THEN 1 ELSE 0 END)::FLOAT / COUNT(*) AS fulfillment_rate FROM hop1 GROUP BY l_suppkey ) SELECT s_suppkey, s_name, n_name, ROUND(avg_transit::NUMERIC, 2) AS avg_transit_days, ROUND(avg_promised::NUMERIC, 2) AS avg_promised_days, ROUND((100.0 * fulfillment_rate)::NUMERIC, 2) AS fulfillment_pct, ROUND(total_revenue::NUMERIC, 2) AS total_revenue, ROUND( ((fulfillment_rate * 50) + (50.0 / NULLIF(avg_transit, 0)))::NUMERIC, 4 ) AS efficiency_score FROM supplier_scores JOIN supplier ON l_suppkey = s_suppkey JOIN nation ON s_nationkey = n_nationkey ORDER BY efficiency_score DESC LIMIT 1000;"
Q146_V006,Q_1599,"WITH hop1 AS ( SELECT l_orderkey, l_suppkey, l_partkey, l_receiptdate - l_shipdate AS transit_days, l_commitdate - o_orderdate AS promised_days, l_extendedprice * (1 - l_discount) AS revenue FROM lineitem JOIN orders ON l_orderkey = o_orderkey ), supplier_scores AS ( SELECT l_suppkey, AVG(transit_days) AS avg_transit, AVG(promised_days) AS avg_promised, SUM(revenue) AS total_revenue, SUM(CASE WHEN transit_days <= promised_days THEN 1 ELSE 0 END)::FLOAT / COUNT(*) AS fulfillment_rate FROM hop1 GROUP BY l_suppkey ) SELECT s_suppkey, s_name, n_name, ROUND(avg_transit::NUMERIC, 2) AS avg_transit_days, ROUND(avg_promised::NUMERIC, 2) AS avg_promised_days, ROUND((100.0 * fulfillment_rate)::NUMERIC, 2) AS fulfillment_pct, ROUND(total_revenue::NUMERIC, 2) AS total_revenue, ROUND( ((fulfillment_rate * 50) + (50.0 / NULLIF(avg_transit, 0)))::NUMERIC, 4 ) AS efficiency_score FROM supplier_scores JOIN supplier ON l_suppkey = s_suppkey JOIN nation ON s_nationkey = n_nationkey ORDER BY efficiency_score ASC LIMIT 1000;"
Q146_V007,Q_1600,"WITH hop1 AS ( SELECT l_orderkey, l_suppkey, l_partkey, l_receiptdate - l_shipdate AS transit_days, l_commitdate - o_orderdate AS promised_days, l_extendedprice * (1 - l_discount) AS revenue FROM lineitem JOIN orders ON l_orderkey = o_orderkey ), supplier_scores AS ( SELECT l_suppkey, AVG(transit_days) AS avg_transit, AVG(promised_days) AS avg_promised, SUM(revenue) AS total_revenue, SUM(CASE WHEN transit_days <= promised_days THEN 1 ELSE 0 END)::FLOAT / COUNT(*) AS fulfillment_rate FROM hop1 GROUP BY l_suppkey ) SELECT s_suppkey, s_name, n_name, ROUND(avg_transit::NUMERIC, 2) AS avg_transit_days, ROUND(avg_promised::NUMERIC, 2) AS avg_promised_days, ROUND((100.0 * fulfillment_rate)::NUMERIC, 2) AS fulfillment_pct, ROUND(total_revenue::NUMERIC, 2) AS total_revenue, ROUND( ((fulfillment_rate * 50) + (50.0 / NULLIF(avg_transit, 0)))::NUMERIC, 4 ) AS efficiency_score FROM supplier_scores JOIN supplier ON l_suppkey = s_suppkey JOIN nation ON s_nationkey != n_nationkey ORDER BY efficiency_score ASC LIMIT 1000;"
Q146_V008,Q_1601,"WITH hop1 AS ( SELECT l_orderkey, l_suppkey, l_partkey, l_receiptdate - l_shipdate AS transit_days, l_commitdate - o_orderdate AS promised_days, l_extendedprice * (1 - l_discount) AS revenue FROM lineitem JOIN orders ON l_orderkey = o_orderkey ), supplier_scores AS ( SELECT l_suppkey, AVG(transit_days) AS avg_transit, AVG(promised_days) AS avg_promised, SUM(revenue) AS total_revenue, SUM(CASE WHEN transit_days <= promised_days THEN 1 ELSE 0 END)::FLOAT / COUNT(*) AS fulfillment_rate FROM hop1 GROUP BY l_suppkey ) SELECT s_suppkey, s_name, n_name, ROUND(avg_transit::NUMERIC, 2) AS avg_transit_days, ROUND(avg_promised::NUMERIC, 2) AS avg_promised_days, ROUND((100.0 * fulfillment_rate)::NUMERIC, 2) AS fulfillment_pct, ROUND(total_revenue::NUMERIC, 2) AS total_revenue, ROUND( ((fulfillment_rate * 50) + (50.0 / NULLIF(avg_transit, 0)))::NUMERIC, 4 ) AS efficiency_score FROM supplier_scores JOIN supplier ON l_suppkey = s_suppkey LEFT JOIN nation ON s_nationkey != n_nationkey ORDER BY efficiency_score ASC LIMIT 1000;"
Q146_V009,Q_1602,"WITH hop1 AS ( SELECT l_orderkey, l_suppkey, l_partkey, l_receiptdate - l_shipdate AS transit_days, l_commitdate - o_orderdate AS promised_days, l_extendedprice * (1 - l_discount) AS revenue FROM lineitem JOIN orders ON l_orderkey = o_orderkey ), supplier_scores AS ( SELECT l_suppkey, AVG(transit_days) AS avg_transit, AVG(promised_days) AS avg_promised, SUM(revenue) AS total_revenue, SUM(CASE WHEN transit_days <= promised_days THEN 1 ELSE 0 END)::FLOAT / COUNT(*) AS fulfillment_rate FROM hop1 GROUP BY l_suppkey ) SELECT s_suppkey, s_name, n_name, ROUND(avg_transit::NUMERIC, 2) AS avg_transit_days, ROUND(avg_promised::NUMERIC, 2) AS avg_promised_days, ROUND((100.0 * fulfillment_rate)::NUMERIC, 2) AS fulfillment_pct, ROUND(total_revenue::NUMERIC, 2) AS total_revenue, ROUND( ((fulfillment_rate * 50) + (50.0 / NULLIF(avg_transit, 0)))::NUMERIC, 4 ) AS efficiency_score FROM supplier_scores JOIN supplier ON l_suppkey = s_suppkey RIGHT JOIN nation ON s_nationkey != n_nationkey ORDER BY efficiency_score ASC LIMIT 1000;"
Q146_V010,Q_1603,"WITH hop1 AS ( SELECT l_orderkey, l_suppkey, l_partkey, l_receiptdate - l_shipdate AS transit_days, l_commitdate - o_orderdate AS promised_days, l_extendedprice * (1 - l_discount) AS revenue FROM lineitem JOIN orders ON l_orderkey = o_orderkey ), supplier_scores AS ( SELECT l_suppkey, AVG(transit_days) AS avg_transit, AVG(promised_days) AS avg_promised, SUM(revenue) AS total_revenue, SUM(CASE WHEN transit_days <= promised_days THEN 1 ELSE 0 END)::FLOAT / COUNT(*) AS fulfillment_rate FROM hop1 GROUP BY l_suppkey ) SELECT s_suppkey, s_name, n_name, ROUND(avg_transit::NUMERIC, 2) AS avg_transit_days, ROUND(avg_promised::NUMERIC, 2) AS avg_promised_days, ROUND((100.0 * fulfillment_rate)::NUMERIC, 2) AS fulfillment_pct, ROUND(total_revenue::NUMERIC, 2) AS total_revenue, ROUND( ((fulfillment_rate * 50) + (50.0 / NULLIF(avg_transit, 0)))::NUMERIC, 4 ) AS efficiency_score FROM supplier_scores JOIN supplier ON l_suppkey = s_suppkey RIGHT JOIN nation ON s_nationkey != n_nationkey ORDER BY efficiency_score DESC LIMIT 1000;"
Q147_V001,Q_1604,"WITH monthly AS ( SELECT l_partkey, DATE_TRUNC('MONTH', l_shipdate) AS mo, SUM(l_quantity) AS qty FROM lineitem GROUP BY l_partkey, mo ), moving_avg AS ( SELECT l_partkey, mo, qty, AVG(qty) OVER ( PARTITION BY l_partkey ORDER BY mo ROWS BETWEEN 2 PRECEDING AND CURRENT ROW ) AS ma3, AVG(qty) OVER ( PARTITION BY l_partkey ORDER BY mo ROWS BETWEEN 5 PRECEDING AND CURRENT ROW ) AS ma6 FROM monthly ) SELECT p_partkey, p_name, p_brand, mo, qty, ROUND(ma3::NUMERIC, 2) AS moving_avg_3m, ROUND(ma6::NUMERIC, 2) AS moving_avg_6m FROM moving_avg JOIN part ON l_partkey = p_partkey WHERE mo >= DATE '1997-01-01' ORDER BY p_partkey, mo LIMIT 100;"
Q147_V002,Q_1605,"WITH monthly AS (SELECT l_partkey,DATE_TRUNC('MONTH',l_shipdate) AS mo,SUM(l_quantity) AS qty FROM lineitem GROUP BY l_partkey,mo),moving_avg AS (SELECT l_partkey,mo,qty,AVG(qty) OVER(PARTITION BY l_partkey ORDER BY mo ROWS BETWEEN 11 PRECEDING AND CURRENT ROW) AS ma12 FROM monthly) SELECT p_partkey,p_name,p_brand,mo,qty,ROUND(ma12::NUMERIC,2) AS moving_avg_12m FROM moving_avg JOIN part ON l_partkey=p_partkey ORDER BY p_partkey,mo LIMIT 100;"
Q147_V003,Q_1606,"WITH monthly AS (SELECT l_partkey,DATE_TRUNC('MONTH',l_shipdate) AS mo,SUM(l_quantity) AS qty FROM lineitem GROUP BY l_partkey,mo) SELECT p_partkey,p_name,p_brand,mo,qty,LAG(qty,1) OVER(PARTITION BY l_partkey ORDER BY mo) AS prev_month_qty FROM monthly JOIN part ON l_partkey=p_partkey ORDER BY p_partkey,mo LIMIT 100;"
Q147_V004,Q_1607,"WITH monthly AS (SELECT l_partkey,DATE_TRUNC('MONTH',l_shipdate) AS mo,SUM(l_quantity) AS qty FROM lineitem GROUP BY l_partkey,mo) SELECT p_partkey,p_name,p_brand,mo,qty,LEAD(qty,1) OVER(PARTITION BY l_partkey ORDER BY mo) AS next_month_qty FROM monthly JOIN part ON l_partkey=p_partkey ORDER BY p_partkey,mo LIMIT 100;"
Q147_V005,Q_1608,"WITH monthly AS (SELECT l_partkey,DATE_TRUNC('MONTH',l_shipdate) AS mo,SUM(l_quantity) AS qty FROM lineitem GROUP BY l_partkey,mo) SELECT p_partkey,p_name,p_brand,mo,qty,SUM(qty) OVER(PARTITION BY l_partkey ORDER BY mo) AS cumulative_qty FROM monthly JOIN part ON l_partkey=p_partkey ORDER BY p_partkey,mo LIMIT 100;"
Q147_V006,Q_1609,"WITH monthly AS (SELECT l_partkey,DATE_TRUNC('MONTH',l_shipdate) AS mo,SUM(l_quantity) AS qty FROM lineitem GROUP BY l_partkey,mo),stats AS (SELECT l_partkey,mo,qty,AVG(qty) OVER(PARTITION BY l_partkey) AS avg_qty FROM monthly) SELECT p_partkey,p_name,p_brand,mo,qty,ROUND((qty-avg_qty)::NUMERIC,2) AS deviation FROM stats JOIN part ON l_partkey=p_partkey ORDER BY p_partkey,mo LIMIT 100;"
Q147_V007,Q_1610,"WITH monthly AS (SELECT l_partkey,DATE_TRUNC('MONTH',l_shipdate) AS mo,SUM(l_quantity) AS qty FROM lineitem GROUP BY l_partkey,mo) SELECT p_partkey,p_name,p_brand,mo,qty,RANK() OVER(PARTITION BY l_partkey ORDER BY qty DESC) AS demand_rank FROM monthly JOIN part ON l_partkey=p_partkey ORDER BY p_partkey,mo LIMIT 100;"
Q147_V008,Q_1611,"WITH monthly AS (SELECT l_partkey,DATE_TRUNC('MONTH',l_shipdate) AS mo,SUM(l_extendedprice) AS sales FROM lineitem GROUP BY l_partkey,mo),moving_avg AS (SELECT l_partkey,mo,sales,AVG(sales) OVER(PARTITION BY l_partkey ORDER BY mo ROWS BETWEEN 2 PRECEDING AND CURRENT ROW) AS ma3_sales FROM monthly) SELECT p_partkey,p_name,p_brand,mo,sales,ROUND(ma3_sales::NUMERIC,2) AS moving_avg_sales_3m FROM moving_avg JOIN part ON l_partkey=p_partkey ORDER BY p_partkey,mo LIMIT 100;"
Q147_V009,Q_1612,"WITH monthly AS (SELECT l_partkey,DATE_TRUNC('MONTH',l_shipdate) AS mo,SUM(l_quantity) AS qty FROM lineitem GROUP BY l_partkey,mo),moving_avg AS (SELECT l_partkey,mo,qty,MAX(qty) OVER(PARTITION BY l_partkey ORDER BY mo ROWS BETWEEN 5 PRECEDING AND CURRENT ROW) AS rolling_max FROM monthly) SELECT p_partkey,p_name,p_brand,mo,qty,rolling_max FROM moving_avg JOIN part ON l_partkey=p_partkey ORDER BY p_partkey,mo LIMIT 100;"
Q147_V010,Q_1613,"WITH monthly AS (SELECT l_partkey,DATE_TRUNC('MONTH',l_shipdate) AS mo,SUM(l_quantity) AS qty FROM lineitem GROUP BY l_partkey,mo),moving_avg AS (SELECT l_partkey,mo,qty,MIN(qty) OVER(PARTITION BY l_partkey ORDER BY mo ROWS BETWEEN 5 PRECEDING AND CURRENT ROW) AS rolling_min FROM monthly) SELECT p_partkey,p_name,p_brand,mo,qty,rolling_min FROM moving_avg JOIN part ON l_partkey=p_partkey ORDER BY p_partkey,mo LIMIT 100;"
