machine_name,collected_by,timestamp,query_id,template_id,run_number,join_count,where_count,group_by_count,order_by_count,subquery_count,query_length,aggregate_count,distinct_count,condition_count,table_count,cpu_percent,memory_used_mb,disk_read_bytes,disk_write_bytes,seq_scan_count,index_scan_count,hash_join_count,nested_loop_count,merge_join_count,sort_count,aggregate_node_count,total_nodes,plan_rows,actual_rows,node_type,parallel_aware,execution_time
DESKTOP-KQF03T0,Jashvanth,2026-06-30T09:34:04.698375,Q001_V001,Q_0001,1,0,1,1,1,0,492,8,0,0,1,79.6,7067.28,83433193984,17120037888,1,0,0,0,0,1,1,3,6,6.0,Sort,0,44.717
DESKTOP-KQF03T0,Jashvanth,2026-06-30T09:34:09.799824,Q001_V001,Q_0001,2,0,1,1,1,0,492,8,0,0,1,87.5,7084.19,83435508736,17227803648,1,0,0,0,0,1,1,3,6,6.0,Sort,0,62.85
DESKTOP-KQF03T0,Jashvanth,2026-06-30T09:34:14.893473,Q001_V001,Q_0001,3,0,1,1,1,0,492,8,0,0,1,75.1,7115.8,83441166336,17268288512,1,0,0,0,0,1,1,3,6,6.0,Sort,0,75.453
DESKTOP-KQF03T0,Jashvanth,2026-06-30T09:34:19.948189,Q001_V002,Q_0002,1,0,1,1,1,0,492,8,0,0,1,77.6,7006.43,83444114432,17307032576,1,0,0,0,0,1,1,3,6,6.0,Sort,0,38.509
DESKTOP-KQF03T0,Jashvanth,2026-06-30T09:34:24.999961,Q001_V002,Q_0002,2,0,1,1,1,0,492,8,0,0,1,44.7,6988.94,83446875136,17340177408,1,0,0,0,0,1,1,3,6,6.0,Sort,0,38.579
DESKTOP-KQF03T0,Jashvanth,2026-06-30T09:34:30.048996,Q001_V002,Q_0002,3,0,1,1,1,0,492,8,0,0,1,29.7,6985.14,83447727104,17344801792,1,0,0,0,0,1,1,3,6,6.0,Sort,0,37.695
DESKTOP-KQF03T0,Jashvanth,2026-06-30T09:34:35.101940,Q001_V003,Q_0003,1,0,1,1,1,0,492,8,0,0,1,88.1,7079.78,83451520000,17347144704,1,0,0,0,0,1,1,3,6,6.0,Sort,0,41.028
DESKTOP-KQF03T0,Jashvanth,2026-06-30T09:34:40.160082,Q001_V003,Q_0003,2,0,1,1,1,0,492,8,0,0,1,66.0,7062.3,83452481536,17351183360,1,0,0,0,0,1,1,3,6,6.0,Sort,0,42.543
DESKTOP-KQF03T0,Jashvanth,2026-06-30T09:34:45.216629,Q001_V003,Q_0003,3,0,1,1,1,0,492,8,0,0,1,89.9,7065.0,83453099008,17357151232,1,0,0,0,0,1,1,3,6,6.0,Sort,0,42.072
DESKTOP-KQF03T0,Jashvanth,2026-06-30T09:34:50.281109,Q001_V004,Q_0004,1,0,1,1,1,0,492,8,0,0,1,58.1,7011.86,83453574144,17357417472,0,1,0,0,0,1,1,4,6,6.0,Sort,0,31.016
DESKTOP-KQF03T0,Jashvanth,2026-06-30T09:34:55.333102,Q001_V004,Q_0004,2,0,1,1,1,0,492,8,0,0,1,62.5,6927.33,83453832192,17357650944,0,1,0,0,0,1,1,4,6,6.0,Sort,0,30.024
DESKTOP-KQF03T0,Jashvanth,2026-06-30T09:35:00.405242,Q001_V004,Q_0004,3,0,1,1,1,0,492,8,0,0,1,52.3,6951.42,83454360576,17357978624,0,1,0,0,0,1,1,4,6,6.0,Sort,0,47.979
DESKTOP-KQF03T0,Jashvanth,2026-06-30T09:35:05.448065,Q001_V005,Q_0005,1,0,1,1,1,0,492,8,0,0,1,55.3,6949.05,83455433216,17358908416,0,1,0,0,0,1,1,4,6,6.0,Sort,0,26.801
DESKTOP-KQF03T0,Jashvanth,2026-06-30T09:35:10.479025,Q001_V005,Q_0005,2,0,1,1,1,0,492,8,0,0,1,56.0,6942.94,83457133568,17359436800,0,1,0,0,0,1,1,4,6,6.0,Sort,0,16.541
DESKTOP-KQF03T0,Jashvanth,2026-06-30T09:35:15.517182,Q001_V005,Q_0005,3,0,1,1,1,0,492,8,0,0,1,54.8,6965.89,83457534976,17359842304,0,1,0,0,0,1,1,4,6,6.0,Sort,0,20.646
DESKTOP-KQF03T0,Jashvanth,2026-06-30T09:35:20.539626,Q001_V006,Q_0006,1,0,1,1,1,0,492,8,0,0,1,96.1,7060.55,83460025344,17360530432,0,1,0,0,0,1,1,4,6,6.0,Sort,0,5.246
DESKTOP-KQF03T0,Jashvanth,2026-06-30T09:35:25.562075,Q001_V006,Q_0006,2,0,1,1,1,0,492,8,0,0,1,99.9,7113.59,83462265344,17361075200,0,1,0,0,0,1,1,4,6,6.0,Sort,0,4.378
DESKTOP-KQF03T0,Jashvanth,2026-06-30T09:35:30.584422,Q001_V006,Q_0006,3,0,1,1,1,0,492,8,0,0,1,95.0,7093.22,83462396416,17362029568,0,1,0,0,0,1,1,4,6,6.0,Sort,0,4.434
DESKTOP-KQF03T0,Jashvanth,2026-06-30T09:35:35.617881,Q001_V007,Q_0007,1,0,1,1,1,0,492,8,0,0,1,52.1,7066.1,83510240256,17363328000,0,1,0,0,0,1,1,4,6,6.0,Sort,0,19.901
DESKTOP-KQF03T0,Jashvanth,2026-06-30T09:35:40.640313,Q001_V007,Q_0007,2,0,1,1,1,0,492,8,0,0,1,44.8,7030.35,83510776832,17363364864,0,1,0,0,0,1,1,4,6,6.0,Sort,0,9.998
DESKTOP-KQF03T0,Jashvanth,2026-06-30T09:35:45.674705,Q001_V007,Q_0007,3,0,1,1,1,0,492,8,0,0,1,31.7,7026.67,83510916096,17363553280,0,1,0,0,0,1,1,4,6,6.0,Sort,0,18.924
DESKTOP-KQF03T0,Jashvanth,2026-06-30T09:35:50.705323,Q001_V008,Q_0008,1,0,1,1,1,0,492,8,0,0,1,26.7,6957.36,83510920192,17363872768,0,1,0,0,0,1,1,4,6,6.0,Sort,0,18.859
DESKTOP-KQF03T0,Jashvanth,2026-06-30T09:35:55.729749,Q001_V008,Q_0008,2,0,1,1,1,0,492,8,0,0,1,24.0,6936.04,83512856576,17364278272,0,1,0,0,0,1,1,4,6,6.0,Sort,0,13.343
DESKTOP-KQF03T0,Jashvanth,2026-06-30T09:36:00.755486,Q001_V008,Q_0008,3,0,1,1,1,0,492,8,0,0,1,21.0,6902.29,83514118144,17365740544,0,1,0,0,0,1,1,4,6,6.0,Sort,0,14.277
DESKTOP-KQF03T0,Jashvanth,2026-06-30T09:36:05.811645,Q001_V009,Q_0009,1,0,1,1,1,0,492,8,0,0,1,28.0,6938.5,83514118144,17366371328,1,0,0,0,0,1,1,3,6,6.0,Sort,0,41.565
DESKTOP-KQF03T0,Jashvanth,2026-06-30T09:36:10.844483,Q001_V009,Q_0009,2,0,1,1,1,0,492,8,0,0,1,24.5,6933.48,83514118144,17367583744,1,0,0,0,0,1,1,3,6,6.0,Sort,0,22.204
DESKTOP-KQF03T0,Jashvanth,2026-06-30T09:36:15.890124,Q001_V009,Q_0009,3,0,1,1,1,0,492,8,0,0,1,33.1,6925.39,83514695680,17368173568,1,0,0,0,0,1,1,3,6,6.0,Sort,0,32.968
DESKTOP-KQF03T0,Jashvanth,2026-06-30T09:36:20.955444,Q001_V010,Q_0010,1,0,1,1,1,0,492,8,0,0,1,34.5,6878.41,83514982400,17369226240,1,0,0,0,0,1,1,3,6,6.0,Sort,0,49.218
DESKTOP-KQF03T0,Jashvanth,2026-06-30T09:36:26.021432,Q001_V010,Q_0010,2,0,1,1,1,0,492,8,0,0,1,25.5,6885.08,83515731968,17370352640,1,0,0,0,0,1,1,3,6,6.0,Sort,0,44.955
DESKTOP-KQF03T0,Jashvanth,2026-06-30T09:36:31.076232,Q001_V010,Q_0010,3,0,1,1,1,0,492,8,0,0,1,25.6,6886.29,83515912192,17372259328,1,0,0,0,0,1,1,3,6,6.0,Sort,0,38.172
DESKTOP-KQF03T0,Jashvanth,2026-06-30T09:36:36.140781,Q001_V011,Q_0011,1,0,1,1,1,0,492,8,0,0,1,22.6,6908.01,83516567552,17375077376,1,0,0,0,0,1,1,3,6,6.0,Sort,0,49.182
DESKTOP-KQF03T0,Jashvanth,2026-06-30T09:36:41.185386,Q001_V011,Q_0011,2,0,1,1,1,0,492,8,0,0,1,24.3,6898.32,83516895232,17375470592,1,0,0,0,0,1,1,3,6,6.0,Sort,0,30.074
DESKTOP-KQF03T0,Jashvanth,2026-06-30T09:36:46.229420,Q001_V011,Q_0011,3,0,1,1,1,0,492,8,0,0,1,21.5,6901.89,83517636608,17375859712,1,0,0,0,0,1,1,3,6,6.0,Sort,0,31.783
DESKTOP-KQF03T0,Jashvanth,2026-06-30T09:36:51.276333,Q001_V012,Q_0012,1,0,1,1,1,0,492,8,0,0,1,25.0,6892.74,83517890560,17376273408,1,0,0,0,0,1,1,3,6,6.0,Sort,0,32.723
DESKTOP-KQF03T0,Jashvanth,2026-06-30T09:36:56.318953,Q001_V012,Q_0012,2,0,1,1,1,0,492,8,0,0,1,22.7,6892.02,83518033920,17377235968,1,0,0,0,0,1,1,3,6,6.0,Sort,0,31.677
DESKTOP-KQF03T0,Jashvanth,2026-06-30T09:37:01.360518,Q001_V012,Q_0012,3,0,1,1,1,0,492,8,0,0,1,20.9,6885.98,83518338048,17377707008,1,0,0,0,0,1,1,3,6,6.0,Sort,0,31.041
DESKTOP-KQF03T0,Jashvanth,2026-06-30T09:37:06.409938,Q001_V013,Q_0013,1,0,1,1,1,0,492,8,0,0,1,25.2,6795.93,83518489600,17451303936,1,0,0,0,0,1,1,3,6,6.0,Sort,0,33.17
DESKTOP-KQF03T0,Jashvanth,2026-06-30T09:37:11.494326,Q001_V013,Q_0013,2,0,1,1,1,0,492,8,0,0,1,43.7,6802.43,83519046656,17451607040,1,0,0,0,0,1,1,3,6,6.0,Sort,0,59.916
DESKTOP-KQF03T0,Jashvanth,2026-06-30T09:37:16.544765,Q001_V013,Q_0013,3,0,1,1,1,0,492,8,0,0,1,23.2,6803.48,83520530944,17452540928,1,0,0,0,0,1,1,3,6,6.0,Sort,0,34.542
DESKTOP-KQF03T0,Jashvanth,2026-06-30T09:37:21.592668,Q001_V014,Q_0014,1,0,1,1,1,0,493,8,0,0,1,37.9,6794.12,83522549248,17453609984,1,0,0,0,0,1,1,3,6,6.0,Sort,0,32.812
DESKTOP-KQF03T0,Jashvanth,2026-06-30T09:37:26.641123,Q001_V014,Q_0014,2,0,1,1,1,0,493,8,0,0,1,33.6,6791.82,83522549248,17454154752,1,0,0,0,0,1,1,3,6,6.0,Sort,0,34.653
DESKTOP-KQF03T0,Jashvanth,2026-06-30T09:37:31.686874,Q001_V014,Q_0014,3,0,1,1,1,0,493,8,0,0,1,24.9,6796.08,83522868736,17455174656,1,0,0,0,0,1,1,3,6,6.0,Sort,0,33.205
DESKTOP-KQF03T0,Jashvanth,2026-06-30T09:37:36.729638,Q001_V015,Q_0015,1,0,1,1,1,0,451,8,0,0,1,17.9,6795.79,83522967040,17455551488,1,0,0,0,0,1,1,3,3,3.0,Sort,0,30.054
DESKTOP-KQF03T0,Jashvanth,2026-06-30T09:37:41.762142,Q001_V015,Q_0015,2,0,1,1,1,0,451,8,0,0,1,24.8,6805.62,83524969984,17456287232,1,0,0,0,0,1,1,3,3,3.0,Sort,0,21.969
DESKTOP-KQF03T0,Jashvanth,2026-06-30T09:37:46.835014,Q001_V015,Q_0015,3,0,1,1,1,0,451,8,0,0,1,24.5,6791.49,83524969984,17456717312,1,0,0,0,0,1,1,3,3,3.0,Sort,0,55.469
DESKTOP-KQF03T0,Jashvanth,2026-06-30T09:37:51.918093,Q002_V001,Q_0016,1,0,2,0,1,1,589,1,0,11,2,28.3,6633.57,83526759936,17456971264,3,6,1,6,0,1,1,20,1,1.0,Sort,0,8.287
DESKTOP-KQF03T0,Jashvanth,2026-06-30T09:37:56.942367,Q002_V001,Q_0016,2,0,2,0,1,1,589,1,0,11,2,21.6,6632.5,83526759936,17457528320,3,6,1,6,0,1,1,20,1,1.0,Sort,0,2.939
DESKTOP-KQF03T0,Jashvanth,2026-06-30T09:38:01.964330,Q002_V001,Q_0016,3,0,2,0,1,1,589,1,0,11,2,25.5,6642.61,83526759936,17457860096,3,6,1,6,0,1,1,20,1,1.0,Sort,0,1.24
DESKTOP-KQF03T0,Jashvanth,2026-06-30T09:38:06.994234,Q002_V002,Q_0017,1,7,2,0,1,1,676,1,0,4,9,28.1,6646.02,83529393664,17458687488,3,6,1,6,0,1,1,20,1,0.0,Sort,0,0.536
DESKTOP-KQF03T0,Jashvanth,2026-06-30T09:38:12.025302,Q002_V002,Q_0017,2,7,2,0,1,1,676,1,0,4,9,37.3,6686.37,83529655808,17459752448,3,6,1,6,0,1,1,20,1,0.0,Sort,0,0.394
DESKTOP-KQF03T0,Jashvanth,2026-06-30T09:38:17.040892,Q002_V002,Q_0017,3,7,2,0,1,1,676,1,0,4,9,24.4,6627.18,83529733632,17460436480,3,6,1,6,0,1,1,20,1,0.0,Sort,0,0.168
DESKTOP-KQF03T0,Jashvanth,2026-06-30T09:38:22.052490,Q002_V003,Q_0018,1,7,2,0,1,1,675,1,0,4,9,20.1,6609.07,83530797568,17461542400,3,6,1,6,0,1,1,20,1,0.0,Sort,0,0.167
DESKTOP-KQF03T0,Jashvanth,2026-06-30T09:38:27.070986,Q002_V003,Q_0018,2,7,2,0,1,1,675,1,0,4,9,93.0,6905.86,83602785792,17467342336,3,6,1,6,0,1,1,20,1,0.0,Sort,0,0.416
DESKTOP-KQF03T0,Jashvanth,2026-06-30T09:38:32.102342,Q002_V003,Q_0018,3,7,2,0,1,1,675,1,0,4,9,68.5,6823.36,83628297728,17499053568,3,6,1,6,0,1,1,20,1,0.0,Sort,0,0.619
DESKTOP-KQF03T0,Jashvanth,2026-06-30T09:38:37.148376,Q002_V004,Q_0019,1,7,2,0,1,1,682,1,0,4,9,24.4,6775.37,83630198272,17516539392,3,6,1,6,0,1,1,20,1,0.0,Sort,0,0.53
DESKTOP-KQF03T0,Jashvanth,2026-06-30T09:38:42.174248,Q002_V004,Q_0019,2,7,2,0,1,1,682,1,0,4,9,24.0,6776.37,83630304768,17518140928,3,6,1,6,0,1,1,20,1,0.0,Sort,0,0.329
DESKTOP-KQF03T0,Jashvanth,2026-06-30T09:38:47.198656,Q002_V004,Q_0019,3,7,2,0,1,1,682,1,0,4,9,19.8,6744.8,83630370304,17547922944,3,6,1,6,0,1,1,20,1,0.0,Sort,0,0.741
DESKTOP-KQF03T0,Jashvanth,2026-06-30T09:38:52.215537,Q002_V005,Q_0020,1,0,2,0,1,1,587,1,0,11,2,17.9,6743.03,83630501376,17548103168,3,6,1,6,0,1,1,20,1,0.0,Sort,0,1.058
DESKTOP-KQF03T0,Jashvanth,2026-06-30T09:38:57.234109,Q002_V005,Q_0020,2,0,2,0,1,1,587,1,0,11,2,24.6,6767.39,83630607872,17548750336,3,6,1,6,0,1,1,20,1,0.0,Sort,0,1.328
DESKTOP-KQF03T0,Jashvanth,2026-06-30T09:39:02.255422,Q002_V005,Q_0020,3,0,2,0,1,1,587,1,0,11,2,21.6,6764.23,83630607872,17549094400,3,6,1,6,0,1,1,20,1,0.0,Sort,0,2.195
DESKTOP-KQF03T0,Jashvanth,2026-06-30T09:39:07.274209,Q002_V006,Q_0021,1,0,2,0,1,1,586,1,0,11,2,17.8,6769.09,83630755328,17550339584,3,6,1,6,0,1,1,20,1,0.0,Sort,0,0.265
DESKTOP-KQF03T0,Jashvanth,2026-06-30T09:39:12.288442,Q002_V006,Q_0021,2,0,2,0,1,1,586,1,0,11,2,29.8,6777.23,83633626624,17551212032,3,6,1,6,0,1,1,20,1,0.0,Sort,0,0.358
DESKTOP-KQF03T0,Jashvanth,2026-06-30T09:39:17.308971,Q002_V006,Q_0021,3,0,2,0,1,1,586,1,0,11,2,22.7,6770.37,83633893376,17555795456,3,6,1,6,0,1,1,20,1,0.0,Sort,0,0.319
DESKTOP-KQF03T0,Jashvanth,2026-06-30T09:39:22.334152,Q002_V007,Q_0022,1,0,2,0,1,1,581,1,0,11,2,18.0,6767.52,83633963008,17556876800,3,6,1,6,0,1,1,20,1,0.0,Sort,0,0.357
DESKTOP-KQF03T0,Jashvanth,2026-06-30T09:39:27.354930,Q002_V007,Q_0022,2,0,2,0,1,1,581,1,0,11,2,25.6,6757.76,83634102272,17558101504,3,6,1,6,0,1,1,20,1,0.0,Sort,0,0.387
DESKTOP-KQF03T0,Jashvanth,2026-06-30T09:39:32.383147,Q002_V007,Q_0022,3,0,2,0,1,1,581,1,0,11,2,38.7,6729.5,83635924480,17559808512,3,6,1,6,0,1,1,20,1,0.0,Sort,0,0.561
DESKTOP-KQF03T0,Jashvanth,2026-06-30T09:39:37.426228,Q002_V008,Q_0023,1,0,2,0,1,1,582,1,0,11,2,33.0,6738.7,83635949056,17560386048,3,6,1,6,0,1,1,20,1,0.0,Sort,0,0.553
DESKTOP-KQF03T0,Jashvanth,2026-06-30T09:39:42.452285,Q002_V008,Q_0023,2,0,2,0,1,1,582,1,0,11,2,16.5,6739.29,83635981824,17560640000,3,6,1,6,0,1,1,20,1,0.0,Sort,0,0.357
DESKTOP-KQF03T0,Jashvanth,2026-06-30T09:39:47.474673,Q002_V008,Q_0023,3,0,2,0,1,1,582,1,0,11,2,22.0,6717.55,83636559360,17561315840,3,6,1,6,0,1,1,20,1,0.0,Sort,0,0.314
DESKTOP-KQF03T0,Jashvanth,2026-06-30T09:39:52.493584,Q002_V009,Q_0024,1,0,2,0,1,1,589,1,0,11,2,20.1,6682.53,83636624896,17561872896,3,6,1,6,0,1,1,20,1,1.0,Sort,0,1.462
DESKTOP-KQF03T0,Jashvanth,2026-06-30T09:39:57.512200,Q002_V009,Q_0024,2,0,2,0,1,1,589,1,0,11,2,19.2,6672.64,83636690432,17562466816,3,6,1,6,0,1,1,20,1,1.0,Sort,0,1.93
DESKTOP-KQF03T0,Jashvanth,2026-06-30T09:40:02.538659,Q002_V009,Q_0024,3,0,2,0,1,1,589,1,0,11,2,22.6,6671.66,83636739584,17562692096,3,6,1,6,0,1,1,20,1,1.0,Sort,0,3.378
DESKTOP-KQF03T0,Jashvanth,2026-06-30T09:40:07.555640,Q002_V010,Q_0025,1,0,2,0,1,1,588,1,0,11,2,19.4,6683.36,83645702656,17563286016,3,6,1,6,0,1,1,20,1,1.0,Sort,0,1.255
DESKTOP-KQF03T0,Jashvanth,2026-06-30T09:40:12.571798,Q002_V010,Q_0025,2,0,2,0,1,1,588,1,0,11,2,25.3,6693.32,83654352384,17563855360,3,6,1,6,0,1,1,20,1,1.0,Sort,0,1.198
DESKTOP-KQF03T0,Jashvanth,2026-06-30T09:40:17.603373,Q002_V010,Q_0025,3,0,2,0,1,1,588,1,0,11,2,24.4,6706.28,83662624768,17564707328,3,6,1,6,0,1,1,20,1,1.0,Sort,0,4.869
DESKTOP-KQF03T0,Jashvanth,2026-06-30T09:40:22.642708,Q003_V001,Q_0026,1,0,1,1,1,0,372,1,0,4,1,25.2,6699.57,83663255552,17565207040,0,3,1,1,0,1,1,10,919,15.0,Sort,0,6.782
DESKTOP-KQF03T0,Jashvanth,2026-06-30T09:40:27.661581,Q003_V001,Q_0026,2,0,1,1,1,0,372,1,0,4,1,29.1,6710.76,83664599552,17566227456,0,3,1,1,0,1,1,10,919,15.0,Sort,0,2.577
DESKTOP-KQF03T0,Jashvanth,2026-06-30T09:40:32.682978,Q003_V001,Q_0026,3,0,1,1,1,0,372,1,0,4,1,94.6,7052.87,83665273344,17567890432,0,3,1,1,0,1,1,10,919,15.0,Sort,0,3.24
DESKTOP-KQF03T0,Jashvanth,2026-06-30T09:40:37.702283,Q003_V002,Q_0027,1,0,1,1,1,0,373,1,0,4,1,42.9,6964.12,83665914880,17628400640,0,3,1,1,0,1,1,10,947,18.0,Sort,0,4.212
DESKTOP-KQF03T0,Jashvanth,2026-06-30T09:40:42.726354,Q003_V002,Q_0027,2,0,1,1,1,0,373,1,0,4,1,44.4,6868.81,83666177024,17628470272,0,3,1,1,0,1,1,10,947,18.0,Sort,0,3.1
DESKTOP-KQF03T0,Jashvanth,2026-06-30T09:40:47.751441,Q003_V002,Q_0027,3,0,1,1,1,0,373,1,0,4,1,70.4,6887.3,83667164160,17628728320,0,3,1,1,0,1,1,10,947,18.0,Sort,0,6.274
DESKTOP-KQF03T0,Jashvanth,2026-06-30T09:40:52.773432,Q003_V003,Q_0028,1,0,1,1,1,0,373,1,0,4,1,60.0,6833.92,83667258368,17628838912,0,3,1,1,0,1,1,10,1009,19.0,Sort,0,2.287
DESKTOP-KQF03T0,Jashvanth,2026-06-30T09:40:57.791562,Q003_V003,Q_0028,2,0,1,1,1,0,373,1,0,4,1,41.5,6824.92,83667323904,17630329856,0,3,1,1,0,1,1,10,1009,19.0,Sort,0,2.499
DESKTOP-KQF03T0,Jashvanth,2026-06-30T09:41:02.807752,Q003_V003,Q_0028,3,0,1,1,1,0,373,1,0,4,1,25.2,6814.1,83667328000,17630542848,0,3,1,1,0,1,1,10,1009,19.0,Sort,0,1.987
DESKTOP-KQF03T0,Jashvanth,2026-06-30T09:41:07.827995,Q003_V004,Q_0029,1,0,1,1,1,0,374,1,0,4,1,56.3,6808.28,83667598336,17630772224,0,3,1,1,0,1,1,10,945,28.0,Sort,0,3.498
DESKTOP-KQF03T0,Jashvanth,2026-06-30T09:41:12.848639,Q003_V004,Q_0029,2,0,1,1,1,0,374,1,0,4,1,39.6,6815.98,83668056064,17630940160,0,3,1,1,0,1,1,10,945,28.0,Sort,0,3.552
DESKTOP-KQF03T0,Jashvanth,2026-06-30T09:41:17.870603,Q003_V004,Q_0029,3,0,1,1,1,0,374,1,0,4,1,45.1,6830.69,83668238848,17631128576,0,3,1,1,0,1,1,10,945,28.0,Sort,0,4.506
DESKTOP-KQF03T0,Jashvanth,2026-06-30T09:41:22.894373,Q003_V005,Q_0030,1,0,1,1,1,0,374,1,0,4,1,39.4,6828.99,83997678080,17632111616,0,3,1,1,0,1,1,10,939,31.0,Sort,0,4.013
DESKTOP-KQF03T0,Jashvanth,2026-06-30T09:41:27.913682,Q003_V005,Q_0030,2,0,1,1,1,0,374,1,0,4,1,50.8,6920.0,84000784896,17635023872,0,3,1,1,0,1,1,10,939,31.0,Sort,0,3.833
DESKTOP-KQF03T0,Jashvanth,2026-06-30T09:41:32.929223,Q003_V005,Q_0030,3,0,1,1,1,0,374,1,0,4,1,22.1,6906.12,84001071616,17636518912,0,3,1,1,0,1,1,10,939,31.0,Sort,0,2.459
DESKTOP-KQF03T0,Jashvanth,2026-06-30T09:41:37.970172,Q003_V006,Q_0031,1,0,1,1,1,0,374,1,0,4,1,26.2,6922.68,84001407488,17636670464,1,2,1,1,0,1,1,9,2216,528.0,Sort,0,23.387
DESKTOP-KQF03T0,Jashvanth,2026-06-30T09:41:42.989399,Q003_V006,Q_0031,2,0,1,1,1,0,374,1,0,4,1,14.4,6856.46,84001407488,17638841344,1,2,1,1,0,1,1,9,2216,528.0,Sort,0,5.218
DESKTOP-KQF03T0,Jashvanth,2026-06-30T09:41:48.019676,Q003_V006,Q_0031,3,0,1,1,1,0,374,1,0,4,1,30.4,6874.94,84001497600,17639263232,1,2,1,1,0,1,1,9,2216,528.0,Sort,0,16.439
DESKTOP-KQF03T0,Jashvanth,2026-06-30T09:41:53.059378,Q003_V007,Q_0032,1,0,1,1,1,0,374,1,0,4,1,31.9,6867.4,84001497600,17639586816,1,2,1,1,0,1,1,9,1814,378.0,Sort,0,15.914
DESKTOP-KQF03T0,Jashvanth,2026-06-30T09:41:58.099992,Q003_V007,Q_0032,2,0,1,1,1,0,374,1,0,4,1,25.8,6858.8,84001513984,17640356864,1,2,1,1,0,1,1,9,1814,378.0,Sort,0,14.762
DESKTOP-KQF03T0,Jashvanth,2026-06-30T09:42:03.130363,Q003_V007,Q_0032,3,0,1,1,1,0,374,1,0,4,1,24.1,6857.72,84001513984,17640619008,1,2,1,1,0,1,1,9,1814,378.0,Sort,0,9.861
DESKTOP-KQF03T0,Jashvanth,2026-06-30T09:42:08.155991,Q003_V008,Q_0033,1,0,1,1,1,0,374,1,0,4,1,19.2,6808.96,84001735168,17640901632,1,2,1,1,0,1,1,9,1381,203.0,Sort,0,7.441
DESKTOP-KQF03T0,Jashvanth,2026-06-30T09:42:13.176362,Q003_V008,Q_0033,2,0,1,1,1,0,374,1,0,4,1,18.1,6791.17,84002596352,17641761792,1,2,1,1,0,1,1,9,1381,203.0,Sort,0,3.733
DESKTOP-KQF03T0,Jashvanth,2026-06-30T09:42:18.204784,Q003_V008,Q_0033,3,0,1,1,1,0,374,1,0,4,1,23.7,6799.43,84002699264,17642560512,1,2,1,1,0,1,1,9,1381,203.0,Sort,0,8.743
DESKTOP-KQF03T0,Jashvanth,2026-06-30T09:42:23.221917,Q003_V009,Q_0034,1,0,1,1,1,0,374,1,0,4,1,33.9,6784.84,84002960896,17643744256,1,2,1,1,0,1,1,9,1181,456.0,Sort,0,5.29
DESKTOP-KQF03T0,Jashvanth,2026-06-30T09:42:28.243369,Q003_V009,Q_0034,2,0,1,1,1,0,374,1,0,4,1,26.3,6780.5,84003030528,17644127232,1,2,1,1,0,1,1,9,1181,456.0,Sort,0,7.059
DESKTOP-KQF03T0,Jashvanth,2026-06-30T09:42:33.274603,Q003_V009,Q_0034,3,0,1,1,1,0,374,1,0,4,1,18.2,6783.85,84003968512,17644995584,1,2,1,1,0,1,1,9,1181,456.0,Sort,0,11.048
DESKTOP-KQF03T0,Jashvanth,2026-06-30T09:42:38.293092,Q003_V010,Q_0035,1,0,1,1,1,0,374,1,0,4,1,24.5,6785.29,84004247040,17645691904,1,2,1,1,0,1,1,9,2564,659.0,Sort,0,5.839
DESKTOP-KQF03T0,Jashvanth,2026-06-30T09:42:43.311695,Q003_V010,Q_0035,2,0,1,1,1,0,374,1,0,4,1,25.3,6833.94,84004315136,17646478848,1,2,1,1,0,1,1,9,2564,659.0,Sort,0,5.724
DESKTOP-KQF03T0,Jashvanth,2026-06-30T09:42:48.332771,Q003_V010,Q_0035,3,0,1,1,1,0,374,1,0,4,1,20.0,6795.24,84004536320,17646831104,1,2,1,1,0,1,1,9,2564,659.0,Sort,0,7.55
DESKTOP-KQF03T0,Jashvanth,2026-06-30T09:42:53.353366,Q003_V011,Q_0036,1,0,1,1,1,0,372,1,0,4,1,30.8,6795.12,84004601856,17647040000,0,3,1,1,0,1,1,10,1423,322.0,Sort,0,3.567
DESKTOP-KQF03T0,Jashvanth,2026-06-30T09:42:58.375315,Q003_V011,Q_0036,2,0,1,1,1,0,372,1,0,4,1,32.1,6789.66,84004601856,17647732224,0,3,1,1,0,1,1,10,1423,322.0,Sort,0,6.377
DESKTOP-KQF03T0,Jashvanth,2026-06-30T09:43:03.404302,Q003_V011,Q_0036,3,0,1,1,1,0,372,1,0,4,1,34.1,6791.41,84004667392,17647998464,0,3,1,1,0,1,1,10,1423,322.0,Sort,0,7.281
DESKTOP-KQF03T0,Jashvanth,2026-06-30T09:43:08.427890,Q003_V012,Q_0037,1,0,1,1,1,0,372,1,0,4,1,29.0,6808.21,84004696064,17648522752,0,3,1,1,0,1,1,10,1423,322.0,Sort,0,5.925
DESKTOP-KQF03T0,Jashvanth,2026-06-30T09:43:13.447521,Q003_V012,Q_0037,2,0,1,1,1,0,372,1,0,4,1,26.2,6814.1,84004761600,17649030656,0,3,1,1,0,1,1,10,1423,322.0,Sort,0,3.555
DESKTOP-KQF03T0,Jashvanth,2026-06-30T09:43:18.488756,Q003_V012,Q_0037,3,0,1,1,1,0,372,1,0,4,1,22.7,6808.54,84004761600,17649866240,0,3,1,1,0,1,1,10,1423,322.0,Sort,0,16.279
DESKTOP-KQF03T0,Jashvanth,2026-06-30T09:43:23.520138,Q003_V013,Q_0038,1,0,1,1,1,0,372,1,0,4,1,27.8,6787.57,84005364224,17650843648,0,3,1,1,0,1,1,10,1423,322.0,Sort,0,7.892
DESKTOP-KQF03T0,Jashvanth,2026-06-30T09:43:28.569240,Q003_V013,Q_0038,2,0,1,1,1,0,372,1,0,4,1,22.3,6769.96,84005616128,17653370880,0,3,1,1,0,1,1,10,1423,322.0,Sort,0,19.222
DESKTOP-KQF03T0,Jashvanth,2026-06-30T09:43:33.602056,Q003_V013,Q_0038,3,0,1,1,1,0,372,1,0,4,1,19.5,6770.54,84005648896,17653686272,0,3,1,1,0,1,1,10,1423,322.0,Sort,0,6.227
DESKTOP-KQF03T0,Jashvanth,2026-06-30T09:43:38.624436,Q003_V014,Q_0039,1,0,1,1,1,0,372,1,0,4,1,32.9,6770.34,84005652992,17654038528,0,3,1,1,0,1,1,10,503,319.0,Sort,0,7.038
DESKTOP-KQF03T0,Jashvanth,2026-06-30T09:43:43.650628,Q003_V014,Q_0039,2,0,1,1,1,0,372,1,0,4,1,20.0,6807.78,84005771776,17654407168,0,3,1,1,0,1,1,10,503,319.0,Sort,0,5.23
DESKTOP-KQF03T0,Jashvanth,2026-06-30T09:43:48.677704,Q003_V014,Q_0039,3,0,1,1,1,0,372,1,0,4,1,24.8,6817.9,84005771776,17654829056,0,3,1,1,0,1,1,10,503,319.0,Sort,0,8.325
DESKTOP-KQF03T0,Jashvanth,2026-06-30T09:43:53.696978,Q003_V015,Q_0040,1,0,1,1,1,0,372,1,0,4,1,26.4,6777.1,84005902848,17655087104,0,3,2,0,0,2,1,13,30,26.0,Sort,0,1.374
DESKTOP-KQF03T0,Jashvanth,2026-06-30T09:43:58.714029,Q003_V015,Q_0040,2,0,1,1,1,0,372,1,0,4,1,27.1,6772.41,84005902848,17655615488,0,3,2,0,0,2,1,13,30,26.0,Sort,0,2.143
DESKTOP-KQF03T0,Jashvanth,2026-06-30T09:44:03.733577,Q003_V015,Q_0040,3,0,1,1,1,0,372,1,0,4,1,37.2,6770.4,84005931520,17656053760,0,3,2,0,0,2,1,13,30,26.0,Sort,0,1.498
DESKTOP-KQF03T0,Jashvanth,2026-06-30T09:44:08.761557,Q004_V001,Q_0041,1,0,2,1,1,1,308,1,0,3,2,30.4,6684.17,84005980672,17656549376,1,1,1,0,0,1,1,7,5,5.0,Sort,0,9.576
DESKTOP-KQF03T0,Jashvanth,2026-06-30T09:44:13.788233,Q004_V001,Q_0041,2,0,2,1,1,1,308,1,0,3,2,25.0,6665.12,84006128640,17656778752,1,1,1,0,0,1,1,7,5,5.0,Sort,0,8.628
DESKTOP-KQF03T0,Jashvanth,2026-06-30T09:44:18.837516,Q004_V001,Q_0041,3,0,2,1,1,1,308,1,0,3,2,26.3,6653.12,84006128640,17657384960,1,1,1,0,0,1,1,7,5,5.0,Sort,0,21.262
DESKTOP-KQF03T0,Jashvanth,2026-06-30T09:44:23.866876,Q004_V002,Q_0042,1,0,2,1,1,1,308,1,0,3,2,27.0,6642.34,84006128640,17657794560,1,1,1,0,0,1,1,7,5,5.0,Sort,0,8.661
DESKTOP-KQF03T0,Jashvanth,2026-06-30T09:44:28.894168,Q004_V002,Q_0042,2,0,2,1,1,1,308,1,0,3,2,22.2,6653.41,84006145024,17658199040,1,1,1,0,0,1,1,7,5,5.0,Sort,0,8.58
DESKTOP-KQF03T0,Jashvanth,2026-06-30T09:44:33.920644,Q004_V002,Q_0042,3,0,2,1,1,1,308,1,0,3,2,26.7,6648.41,84006210560,17658498048,1,1,1,0,0,1,1,7,5,5.0,Sort,0,8.849
DESKTOP-KQF03T0,Jashvanth,2026-06-30T09:44:38.941546,Q004_V003,Q_0043,1,0,2,1,1,1,308,1,0,3,2,22.1,6650.37,84006251520,17658870784,1,1,1,0,0,1,1,7,5,5.0,Sort,0,6.875
DESKTOP-KQF03T0,Jashvanth,2026-06-30T09:44:43.991218,Q004_V003,Q_0043,2,0,2,1,1,1,308,1,0,3,2,27.3,6650.66,84006251520,17659165696,1,1,1,0,0,1,1,7,5,5.0,Sort,0,25.297
DESKTOP-KQF03T0,Jashvanth,2026-06-30T09:44:49.027155,Q004_V003,Q_0043,3,0,2,1,1,1,308,1,0,3,2,26.5,6696.84,84006255616,17659616256,1,1,1,0,0,1,1,7,5,5.0,Sort,0,8.226
DESKTOP-KQF03T0,Jashvanth,2026-06-30T09:44:54.052621,Q004_V004,Q_0044,1,0,2,1,1,1,308,1,0,3,2,25.6,6653.46,84006288384,17660099584,1,1,1,0,0,1,1,7,5,5.0,Sort,0,11.819
DESKTOP-KQF03T0,Jashvanth,2026-06-30T09:44:59.072851,Q004_V004,Q_0044,2,0,2,1,1,1,308,1,0,3,2,22.1,6644.09,84006288384,17660541952,1,1,1,0,0,1,1,7,5,5.0,Sort,0,8.348
DESKTOP-KQF03T0,Jashvanth,2026-06-30T09:45:04.098865,Q004_V004,Q_0044,3,0,2,1,1,1,308,1,0,3,2,27.4,6642.11,84006292480,17660775424,1,1,1,0,0,1,1,7,5,5.0,Sort,0,11.846
DESKTOP-KQF03T0,Jashvanth,2026-06-30T09:45:09.133631,Q004_V005,Q_0045,1,0,2,1,1,1,308,1,0,3,2,39.6,6643.05,84006472704,17661336576,1,1,1,0,0,1,1,7,5,5.0,Sort,0,14.393
DESKTOP-KQF03T0,Jashvanth,2026-06-30T09:45:14.171268,Q004_V005,Q_0045,2,0,2,1,1,1,308,1,0,3,2,27.6,6644.44,84006472704,17661639680,1,1,1,0,0,1,1,7,5,5.0,Sort,0,19.569
DESKTOP-KQF03T0,Jashvanth,2026-06-30T09:45:19.193144,Q004_V005,Q_0045,3,0,2,1,1,1,308,1,0,3,2,28.6,6646.36,84006554624,17662114816,1,1,1,0,0,1,1,7,5,5.0,Sort,0,7.925
DESKTOP-KQF03T0,Jashvanth,2026-06-30T09:45:24.217733,Q004_V006,Q_0046,1,0,2,1,1,1,308,1,0,3,2,21.7,6631.44,84007013376,17662688256,0,2,0,1,0,1,1,6,5,5.0,Aggregate,0,1.407
DESKTOP-KQF03T0,Jashvanth,2026-06-30T09:45:29.239740,Q004_V006,Q_0046,2,0,2,1,1,1,308,1,0,3,2,30.1,6641.8,84007013376,17663032320,0,2,0,1,0,1,1,6,5,5.0,Aggregate,0,0.823
DESKTOP-KQF03T0,Jashvanth,2026-06-30T09:45:34.267048,Q004_V006,Q_0046,3,0,2,1,1,1,308,1,0,3,2,24.6,6650.27,84007042048,17663396864,0,2,0,1,0,1,1,6,5,5.0,Aggregate,0,0.527
DESKTOP-KQF03T0,Jashvanth,2026-06-30T09:45:39.284311,Q004_V007,Q_0047,1,0,2,1,1,1,308,1,0,3,2,21.5,6647.82,84007042048,17663810560,0,2,0,1,0,1,1,6,5,5.0,Aggregate,0,1.259
DESKTOP-KQF03T0,Jashvanth,2026-06-30T09:45:44.299877,Q004_V007,Q_0047,2,0,2,1,1,1,308,1,0,3,2,24.3,6649.74,84007042048,17664146432,0,2,0,1,0,1,1,6,5,5.0,Aggregate,0,0.925
DESKTOP-KQF03T0,Jashvanth,2026-06-30T09:45:49.325075,Q004_V007,Q_0047,3,0,2,1,1,1,308,1,0,3,2,31.1,6641.04,84007047168,17664543744,0,2,0,1,0,1,1,6,5,5.0,Aggregate,0,0.833
DESKTOP-KQF03T0,Jashvanth,2026-06-30T09:45:54.360916,Q004_V008,Q_0048,1,0,2,1,1,1,308,1,0,3,2,21.7,6643.21,84007063552,17665170432,1,1,1,0,0,1,1,7,5,5.0,Sort,0,13.13
DESKTOP-KQF03T0,Jashvanth,2026-06-30T09:45:59.382125,Q004_V008,Q_0048,2,0,2,1,1,1,308,1,0,3,2,29.1,6643.95,84007129088,17666333696,1,1,1,0,0,1,1,7,5,5.0,Sort,0,7.225
DESKTOP-KQF03T0,Jashvanth,2026-06-30T09:46:04.405356,Q004_V008,Q_0048,3,0,2,1,1,1,308,1,0,3,2,25.6,6643.72,84007405568,17666636800,1,1,1,0,0,1,1,7,5,5.0,Sort,0,6.086
DESKTOP-KQF03T0,Jashvanth,2026-06-30T09:46:09.426214,Q004_V009,Q_0049,1,0,2,1,1,1,309,1,0,3,2,27.4,6619.77,84007577600,17667034112,1,1,1,0,0,1,1,7,5,5.0,Sort,0,6.773
DESKTOP-KQF03T0,Jashvanth,2026-06-30T09:46:14.451054,Q004_V009,Q_0049,2,0,2,1,1,1,309,1,0,3,2,41.2,6626.37,84007950848,17667496960,1,1,1,0,0,1,1,7,5,5.0,Sort,0,9.014
DESKTOP-KQF03T0,Jashvanth,2026-06-30T09:46:19.474254,Q004_V009,Q_0049,3,0,2,1,1,1,309,1,0,3,2,31.9,6627.88,84007950848,17667927040,1,1,1,0,0,1,1,7,5,5.0,Sort,0,6.646
DESKTOP-KQF03T0,Jashvanth,2026-06-30T09:46:24.508927,Q004_V010,Q_0050,1,0,2,1,1,1,309,1,0,3,2,21.8,6616.39,84008008192,17668246528,1,1,1,0,0,1,1,7,5,5.0,Sort,0,18.804
DESKTOP-KQF03T0,Jashvanth,2026-06-30T09:46:29.556188,Q004_V010,Q_0050,2,0,2,1,1,1,309,1,0,3,2,31.9,6627.59,84008008192,17668793344,1,1,1,0,0,1,1,7,5,5.0,Sort,0,22.009
DESKTOP-KQF03T0,Jashvanth,2026-06-30T09:46:34.589492,Q004_V010,Q_0050,3,0,2,1,1,1,309,1,0,3,2,33.5,6635.45,84008012288,17670059008,1,1,1,0,0,1,1,7,5,5.0,Sort,0,10.82
DESKTOP-KQF03T0,Jashvanth,2026-06-30T09:46:39.613784,Q005_V001,Q_0051,1,0,1,1,1,0,448,1,0,8,1,31.6,6623.47,84008360448,17671083008,3,3,2,3,0,2,1,16,1,5.0,Sort,0,6.304
DESKTOP-KQF03T0,Jashvanth,2026-06-30T09:46:44.634589,Q005_V001,Q_0051,2,0,1,1,1,0,448,1,0,8,1,22.4,6626.96,84008530432,17671382016,3,3,2,3,0,2,1,16,1,5.0,Sort,0,3.674
DESKTOP-KQF03T0,Jashvanth,2026-06-30T09:46:49.656457,Q005_V001,Q_0051,3,0,1,1,1,0,448,1,0,8,1,27.1,6620.25,84008530432,17671750656,3,3,2,3,0,2,1,16,1,5.0,Sort,0,5.961
DESKTOP-KQF03T0,Jashvanth,2026-06-30T09:46:54.703161,Q005_V002,Q_0052,1,0,1,1,1,0,450,1,0,8,1,22.0,6637.78,84008595968,17672143872,3,3,2,3,0,2,1,16,1,5.0,Sort,0,13.164
DESKTOP-KQF03T0,Jashvanth,2026-06-30T09:46:59.737492,Q005_V002,Q_0052,2,0,1,1,1,0,450,1,0,8,1,28.5,6634.04,84008727040,17672627200,3,3,2,3,0,2,1,16,1,5.0,Sort,0,8.443
DESKTOP-KQF03T0,Jashvanth,2026-06-30T09:47:04.761501,Q005_V002,Q_0052,3,0,1,1,1,0,450,1,0,8,1,18.9,6606.58,84008792576,17673044992,3,3,2,3,0,2,1,16,1,5.0,Sort,0,5.454
DESKTOP-KQF03T0,Jashvanth,2026-06-30T09:47:09.784063,Q005_V003,Q_0053,1,0,1,1,1,0,451,1,0,8,1,26.9,6594.61,84008792576,17673360384,3,3,2,3,0,2,1,16,1,5.0,Sort,0,5.963
DESKTOP-KQF03T0,Jashvanth,2026-06-30T09:47:14.807625,Q005_V003,Q_0053,2,0,1,1,1,0,451,1,0,8,1,28.3,6605.93,84008923648,17673757696,3,3,2,3,0,2,1,16,1,5.0,Sort,0,6.295
DESKTOP-KQF03T0,Jashvanth,2026-06-30T09:47:19.839824,Q005_V003,Q_0053,3,0,1,1,1,0,451,1,0,8,1,47.7,6602.23,84009009664,17674486784,3,3,2,3,0,2,1,16,1,5.0,Sort,0,4.003
DESKTOP-KQF03T0,Jashvanth,2026-06-30T09:47:24.864563,Q005_V004,Q_0054,1,0,1,1,1,0,450,1,0,8,1,35.7,6575.46,84009009664,17675084800,3,3,2,3,0,2,1,16,1,5.0,Sort,0,5.528
DESKTOP-KQF03T0,Jashvanth,2026-06-30T09:47:29.898174,Q005_V004,Q_0054,2,0,1,1,1,0,450,1,0,8,1,24.7,6587.68,84009009664,17675461632,3,3,2,3,0,2,1,16,1,5.0,Sort,0,8.882
DESKTOP-KQF03T0,Jashvanth,2026-06-30T09:47:34.929850,Q005_V004,Q_0054,3,0,1,1,1,0,450,1,0,8,1,19.2,6593.95,84009009664,17675904000,3,3,2,3,0,2,1,16,1,5.0,Sort,0,5.589
DESKTOP-KQF03T0,Jashvanth,2026-06-30T09:47:39.957967,Q005_V005,Q_0055,1,0,1,1,1,0,455,1,0,8,1,19.8,6591.45,84009075200,17676787200,3,3,2,3,0,2,1,16,1,5.0,Sort,0,6.148
DESKTOP-KQF03T0,Jashvanth,2026-06-30T09:47:44.977569,Q005_V005,Q_0055,2,0,1,1,1,0,455,1,0,8,1,23.7,6605.62,84009075200,17677037056,3,3,2,3,0,2,1,16,1,5.0,Sort,0,3.961
DESKTOP-KQF03T0,Jashvanth,2026-06-30T09:47:50.024637,Q005_V005,Q_0055,3,0,1,1,1,0,455,1,0,8,1,29.3,6608.66,84009075200,17677471232,3,3,2,3,0,2,1,16,1,5.0,Sort,0,13.66
DESKTOP-KQF03T0,Jashvanth,2026-06-30T09:47:55.069413,Q005_V006,Q_0056,1,0,1,1,1,0,455,1,0,8,1,25.6,6613.79,84009100800,17677934080,3,3,2,3,0,2,1,16,2,5.0,Sort,0,13.751
DESKTOP-KQF03T0,Jashvanth,2026-06-30T09:48:00.092631,Q005_V006,Q_0056,2,0,1,1,1,0,455,1,0,8,1,25.9,6615.52,84009133568,17679621632,3,3,2,3,0,2,1,16,2,5.0,Sort,0,7.312
DESKTOP-KQF03T0,Jashvanth,2026-06-30T09:48:05.115533,Q005_V006,Q_0056,3,0,1,1,1,0,455,1,0,8,1,21.3,6624.84,84009311232,17681265152,3,3,2,3,0,2,1,16,2,5.0,Sort,0,6.321
DESKTOP-KQF03T0,Jashvanth,2026-06-30T09:48:10.141434,Q005_V007,Q_0057,1,0,1,1,1,0,455,1,0,8,1,35.4,6630.72,84009352192,17681740288,3,3,2,3,0,2,1,16,2,5.0,Sort,0,8.83
DESKTOP-KQF03T0,Jashvanth,2026-06-30T09:48:15.175625,Q005_V007,Q_0057,2,0,1,1,1,0,455,1,0,8,1,29.7,6589.89,84009483264,17682018816,3,3,2,3,0,2,1,16,2,5.0,Sort,0,16.556
DESKTOP-KQF03T0,Jashvanth,2026-06-30T09:48:20.213118,Q005_V007,Q_0057,3,0,1,1,1,0,455,1,0,8,1,26.2,6592.4,84009483264,17682432512,3,3,2,3,0,2,1,16,2,5.0,Sort,0,12.561
DESKTOP-KQF03T0,Jashvanth,2026-06-30T09:48:25.242860,Q005_V008,Q_0058,1,0,1,1,1,0,455,1,0,8,1,42.3,6580.61,84009548800,17683394560,3,3,2,3,0,2,1,16,2,5.0,Sort,0,11.234
DESKTOP-KQF03T0,Jashvanth,2026-06-30T09:48:30.271242,Q005_V008,Q_0058,2,0,1,1,1,0,455,1,0,8,1,39.2,6623.14,84009614336,17683733504,3,3,2,3,0,2,1,16,2,5.0,Sort,0,10.312
DESKTOP-KQF03T0,Jashvanth,2026-06-30T09:48:35.297255,Q005_V008,Q_0058,3,0,1,1,1,0,455,1,0,8,1,23.1,6402.14,84009614336,17684052992,3,3,2,3,0,2,1,16,2,5.0,Sort,0,10.794
DESKTOP-KQF03T0,Jashvanth,2026-06-30T09:48:40.334841,Q005_V009,Q_0059,1,0,1,1,1,0,455,1,0,8,1,35.3,6402.46,84009630720,17684777984,0,6,0,5,0,2,1,14,1,0.0,Sort,0,0.07
DESKTOP-KQF03T0,Jashvanth,2026-06-30T09:48:45.358404,Q005_V009,Q_0059,2,0,1,1,1,0,455,1,0,8,1,26.3,6423.31,84009630720,17685109760,0,6,0,5,0,2,1,14,1,0.0,Sort,0,0.084
DESKTOP-KQF03T0,Jashvanth,2026-06-30T09:48:50.393021,Q005_V009,Q_0059,3,0,1,1,1,0,455,1,0,8,1,32.2,6426.42,84009761792,17685429248,0,6,0,5,0,2,1,14,1,0.0,Sort,0,0.062
DESKTOP-KQF03T0,Jashvanth,2026-06-30T09:48:55.469634,Q005_V010,Q_0060,1,0,1,1,1,0,455,1,0,8,1,34.9,6433.93,84009880576,17685826560,3,3,2,3,0,2,1,16,2,5.0,Sort,0,24.749
DESKTOP-KQF03T0,Jashvanth,2026-06-30T09:49:00.501406,Q005_V010,Q_0060,2,0,1,1,1,0,455,1,0,8,1,27.9,6431.6,84009880576,17686199296,3,3,2,3,0,2,1,16,2,5.0,Sort,0,6.473
DESKTOP-KQF03T0,Jashvanth,2026-06-30T09:49:05.521858,Q005_V010,Q_0060,3,0,1,1,1,0,455,1,0,8,1,25.0,6434.46,84009886208,17686573568,3,3,2,3,0,2,1,16,2,5.0,Sort,0,6.832
DESKTOP-KQF03T0,Jashvanth,2026-06-30T09:49:10.540857,Q005_V011,Q_0061,1,0,1,1,1,0,455,1,0,8,1,21.4,6432.88,84009886720,17687135232,4,2,3,2,0,2,1,17,3,5.0,Sort,0,4.958
DESKTOP-KQF03T0,Jashvanth,2026-06-30T09:49:15.571782,Q005_V011,Q_0061,2,0,1,1,1,0,455,1,0,8,1,17.5,6431.14,84009886720,17687569408,4,2,3,2,0,2,1,17,3,5.0,Sort,0,9.375
DESKTOP-KQF03T0,Jashvanth,2026-06-30T09:49:20.590977,Q005_V011,Q_0061,3,0,1,1,1,0,455,1,0,8,1,27.0,6448.39,84016026624,17703351296,4,2,3,2,0,2,1,17,3,5.0,Sort,0,4.761
DESKTOP-KQF03T0,Jashvanth,2026-06-30T09:49:25.617876,Q005_V012,Q_0062,1,0,1,1,1,0,455,1,0,8,1,28.8,6455.21,84016026624,17703592960,4,2,3,2,0,2,1,17,5,5.0,Sort,0,10.083
DESKTOP-KQF03T0,Jashvanth,2026-06-30T09:49:30.668377,Q005_V012,Q_0062,2,0,1,1,1,0,455,1,0,8,1,44.6,6461.2,84016092160,17704092672,4,2,3,2,0,2,1,17,5,5.0,Sort,0,15.561
DESKTOP-KQF03T0,Jashvanth,2026-06-30T09:49:35.692233,Q005_V012,Q_0062,3,0,1,1,1,0,455,1,0,8,1,36.6,6468.32,84016092160,17705128960,4,2,3,2,0,2,1,17,5,5.0,Sort,0,7.227
DESKTOP-KQF03T0,Jashvanth,2026-06-30T09:49:40.716998,Q005_V013,Q_0063,1,0,1,1,1,0,455,1,0,8,1,22.1,6472.44,84016491008,17705452544,4,2,3,2,0,2,1,17,4,5.0,Sort,0,8.396
DESKTOP-KQF03T0,Jashvanth,2026-06-30T09:49:45.747196,Q005_V013,Q_0063,2,0,1,1,1,0,455,1,0,8,1,36.5,6476.79,84017281536,17706075136,4,2,3,2,0,2,1,17,4,5.0,Sort,0,11.234
DESKTOP-KQF03T0,Jashvanth,2026-06-30T09:49:50.776146,Q005_V013,Q_0063,3,0,1,1,1,0,455,1,0,8,1,34.5,6638.47,84018253312,17711391744,4,2,3,2,0,2,1,17,4,5.0,Sort,0,10.668
DESKTOP-KQF03T0,Jashvanth,2026-06-30T09:49:55.806053,Q005_V014,Q_0064,1,0,1,1,1,0,455,1,0,8,1,57.0,6566.18,84018486784,17740231680,4,2,3,2,0,2,1,17,5,5.0,Sort,0,12.187
DESKTOP-KQF03T0,Jashvanth,2026-06-30T09:50:00.847189,Q005_V014,Q_0064,2,0,1,1,1,0,455,1,0,8,1,18.1,6557.88,84018486784,17740817408,4,2,3,2,0,2,1,17,5,5.0,Sort,0,16.6
DESKTOP-KQF03T0,Jashvanth,2026-06-30T09:50:05.876267,Q005_V014,Q_0064,3,0,1,1,1,0,455,1,0,8,1,25.3,6554.19,84018490880,17741423616,4,2,3,2,0,2,1,17,5,5.0,Sort,0,8.743
DESKTOP-KQF03T0,Jashvanth,2026-06-30T09:50:10.900514,Q005_V015,Q_0065,1,0,1,1,1,0,455,1,0,8,1,24.8,6555.57,84018556416,17741693952,3,3,2,3,0,2,1,16,1,5.0,Sort,0,5.364
DESKTOP-KQF03T0,Jashvanth,2026-06-30T09:50:15.919475,Q005_V015,Q_0065,2,0,1,1,1,0,455,1,0,8,1,22.2,6558.15,84018621952,17742214144,3,3,2,3,0,2,1,16,1,5.0,Sort,0,3.444
DESKTOP-KQF03T0,Jashvanth,2026-06-30T09:50:20.937857,Q005_V015,Q_0065,3,0,1,1,1,0,455,1,0,8,1,35.0,6548.22,84018662912,17742824448,3,3,2,3,0,2,1,16,1,5.0,Sort,0,4.131
DESKTOP-KQF03T0,Jashvanth,2026-06-30T09:50:25.960811,Q006_V001,Q_0066,1,0,1,0,0,0,231,1,0,4,1,25.2,6549.93,84018855424,17743086592,0,1,0,0,0,0,1,3,1,1.0,Aggregate,0,2.223
DESKTOP-KQF03T0,Jashvanth,2026-06-30T09:50:30.978785,Q006_V001,Q_0066,2,0,1,0,0,0,231,1,0,4,1,23.1,6558.57,84018941440,17743571968,0,1,0,0,0,0,1,3,1,1.0,Aggregate,0,2.145
DESKTOP-KQF03T0,Jashvanth,2026-06-30T09:50:35.999355,Q006_V001,Q_0066,3,0,1,0,0,0,231,1,0,4,1,40.8,6555.34,84018974208,17744899072,0,1,0,0,0,0,1,3,1,1.0,Aggregate,0,1.828
DESKTOP-KQF03T0,Jashvanth,2026-06-30T09:50:41.018135,Q006_V002,Q_0067,1,0,1,0,0,0,231,1,0,4,1,34.8,6556.35,84018974208,17745181696,0,1,0,0,0,0,1,3,1,1.0,Aggregate,0,3.919
DESKTOP-KQF03T0,Jashvanth,2026-06-30T09:50:46.035254,Q006_V002,Q_0067,2,0,1,0,0,0,231,1,0,4,1,18.0,6514.79,84019105280,17745533952,0,1,0,0,0,0,1,3,1,1.0,Aggregate,0,2.577
DESKTOP-KQF03T0,Jashvanth,2026-06-30T09:50:51.052915,Q006_V002,Q_0067,3,0,1,0,0,0,231,1,0,4,1,21.5,6531.39,84019138048,17745882112,0,1,0,0,0,0,1,3,1,1.0,Aggregate,0,2.997
DESKTOP-KQF03T0,Jashvanth,2026-06-30T09:50:56.067112,Q006_V003,Q_0068,1,0,1,0,0,0,231,1,0,4,1,20.4,6538.25,84019482112,17746643968,0,1,0,0,0,0,1,2,1,1.0,Aggregate,0,0.014
DESKTOP-KQF03T0,Jashvanth,2026-06-30T09:51:01.078656,Q006_V003,Q_0068,2,0,1,0,0,0,231,1,0,4,1,20.3,6532.88,84019490304,17746975744,0,1,0,0,0,0,1,2,1,1.0,Aggregate,0,0.015
DESKTOP-KQF03T0,Jashvanth,2026-06-30T09:51:06.093497,Q006_V003,Q_0068,3,0,1,0,0,0,231,1,0,4,1,23.9,6540.48,84019490304,17748474880,0,1,0,0,0,0,1,2,1,1.0,Aggregate,0,0.015
DESKTOP-KQF03T0,Jashvanth,2026-06-30T09:51:11.124735,Q006_V004,Q_0069,1,0,1,0,0,0,231,1,0,4,1,27.1,6539.28,84019621376,17748978688,0,1,0,0,0,0,1,3,1,1.0,Aggregate,0,9.192
DESKTOP-KQF03T0,Jashvanth,2026-06-30T09:51:16.161417,Q006_V004,Q_0069,2,0,1,0,0,0,231,1,0,4,1,38.1,6536.89,84019760640,17749212160,0,1,0,0,0,0,1,3,1,1.0,Aggregate,0,13.196
DESKTOP-KQF03T0,Jashvanth,2026-06-30T09:51:21.189605,Q006_V004,Q_0069,3,0,1,0,0,0,231,1,0,4,1,18.9,6546.98,84019798528,17750195200,0,1,0,0,0,0,1,3,1,1.0,Aggregate,0,4.91
DESKTOP-KQF03T0,Jashvanth,2026-06-30T09:51:26.212587,Q006_V005,Q_0070,1,0,1,0,0,0,231,1,0,4,1,23.8,6521.98,84022425600,17750875136,0,1,0,0,0,0,1,2,1,1.0,Aggregate,0,0.011
DESKTOP-KQF03T0,Jashvanth,2026-06-30T09:51:31.235705,Q006_V005,Q_0070,2,0,1,0,0,0,231,1,0,4,1,22.9,6532.04,84022425600,17751993344,0,1,0,0,0,0,1,2,1,1.0,Aggregate,0,0.009
DESKTOP-KQF03T0,Jashvanth,2026-06-30T09:51:36.251618,Q006_V005,Q_0070,3,0,1,0,0,0,231,1,0,4,1,21.6,6538.48,84022687744,17753136128,0,1,0,0,0,0,1,2,1,1.0,Aggregate,0,0.009
DESKTOP-KQF03T0,Jashvanth,2026-06-30T09:51:41.269618,Q006_V006,Q_0071,1,0,1,0,0,0,231,1,0,4,1,31.1,6536.81,84022806528,17753717760,0,1,0,0,0,0,1,3,1,1.0,Aggregate,0,0.026
DESKTOP-KQF03T0,Jashvanth,2026-06-30T09:51:46.284573,Q006_V006,Q_0071,2,0,1,0,0,0,231,1,0,4,1,34.8,6538.32,84022872064,17754012672,0,1,0,0,0,0,1,3,1,1.0,Aggregate,0,0.016
DESKTOP-KQF03T0,Jashvanth,2026-06-30T09:51:51.300047,Q006_V006,Q_0071,3,0,1,0,0,0,231,1,0,4,1,21.3,6539.5,84022880256,17754352640,0,1,0,0,0,0,1,3,1,1.0,Aggregate,0,0.03
DESKTOP-KQF03T0,Jashvanth,2026-06-30T09:51:56.323167,Q006_V007,Q_0072,1,0,1,0,0,0,231,1,0,4,1,23.9,6583.49,84023085056,17754901504,1,0,0,0,0,0,1,2,1,1.0,Aggregate,0,5.765
DESKTOP-KQF03T0,Jashvanth,2026-06-30T09:52:01.347177,Q006_V007,Q_0072,2,0,1,0,0,0,231,1,0,4,1,18.8,6545.55,84023085056,17755315200,1,0,0,0,0,0,1,2,1,1.0,Aggregate,0,10.841
DESKTOP-KQF03T0,Jashvanth,2026-06-30T09:52:06.375917,Q006_V007,Q_0072,3,0,1,0,0,0,231,1,0,4,1,22.3,6546.41,84023085056,17755634688,1,0,0,0,0,0,1,2,1,1.0,Aggregate,0,12.667
DESKTOP-KQF03T0,Jashvanth,2026-06-30T09:52:11.419764,Q006_V008,Q_0073,1,0,1,0,0,0,231,1,0,4,1,31.5,6539.29,84023085056,17756072960,0,1,0,0,0,0,1,3,1,1.0,Aggregate,0,17.563
DESKTOP-KQF03T0,Jashvanth,2026-06-30T09:52:16.440992,Q006_V008,Q_0073,2,0,1,0,0,0,231,1,0,4,1,22.2,6534.37,84023150592,17756466176,0,1,0,0,0,0,1,3,1,1.0,Aggregate,0,3.637
DESKTOP-KQF03T0,Jashvanth,2026-06-30T09:52:21.465256,Q006_V008,Q_0073,3,0,1,0,0,0,231,1,0,4,1,21.6,6523.83,84023265280,17756912640,0,1,0,0,0,0,1,3,1,1.0,Aggregate,0,5.326
DESKTOP-KQF03T0,Jashvanth,2026-06-30T09:52:26.504727,Q006_V009,Q_0074,1,0,1,0,0,0,231,1,0,4,1,36.5,6533.33,84023265280,17757629440,1,0,0,0,0,0,1,2,1,1.0,Aggregate,0,17.804
DESKTOP-KQF03T0,Jashvanth,2026-06-30T09:52:31.537190,Q006_V009,Q_0074,2,0,1,0,0,0,231,1,0,4,1,27.8,6534.39,84023392256,17758045184,1,0,0,0,0,0,1,2,1,1.0,Aggregate,0,15.907
DESKTOP-KQF03T0,Jashvanth,2026-06-30T09:52:36.562226,Q006_V009,Q_0074,3,0,1,0,0,0,231,1,0,4,1,22.0,6537.98,84023531520,17759867904,1,0,0,0,0,0,1,2,1,1.0,Aggregate,0,9.215
DESKTOP-KQF03T0,Jashvanth,2026-06-30T09:52:41.586452,Q006_V010,Q_0075,1,0,1,0,0,0,232,1,0,4,1,24.9,6549.25,84023531520,17760609792,1,0,0,0,0,0,1,2,1,1.0,Aggregate,0,7.902
DESKTOP-KQF03T0,Jashvanth,2026-06-30T09:52:46.623964,Q006_V010,Q_0075,2,0,1,0,0,0,232,1,0,4,1,38.0,6549.56,84023597056,17761211904,1,0,0,0,0,0,1,2,1,1.0,Aggregate,0,14.303
DESKTOP-KQF03T0,Jashvanth,2026-06-30T09:52:51.644417,Q006_V010,Q_0075,3,0,1,0,0,0,232,1,0,4,1,37.3,6547.14,84023695360,17761555968,1,0,0,0,0,0,1,2,1,1.0,Aggregate,0,8.531
DESKTOP-KQF03T0,Jashvanth,2026-06-30T09:52:56.663649,Q006_V011,Q_0076,1,0,1,0,0,0,231,1,0,4,1,21.6,6579.58,84023826432,17761928704,0,1,0,0,0,0,1,3,1,1.0,Aggregate,0,3.497
DESKTOP-KQF03T0,Jashvanth,2026-06-30T09:53:01.705597,Q006_V011,Q_0076,2,0,1,0,0,0,231,1,0,4,1,25.0,6576.55,84023973888,17762391552,0,1,0,0,0,0,1,3,1,1.0,Aggregate,0,7.909
DESKTOP-KQF03T0,Jashvanth,2026-06-30T09:53:06.738412,Q006_V011,Q_0076,3,0,1,0,0,0,231,1,0,4,1,26.6,6541.34,84024039424,17762739712,0,1,0,0,0,0,1,3,1,1.0,Aggregate,0,4.818
DESKTOP-KQF03T0,Jashvanth,2026-06-30T09:53:11.766279,Q006_V012,Q_0077,1,0,1,0,0,0,231,1,0,4,1,23.3,6556.19,84024039424,17763120640,0,1,0,0,0,0,1,3,1,1.0,Aggregate,0,4.582
DESKTOP-KQF03T0,Jashvanth,2026-06-30T09:53:16.782825,Q006_V012,Q_0077,2,0,1,0,0,0,231,1,0,4,1,24.8,6578.23,84024131584,17763689984,0,1,0,0,0,0,1,3,1,1.0,Aggregate,0,1.604
DESKTOP-KQF03T0,Jashvanth,2026-06-30T09:53:21.801631,Q006_V012,Q_0077,3,0,1,0,0,0,231,1,0,4,1,27.1,6535.05,84024369152,17764197888,0,1,0,0,0,0,1,3,1,1.0,Aggregate,0,4.107
DESKTOP-KQF03T0,Jashvanth,2026-06-30T09:53:26.814933,Q006_V013,Q_0078,1,0,1,0,0,0,231,1,0,4,1,24.7,6522.79,84024373248,17765683200,0,1,0,0,0,0,1,3,1,1.0,Aggregate,0,1.513
DESKTOP-KQF03T0,Jashvanth,2026-06-30T09:53:31.830364,Q006_V013,Q_0078,2,0,1,0,0,0,231,1,0,4,1,30.5,6522.54,84024381440,17766309888,0,1,0,0,0,0,1,3,1,1.0,Aggregate,0,1.955
DESKTOP-KQF03T0,Jashvanth,2026-06-30T09:53:36.845749,Q006_V013,Q_0078,3,0,1,0,0,0,231,1,0,4,1,21.6,6530.15,84024578048,17766662144,0,1,0,0,0,0,1,3,1,1.0,Aggregate,0,2.72
DESKTOP-KQF03T0,Jashvanth,2026-06-30T09:53:41.862085,Q006_V014,Q_0079,1,0,1,0,0,0,230,1,0,4,1,24.2,6529.2,84024578048,17767030784,0,1,0,0,0,0,1,3,1,1.0,Aggregate,0,1.453
DESKTOP-KQF03T0,Jashvanth,2026-06-30T09:53:46.875697,Q006_V014,Q_0079,2,0,1,0,0,0,230,1,0,4,1,21.2,6517.64,84024688640,17767481344,0,1,0,0,0,0,1,3,1,1.0,Aggregate,0,1.83
DESKTOP-KQF03T0,Jashvanth,2026-06-30T09:53:51.890283,Q006_V014,Q_0079,3,0,1,0,0,0,230,1,0,4,1,30.2,6520.66,84024688640,17768099840,0,1,0,0,0,0,1,3,1,1.0,Aggregate,0,2.253
DESKTOP-KQF03T0,Jashvanth,2026-06-30T09:53:56.910385,Q006_V015,Q_0080,1,0,1,0,0,0,231,1,0,4,1,34.3,6515.82,84024754176,17768550400,0,1,0,0,0,0,1,3,1,1.0,Aggregate,0,2.12
DESKTOP-KQF03T0,Jashvanth,2026-06-30T09:54:01.954383,Q006_V015,Q_0080,2,0,1,0,0,0,231,1,0,4,1,31.0,6566.49,84024754176,17768841216,0,1,0,0,0,0,1,3,1,1.0,Aggregate,0,10.261
DESKTOP-KQF03T0,Jashvanth,2026-06-30T09:54:06.983427,Q006_V015,Q_0080,3,0,1,0,0,0,231,1,0,4,1,26.6,6513.11,84024774656,17769406464,0,1,0,0,0,0,1,3,1,1.0,Aggregate,0,4.419
DESKTOP-KQF03T0,Jashvanth,2026-06-30T09:54:12.012577,Q007_V001,Q_0081,1,0,1,1,1,1,698,1,0,10,3,18.5,6528.66,84024987648,17769717760,4,2,3,2,0,1,1,16,1,4.0,Aggregate,0,4.548
DESKTOP-KQF03T0,Jashvanth,2026-06-30T09:54:17.031589,Q007_V001,Q_0081,2,0,1,1,1,1,698,1,0,10,3,20.1,6516.3,84024987648,17770070016,4,2,3,2,0,1,1,16,1,4.0,Aggregate,0,2.22
DESKTOP-KQF03T0,Jashvanth,2026-06-30T09:54:22.049349,Q007_V001,Q_0081,3,0,1,1,1,1,698,1,0,10,3,23.3,6509.09,84024987648,17770639360,4,2,3,2,0,1,1,16,1,4.0,Aggregate,0,3.166
DESKTOP-KQF03T0,Jashvanth,2026-06-30T09:54:27.066718,Q007_V002,Q_0082,1,0,1,1,1,1,699,1,0,10,3,19.0,6516.95,84025008128,17770953728,4,2,3,2,0,1,1,16,1,4.0,Aggregate,0,2.297
DESKTOP-KQF03T0,Jashvanth,2026-06-30T09:54:32.089551,Q007_V002,Q_0082,2,0,1,1,1,1,699,1,0,10,3,22.9,6519.8,84025151488,17771228160,4,2,3,2,0,1,1,16,1,4.0,Aggregate,0,6.495
DESKTOP-KQF03T0,Jashvanth,2026-06-30T09:54:37.113786,Q007_V002,Q_0082,3,0,1,1,1,1,699,1,0,10,3,27.9,6514.51,84025409536,17771838464,4,2,3,2,0,1,1,16,1,4.0,Aggregate,0,5.462
DESKTOP-KQF03T0,Jashvanth,2026-06-30T09:54:42.138272,Q007_V003,Q_0083,1,0,1,1,1,1,698,1,0,10,3,19.9,6517.76,84025409536,17772116992,4,2,3,2,0,1,1,16,1,4.0,Aggregate,0,3.877
DESKTOP-KQF03T0,Jashvanth,2026-06-30T09:54:47.168075,Q007_V003,Q_0083,2,0,1,1,1,1,698,1,0,10,3,20.6,6514.44,84025409536,17772469248,4,2,3,2,0,1,1,16,1,4.0,Aggregate,0,5.261
DESKTOP-KQF03T0,Jashvanth,2026-06-30T09:54:52.187534,Q007_V003,Q_0083,3,0,1,1,1,1,698,1,0,10,3,14.6,6519.32,84025544704,17772911616,4,2,3,2,0,1,1,16,1,4.0,Aggregate,0,2.75
DESKTOP-KQF03T0,Jashvanth,2026-06-30T09:54:57.211187,Q007_V004,Q_0084,1,0,1,1,1,1,698,1,0,10,3,33.1,6526.51,84025610240,17773317120,4,2,3,2,0,1,1,16,1,4.0,Aggregate,0,4.422
DESKTOP-KQF03T0,Jashvanth,2026-06-30T09:55:02.234040,Q007_V004,Q_0084,2,0,1,1,1,1,698,1,0,10,3,24.7,6526.65,84025610240,17773751296,4,2,3,2,0,1,1,16,1,4.0,Aggregate,0,2.614
DESKTOP-KQF03T0,Jashvanth,2026-06-30T09:55:07.255120,Q007_V004,Q_0084,3,0,1,1,1,1,698,1,0,10,3,25.7,6581.38,84025737216,17774898176,4,2,3,2,0,1,1,16,1,4.0,Aggregate,0,4.01
DESKTOP-KQF03T0,Jashvanth,2026-06-30T09:55:12.277673,Q007_V005,Q_0085,1,0,1,1,1,1,697,1,0,10,3,22.1,6542.15,84025737216,17775356928,4,2,3,2,0,1,1,16,1,4.0,Aggregate,0,4.531
DESKTOP-KQF03T0,Jashvanth,2026-06-30T09:55:17.300448,Q007_V005,Q_0085,2,0,1,1,1,1,697,1,0,10,3,22.2,6534.68,84026015744,17775803392,4,2,3,2,0,1,1,16,1,4.0,Aggregate,0,2.857
DESKTOP-KQF03T0,Jashvanth,2026-06-30T09:55:22.353683,Q007_V005,Q_0085,3,0,1,1,1,1,697,1,0,10,3,24.7,6511.7,84026036224,17776684032,4,2,3,2,0,1,1,16,1,4.0,Aggregate,0,18.11
DESKTOP-KQF03T0,Jashvanth,2026-06-30T09:55:27.393942,Q007_V006,Q_0086,1,0,1,1,1,1,696,1,0,10,3,24.8,6517.71,84026036224,17777212416,4,2,3,2,0,1,1,16,1,4.0,Aggregate,0,8.179
DESKTOP-KQF03T0,Jashvanth,2026-06-30T09:55:32.429812,Q007_V006,Q_0086,2,0,1,1,1,1,696,1,0,10,3,21.5,6522.72,84026036224,17777523712,4,2,3,2,0,1,1,16,1,4.0,Aggregate,0,5.053
DESKTOP-KQF03T0,Jashvanth,2026-06-30T09:55:37.468044,Q007_V006,Q_0086,3,0,1,1,1,1,696,1,0,10,3,20.0,6524.84,84026036224,17777826816,4,2,3,2,0,1,1,16,1,4.0,Aggregate,0,8.922
DESKTOP-KQF03T0,Jashvanth,2026-06-30T09:55:42.494552,Q007_V007,Q_0087,1,0,1,1,1,1,694,1,0,10,3,23.9,6522.73,84026036224,17778330624,4,2,3,2,0,1,1,16,1,4.0,Aggregate,0,2.723
DESKTOP-KQF03T0,Jashvanth,2026-06-30T09:55:47.519871,Q007_V007,Q_0087,2,0,1,1,1,1,694,1,0,10,3,14.5,6521.13,84026036224,17778633728,4,2,3,2,0,1,1,16,1,4.0,Aggregate,0,5.512
DESKTOP-KQF03T0,Jashvanth,2026-06-30T09:55:52.553698,Q007_V007,Q_0087,3,0,1,1,1,1,694,1,0,10,3,18.0,6524.15,84026036224,17779022848,4,2,3,2,0,1,1,16,1,4.0,Aggregate,0,7.092
DESKTOP-KQF03T0,Jashvanth,2026-06-30T09:55:57.578540,Q007_V008,Q_0088,1,0,1,1,1,1,694,1,0,10,3,39.4,6557.96,84065824768,17779837952,4,2,3,2,0,1,1,16,1,6.0,Aggregate,0,5.2
DESKTOP-KQF03T0,Jashvanth,2026-06-30T09:56:02.600733,Q007_V008,Q_0088,2,0,1,1,1,1,694,1,0,10,3,71.8,6734.5,84486937088,17781042176,4,2,3,2,0,1,1,16,1,6.0,Aggregate,0,4.017
DESKTOP-KQF03T0,Jashvanth,2026-06-30T09:56:07.621330,Q007_V008,Q_0088,3,0,1,1,1,1,694,1,0,10,3,47.3,6671.81,85000905216,17783266304,4,2,3,2,0,1,1,16,1,6.0,Aggregate,0,3.128
DESKTOP-KQF03T0,Jashvanth,2026-06-30T09:56:12.638311,Q007_V009,Q_0089,1,0,1,1,1,1,694,1,0,10,3,53.0,6628.73,85393952768,17784429568,4,2,3,2,0,1,1,16,1,8.0,Aggregate,0,2.238
DESKTOP-KQF03T0,Jashvanth,2026-06-30T09:56:17.659764,Q007_V009,Q_0089,2,0,1,1,1,1,694,1,0,10,3,39.5,6637.08,85827702784,17792203776,4,2,3,2,0,1,1,16,1,8.0,Aggregate,0,4.543
DESKTOP-KQF03T0,Jashvanth,2026-06-30T09:56:22.680928,Q007_V009,Q_0089,3,0,1,1,1,1,694,1,0,10,3,72.9,6731.4,86204323328,17793510400,4,2,3,2,0,1,1,16,1,8.0,Aggregate,0,4.092
DESKTOP-KQF03T0,Jashvanth,2026-06-30T09:56:27.701379,Q007_V010,Q_0090,1,0,1,1,1,1,694,1,0,10,3,38.5,6723.84,86614713856,17794909184,4,2,3,2,0,1,1,16,1,12.0,Aggregate,0,3.195
DESKTOP-KQF03T0,Jashvanth,2026-06-30T09:56:32.751764,Q007_V010,Q_0090,2,0,1,1,1,1,694,1,0,10,3,47.1,6867.64,86617204736,17797129216,4,2,3,2,0,1,1,16,1,12.0,Aggregate,0,18.853
DESKTOP-KQF03T0,Jashvanth,2026-06-30T09:56:37.800060,Q007_V010,Q_0090,3,0,1,1,1,1,694,1,0,10,3,20.6,6868.48,86633747968,17798894592,4,2,3,2,0,1,1,16,1,12.0,Aggregate,0,8.824
DESKTOP-KQF03T0,Jashvanth,2026-06-30T09:56:42.835147,Q008_V001,Q_0091,1,0,1,1,1,1,660,2,0,10,3,17.3,6814.51,86634042368,17825362944,4,4,2,5,0,1,1,19,1,1.0,Aggregate,0,9.549
DESKTOP-KQF03T0,Jashvanth,2026-06-30T09:56:47.884235,Q008_V001,Q_0091,2,0,1,1,1,1,660,2,0,10,3,21.8,6817.92,86634315264,17825920000,4,4,2,5,0,1,1,19,1,1.0,Aggregate,0,15.851
DESKTOP-KQF03T0,Jashvanth,2026-06-30T09:56:52.915969,Q008_V001,Q_0091,3,0,1,1,1,1,660,2,0,10,3,25.5,6806.52,86634351104,17826366464,4,4,2,5,0,1,1,19,1,1.0,Aggregate,0,10.336
DESKTOP-KQF03T0,Jashvanth,2026-06-30T09:56:57.941896,Q008_V002,Q_0092,1,0,1,1,1,1,659,2,0,10,3,24.7,6801.28,86634379776,17826825216,4,4,2,5,0,1,1,19,1,2.0,Aggregate,0,6.594
DESKTOP-KQF03T0,Jashvanth,2026-06-30T09:57:02.980083,Q008_V002,Q_0092,2,0,1,1,1,1,659,2,0,10,3,27.2,6789.21,86634569728,17827767296,4,4,2,5,0,1,1,19,1,2.0,Aggregate,0,9.902
DESKTOP-KQF03T0,Jashvanth,2026-06-30T09:57:08.007568,Q008_V002,Q_0092,3,0,1,1,1,1,659,2,0,10,3,36.0,6790.93,86634586112,17828480000,4,4,2,5,0,1,1,19,1,2.0,Aggregate,0,7.399
DESKTOP-KQF03T0,Jashvanth,2026-06-30T09:57:13.026466,Q008_V003,Q_0093,1,0,1,1,1,1,657,2,0,10,3,32.5,6788.26,86634634240,17830269952,4,4,2,5,0,1,1,19,1,3.0,Aggregate,0,5.098
DESKTOP-KQF03T0,Jashvanth,2026-06-30T09:57:18.050494,Q008_V003,Q_0093,2,0,1,1,1,1,657,2,0,10,3,31.0,6789.07,86634707968,17830810624,4,4,2,5,0,1,1,19,1,3.0,Aggregate,0,6.767
DESKTOP-KQF03T0,Jashvanth,2026-06-30T09:57:23.073199,Q008_V003,Q_0093,3,0,1,1,1,1,657,2,0,10,3,28.3,6775.29,86635195392,17831449600,4,4,2,5,0,1,1,19,1,3.0,Aggregate,0,5.513
DESKTOP-KQF03T0,Jashvanth,2026-06-30T09:57:28.093075,Q008_V004,Q_0094,1,0,1,1,1,1,664,2,0,10,3,19.5,6762.08,86635207680,17831736320,4,4,2,5,0,1,1,19,1,2.0,Aggregate,0,5.254
DESKTOP-KQF03T0,Jashvanth,2026-06-30T09:57:33.122881,Q008_V004,Q_0094,2,0,1,1,1,1,664,2,0,10,3,22.9,6767.73,86635224064,17832125440,4,4,2,5,0,1,1,19,1,2.0,Aggregate,0,10.237
DESKTOP-KQF03T0,Jashvanth,2026-06-30T09:57:38.150070,Q008_V004,Q_0094,3,0,1,1,1,1,664,2,0,10,3,23.2,6772.1,86637665280,17832330240,4,4,2,5,0,1,1,19,1,2.0,Aggregate,0,8.353
DESKTOP-KQF03T0,Jashvanth,2026-06-30T09:57:43.174327,Q008_V005,Q_0095,1,0,1,1,1,1,664,2,0,10,3,28.6,6760.82,86637669376,17833410048,4,4,2,5,0,1,1,19,1,3.0,Aggregate,0,7.327
DESKTOP-KQF03T0,Jashvanth,2026-06-30T09:57:48.198207,Q008_V005,Q_0095,2,0,1,1,1,1,664,2,0,10,3,21.1,6768.46,86637685760,17833737728,4,4,2,5,0,1,1,19,1,3.0,Aggregate,0,7.497
DESKTOP-KQF03T0,Jashvanth,2026-06-30T09:57:53.219938,Q008_V005,Q_0095,3,0,1,1,1,1,664,2,0,10,3,21.9,6769.18,86637747200,17834061312,4,4,2,5,0,1,1,19,1,3.0,Aggregate,0,7.312
DESKTOP-KQF03T0,Jashvanth,2026-06-30T09:57:58.240587,Q008_V006,Q_0096,1,0,1,1,1,1,664,2,0,10,3,20.8,6747.98,86638300160,17834581504,3,5,2,5,0,1,1,19,1,2.0,Aggregate,0,6.824
DESKTOP-KQF03T0,Jashvanth,2026-06-30T09:58:03.283337,Q008_V006,Q_0096,2,0,1,1,1,1,664,2,0,10,3,20.6,6763.63,86638308352,17835052544,3,5,2,5,0,1,1,19,1,2.0,Aggregate,0,13.055
DESKTOP-KQF03T0,Jashvanth,2026-06-30T09:58:08.324054,Q008_V006,Q_0096,3,0,1,1,1,1,664,2,0,10,3,27.4,6800.81,86638331392,17835400704,3,5,2,5,0,1,1,19,1,2.0,Aggregate,0,16.636
DESKTOP-KQF03T0,Jashvanth,2026-06-30T09:58:13.344799,Q008_V007,Q_0097,1,0,1,1,1,1,664,2,0,10,3,33.8,6793.58,86643025920,17835793920,0,8,0,7,0,1,1,17,1,0.0,Aggregate,0,0.025
DESKTOP-KQF03T0,Jashvanth,2026-06-30T09:58:18.363239,Q008_V007,Q_0097,2,0,1,1,1,1,664,2,0,10,3,29.4,6675.67,86643034112,17836334592,0,8,0,7,0,1,1,17,1,0.0,Aggregate,0,0.013
DESKTOP-KQF03T0,Jashvanth,2026-06-30T09:58:23.383455,Q008_V007,Q_0097,3,0,1,1,1,1,664,2,0,10,3,32.0,6667.77,86643374080,17836846592,0,8,0,7,0,1,1,17,1,0.0,Aggregate,0,0.024
DESKTOP-KQF03T0,Jashvanth,2026-06-30T09:58:28.407132,Q008_V008,Q_0098,1,0,1,1,1,1,669,2,0,10,3,31.0,6650.29,86653878784,17838567424,4,4,2,5,0,1,1,19,1,0.0,Aggregate,0,0.328
DESKTOP-KQF03T0,Jashvanth,2026-06-30T09:58:33.432894,Q008_V008,Q_0098,2,0,1,1,1,1,669,2,0,10,3,24.7,6643.19,86654248448,17839112192,4,4,2,5,0,1,1,19,1,0.0,Aggregate,0,0.29
DESKTOP-KQF03T0,Jashvanth,2026-06-30T09:58:38.453364,Q008_V008,Q_0098,3,0,1,1,1,1,669,2,0,10,3,25.1,6651.37,86654486016,17839419392,4,4,2,5,0,1,1,19,1,0.0,Aggregate,0,0.223
DESKTOP-KQF03T0,Jashvanth,2026-06-30T09:58:43.490420,Q008_V009,Q_0099,1,0,1,1,1,1,665,2,0,10,3,26.2,6650.84,86654498304,17839767552,4,4,3,4,0,1,1,20,1,6.0,Aggregate,0,10.934
DESKTOP-KQF03T0,Jashvanth,2026-06-30T09:58:48.547400,Q008_V009,Q_0099,2,0,1,1,1,1,665,2,0,10,3,29.2,6651.31,86654506496,17840185344,4,4,3,4,0,1,1,20,1,6.0,Aggregate,0,23.2
DESKTOP-KQF03T0,Jashvanth,2026-06-30T09:58:53.592953,Q008_V009,Q_0099,3,0,1,1,1,1,665,2,0,10,3,26.9,6652.02,86654699008,17840578560,4,4,3,4,0,1,1,20,1,6.0,Aggregate,0,10.603
DESKTOP-KQF03T0,Jashvanth,2026-06-30T10:05:06.178067,Q008_V010,Q_0100,1,0,1,1,1,1,663,2,0,10,3,80.6,6986.82,87282220032,17913809408,4,4,3,4,0,1,1,20,1,6.0,Aggregate,0,9.492
DESKTOP-KQF03T0,Jashvanth,2026-06-30T10:05:11.238478,Q008_V010,Q_0100,2,0,1,1,1,1,663,2,0,10,3,64.1,7042.53,87284261888,17914423808,4,4,3,4,0,1,1,20,1,6.0,Aggregate,0,13.846
DESKTOP-KQF03T0,Jashvanth,2026-06-30T10:05:16.300605,Q008_V010,Q_0100,3,0,1,1,1,1,663,2,0,10,3,58.4,6908.75,87285101568,17994496512,4,4,3,4,0,1,1,20,1,6.0,Aggregate,0,24.591
DESKTOP-KQF03T0,Jashvanth,2026-06-30T10:05:21.338936,Q009_V001,Q_0101,1,0,1,1,1,1,505,1,0,6,3,23.5,6890.11,87285830656,17995602432,3,3,2,3,0,1,1,15,8,9.0,Aggregate,0,14.376
DESKTOP-KQF03T0,Jashvanth,2026-06-30T10:05:26.363245,Q009_V001,Q_0101,2,0,1,1,1,1,505,1,0,6,3,23.7,6875.23,87285842944,17996659200,3,3,2,3,0,1,1,15,8,9.0,Aggregate,0,6.409
DESKTOP-KQF03T0,Jashvanth,2026-06-30T10:05:31.388372,Q009_V001,Q_0101,3,0,1,1,1,1,505,1,0,6,3,22.3,6860.69,87285974016,17997371904,3,3,2,3,0,1,1,15,8,9.0,Aggregate,0,5.449
DESKTOP-KQF03T0,Jashvanth,2026-06-30T10:05:36.445137,Q009_V002,Q_0102,1,0,1,1,1,1,505,1,0,6,3,30.6,6861.63,87286146048,17997687296,3,3,2,3,0,1,1,15,7,6.0,Aggregate,0,21.154
DESKTOP-KQF03T0,Jashvanth,2026-06-30T10:05:41.479514,Q009_V002,Q_0102,2,0,1,1,1,1,505,1,0,6,3,28.3,6870.5,87286146048,17997842944,3,3,2,3,0,1,1,15,7,6.0,Aggregate,0,11.48
DESKTOP-KQF03T0,Jashvanth,2026-06-30T10:05:46.499927,Q009_V002,Q_0102,3,0,1,1,1,1,505,1,0,6,3,24.5,6874.8,87286146048,17997998592,3,3,2,3,0,1,1,15,7,6.0,Aggregate,0,4.357
DESKTOP-KQF03T0,Jashvanth,2026-06-30T10:05:51.524163,Q009_V003,Q_0103,1,0,1,1,1,1,505,1,0,6,3,20.0,6879.01,87286166528,17998526976,3,3,2,3,0,1,1,15,8,11.0,Aggregate,0,7.891
DESKTOP-KQF03T0,Jashvanth,2026-06-30T10:05:56.549280,Q009_V003,Q_0103,2,0,1,1,1,1,505,1,0,6,3,31.4,6855.43,87286166528,17998735872,3,3,2,3,0,1,1,15,8,11.0,Aggregate,0,6.422
DESKTOP-KQF03T0,Jashvanth,2026-06-30T10:06:01.574799,Q009_V003,Q_0103,3,0,1,1,1,1,505,1,0,6,3,29.1,6844.56,87286166528,17998903808,3,3,2,3,0,1,1,15,8,11.0,Aggregate,0,8.086
DESKTOP-KQF03T0,Jashvanth,2026-06-30T10:06:06.615838,Q009_V004,Q_0104,1,0,1,1,1,1,505,1,0,6,3,26.9,6832.59,87286289408,17999460864,3,3,2,3,0,1,1,15,12,9.0,Aggregate,0,14.164
DESKTOP-KQF03T0,Jashvanth,2026-06-30T10:06:11.638877,Q009_V004,Q_0104,2,0,1,1,1,1,505,1,0,6,3,29.4,6834.21,87286367232,18000013824,3,3,2,3,0,1,1,15,12,9.0,Aggregate,0,5.36
DESKTOP-KQF03T0,Jashvanth,2026-06-30T10:06:16.665991,Q009_V004,Q_0104,3,0,1,1,1,1,505,1,0,6,3,18.0,6837.86,87286661120,18000423424,3,3,2,3,0,1,1,15,12,9.0,Aggregate,0,7.771
DESKTOP-KQF03T0,Jashvanth,2026-06-30T10:06:21.690028,Q009_V005,Q_0105,1,0,1,1,1,1,504,1,0,6,3,17.6,6824.28,87286778368,18001512960,3,3,2,3,0,1,1,15,12,9.0,Aggregate,0,7.116
DESKTOP-KQF03T0,Jashvanth,2026-06-30T10:06:26.722513,Q009_V005,Q_0105,2,0,1,1,1,1,504,1,0,6,3,21.5,6835.5,87286791680,18003798528,3,3,2,3,0,1,1,15,12,9.0,Aggregate,0,8.887
DESKTOP-KQF03T0,Jashvanth,2026-06-30T10:06:31.750698,Q009_V005,Q_0105,3,0,1,1,1,1,504,1,0,6,3,21.9,6875.46,87286881792,18005103104,3,3,2,3,0,1,1,15,12,9.0,Aggregate,0,8.646
DESKTOP-KQF03T0,Jashvanth,2026-06-30T10:06:36.787971,Q009_V006,Q_0106,1,0,1,1,1,1,504,1,0,6,3,23.1,6881.69,87287365120,18005582336,3,3,2,3,0,1,1,15,12,9.0,Aggregate,0,9.915
DESKTOP-KQF03T0,Jashvanth,2026-06-30T10:06:41.812565,Q009_V006,Q_0106,2,0,1,1,1,1,504,1,0,6,3,16.7,6853.59,87287442944,18006114816,3,3,2,3,0,1,1,15,12,9.0,Aggregate,0,6.764
DESKTOP-KQF03T0,Jashvanth,2026-06-30T10:06:46.845339,Q009_V006,Q_0106,3,0,1,1,1,1,504,1,0,6,3,25.6,6852.37,87288208896,18006364672,3,3,2,3,0,1,1,15,12,9.0,Aggregate,0,11.659
DESKTOP-KQF03T0,Jashvanth,2026-06-30T10:06:51.889032,Q009_V007,Q_0107,1,0,1,1,1,1,505,1,0,6,3,26.2,6844.14,87288282624,18006876672,3,3,2,3,0,1,1,15,12,9.0,Aggregate,0,11.32
DESKTOP-KQF03T0,Jashvanth,2026-06-30T10:06:56.920462,Q009_V007,Q_0107,2,0,1,1,1,1,505,1,0,6,3,19.6,6843.84,87288594944,18007691776,3,3,2,3,0,1,1,15,12,9.0,Aggregate,0,11.275
DESKTOP-KQF03T0,Jashvanth,2026-06-30T10:07:01.958757,Q009_V007,Q_0107,3,0,1,1,1,1,505,1,0,6,3,29.6,6844.41,87288996352,18007921152,3,3,2,3,0,1,1,15,12,9.0,Aggregate,0,13.106
DESKTOP-KQF03T0,Jashvanth,2026-06-30T10:07:06.996504,Q009_V008,Q_0108,1,0,1,1,1,1,509,1,0,6,3,37.1,6848.11,87289070080,18008441344,3,3,2,3,0,2,1,16,8,9.0,Sort,0,12.509
DESKTOP-KQF03T0,Jashvanth,2026-06-30T10:07:12.029270,Q009_V008,Q_0108,2,0,1,1,1,1,509,1,0,6,3,33.6,6817.22,87289090560,18010505728,3,3,2,3,0,2,1,16,8,9.0,Sort,0,9.929
DESKTOP-KQF03T0,Jashvanth,2026-06-30T10:07:17.053673,Q009_V008,Q_0108,3,0,1,1,1,1,509,1,0,6,3,28.5,6794.33,87289098752,18010735104,3,3,2,3,0,2,1,16,8,9.0,Sort,0,5.683
DESKTOP-KQF03T0,Jashvanth,2026-06-30T10:07:22.073533,Q009_V009,Q_0109,1,0,1,1,1,1,508,1,0,6,3,26.0,6780.62,87289197056,18011456000,3,3,2,3,0,2,1,16,8,9.0,Sort,0,4.421
DESKTOP-KQF03T0,Jashvanth,2026-06-30T10:07:27.105812,Q009_V009,Q_0109,2,0,1,1,1,1,508,1,0,6,3,27.6,6787.88,87289197056,18012201472,3,3,2,3,0,2,1,16,8,9.0,Sort,0,13.133
DESKTOP-KQF03T0,Jashvanth,2026-06-30T10:07:32.137153,Q009_V009,Q_0109,3,0,1,1,1,1,508,1,0,6,3,19.6,6796.07,87289209344,18012639744,3,3,2,3,0,2,1,16,8,9.0,Sort,0,8.335
DESKTOP-KQF03T0,Jashvanth,2026-06-30T10:07:37.163525,Q009_V010,Q_0110,1,0,1,1,1,1,508,1,0,6,3,22.8,6834.54,87289553408,18012869120,3,3,2,3,0,2,1,16,8,9.0,Sort,0,7.705
DESKTOP-KQF03T0,Jashvanth,2026-06-30T10:07:42.191440,Q009_V010,Q_0110,2,0,1,1,1,1,508,1,0,6,3,22.0,6811.14,87289557504,18013686784,3,3,2,3,0,2,1,16,8,9.0,Sort,0,8.9
DESKTOP-KQF03T0,Jashvanth,2026-06-30T10:07:47.214163,Q009_V010,Q_0110,3,0,1,1,1,1,508,1,0,6,3,22.8,6807.0,87289569792,18014075904,3,3,2,3,0,2,1,16,8,9.0,Sort,0,4.113
DESKTOP-KQF03T0,Jashvanth,2026-06-30T10:07:52.248632,Q010_V001,Q_0111,1,0,1,1,1,0,470,1,0,5,1,21.9,6808.91,87289594368,18014321664,2,2,2,1,0,1,1,13,271,137.0,Sort,0,12.991
DESKTOP-KQF03T0,Jashvanth,2026-06-30T10:07:57.290253,Q010_V001,Q_0111,2,0,1,1,1,0,470,1,0,5,1,18.5,6811.05,87289598464,18014882816,2,2,2,1,0,1,1,13,271,137.0,Sort,0,17.937
DESKTOP-KQF03T0,Jashvanth,2026-06-30T10:08:02.319110,Q010_V001,Q_0111,3,0,1,1,1,0,470,1,0,5,1,19.4,6810.4,87289602560,18015304704,2,2,2,1,0,1,1,13,271,137.0,Sort,0,9.508
DESKTOP-KQF03T0,Jashvanth,2026-06-30T10:08:07.344606,Q010_V002,Q_0112,1,0,1,1,1,0,470,1,0,5,1,29.4,6806.48,87289807360,18015595520,3,1,3,0,0,1,1,13,1097,521.0,Sort,0,9.375
DESKTOP-KQF03T0,Jashvanth,2026-06-30T10:08:12.373076,Q010_V002,Q_0112,2,0,1,1,1,0,470,1,0,5,1,33.3,6821.02,87290159616,18016140288,3,1,3,0,0,1,1,13,1097,521.0,Sort,0,9.883
DESKTOP-KQF03T0,Jashvanth,2026-06-30T10:08:17.430787,Q010_V002,Q_0112,3,0,1,1,1,0,470,1,0,5,1,29.2,6818.6,87290229248,18016582656,3,1,3,0,0,1,1,13,1097,521.0,Sort,0,23.162
DESKTOP-KQF03T0,Jashvanth,2026-06-30T10:08:22.453791,Q010_V003,Q_0113,1,0,1,1,1,0,470,1,0,5,1,33.4,6791.41,87290302976,18016934912,1,3,1,2,0,2,1,12,33,0.0,Sort,0,0.095
DESKTOP-KQF03T0,Jashvanth,2026-06-30T10:08:27.473413,Q010_V003,Q_0113,2,0,1,1,1,0,470,1,0,5,1,24.1,6796.99,87290376704,18017757696,1,3,1,2,0,2,1,12,33,0.0,Sort,0,0.048
DESKTOP-KQF03T0,Jashvanth,2026-06-30T10:08:32.501025,Q010_V003,Q_0113,3,0,1,1,1,0,470,1,0,5,1,27.0,6767.12,87298472960,18018675712,1,3,1,2,0,2,1,12,33,0.0,Sort,0,0.033
DESKTOP-KQF03T0,Jashvanth,2026-06-30T10:08:37.542175,Q010_V004,Q_0114,1,0,1,1,1,0,470,1,0,5,1,21.6,6811.4,87298509824,18018937856,4,0,3,0,0,1,1,12,6647,1679.0,Sort,0,22.143
DESKTOP-KQF03T0,Jashvanth,2026-06-30T10:08:42.585341,Q010_V004,Q_0114,2,0,1,1,1,0,470,1,0,5,1,19.8,6812.21,87298518016,18020277248,4,0,3,0,0,1,1,12,6647,1679.0,Sort,0,28.043
DESKTOP-KQF03T0,Jashvanth,2026-06-30T10:08:47.624094,Q010_V004,Q_0114,3,0,1,1,1,0,470,1,0,5,1,24.6,6774.44,87298522112,18020600832,4,0,3,0,0,1,1,12,6647,1679.0,Sort,0,24.875
DESKTOP-KQF03T0,Jashvanth,2026-06-30T10:08:52.635795,Q010_V005,Q_0115,1,0,1,1,1,0,470,1,0,5,1,27.6,6775.32,87298599936,18021051392,0,4,0,3,0,2,1,10,1,0.0,Sort,0,0.027
DESKTOP-KQF03T0,Jashvanth,2026-06-30T10:08:57.656418,Q010_V005,Q_0115,2,0,1,1,1,0,470,1,0,5,1,27.4,6746.07,87298599936,18021440512,0,4,0,3,0,2,1,10,1,0.0,Sort,0,0.03
DESKTOP-KQF03T0,Jashvanth,2026-06-30T10:09:02.675693,Q010_V005,Q_0115,3,0,1,1,1,0,470,1,0,5,1,20.2,6747.45,87298669568,18021833728,0,4,0,3,0,2,1,10,1,0.0,Sort,0,0.018
DESKTOP-KQF03T0,Jashvanth,2026-06-30T10:09:07.720386,Q010_V006,Q_0116,1,0,1,1,1,0,470,1,0,5,1,17.0,6743.5,87298677760,18022370304,4,0,3,0,0,1,1,12,3351,1196.0,Sort,0,24.593
DESKTOP-KQF03T0,Jashvanth,2026-06-30T10:09:12.765999,Q010_V006,Q_0116,2,0,1,1,1,0,470,1,0,5,1,20.9,6699.4,87298685952,18022599680,4,0,3,0,0,1,1,12,3351,1196.0,Sort,0,27.951
DESKTOP-KQF03T0,Jashvanth,2026-06-30T10:09:17.805770,Q010_V006,Q_0116,3,0,1,1,1,0,470,1,0,5,1,31.6,6698.87,87298690048,18023054336,4,0,3,0,0,1,1,12,3351,1196.0,Sort,0,22.92
DESKTOP-KQF03T0,Jashvanth,2026-06-30T10:09:22.861946,Q010_V007,Q_0117,1,0,1,1,1,0,470,1,0,5,1,28.9,6667.89,87298694144,18023660544,4,0,3,0,0,1,1,12,6647,1679.0,Sort,0,35.602
DESKTOP-KQF03T0,Jashvanth,2026-06-30T10:09:27.903433,Q010_V007,Q_0117,2,0,1,1,1,0,470,1,0,5,1,32.1,6669.59,87298694144,18023914496,4,0,3,0,0,1,1,12,6647,1679.0,Sort,0,22.259
DESKTOP-KQF03T0,Jashvanth,2026-06-30T10:09:32.948109,Q010_V007,Q_0117,3,0,1,1,1,0,470,1,0,5,1,28.2,6692.34,87314855424,18026094592,4,0,3,0,0,1,1,12,6647,1679.0,Sort,0,30.193
DESKTOP-KQF03T0,Jashvanth,2026-06-30T10:09:37.985382,Q010_V008,Q_0118,1,0,1,1,1,0,470,1,0,5,1,25.5,6705.65,87316305408,18028974080,4,0,3,0,0,1,1,12,6647,1679.0,Sort,0,22.391
DESKTOP-KQF03T0,Jashvanth,2026-06-30T10:09:43.022710,Q010_V008,Q_0118,2,0,1,1,1,0,470,1,0,5,1,20.6,6757.3,87316313600,18029211648,4,0,3,0,0,1,1,12,6647,1679.0,Sort,0,23.984
DESKTOP-KQF03T0,Jashvanth,2026-06-30T10:09:48.077291,Q010_V008,Q_0118,3,0,1,1,1,0,470,1,0,5,1,20.2,6710.83,87316338176,18029719552,4,0,3,0,0,1,1,12,6647,1679.0,Sort,0,30.985
DESKTOP-KQF03T0,Jashvanth,2026-06-30T10:09:53.145537,Q010_V009,Q_0119,1,0,1,1,1,0,471,1,0,5,1,24.3,6715.19,87316366848,18030108672,4,0,3,0,0,1,1,12,6647,1679.0,Sort,0,41.367
DESKTOP-KQF03T0,Jashvanth,2026-06-30T10:09:58.197516,Q010_V009,Q_0119,2,0,1,1,1,0,471,1,0,5,1,22.5,6720.02,87316436480,18030587904,4,0,3,0,0,1,1,12,6647,1679.0,Sort,0,35.552
DESKTOP-KQF03T0,Jashvanth,2026-06-30T10:10:03.263763,Q010_V009,Q_0119,3,0,1,1,1,0,471,1,0,5,1,19.6,6732.52,87316448768,18030796800,4,0,3,0,0,1,1,12,6647,1679.0,Sort,0,46.651
DESKTOP-KQF03T0,Jashvanth,2026-06-30T10:10:08.326056,Q010_V010,Q_0120,1,0,1,1,1,0,471,1,0,5,1,19.3,6719.28,87316993536,18031443968,4,0,3,0,0,1,1,12,6647,1679.0,Sort,0,33.517
DESKTOP-KQF03T0,Jashvanth,2026-06-30T10:10:13.364915,Q010_V010,Q_0120,2,0,1,1,1,0,471,1,0,5,1,22.8,6711.72,87318654976,18031874048,4,0,3,0,0,1,1,12,6647,1679.0,Sort,0,23.906
DESKTOP-KQF03T0,Jashvanth,2026-06-30T10:10:18.397178,Q010_V010,Q_0120,3,0,1,1,1,0,471,1,0,5,1,19.4,6712.93,87318749184,18032410624,4,0,3,0,0,1,1,12,6647,1679.0,Sort,0,18.108
DESKTOP-KQF03T0,Jashvanth,2026-06-30T10:10:23.433833,Q010_V011,Q_0121,1,0,1,1,1,0,471,1,0,5,1,41.8,6729.22,87322205696,18032992256,4,0,3,0,0,1,1,12,6855,1688.0,Sort,0,23.497
DESKTOP-KQF03T0,Jashvanth,2026-06-30T10:10:28.480905,Q010_V011,Q_0121,2,0,1,1,1,0,471,1,0,5,1,42.6,6732.22,87322209792,18034101760,4,0,3,0,0,1,1,12,6855,1688.0,Sort,0,29.5
DESKTOP-KQF03T0,Jashvanth,2026-06-30T10:10:33.515926,Q010_V011,Q_0121,3,0,1,1,1,0,471,1,0,5,1,56.1,6748.3,87322350080,18034356736,4,0,3,0,0,1,1,12,6855,1688.0,Sort,0,20.733
DESKTOP-KQF03T0,Jashvanth,2026-06-30T10:10:38.561610,Q010_V012,Q_0122,1,0,1,1,1,0,470,1,0,5,1,44.1,6725.88,87322355200,18034808320,4,0,3,0,0,1,1,12,6855,1688.0,Sort,0,30.281
DESKTOP-KQF03T0,Jashvanth,2026-06-30T10:10:43.593892,Q010_V012,Q_0122,2,0,1,1,1,0,470,1,0,5,1,42.0,6745.46,87322580480,18035332608,4,0,3,0,0,1,1,12,6855,1688.0,Sort,0,18.494
DESKTOP-KQF03T0,Jashvanth,2026-06-30T10:10:48.633665,Q010_V012,Q_0122,3,0,1,1,1,0,470,1,0,5,1,40.8,6738.66,87322633728,18035635712,4,0,3,0,0,1,1,12,6855,1688.0,Sort,0,25.566
DESKTOP-KQF03T0,Jashvanth,2026-06-30T10:10:53.689279,Q010_V013,Q_0123,1,0,1,1,1,0,469,1,0,5,1,40.6,6746.26,87322637824,18036106752,4,0,3,0,0,1,1,12,6855,1688.0,Sort,0,38.314
DESKTOP-KQF03T0,Jashvanth,2026-06-30T10:10:58.736387,Q010_V013,Q_0123,2,0,1,1,1,0,469,1,0,5,1,64.7,6969.73,87323596288,18038011392,4,0,3,0,0,1,1,12,6855,1688.0,Sort,0,30.001
DESKTOP-KQF03T0,Jashvanth,2026-06-30T10:11:03.798209,Q010_V013,Q_0123,3,0,1,1,1,0,469,1,0,5,1,52.3,6949.37,87323966464,18039551488,4,0,3,0,0,1,1,12,6855,1688.0,Sort,0,44.597
DESKTOP-KQF03T0,Jashvanth,2026-06-30T10:11:08.859283,Q010_V014,Q_0124,1,0,1,1,1,0,472,1,0,5,1,59.9,6858.79,87323991040,18039952896,4,0,3,0,0,1,1,12,6855,1688.0,Aggregate,0,40.517
DESKTOP-KQF03T0,Jashvanth,2026-06-30T10:11:13.926175,Q010_V014,Q_0124,2,0,1,1,1,0,472,1,0,5,1,48.8,6847.53,87324486656,18041218560,4,0,3,0,0,1,1,12,6855,1688.0,Aggregate,0,46.229
DESKTOP-KQF03T0,Jashvanth,2026-06-30T10:11:18.986394,Q010_V014,Q_0124,3,0,1,1,1,0,472,1,0,5,1,25.7,6883.22,87325153280,18041931264,4,0,3,0,0,1,1,12,6855,1688.0,Aggregate,0,39.808
DESKTOP-KQF03T0,Jashvanth,2026-06-30T10:11:24.052132,Q010_V015,Q_0125,1,0,1,1,1,0,469,1,0,5,1,24.9,6855.56,87325172224,18042287616,4,0,3,0,0,1,1,12,6855,1688.0,Sort,0,43.648
DESKTOP-KQF03T0,Jashvanth,2026-06-30T10:11:29.127400,Q010_V015,Q_0125,2,0,1,1,1,0,469,1,0,5,1,36.0,6830.7,87325282816,18044163584,4,0,3,0,0,1,1,12,6855,1688.0,Sort,0,57.186
DESKTOP-KQF03T0,Jashvanth,2026-06-30T10:11:34.174462,Q010_V015,Q_0125,3,0,1,1,1,0,469,1,0,5,1,24.7,6822.03,87326003712,18045228544,4,0,3,0,0,1,1,12,6855,1688.0,Sort,0,30.601
DESKTOP-KQF03T0,Jashvanth,2026-06-30T10:11:39.208308,Q011_V001,Q_0126,1,0,2,1,1,1,424,3,0,4,2,33.0,6834.1,87326110208,18046006784,2,4,0,4,0,2,2,16,8,172.0,Sort,0,18.023
DESKTOP-KQF03T0,Jashvanth,2026-06-30T10:11:44.239926,Q011_V001,Q_0126,2,0,2,1,1,1,424,3,0,4,2,29.6,6828.09,87326114304,18046416384,2,4,0,4,0,2,2,16,8,172.0,Sort,0,9.693
DESKTOP-KQF03T0,Jashvanth,2026-06-30T10:11:49.275552,Q011_V001,Q_0126,3,0,2,1,1,1,424,3,0,4,2,25.2,6801.23,87326458368,18046948864,2,4,0,4,0,2,2,16,8,172.0,Sort,0,12.323
DESKTOP-KQF03T0,Jashvanth,2026-06-30T10:11:54.301058,Q011_V002,Q_0127,1,0,2,1,1,1,424,3,0,4,2,26.3,6805.12,87326507520,18047247872,2,4,0,4,0,2,2,16,8,157.0,Sort,0,9.112
DESKTOP-KQF03T0,Jashvanth,2026-06-30T10:11:59.324923,Q011_V002,Q_0127,2,0,2,1,1,1,424,3,0,4,2,20.7,6803.81,87326577152,18047698432,2,4,0,4,0,2,2,16,8,157.0,Sort,0,7.44
DESKTOP-KQF03T0,Jashvanth,2026-06-30T10:12:04.344983,Q011_V002,Q_0127,3,0,2,1,1,1,424,3,0,4,2,26.4,6754.97,87326757376,18101716480,2,4,0,4,0,2,2,16,8,157.0,Sort,0,7.304
DESKTOP-KQF03T0,Jashvanth,2026-06-30T10:12:09.368424,Q011_V003,Q_0128,1,0,2,1,1,1,426,3,0,4,2,23.0,6738.25,87326765568,18102294016,2,4,0,4,0,2,2,16,8,121.0,Sort,0,8.164
DESKTOP-KQF03T0,Jashvanth,2026-06-30T10:12:14.388973,Q011_V003,Q_0128,2,0,2,1,1,1,426,3,0,4,2,20.0,6738.84,87326802432,18102588928,2,4,0,4,0,2,2,16,8,121.0,Sort,0,5.7
DESKTOP-KQF03T0,Jashvanth,2026-06-30T10:12:19.414634,Q011_V003,Q_0128,3,0,2,1,1,1,426,3,0,4,2,19.2,6741.42,87326806528,18103019008,2,4,0,4,0,2,2,16,8,121.0,Sort,0,9.819
DESKTOP-KQF03T0,Jashvanth,2026-06-30T10:12:24.441170,Q011_V004,Q_0129,1,0,2,1,1,1,423,3,0,4,2,28.5,6721.41,87326863872,18103784960,2,4,0,4,0,2,2,16,8,128.0,Sort,0,10.736
DESKTOP-KQF03T0,Jashvanth,2026-06-30T10:12:29.477025,Q011_V004,Q_0129,2,0,2,1,1,1,423,3,0,4,2,24.8,6726.82,87326863872,18104038400,2,4,0,4,0,2,2,16,8,128.0,Sort,0,16.584
DESKTOP-KQF03T0,Jashvanth,2026-06-30T10:12:34.502566,Q011_V004,Q_0129,3,0,2,1,1,1,423,3,0,4,2,37.5,6734.76,87327068672,18104390656,2,4,0,4,0,2,2,16,8,128.0,Sort,0,9.789
DESKTOP-KQF03T0,Jashvanth,2026-06-30T10:12:39.531302,Q011_V005,Q_0130,1,0,2,1,1,1,422,3,0,4,2,28.2,6755.69,87327540736,18105054208,2,4,0,4,0,2,2,16,8,129.0,Sort,0,11.945
DESKTOP-KQF03T0,Jashvanth,2026-06-30T10:12:44.586687,Q011_V005,Q_0130,2,0,2,1,1,1,422,3,0,4,2,40.8,6743.83,87327925760,18105964032,2,4,0,4,0,2,2,16,8,129.0,Sort,0,19.72
DESKTOP-KQF03T0,Jashvanth,2026-06-30T10:12:49.648503,Q011_V005,Q_0130,3,0,2,1,1,1,422,3,0,4,2,29.5,6734.79,87328024064,18106426880,2,4,0,4,0,2,2,16,8,129.0,Sort,0,31.133
DESKTOP-KQF03T0,Jashvanth,2026-06-30T10:12:54.683392,Q011_V006,Q_0131,1,0,2,1,1,1,425,3,0,4,2,25.5,6713.45,87328163328,18107147776,2,4,0,4,0,2,2,16,8,129.0,Sort,0,11.897
DESKTOP-KQF03T0,Jashvanth,2026-06-30T10:12:59.704908,Q011_V006,Q_0131,2,0,2,1,1,1,425,3,0,4,2,19.7,6718.58,87328192000,18107500032,2,4,0,4,0,2,2,16,8,129.0,Sort,0,5.98
DESKTOP-KQF03T0,Jashvanth,2026-06-30T10:13:04.736569,Q011_V006,Q_0131,3,0,2,1,1,1,425,3,0,4,2,18.6,6728.84,87328196096,18107733504,2,4,0,4,0,2,2,16,8,129.0,Sort,0,12.85
DESKTOP-KQF03T0,Jashvanth,2026-06-30T10:13:09.756142,Q011_V007,Q_0132,1,0,2,1,1,1,424,3,0,4,2,26.6,6769.09,87328237056,18108360192,2,4,0,4,0,2,2,16,8,129.0,Sort,0,6.176
DESKTOP-KQF03T0,Jashvanth,2026-06-30T10:13:14.784925,Q011_V007,Q_0132,2,0,2,1,1,1,424,3,0,4,2,31.4,6757.24,87328306688,18108954112,2,4,0,4,0,2,2,16,8,129.0,Sort,0,8.444
DESKTOP-KQF03T0,Jashvanth,2026-06-30T10:13:19.804102,Q011_V007,Q_0132,3,0,2,1,1,1,424,3,0,4,2,26.2,6757.77,87328380416,18110526976,2,4,0,4,0,2,2,16,8,129.0,Sort,0,6.131
DESKTOP-KQF03T0,Jashvanth,2026-06-30T10:13:24.825078,Q011_V008,Q_0133,1,0,2,1,1,1,421,3,0,4,2,18.0,6747.2,87328394240,18111202816,2,4,0,4,0,2,2,16,8,128.0,Sort,0,6.711
DESKTOP-KQF03T0,Jashvanth,2026-06-30T10:13:29.851264,Q011_V008,Q_0133,2,0,2,1,1,1,421,3,0,4,2,26.8,6755.22,87328488448,18112331776,2,4,0,4,0,2,2,16,8,128.0,Sort,0,10.346
DESKTOP-KQF03T0,Jashvanth,2026-06-30T10:13:34.888959,Q011_V008,Q_0133,3,0,2,1,1,1,421,3,0,4,2,27.7,6756.31,87328488448,18112557056,2,4,0,4,0,2,2,16,8,128.0,Sort,0,14.475
DESKTOP-KQF03T0,Jashvanth,2026-06-30T10:13:41.995273,Q011_V009,Q_0134,1,0,2,1,1,1,420,3,0,4,2,36.7,6735.98,87328650240,18113187840,3,4,0,4,0,2,2,19,8,0.0,Sort,0,2083.663
DESKTOP-KQF03T0,Jashvanth,2026-06-30T10:13:49.218486,Q011_V009,Q_0134,2,0,2,1,1,1,420,3,0,4,2,34.7,6736.93,87328691200,18113650688,3,4,0,4,0,2,2,19,8,0.0,Sort,0,2209.465
DESKTOP-KQF03T0,Jashvanth,2026-06-30T10:13:56.768883,Q011_V009,Q_0134,3,0,2,1,1,1,420,3,0,4,2,37.8,6976.97,87334205440,18114764800,3,4,0,4,0,2,2,19,8,0.0,Sort,0,2531.897
DESKTOP-KQF03T0,Jashvanth,2026-06-30T10:14:01.794118,Q011_V010,Q_0135,1,0,2,1,1,1,420,3,0,4,2,31.8,7006.58,87334361088,18116198400,2,4,0,4,0,2,2,16,8,129.0,Sort,0,6.909
DESKTOP-KQF03T0,Jashvanth,2026-06-30T10:14:06.829382,Q011_V010,Q_0135,2,0,2,1,1,1,420,3,0,4,2,33.8,6852.95,87334381056,18116755456,2,4,0,4,0,2,2,16,8,129.0,Sort,0,11.437
DESKTOP-KQF03T0,Jashvanth,2026-06-30T10:14:11.881105,Q011_V010,Q_0135,3,0,2,1,1,1,420,3,0,4,2,28.9,6854.15,87334499840,18117144576,2,4,0,4,0,2,2,16,8,129.0,Sort,0,23.913
DESKTOP-KQF03T0,Jashvanth,2026-06-30T10:14:16.923817,Q012_V001,Q_0136,1,0,1,1,1,0,532,2,0,7,1,28.0,6855.71,87334757888,18117656576,2,0,1,0,0,1,1,6,7,2.0,Aggregate,0,8.48
DESKTOP-KQF03T0,Jashvanth,2026-06-30T10:14:21.951675,Q012_V001,Q_0136,2,0,1,1,1,0,532,2,0,7,1,25.7,6839.93,87334761984,18118090752,2,0,1,0,0,1,1,6,7,2.0,Aggregate,0,12.24
DESKTOP-KQF03T0,Jashvanth,2026-06-30T10:14:26.973426,Q012_V001,Q_0136,3,0,1,1,1,0,532,2,0,7,1,21.0,6847.2,87334770176,18118328832,2,0,1,0,0,1,1,6,7,2.0,Aggregate,0,7.004
DESKTOP-KQF03T0,Jashvanth,2026-06-30T10:14:31.995662,Q012_V002,Q_0137,1,0,1,1,1,0,532,2,0,7,1,27.5,6843.43,87334774272,18118970368,2,0,1,0,0,1,1,6,7,2.0,Aggregate,0,8.934
DESKTOP-KQF03T0,Jashvanth,2026-06-30T10:14:37.019325,Q012_V002,Q_0137,2,0,1,1,1,0,532,2,0,7,1,25.3,6839.4,87334889984,18119273472,2,0,1,0,0,1,1,6,7,2.0,Aggregate,0,7.122
DESKTOP-KQF03T0,Jashvanth,2026-06-30T10:14:42.041766,Q012_V002,Q_0137,3,0,1,1,1,0,532,2,0,7,1,34.9,6851.89,87334889984,18119560192,2,0,1,0,0,1,1,6,7,2.0,Aggregate,0,7.871
DESKTOP-KQF03T0,Jashvanth,2026-06-30T10:14:47.092606,Q012_V003,Q_0138,1,0,1,1,1,0,533,2,0,7,1,38.8,6787.92,87335340544,18119900160,2,0,1,0,0,1,1,6,7,2.0,Aggregate,0,24.696
DESKTOP-KQF03T0,Jashvanth,2026-06-30T10:14:52.127054,Q012_V003,Q_0138,2,0,1,1,1,0,533,2,0,7,1,22.7,6792.86,87335344640,18120424448,2,0,1,0,0,1,1,6,7,2.0,Aggregate,0,15.611
DESKTOP-KQF03T0,Jashvanth,2026-06-30T10:14:57.157105,Q012_V003,Q_0138,3,0,1,1,1,0,533,2,0,7,1,35.6,6797.7,87335475712,18120772608,2,0,1,0,0,1,1,6,7,2.0,Aggregate,0,10.74
DESKTOP-KQF03T0,Jashvanth,2026-06-30T10:15:02.182975,Q012_V004,Q_0139,1,0,1,1,1,0,531,2,0,7,1,32.1,6743.96,87335549440,18155269120,2,0,1,0,0,1,1,6,7,2.0,Aggregate,0,8.632
DESKTOP-KQF03T0,Jashvanth,2026-06-30T10:15:07.208769,Q012_V004,Q_0139,2,0,1,1,1,0,531,2,0,7,1,24.6,6746.67,87335569920,18155908096,2,0,1,0,0,1,1,6,7,2.0,Aggregate,0,11.328
DESKTOP-KQF03T0,Jashvanth,2026-06-30T10:15:12.232497,Q012_V004,Q_0139,3,0,1,1,1,0,531,2,0,7,1,22.0,6745.74,87335647744,18156166144,2,0,1,0,0,1,1,6,7,2.0,Aggregate,0,9.579
DESKTOP-KQF03T0,Jashvanth,2026-06-30T10:15:17.264193,Q012_V005,Q_0140,1,0,1,1,1,0,531,2,0,7,1,22.3,6754.54,87335899136,18157355008,2,0,1,0,0,1,1,6,7,2.0,Aggregate,0,10.106
DESKTOP-KQF03T0,Jashvanth,2026-06-30T10:15:22.285873,Q012_V005,Q_0140,2,0,1,1,1,0,531,2,0,7,1,35.6,6672.09,87335903232,18158104576,2,0,1,0,0,1,1,6,7,2.0,Aggregate,0,8.809
DESKTOP-KQF03T0,Jashvanth,2026-06-30T10:15:27.338204,Q012_V005,Q_0140,3,0,1,1,1,0,531,2,0,7,1,25.2,6677.5,87335911424,18159316992,2,0,1,0,0,1,1,6,7,2.0,Aggregate,0,26.3
DESKTOP-KQF03T0,Jashvanth,2026-06-30T10:15:32.361802,Q012_V006,Q_0141,1,0,1,1,1,0,531,2,0,7,1,26.0,6691.79,87336054784,18159616000,2,0,1,0,0,1,1,6,7,2.0,Aggregate,0,7.066
DESKTOP-KQF03T0,Jashvanth,2026-06-30T10:15:37.400250,Q012_V006,Q_0141,2,0,1,1,1,0,531,2,0,7,1,22.2,6698.52,87336067072,18160238592,2,0,1,0,0,1,1,6,7,2.0,Aggregate,0,13.045
DESKTOP-KQF03T0,Jashvanth,2026-06-30T10:15:42.421869,Q012_V006,Q_0141,3,0,1,1,1,0,531,2,0,7,1,30.0,6699.49,87336071168,18160619520,2,0,1,0,0,1,1,6,7,2.0,Aggregate,0,7.093
DESKTOP-KQF03T0,Jashvanth,2026-06-30T10:15:47.450903,Q012_V007,Q_0142,1,0,1,1,1,0,531,2,0,7,1,25.2,6698.05,87336103936,18160996352,2,0,1,0,0,1,1,6,7,2.0,Aggregate,0,15.029
DESKTOP-KQF03T0,Jashvanth,2026-06-30T10:15:52.499144,Q012_V007,Q_0142,2,0,1,1,1,0,531,2,0,7,1,35.4,6700.59,87336108032,18161369088,2,0,1,0,0,1,1,6,7,2.0,Aggregate,0,25.531
DESKTOP-KQF03T0,Jashvanth,2026-06-30T10:15:57.532349,Q012_V007,Q_0142,3,0,1,1,1,0,531,2,0,7,1,24.9,6703.12,87336144896,18162696192,2,0,1,0,0,1,1,6,7,2.0,Aggregate,0,15.182
DESKTOP-KQF03T0,Jashvanth,2026-06-30T10:16:02.577938,Q012_V008,Q_0143,1,0,1,1,1,0,531,2,0,7,1,31.4,6708.85,87336222720,18162913280,2,0,1,0,0,1,1,6,7,2.0,Sort,0,24.143
DESKTOP-KQF03T0,Jashvanth,2026-06-30T10:16:07.603000,Q012_V008,Q_0143,2,0,1,1,1,0,531,2,0,7,1,35.4,6726.18,87336230912,18163417088,2,0,1,0,0,1,1,6,7,2.0,Sort,0,11.067
DESKTOP-KQF03T0,Jashvanth,2026-06-30T10:16:12.638858,Q012_V008,Q_0143,3,0,1,1,1,0,531,2,0,7,1,21.5,6696.62,87336412672,18163917824,2,0,1,0,0,1,1,6,7,2.0,Sort,0,14.955
DESKTOP-KQF03T0,Jashvanth,2026-06-30T10:16:17.669575,Q012_V009,Q_0144,1,0,1,1,1,0,531,2,0,7,1,28.9,6719.06,87336495616,18164262912,1,1,0,1,0,1,1,5,1,0.0,Aggregate,0,10.777
DESKTOP-KQF03T0,Jashvanth,2026-06-30T10:16:22.691004,Q012_V009,Q_0144,2,0,1,1,1,0,531,2,0,7,1,15.4,6692.5,87336499712,18164639744,1,1,0,1,0,1,1,5,1,0.0,Aggregate,0,6.147
DESKTOP-KQF03T0,Jashvanth,2026-06-30T10:16:27.710344,Q012_V009,Q_0144,3,0,1,1,1,0,531,2,0,7,1,26.6,6705.68,87336520192,18165248000,1,1,0,1,0,1,1,5,1,0.0,Aggregate,0,5.319
DESKTOP-KQF03T0,Jashvanth,2026-06-30T10:16:32.748351,Q012_V010,Q_0145,1,0,1,1,1,0,531,2,0,7,1,27.4,6714.21,87336524288,18166489088,2,0,1,0,0,1,1,6,7,2.0,Sort,0,20.532
DESKTOP-KQF03T0,Jashvanth,2026-06-30T10:16:37.773525,Q012_V010,Q_0145,2,0,1,1,1,0,531,2,0,7,1,20.7,6719.87,87337470464,18167291904,2,0,1,0,0,1,1,6,7,2.0,Sort,0,8.308
DESKTOP-KQF03T0,Jashvanth,2026-06-30T10:16:42.798919,Q012_V010,Q_0145,3,0,1,1,1,0,531,2,0,7,1,21.6,6720.28,87337474560,18167840768,2,0,1,0,0,1,1,6,7,2.0,Sort,0,11.017
DESKTOP-KQF03T0,Jashvanth,2026-06-30T10:16:47.828744,Q012_V011,Q_0146,1,0,1,1,1,0,536,2,0,7,1,22.6,6724.23,87337478656,18168213504,2,0,1,0,0,1,1,6,7,2.0,Sort,0,10.345
DESKTOP-KQF03T0,Jashvanth,2026-06-30T10:16:52.857597,Q012_V011,Q_0146,2,0,1,1,1,0,536,2,0,7,1,27.5,6722.64,87337478656,18168459264,2,0,1,0,0,1,1,6,7,2.0,Sort,0,15.227
DESKTOP-KQF03T0,Jashvanth,2026-06-30T10:16:57.901048,Q012_V011,Q_0146,3,0,1,1,1,0,536,2,0,7,1,40.1,6715.49,87337486848,18169196544,2,0,1,0,0,1,1,6,7,2.0,Sort,0,17.926
DESKTOP-KQF03T0,Jashvanth,2026-06-30T10:17:02.943801,Q012_V012,Q_0147,1,0,1,1,1,0,541,2,0,7,1,34.5,6714.97,87337490944,18169753600,2,0,1,0,0,1,1,6,7,2.0,Sort,0,25.571
DESKTOP-KQF03T0,Jashvanth,2026-06-30T10:17:07.977305,Q012_V012,Q_0147,2,0,1,1,1,0,541,2,0,7,1,33.4,6746.18,87337507328,18170163200,2,0,1,0,0,1,1,6,7,2.0,Sort,0,14.831
DESKTOP-KQF03T0,Jashvanth,2026-06-30T10:17:13.020048,Q012_V012,Q_0147,3,0,1,1,1,0,541,2,0,7,1,33.7,6717.78,87337642496,18170531840,2,0,1,0,0,1,1,6,7,2.0,Sort,0,17.031
DESKTOP-KQF03T0,Jashvanth,2026-06-30T10:17:18.070730,Q012_V013,Q_0148,1,0,1,1,1,0,540,2,0,7,1,29.0,6719.6,87337646592,18171052032,2,0,1,0,0,1,1,6,7,2.0,Sort,0,23.016
DESKTOP-KQF03T0,Jashvanth,2026-06-30T10:17:23.092472,Q012_V013,Q_0148,2,0,1,1,1,0,540,2,0,7,1,22.4,6711.07,87337769472,18171682816,2,0,1,0,0,1,1,6,7,2.0,Sort,0,8.058
DESKTOP-KQF03T0,Jashvanth,2026-06-30T10:17:28.115109,Q012_V013,Q_0148,3,0,1,1,1,0,540,2,0,7,1,23.3,6716.39,87337806336,18171920384,2,0,1,0,0,1,1,6,7,2.0,Sort,0,9.853
DESKTOP-KQF03T0,Jashvanth,2026-06-30T10:17:33.141211,Q012_V014,Q_0149,1,0,1,1,1,0,539,2,0,7,1,38.3,6725.43,87337880064,18172534784,2,0,1,0,0,1,1,6,7,2.0,Sort,0,7.743
DESKTOP-KQF03T0,Jashvanth,2026-06-30T10:17:38.176255,Q012_V014,Q_0149,2,0,1,1,1,0,539,2,0,7,1,38.6,6718.6,87384037888,18172907520,2,0,1,0,0,1,1,6,7,2.0,Sort,0,15.932
DESKTOP-KQF03T0,Jashvanth,2026-06-30T10:17:43.207141,Q012_V014,Q_0149,3,0,1,1,1,0,539,2,0,7,1,31.2,6739.98,87413537280,18173532672,2,0,1,0,0,1,1,6,7,2.0,Sort,0,17.382
DESKTOP-KQF03T0,Jashvanth,2026-06-30T10:17:48.229494,Q012_V015,Q_0150,1,0,1,1,1,0,540,2,0,7,1,20.3,6734.42,87431998464,18174155264,2,0,1,0,0,1,1,6,7,2.0,Sort,0,6.479
DESKTOP-KQF03T0,Jashvanth,2026-06-30T10:17:53.251216,Q012_V015,Q_0150,2,0,1,1,1,0,540,2,0,7,1,31.8,6746.14,87432004608,18174499328,2,0,1,0,0,1,1,6,7,2.0,Sort,0,9.297
DESKTOP-KQF03T0,Jashvanth,2026-06-30T10:17:58.279363,Q012_V015,Q_0150,3,0,1,1,1,0,540,2,0,7,1,19.2,6754.73,87432004608,18174892544,2,0,1,0,0,1,1,6,7,2.0,Sort,0,12.557
DESKTOP-KQF03T0,Jashvanth,2026-06-30T10:18:03.304669,Q013_V001,Q_0151,1,1,0,2,1,1,294,2,0,1,3,38.8,6757.48,87432025088,18176465408,2,0,1,0,0,1,2,7,200,12.0,Sort,0,7.418
DESKTOP-KQF03T0,Jashvanth,2026-06-30T10:18:08.324308,Q013_V001,Q_0151,2,1,0,2,1,1,294,2,0,1,3,29.1,6759.14,87432102912,18177165824,2,0,1,0,0,1,2,7,200,12.0,Sort,0,4.862
DESKTOP-KQF03T0,Jashvanth,2026-06-30T10:18:13.345586,Q013_V001,Q_0151,3,1,0,2,1,1,294,2,0,1,3,36.1,6808.47,87432188928,18177563136,2,0,1,0,0,1,2,7,200,12.0,Sort,0,8.194
DESKTOP-KQF03T0,Jashvanth,2026-06-30T10:18:18.372024,Q013_V002,Q_0152,1,1,0,2,1,1,291,2,0,1,3,29.1,6784.24,87432438784,18177927680,1,1,0,0,1,2,2,7,200,1.0,Sort,0,4.99
DESKTOP-KQF03T0,Jashvanth,2026-06-30T10:18:23.410326,Q013_V002,Q_0152,2,1,0,2,1,1,291,2,0,1,3,33.4,6743.53,87432442880,18178591232,1,1,0,0,1,2,2,7,200,1.0,Sort,0,8.541
DESKTOP-KQF03T0,Jashvanth,2026-06-30T10:18:28.442518,Q013_V002,Q_0152,3,1,0,2,1,1,291,2,0,1,3,23.8,6732.73,87432516608,18179254272,1,1,0,0,1,2,2,7,200,1.0,Sort,0,6.131
DESKTOP-KQF03T0,Jashvanth,2026-06-30T10:18:33.468401,Q013_V003,Q_0153,1,1,0,2,1,1,293,2,0,1,3,23.2,6780.84,87432598528,18179532800,2,0,1,0,0,1,2,7,200,12.0,Sort,0,10.824
DESKTOP-KQF03T0,Jashvanth,2026-06-30T10:18:38.490141,Q013_V003,Q_0153,2,1,0,2,1,1,293,2,0,1,3,25.2,6573.7,87432602624,18180007936,2,0,1,0,0,1,2,7,200,12.0,Sort,0,5.901
DESKTOP-KQF03T0,Jashvanth,2026-06-30T10:18:43.516840,Q013_V003,Q_0153,3,1,0,2,1,1,293,2,0,1,3,22.7,6587.03,87432606720,18180614144,2,0,1,0,0,1,2,7,200,12.0,Sort,0,8.446
DESKTOP-KQF03T0,Jashvanth,2026-06-30T10:18:48.541087,Q013_V004,Q_0154,1,1,0,2,1,1,292,2,0,1,3,17.6,6593.87,87432610816,18180900864,2,0,1,0,0,1,2,7,200,12.0,Sort,0,7.438
DESKTOP-KQF03T0,Jashvanth,2026-06-30T10:18:53.578171,Q013_V004,Q_0154,2,1,0,2,1,1,292,2,0,1,3,31.1,6603.5,87432614912,18181363712,2,0,1,0,0,1,2,7,200,12.0,Sort,0,14.002
DESKTOP-KQF03T0,Jashvanth,2026-06-30T10:18:58.611386,Q013_V004,Q_0154,3,1,0,2,1,1,292,2,0,1,3,24.3,6598.59,87432619008,18181834752,2,0,1,0,0,1,2,7,200,12.0,Sort,0,10.222
DESKTOP-KQF03T0,Jashvanth,2026-06-30T10:19:03.637041,Q013_V005,Q_0155,1,1,0,2,1,1,293,2,0,1,3,29.2,6617.08,87432623104,18182064128,2,0,1,0,0,1,2,7,200,12.0,Sort,0,6.678
DESKTOP-KQF03T0,Jashvanth,2026-06-30T10:19:08.664010,Q013_V005,Q_0155,2,1,0,2,1,1,293,2,0,1,3,35.6,6611.12,87432631296,18182518784,2,0,1,0,0,1,2,7,200,12.0,Sort,0,7.943
DESKTOP-KQF03T0,Jashvanth,2026-06-30T10:19:13.690267,Q013_V005,Q_0155,3,1,0,2,1,1,293,2,0,1,3,22.1,6641.28,87432700928,18182993920,2,0,1,0,0,1,2,7,200,12.0,Sort,0,9.03
DESKTOP-KQF03T0,Jashvanth,2026-06-30T10:19:18.722620,Q013_V006,Q_0156,1,1,0,2,1,1,279,2,0,1,3,35.6,6648.73,87432786944,18183280640,1,1,0,0,1,2,2,7,200,1.0,Sort,0,6.734
DESKTOP-KQF03T0,Jashvanth,2026-06-30T10:19:23.745027,Q013_V006,Q_0156,2,1,0,2,1,1,279,2,0,1,3,34.7,6604.39,87432807424,18184677376,1,1,0,0,1,2,2,7,200,1.0,Sort,0,5.21
DESKTOP-KQF03T0,Jashvanth,2026-06-30T10:19:28.766105,Q013_V006,Q_0156,3,1,0,2,1,1,279,2,0,1,3,22.6,6608.0,87432811520,18185070592,1,1,0,0,1,2,2,7,200,1.0,Sort,0,3.601
DESKTOP-KQF03T0,Jashvanth,2026-06-30T10:19:37.338520,Q013_V007,Q_0157,1,1,0,2,1,1,288,2,0,1,3,27.5,6616.53,87432885248,18185635840,1,1,0,1,0,2,2,9,200,12.0,Sort,0,3555.442
DESKTOP-KQF03T0,Jashvanth,2026-06-30T10:19:45.832472,Q013_V007,Q_0157,2,1,0,2,1,1,288,2,0,1,3,32.5,6630.36,87433183232,18186483712,1,1,0,1,0,2,2,9,200,12.0,Sort,0,3478.363
DESKTOP-KQF03T0,Jashvanth,2026-06-30T10:19:54.302012,Q013_V007,Q_0157,3,1,0,2,1,1,288,2,0,1,3,25.6,6628.71,87433191424,18186872832,1,1,0,1,0,2,2,9,200,12.0,Sort,0,3453.691
DESKTOP-KQF03T0,Jashvanth,2026-06-30T10:20:05.315493,Q013_V008,Q_0158,1,1,0,2,1,1,292,2,0,1,3,30.0,6617.92,87433269248,18187851776,1,1,0,1,0,2,2,9,200,1.0,Sort,0,5998.126
DESKTOP-KQF03T0,Jashvanth,2026-06-30T10:20:16.804242,Q013_V008,Q_0158,2,1,0,2,1,1,292,2,0,1,3,35.7,6607.81,87433412608,18188834816,1,1,0,1,0,2,2,9,200,1.0,Sort,0,6464.901
DESKTOP-KQF03T0,Jashvanth,2026-06-30T10:20:28.258021,Q013_V008,Q_0158,3,1,0,2,1,1,292,2,0,1,3,35.0,6599.5,87436570624,18190305792,1,1,0,1,0,2,2,9,200,1.0,Sort,0,6439.648
DESKTOP-KQF03T0,Jashvanth,2026-06-30T10:20:33.278867,Q013_V009,Q_0159,1,1,0,2,1,1,293,2,0,1,3,27.1,6639.45,87436578816,18190924288,2,0,1,0,0,1,2,7,200,12.0,Sort,0,6.134
DESKTOP-KQF03T0,Jashvanth,2026-06-30T10:20:38.302904,Q013_V009,Q_0159,2,1,0,2,1,1,293,2,0,1,3,29.7,6619.01,87436582912,18191186432,2,0,1,0,0,1,2,7,200,12.0,Sort,0,10.236
DESKTOP-KQF03T0,Jashvanth,2026-06-30T10:20:43.336107,Q013_V009,Q_0159,3,1,0,2,1,1,293,2,0,1,3,37.5,6831.0,87436816384,18202532352,2,0,1,0,0,1,2,7,200,12.0,Sort,0,8.853
DESKTOP-KQF03T0,Jashvanth,2026-06-30T10:20:48.371228,Q013_V010,Q_0160,1,1,0,2,1,1,295,2,0,1,3,29.7,6684.81,87436849152,18225027584,2,0,1,0,0,1,2,7,200,11.0,Sort,0,13.512
DESKTOP-KQF03T0,Jashvanth,2026-06-30T10:20:53.403812,Q013_V010,Q_0160,2,1,0,2,1,1,295,2,0,1,3,22.1,6697.0,87437357056,18225510912,2,0,1,0,0,1,2,7,200,11.0,Sort,0,10.838
DESKTOP-KQF03T0,Jashvanth,2026-06-30T10:20:58.449140,Q013_V010,Q_0160,3,1,0,2,1,1,295,2,0,1,3,18.2,6695.25,87437361152,18225940992,2,0,1,0,0,1,2,7,200,11.0,Sort,0,15.95
DESKTOP-KQF03T0,Jashvanth,2026-06-30T10:21:03.474591,Q014_V001,Q_0161,1,0,1,0,0,0,303,2,0,2,1,37.0,6710.37,87437557760,18226067968,1,1,1,0,0,0,1,6,1,1.0,Aggregate,0,2.834
DESKTOP-KQF03T0,Jashvanth,2026-06-30T10:21:08.493566,Q014_V001,Q_0161,2,0,1,0,0,0,303,2,0,2,1,39.6,6720.82,87437594624,18226645504,1,1,1,0,0,0,1,6,1,1.0,Aggregate,0,1.421
DESKTOP-KQF03T0,Jashvanth,2026-06-30T10:21:13.509876,Q014_V001,Q_0161,3,0,1,0,0,0,303,2,0,2,1,34.9,6736.12,87437766656,18226842112,1,1,1,0,0,0,1,6,1,1.0,Aggregate,0,1.462
DESKTOP-KQF03T0,Jashvanth,2026-06-30T10:21:18.529025,Q014_V002,Q_0162,1,0,1,0,0,0,300,2,0,2,1,43.9,6776.71,87437889536,18227259904,1,1,1,0,0,0,1,6,1,1.0,Aggregate,0,1.799
DESKTOP-KQF03T0,Jashvanth,2026-06-30T10:21:23.558925,Q014_V002,Q_0162,2,0,1,0,0,0,300,2,0,2,1,58.3,6885.85,87438487552,18227980800,1,1,1,0,0,0,1,6,1,1.0,Aggregate,0,4.197
DESKTOP-KQF03T0,Jashvanth,2026-06-30T10:21:28.586480,Q014_V002,Q_0162,3,0,1,0,0,0,300,2,0,2,1,70.8,6914.5,87438581760,18228726272,1,1,1,0,0,0,1,6,1,1.0,Aggregate,0,1.332
DESKTOP-KQF03T0,Jashvanth,2026-06-30T10:21:33.609129,Q014_V003,Q_0163,1,0,1,0,0,0,301,2,0,2,1,64.6,6999.82,87438659584,18229668352,1,1,1,0,0,0,1,6,1,1.0,Aggregate,0,1.395
DESKTOP-KQF03T0,Jashvanth,2026-06-30T10:21:38.635391,Q014_V003,Q_0163,2,0,1,0,0,0,301,2,0,2,1,23.3,6978.08,87438909440,18230344192,1,1,1,0,0,0,1,6,1,1.0,Aggregate,0,1.708
DESKTOP-KQF03T0,Jashvanth,2026-06-30T10:21:43.652599,Q014_V003,Q_0163,3,0,1,0,0,0,301,2,0,2,1,28.9,6898.93,87439159296,18230471168,1,1,1,0,0,0,1,6,1,1.0,Aggregate,0,1.559
DESKTOP-KQF03T0,Jashvanth,2026-06-30T10:21:48.726739,Q014_V004,Q_0164,1,0,1,0,0,0,301,2,0,2,1,34.9,6781.57,87439663104,18278767104,1,1,1,0,0,0,1,6,1,1.0,Aggregate,0,46.795
DESKTOP-KQF03T0,Jashvanth,2026-06-30T10:21:53.778083,Q014_V004,Q_0164,2,0,1,0,0,0,301,2,0,2,1,21.6,6782.82,87439667200,18280311296,1,1,1,0,0,0,1,6,1,1.0,Aggregate,0,17.325
DESKTOP-KQF03T0,Jashvanth,2026-06-30T10:21:58.813606,Q014_V004,Q_0164,3,0,1,0,0,0,301,2,0,2,1,26.7,6784.41,87439869952,18281077248,1,1,1,0,0,0,1,6,1,1.0,Aggregate,0,19.322
DESKTOP-KQF03T0,Jashvanth,2026-06-30T10:22:03.857134,Q014_V005,Q_0165,1,0,1,0,0,0,301,2,0,2,1,24.3,6783.58,87439878144,18281347584,2,0,1,0,0,0,1,5,1,1.0,Aggregate,0,28.182
DESKTOP-KQF03T0,Jashvanth,2026-06-30T10:22:08.899135,Q014_V005,Q_0165,2,0,1,0,0,0,301,2,0,2,1,22.3,6783.59,87439947776,18281810432,2,0,1,0,0,0,1,5,1,1.0,Aggregate,0,24.981
DESKTOP-KQF03T0,Jashvanth,2026-06-30T10:22:13.931119,Q014_V005,Q_0165,3,0,1,0,0,0,301,2,0,2,1,23.0,6785.27,87439955968,18282203648,2,0,1,0,0,0,1,5,1,1.0,Aggregate,0,19.459
DESKTOP-KQF03T0,Jashvanth,2026-06-30T10:22:18.988688,Q014_V006,Q_0166,1,0,1,0,0,0,302,2,0,2,1,24.1,6784.33,87439955968,18282523136,2,0,1,0,0,0,1,5,1,1.0,Aggregate,0,31.102
DESKTOP-KQF03T0,Jashvanth,2026-06-30T10:22:24.036938,Q014_V006,Q_0166,2,0,1,0,0,0,302,2,0,2,1,28.8,6771.12,87440074752,18283014656,2,0,1,0,0,0,1,5,1,1.0,Aggregate,0,34.828
DESKTOP-KQF03T0,Jashvanth,2026-06-30T10:22:29.071859,Q014_V006,Q_0166,3,0,1,0,0,0,302,2,0,2,1,32.7,6777.93,87440078848,18283596800,2,0,1,0,0,0,1,5,1,1.0,Aggregate,0,20.039
DESKTOP-KQF03T0,Jashvanth,2026-06-30T10:22:34.103918,Q014_V007,Q_0167,1,0,1,0,0,0,301,2,0,2,1,21.5,6779.61,87440148480,18283998208,2,0,1,0,0,0,1,5,1,1.0,Aggregate,0,18.551
DESKTOP-KQF03T0,Jashvanth,2026-06-30T10:22:39.173471,Q014_V007,Q_0167,2,0,1,0,0,0,301,2,0,2,1,32.7,6778.98,87440214016,18284379136,2,0,1,0,0,0,1,5,1,1.0,Aggregate,0,50.019
DESKTOP-KQF03T0,Jashvanth,2026-06-30T10:22:44.213561,Q014_V007,Q_0167,3,0,1,0,0,0,301,2,0,2,1,36.5,6789.57,87440246784,18285295104,2,0,1,0,0,0,1,5,1,1.0,Aggregate,0,23.563
DESKTOP-KQF03T0,Jashvanth,2026-06-30T10:22:49.271619,Q014_V008,Q_0168,1,0,1,0,0,0,301,2,0,2,1,27.8,6829.04,87440279552,18285676032,2,0,1,0,0,0,1,5,1,1.0,Aggregate,0,37.543
DESKTOP-KQF03T0,Jashvanth,2026-06-30T10:22:54.331116,Q014_V008,Q_0168,2,0,1,0,0,0,301,2,0,2,1,16.4,6818.24,87440349184,18285946368,2,0,1,0,0,0,1,5,1,1.0,Aggregate,0,29.922
DESKTOP-KQF03T0,Jashvanth,2026-06-30T10:22:59.370327,Q014_V008,Q_0168,3,0,1,0,0,0,301,2,0,2,1,32.1,6780.64,87440427008,18287535616,2,0,1,0,0,0,1,5,1,1.0,Aggregate,0,23.011
DESKTOP-KQF03T0,Jashvanth,2026-06-30T10:23:04.450552,Q014_V009,Q_0169,1,0,1,0,0,0,301,2,0,2,1,21.8,6790.8,87440566272,18287908352,2,0,1,0,0,0,1,5,1,1.0,Aggregate,0,53.745
DESKTOP-KQF03T0,Jashvanth,2026-06-30T10:23:09.513540,Q014_V009,Q_0169,2,0,1,0,0,0,301,2,0,2,1,20.3,6788.58,87440611328,18288285184,2,0,1,0,0,0,1,5,1,1.0,Aggregate,0,36.231
DESKTOP-KQF03T0,Jashvanth,2026-06-30T10:23:14.598674,Q014_V009,Q_0169,3,0,1,0,0,0,301,2,0,2,1,27.8,6811.44,87440615424,18288596480,2,0,1,0,0,0,1,5,1,1.0,Aggregate,0,56.366
DESKTOP-KQF03T0,Jashvanth,2026-06-30T10:23:19.645208,Q014_V010,Q_0170,1,0,1,0,0,0,301,2,0,2,1,25.7,6820.61,87440619520,18289280512,2,0,1,0,0,0,1,5,1,1.0,Aggregate,0,32.051
DESKTOP-KQF03T0,Jashvanth,2026-06-30T10:23:24.708771,Q014_V010,Q_0170,2,0,1,0,0,0,301,2,0,2,1,20.3,6825.02,87440623616,18289657344,2,0,1,0,0,0,1,5,1,1.0,Aggregate,0,46.862
DESKTOP-KQF03T0,Jashvanth,2026-06-30T10:23:29.765133,Q014_V010,Q_0170,3,0,1,0,0,0,301,2,0,2,1,30.0,6824.18,87440959488,18290300928,2,0,1,0,0,0,1,5,1,1.0,Aggregate,0,39.316
DESKTOP-KQF03T0,Jashvanth,2026-06-30T10:23:34.794329,Q015_V001,Q_0171,1,0,2,1,1,2,433,2,0,2,3,28.4,6822.46,87441102848,18290886656,0,2,0,1,0,1,2,9,2,1.0,Sort,0,3.944
DESKTOP-KQF03T0,Jashvanth,2026-06-30T10:23:39.813933,Q015_V001,Q_0171,2,0,2,1,1,2,433,2,0,2,3,49.4,7032.37,87555239936,18295207936,0,2,0,1,0,1,2,9,2,1.0,Sort,0,1.664
DESKTOP-KQF03T0,Jashvanth,2026-06-30T10:23:44.832621,Q015_V001,Q_0171,3,0,2,1,1,2,433,2,0,2,3,49.4,6783.44,87572467200,18324469760,0,2,0,1,0,1,2,9,2,1.0,Sort,0,2.238
DESKTOP-KQF03T0,Jashvanth,2026-06-30T10:23:49.863261,Q015_V002,Q_0172,1,0,2,1,1,2,433,2,0,2,3,38.2,6710.09,87572536832,18324822016,1,1,0,1,0,1,2,8,2,1.0,Sort,0,13.886
DESKTOP-KQF03T0,Jashvanth,2026-06-30T10:23:54.894833,Q015_V002,Q_0172,2,0,2,1,1,2,433,2,0,2,3,18.8,6695.16,87572606464,18325305344,1,1,0,1,0,1,2,8,2,1.0,Sort,0,15.394
DESKTOP-KQF03T0,Jashvanth,2026-06-30T10:23:59.917033,Q015_V002,Q_0172,3,0,2,1,1,2,433,2,0,2,3,19.6,6692.24,87572706816,18325526528,1,1,0,1,0,1,2,8,2,1.0,Sort,0,7.318
DESKTOP-KQF03T0,Jashvanth,2026-06-30T10:24:04.929331,Q015_V003,Q_0173,1,0,2,1,1,2,433,2,0,2,3,18.0,6683.66,87572710912,18326435840,0,2,0,1,0,1,2,9,1,0.0,Sort,0,0.17
DESKTOP-KQF03T0,Jashvanth,2026-06-30T10:24:09.942616,Q015_V003,Q_0173,2,0,2,1,1,2,433,2,0,2,3,22.1,6681.73,87572715008,18326784000,0,2,0,1,0,1,2,9,1,0.0,Sort,0,0.024
DESKTOP-KQF03T0,Jashvanth,2026-06-30T10:24:14.970139,Q015_V003,Q_0173,3,0,2,1,1,2,433,2,0,2,3,20.1,6681.3,87572715008,18327160832,0,2,0,1,0,1,2,9,1,0.0,Sort,0,0.052
DESKTOP-KQF03T0,Jashvanth,2026-06-30T10:24:20.009424,Q015_V004,Q_0174,1,0,2,1,1,2,433,2,0,2,3,25.3,6674.71,87572719104,18327562240,1,1,0,1,0,1,2,8,2,1.0,Sort,0,20.281
DESKTOP-KQF03T0,Jashvanth,2026-06-30T10:24:25.053784,Q015_V004,Q_0174,2,0,2,1,1,2,433,2,0,2,3,19.9,6672.23,87572727296,18328066048,1,1,0,1,0,1,2,8,2,1.0,Sort,0,23.97
DESKTOP-KQF03T0,Jashvanth,2026-06-30T10:24:30.123650,Q015_V004,Q_0174,3,0,2,1,1,2,433,2,0,2,3,35.9,6668.52,87572731392,18328428032,1,1,0,1,0,1,2,8,2,1.0,Sort,0,41.386
DESKTOP-KQF03T0,Jashvanth,2026-06-30T10:24:35.168938,Q015_V005,Q_0175,1,0,2,1,1,2,433,2,0,2,3,28.5,6678.62,87578949632,18329042432,0,2,0,1,0,1,2,9,2,1.0,Sort,0,14.017
DESKTOP-KQF03T0,Jashvanth,2026-06-30T10:24:40.210212,Q015_V005,Q_0175,2,0,2,1,1,2,433,2,0,2,3,30.6,6675.84,87578953728,18329337344,0,2,0,1,0,1,2,9,2,1.0,Sort,0,10.905
DESKTOP-KQF03T0,Jashvanth,2026-06-30T10:24:45.239020,Q015_V005,Q_0175,3,0,2,1,1,2,433,2,0,2,3,31.2,6664.6,87579353088,18330226176,0,2,0,1,0,1,2,9,2,1.0,Sort,0,7.095
DESKTOP-KQF03T0,Jashvanth,2026-06-30T10:24:50.265204,Q015_V006,Q_0176,1,0,2,1,1,2,433,2,0,2,3,32.1,6670.0,87579357184,18330770944,0,2,0,1,0,1,2,9,2,1.0,Sort,0,7.202
DESKTOP-KQF03T0,Jashvanth,2026-06-30T10:24:55.287592,Q015_V006,Q_0176,2,0,2,1,1,2,433,2,0,2,3,21.9,6668.73,87579361280,18331266560,0,2,0,1,0,1,2,9,2,1.0,Sort,0,5.034
DESKTOP-KQF03T0,Jashvanth,2026-06-30T10:25:00.318019,Q015_V006,Q_0176,3,0,2,1,1,2,433,2,0,2,3,18.6,6669.2,87579496448,18331504128,0,2,0,1,0,1,2,9,2,1.0,Sort,0,10.785
DESKTOP-KQF03T0,Jashvanth,2026-06-30T10:25:05.339316,Q015_V007,Q_0177,1,0,2,1,1,2,433,2,0,2,3,24.1,6670.0,87579570176,18331844096,0,2,0,1,0,1,2,9,2,1.0,Sort,0,4.346
DESKTOP-KQF03T0,Jashvanth,2026-06-30T10:25:10.358603,Q015_V007,Q_0177,2,0,2,1,1,2,433,2,0,2,3,20.2,6675.66,87579844608,18332323328,0,2,0,1,0,1,2,9,2,1.0,Sort,0,5.76
DESKTOP-KQF03T0,Jashvanth,2026-06-30T10:25:15.381574,Q015_V007,Q_0177,3,0,2,1,1,2,433,2,0,2,3,24.8,6664.62,87580125696,18332901376,0,2,0,1,0,1,2,9,2,1.0,Sort,0,7.779
DESKTOP-KQF03T0,Jashvanth,2026-06-30T10:25:20.404574,Q015_V008,Q_0178,1,0,2,1,1,2,433,2,0,2,3,21.5,6669.03,87580191232,18333265920,0,2,0,1,0,1,2,9,2,1.0,Sort,0,7.824
DESKTOP-KQF03T0,Jashvanth,2026-06-30T10:25:25.434884,Q015_V008,Q_0178,2,0,2,1,1,2,433,2,0,2,3,26.7,6657.58,87580199424,18334101504,0,2,0,1,0,1,2,9,2,1.0,Sort,0,11.587
DESKTOP-KQF03T0,Jashvanth,2026-06-30T10:25:30.457369,Q015_V008,Q_0178,3,0,2,1,1,2,433,2,0,2,3,17.2,6661.41,87580199424,18334416896,0,2,0,1,0,1,2,9,2,1.0,Sort,0,7.719
DESKTOP-KQF03T0,Jashvanth,2026-06-30T10:25:35.496117,Q015_V009,Q_0179,1,0,2,1,1,2,434,2,0,2,3,23.7,6671.38,87580199424,18335576064,0,2,0,1,0,1,2,9,2,1.0,Sort,0,14.759
DESKTOP-KQF03T0,Jashvanth,2026-06-30T10:25:40.525646,Q015_V009,Q_0179,2,0,2,1,1,2,434,2,0,2,3,28.1,6594.74,87580346880,18335965184,0,2,0,1,0,1,2,9,2,1.0,Sort,0,10.133
DESKTOP-KQF03T0,Jashvanth,2026-06-30T10:25:45.562817,Q015_V009,Q_0179,3,0,2,1,1,2,434,2,0,2,3,30.6,6608.36,87580350976,18336419840,0,2,0,1,0,1,2,9,2,1.0,Sort,0,15.261
DESKTOP-KQF03T0,Jashvanth,2026-06-30T10:25:50.608629,Q015_V010,Q_0180,1,0,2,1,1,2,434,2,0,2,3,29.7,6621.8,87580712448,18336825344,0,2,0,1,0,1,2,9,2,1.0,Sort,0,10.322
DESKTOP-KQF03T0,Jashvanth,2026-06-30T10:25:55.632986,Q015_V010,Q_0180,2,0,2,1,1,2,434,2,0,2,3,33.6,6610.94,87580720640,18337275904,0,2,0,1,0,1,2,9,2,1.0,Sort,0,7.482
DESKTOP-KQF03T0,Jashvanth,2026-06-30T10:26:00.667779,Q015_V010,Q_0180,3,0,2,1,1,2,434,2,0,2,3,29.7,6626.96,87580724736,18337685504,0,2,0,1,0,1,2,9,2,1.0,Sort,0,15.98
DESKTOP-KQF03T0,Jashvanth,2026-06-30T10:26:05.694881,Q016_V001,Q_0181,1,0,2,1,1,1,421,1,1,4,2,26.3,6619.47,87580745216,18338029568,3,0,1,0,0,2,1,8,151,158.0,Sort,0,5.65
DESKTOP-KQF03T0,Jashvanth,2026-06-30T10:26:10.721067,Q016_V001,Q_0181,2,0,2,1,1,1,421,1,1,4,2,23.3,6618.51,87580773888,18338336768,3,0,1,0,0,2,1,8,151,158.0,Sort,0,6.725
DESKTOP-KQF03T0,Jashvanth,2026-06-30T10:26:15.783045,Q016_V001,Q_0181,3,0,2,1,1,1,421,1,1,4,2,22.6,6630.12,87580835328,18338877440,3,0,1,0,0,2,1,8,151,158.0,Sort,0,27.984
DESKTOP-KQF03T0,Jashvanth,2026-06-30T10:26:20.809330,Q016_V002,Q_0182,1,0,2,1,1,1,421,1,1,4,2,27.1,6613.62,87580847616,18339168256,3,0,1,0,0,2,1,8,150,157.0,Sort,0,4.211
DESKTOP-KQF03T0,Jashvanth,2026-06-30T10:26:25.833500,Q016_V002,Q_0182,2,0,2,1,1,1,421,1,1,4,2,21.7,6607.11,87580880384,18339635200,3,0,1,0,0,2,1,8,150,157.0,Sort,0,7.567
DESKTOP-KQF03T0,Jashvanth,2026-06-30T10:26:30.865560,Q016_V002,Q_0182,3,0,2,1,1,1,421,1,1,4,2,33.2,6596.66,87581085184,18340984832,3,0,1,0,0,2,1,8,150,157.0,Sort,0,6.637
DESKTOP-KQF03T0,Jashvanth,2026-06-30T10:26:35.896797,Q016_V003,Q_0183,1,0,2,1,1,1,421,1,1,4,2,23.6,6640.75,87581498880,18341439488,3,0,1,0,0,2,1,8,150,159.0,Sort,0,6.463
DESKTOP-KQF03T0,Jashvanth,2026-06-30T10:26:40.915555,Q016_V003,Q_0183,2,0,2,1,1,1,421,1,1,4,2,38.5,6634.14,87581502976,18342225920,3,0,1,0,0,2,1,8,150,159.0,Sort,0,4.394
DESKTOP-KQF03T0,Jashvanth,2026-06-30T10:26:45.933548,Q016_V003,Q_0183,3,0,2,1,1,1,421,1,1,4,2,25.6,6637.18,87581535744,18342770688,3,0,1,0,0,2,1,8,150,159.0,Sort,0,5.511
DESKTOP-KQF03T0,Jashvanth,2026-06-30T10:26:50.955251,Q016_V004,Q_0184,1,0,2,1,1,1,418,1,1,4,2,33.7,6643.04,87581539840,18343143424,3,0,1,0,0,2,1,8,124,130.0,Sort,0,5.194
DESKTOP-KQF03T0,Jashvanth,2026-06-30T10:26:56.013775,Q016_V004,Q_0184,2,0,2,1,1,1,418,1,1,4,2,31.8,6654.76,87581691392,18343589888,3,0,1,0,0,2,1,8,124,130.0,Sort,0,23.445
DESKTOP-KQF03T0,Jashvanth,2026-06-30T10:27:01.040269,Q016_V004,Q_0184,3,0,2,1,1,1,418,1,1,4,2,31.4,6648.16,87581879808,18343901184,3,0,1,0,0,2,1,8,124,130.0,Sort,0,4.928
DESKTOP-KQF03T0,Jashvanth,2026-06-30T10:27:06.068124,Q016_V005,Q_0185,1,0,2,1,1,1,414,1,1,4,2,23.7,6644.0,87581883904,18344486912,3,0,1,0,0,2,1,8,111,115.0,Sort,0,5.067
DESKTOP-KQF03T0,Jashvanth,2026-06-30T10:27:11.089060,Q016_V005,Q_0185,2,0,2,1,1,1,414,1,1,4,2,25.5,6563.94,87581974016,18380269568,3,0,1,0,0,2,1,8,111,115.0,Sort,0,5.291
DESKTOP-KQF03T0,Jashvanth,2026-06-30T10:27:16.115098,Q016_V005,Q_0185,3,0,2,1,1,1,414,1,1,4,2,24.1,6569.61,87582125568,18380658688,3,0,1,0,0,2,1,8,111,115.0,Sort,0,5.907
DESKTOP-KQF03T0,Jashvanth,2026-06-30T10:27:21.137239,Q016_V006,Q_0186,1,0,2,1,1,1,420,1,1,4,2,19.6,6565.68,87582166528,18381166592,3,0,1,0,0,2,1,8,150,159.0,Sort,0,3.617
DESKTOP-KQF03T0,Jashvanth,2026-06-30T10:27:26.156271,Q016_V006,Q_0186,2,0,2,1,1,1,420,1,1,4,2,19.7,6569.38,87582170624,18381768704,3,0,1,0,0,2,1,8,150,159.0,Sort,0,4.319
DESKTOP-KQF03T0,Jashvanth,2026-06-30T10:27:31.187771,Q016_V006,Q_0186,3,0,2,1,1,1,420,1,1,4,2,25.1,6563.67,87582174720,18382112768,3,0,1,0,0,2,1,8,150,159.0,Sort,0,7.181
DESKTOP-KQF03T0,Jashvanth,2026-06-30T10:27:36.205967,Q016_V007,Q_0187,1,0,2,1,1,1,414,1,1,4,2,22.4,6580.05,87582178816,18382596096,3,0,1,0,0,1,1,7,150,159.0,Aggregate,0,2.644
DESKTOP-KQF03T0,Jashvanth,2026-06-30T10:27:41.222425,Q016_V007,Q_0187,2,0,2,1,1,1,414,1,1,4,2,29.1,6566.62,87582232064,18383943680,3,0,1,0,0,1,1,7,150,159.0,Aggregate,0,3.676
DESKTOP-KQF03T0,Jashvanth,2026-06-30T10:27:46.239869,Q016_V007,Q_0187,3,0,2,1,1,1,414,1,1,4,2,24.9,6580.39,87582400000,18384925184,3,0,1,0,0,1,1,7,150,159.0,Aggregate,0,3.655
DESKTOP-KQF03T0,Jashvanth,2026-06-30T10:27:51.279719,Q016_V008,Q_0188,1,0,2,1,1,1,414,1,1,4,2,26.9,6585.11,87582408192,18385322496,3,0,1,0,0,1,1,7,150,159.0,Aggregate,0,12.586
DESKTOP-KQF03T0,Jashvanth,2026-06-30T10:27:56.305604,Q016_V008,Q_0188,2,0,2,1,1,1,414,1,1,4,2,25.0,6584.07,87582666240,18385809920,3,0,1,0,0,1,1,7,150,159.0,Aggregate,0,5.976
DESKTOP-KQF03T0,Jashvanth,2026-06-30T10:28:01.332679,Q016_V008,Q_0188,3,0,2,1,1,1,414,1,1,4,2,25.8,6595.43,87582735872,18386113024,3,0,1,0,0,1,1,7,150,159.0,Aggregate,0,5.957
DESKTOP-KQF03T0,Jashvanth,2026-06-30T10:28:06.350746,Q016_V009,Q_0189,1,0,2,1,1,1,415,1,1,4,2,32.8,6575.11,87582739968,18386526720,3,0,1,0,0,1,1,7,150,159.0,Aggregate,0,2.533
DESKTOP-KQF03T0,Jashvanth,2026-06-30T10:28:11.367299,Q016_V009,Q_0189,2,0,2,1,1,1,415,1,1,4,2,35.7,6565.89,87582748160,18387182080,3,0,1,0,0,1,1,7,150,159.0,Aggregate,0,2.685
DESKTOP-KQF03T0,Jashvanth,2026-06-30T10:28:16.404740,Q016_V009,Q_0189,3,0,2,1,1,1,415,1,1,4,2,29.0,6585.66,87582785024,18387616256,3,0,1,0,0,1,1,7,150,159.0,Aggregate,0,10.885
DESKTOP-KQF03T0,Jashvanth,2026-06-30T10:28:21.450676,Q016_V010,Q_0190,1,0,2,1,1,1,401,1,1,4,2,28.5,6594.38,87582952960,18387956224,3,0,1,0,0,1,1,7,150,159.0,Aggregate,0,12.066
DESKTOP-KQF03T0,Jashvanth,2026-06-30T10:28:26.476756,Q016_V010,Q_0190,2,0,2,1,1,1,401,1,1,4,2,26.4,6580.55,87582957056,18389227008,3,0,1,0,0,1,1,7,150,159.0,Aggregate,0,6.487
DESKTOP-KQF03T0,Jashvanth,2026-06-30T10:28:31.495965,Q016_V010,Q_0190,3,0,2,1,1,1,401,1,1,4,2,25.6,6594.83,87582965248,18389499904,3,0,1,0,0,1,1,7,150,159.0,Aggregate,0,3.337
DESKTOP-KQF03T0,Jashvanth,2026-06-30T10:28:36.514672,Q017_V001,Q_0191,1,0,2,0,0,1,241,2,0,3,2,25.9,6600.56,87582969344,18389827584,3,0,1,0,0,0,2,7,1,1.0,Aggregate,0,0.494
DESKTOP-KQF03T0,Jashvanth,2026-06-30T10:28:41.531383,Q017_V001,Q_0191,2,0,2,0,0,1,241,2,0,3,2,21.6,6592.49,87583038976,18390257664,3,0,1,0,0,0,2,7,1,1.0,Aggregate,0,0.246
DESKTOP-KQF03T0,Jashvanth,2026-06-30T10:28:46.549973,Q017_V001,Q_0191,3,0,2,0,0,1,241,2,0,3,2,28.1,6603.16,87583075840,18390732800,3,0,1,0,0,0,2,7,1,1.0,Aggregate,0,0.309
DESKTOP-KQF03T0,Jashvanth,2026-06-30T10:28:51.578251,Q017_V002,Q_0192,1,0,2,0,0,1,241,2,0,3,2,19.8,6601.77,87583145472,18390986752,3,0,1,0,0,0,2,7,1,1.0,Aggregate,0,0.533
DESKTOP-KQF03T0,Jashvanth,2026-06-30T10:28:56.595793,Q017_V002,Q_0192,2,0,2,0,0,1,241,2,0,3,2,18.4,6651.53,87583211008,18391506944,3,0,1,0,0,0,2,7,1,1.0,Aggregate,0,0.253
DESKTOP-KQF03T0,Jashvanth,2026-06-30T10:29:01.609535,Q017_V002,Q_0192,3,0,2,0,0,1,241,2,0,3,2,31.1,6635.71,87583211008,18391912448,3,0,1,0,0,0,2,7,1,1.0,Aggregate,0,0.238
DESKTOP-KQF03T0,Jashvanth,2026-06-30T10:29:06.852105,Q017_V003,Q_0193,1,0,2,0,0,1,240,2,0,3,2,37.0,6584.81,87583284736,18392276992,3,0,0,1,0,0,2,7,1,1.0,Aggregate,0,226.566
DESKTOP-KQF03T0,Jashvanth,2026-06-30T10:29:12.091076,Q017_V003,Q_0193,2,0,2,0,0,1,240,2,0,3,2,27.7,6593.88,87583288832,18392809472,3,0,0,1,0,0,2,7,1,1.0,Aggregate,0,225.086
DESKTOP-KQF03T0,Jashvanth,2026-06-30T10:29:17.352467,Q017_V003,Q_0193,3,0,2,0,0,1,240,2,0,3,2,28.1,6590.9,87583292928,18393178112,3,0,0,1,0,0,2,7,1,1.0,Aggregate,0,227.163
DESKTOP-KQF03T0,Jashvanth,2026-06-30T10:29:22.613265,Q017_V004,Q_0194,1,0,2,0,0,1,240,2,0,3,2,24.3,6602.92,87584296448,18393636864,3,0,0,1,0,0,2,7,1,1.0,Aggregate,0,240.251
DESKTOP-KQF03T0,Jashvanth,2026-06-30T10:29:27.866912,Q017_V004,Q_0194,2,0,2,0,0,1,240,2,0,3,2,21.6,6611.34,87584300544,18394152960,3,0,0,1,0,0,2,7,1,1.0,Aggregate,0,225.729
DESKTOP-KQF03T0,Jashvanth,2026-06-30T10:29:33.126032,Q017_V004,Q_0194,3,0,2,0,0,1,240,2,0,3,2,18.4,6611.96,87584304640,18395566080,3,0,0,1,0,0,2,7,1,1.0,Aggregate,0,242.226
DESKTOP-KQF03T0,Jashvanth,2026-06-30T10:29:38.408886,Q017_V005,Q_0195,1,0,2,0,0,1,241,2,0,3,2,30.8,6639.31,87584308736,18395914240,3,0,1,0,0,0,2,7,1,1.0,Aggregate,0,269.534
DESKTOP-KQF03T0,Jashvanth,2026-06-30T10:29:43.659518,Q017_V005,Q_0195,2,0,2,0,0,1,241,2,0,3,2,31.1,6619.09,87584312832,18396536832,3,0,1,0,0,0,2,7,1,1.0,Aggregate,0,236.195
DESKTOP-KQF03T0,Jashvanth,2026-06-30T10:29:48.924512,Q017_V005,Q_0195,3,0,2,0,0,1,241,2,0,3,2,20.7,6623.51,87584325120,18396942336,3,0,1,0,0,0,2,7,1,1.0,Aggregate,0,247.94
DESKTOP-KQF03T0,Jashvanth,2026-06-30T10:29:54.209813,Q017_V006,Q_0196,1,0,2,0,0,1,241,2,0,3,2,30.9,6607.96,87584329216,18397425664,3,0,1,0,0,0,2,7,1,1.0,Aggregate,0,270.179
DESKTOP-KQF03T0,Jashvanth,2026-06-30T10:29:59.487496,Q017_V006,Q_0196,2,0,2,0,0,1,241,2,0,3,2,25.3,6633.03,87584697856,18397712384,3,0,1,0,0,0,2,7,1,1.0,Aggregate,0,262.167
DESKTOP-KQF03T0,Jashvanth,2026-06-30T10:30:04.860378,Q017_V006,Q_0196,3,0,2,0,0,1,241,2,0,3,2,21.2,6602.17,87584701952,18398228480,3,0,1,0,0,0,2,7,1,1.0,Aggregate,0,355.437
DESKTOP-KQF03T0,Jashvanth,2026-06-30T10:30:09.980507,Q017_V007,Q_0197,1,0,2,0,0,1,241,2,0,3,2,34.5,6609.87,87584742912,18399633408,3,0,1,0,0,0,2,7,1,1.0,Aggregate,0,105.941
DESKTOP-KQF03T0,Jashvanth,2026-06-30T10:30:15.133829,Q017_V007,Q_0197,2,0,2,0,0,1,241,2,0,3,2,31.9,6634.02,87613010432,18400382976,3,0,1,0,0,0,2,7,1,1.0,Aggregate,0,133.06
DESKTOP-KQF03T0,Jashvanth,2026-06-30T10:30:20.280458,Q017_V007,Q_0197,3,0,2,0,0,1,241,2,0,3,2,34.1,6633.79,87613592064,18401357824,3,0,1,0,0,0,2,7,1,1.0,Aggregate,0,127.37
DESKTOP-KQF03T0,Jashvanth,2026-06-30T10:30:25.392171,Q017_V008,Q_0198,1,0,2,0,0,1,241,2,0,3,2,25.3,6614.98,87613760000,18401767424,3,0,1,0,0,0,2,7,1,1.0,Aggregate,0,96.972
DESKTOP-KQF03T0,Jashvanth,2026-06-30T10:30:30.511536,Q017_V008,Q_0198,2,0,2,0,0,1,241,2,0,3,2,26.6,6643.14,87633059328,18402387968,3,0,1,0,0,0,2,7,1,1.0,Aggregate,0,102.771
DESKTOP-KQF03T0,Jashvanth,2026-06-30T10:30:35.643359,Q017_V008,Q_0198,3,0,2,0,0,1,241,2,0,3,2,28.5,6652.8,87633362432,18402940928,3,0,1,0,0,0,2,7,1,1.0,Aggregate,0,116.384
DESKTOP-KQF03T0,Jashvanth,2026-06-30T10:30:40.747732,Q017_V009,Q_0199,1,0,2,0,0,1,241,2,0,3,2,19.8,6652.63,87633370624,18403321856,3,0,1,0,0,0,2,7,1,1.0,Aggregate,0,88.462
DESKTOP-KQF03T0,Jashvanth,2026-06-30T10:30:45.875729,Q017_V009,Q_0199,2,0,2,0,0,1,241,2,0,3,2,29.0,6638.23,87691739136,18403883008,3,0,1,0,0,0,2,7,1,1.0,Aggregate,0,108.151
DESKTOP-KQF03T0,Jashvanth,2026-06-30T10:30:51.005383,Q017_V009,Q_0199,3,0,2,0,0,1,241,2,0,3,2,25.8,6643.41,87691776000,18404182016,3,0,1,0,0,0,2,7,1,1.0,Aggregate,0,113.182
DESKTOP-KQF03T0,Jashvanth,2026-06-30T10:35:56.917508,Q017_V010,Q_0200,1,0,2,0,0,1,241,2,0,3,2,58.4,6851.86,93749808128,19175166976,3,0,1,0,0,0,2,7,1,1.0,Aggregate,0,112.349
DESKTOP-KQF03T0,Jashvanth,2026-06-30T10:36:02.281936,Q017_V010,Q_0200,2,0,2,0,0,1,241,2,0,3,2,46.2,6834.91,93765232128,19175474176,3,0,1,0,0,0,2,7,1,1.0,Aggregate,0,325.122
DESKTOP-KQF03T0,Jashvanth,2026-06-30T10:36:07.394511,Q017_V010,Q_0200,3,0,2,0,0,1,241,2,0,3,2,38.3,6837.35,93766804480,19177075712,3,0,1,0,0,0,2,7,1,1.0,Aggregate,0,95.297
DESKTOP-KQF03T0,Jashvanth,2026-06-30T10:36:12.443369,Q018_V001,Q_0201,1,0,1,2,1,1,378,2,0,2,2,22.3,6842.84,93766996992,19177432064,4,0,3,0,0,1,2,13,6701,16.0,Sort,0,16.363
DESKTOP-KQF03T0,Jashvanth,2026-06-30T10:36:17.478956,Q018_V001,Q_0201,2,0,1,2,1,1,378,2,0,2,2,38.1,6859.05,93767760896,19178873856,4,0,3,0,0,1,2,13,6701,16.0,Sort,0,16.805
DESKTOP-KQF03T0,Jashvanth,2026-06-30T10:36:22.515270,Q018_V001,Q_0201,3,0,1,2,1,1,378,2,0,2,2,23.6,6853.13,93767777280,19179160576,4,0,3,0,0,1,2,13,6701,16.0,Sort,0,16.844
DESKTOP-KQF03T0,Jashvanth,2026-06-30T10:36:27.591692,Q018_V002,Q_0202,1,0,1,2,1,1,377,2,0,2,2,37.8,6883.58,93768061440,19180637184,4,0,3,0,0,1,2,13,6701,3828.0,Sort,0,53.324
DESKTOP-KQF03T0,Jashvanth,2026-06-30T10:36:32.644587,Q018_V002,Q_0202,2,0,1,2,1,1,377,2,0,2,2,21.9,6885.03,93769155584,19181981696,4,0,3,0,0,1,2,13,6701,3828.0,Sort,0,36.197
DESKTOP-KQF03T0,Jashvanth,2026-06-30T10:36:37.726429,Q018_V002,Q_0202,3,0,1,2,1,1,377,2,0,2,2,36.1,6894.69,93781625856,19183485952,4,0,3,0,0,1,2,13,6701,3828.0,Sort,0,58.921
DESKTOP-KQF03T0,Jashvanth,2026-06-30T10:36:42.788086,Q018_V003,Q_0203,1,0,1,2,1,1,378,2,0,2,2,30.8,6881.36,93782332416,19183744000,4,0,3,0,0,1,2,13,6701,2446.0,Sort,0,42.947
DESKTOP-KQF03T0,Jashvanth,2026-06-30T10:36:47.857811,Q018_V003,Q_0203,2,0,1,2,1,1,378,2,0,2,2,39.6,6925.1,93782680576,19185267712,4,0,3,0,0,1,2,13,6701,2446.0,Sort,0,50.761
DESKTOP-KQF03T0,Jashvanth,2026-06-30T10:36:52.961870,Q018_V003,Q_0203,3,0,1,2,1,1,378,2,0,2,2,31.4,6847.05,93782975488,19216135168,4,0,3,0,0,1,2,13,6701,2446.0,Sort,0,71.275
DESKTOP-KQF03T0,Jashvanth,2026-06-30T10:36:58.071599,Q018_V004,Q_0204,1,0,1,2,1,1,378,2,0,2,2,43.8,6826.24,93783316992,19233309696,4,0,3,0,0,1,2,13,6701,1148.0,Sort,0,73.34
DESKTOP-KQF03T0,Jashvanth,2026-06-30T10:37:03.141831,Q018_V004,Q_0204,2,0,1,2,1,1,378,2,0,2,2,34.7,6837.11,93784593408,19233879040,4,0,3,0,0,1,2,13,6701,1148.0,Sort,0,33.967
DESKTOP-KQF03T0,Jashvanth,2026-06-30T10:37:08.199569,Q018_V004,Q_0204,3,0,1,2,1,1,378,2,0,2,2,40.3,6844.08,93785117696,19235423232,4,0,3,0,0,1,2,13,6701,1148.0,Sort,0,30.466
DESKTOP-KQF03T0,Jashvanth,2026-06-30T10:37:13.253092,Q018_V005,Q_0205,1,0,1,2,1,1,377,2,0,2,2,25.8,6833.1,93785322496,19235738624,4,0,3,0,0,1,2,13,6701,2446.0,Sort,0,35.72
DESKTOP-KQF03T0,Jashvanth,2026-06-30T10:37:18.353827,Q018_V005,Q_0205,2,0,1,2,1,1,377,2,0,2,2,29.3,6823.57,93788508672,19237168128,4,0,3,0,0,1,2,13,6701,2446.0,Sort,0,59.911
DESKTOP-KQF03T0,Jashvanth,2026-06-30T10:37:23.436747,Q018_V005,Q_0205,3,0,1,2,1,1,377,2,0,2,2,24.2,6814.07,93789045248,19237389312,4,0,3,0,0,1,2,13,6701,2446.0,Sort,0,48.274
DESKTOP-KQF03T0,Jashvanth,2026-06-30T10:37:28.540248,Q018_V006,Q_0206,1,0,1,2,1,1,371,2,0,2,2,27.6,6801.97,93789458944,19239408640,4,0,3,0,0,1,2,13,6701,2446.0,Sort,0,63.346
DESKTOP-KQF03T0,Jashvanth,2026-06-30T10:37:33.659220,Q018_V006,Q_0206,2,0,1,2,1,1,371,2,0,2,2,32.0,6855.3,93795550208,19241636864,4,0,3,0,0,1,2,13,6701,2446.0,Sort,0,97.048
DESKTOP-KQF03T0,Jashvanth,2026-06-30T10:37:38.747870,Q018_V006,Q_0206,3,0,1,2,1,1,371,2,0,2,2,29.2,6837.85,93795701760,19243111424,4,0,3,0,0,1,2,13,6701,2446.0,Sort,0,66.761
DESKTOP-KQF03T0,Jashvanth,2026-06-30T10:37:43.796840,Q018_V007,Q_0207,1,0,1,2,1,1,374,2,0,2,2,25.8,6850.16,93797144064,19244101120,4,0,3,0,0,1,2,13,6701,2446.0,Sort,0,31.689
DESKTOP-KQF03T0,Jashvanth,2026-06-30T10:37:48.863009,Q018_V007,Q_0207,2,0,1,2,1,1,374,2,0,2,2,33.6,6867.51,93798395392,19246824960,4,0,3,0,0,1,2,13,6701,2446.0,Sort,0,41.469
DESKTOP-KQF03T0,Jashvanth,2026-06-30T10:37:53.958536,Q018_V007,Q_0207,3,0,1,2,1,1,374,2,0,2,2,28.4,6873.32,93798705664,19247341056,4,0,3,0,0,1,2,13,6701,2446.0,Sort,0,74.556
DESKTOP-KQF03T0,Jashvanth,2026-06-30T10:37:59.017431,Q018_V008,Q_0208,1,0,1,2,1,1,375,2,0,2,2,40.1,6874.25,93799156224,19248856576,4,0,3,0,0,1,2,13,6701,2446.0,Sort,0,38.289
DESKTOP-KQF03T0,Jashvanth,2026-06-30T10:38:04.081982,Q018_V008,Q_0208,2,0,1,2,1,1,375,2,0,2,2,34.6,6863.22,93799262720,19249184256,4,0,3,0,0,1,2,13,6701,2446.0,Sort,0,45.989
DESKTOP-KQF03T0,Jashvanth,2026-06-30T10:38:09.155253,Q018_V008,Q_0208,3,0,1,2,1,1,375,2,0,2,2,31.2,6860.72,93799557632,19250462208,4,0,3,0,0,1,2,13,6701,2446.0,Sort,0,39.759
DESKTOP-KQF03T0,Jashvanth,2026-06-30T10:38:14.218227,Q018_V009,Q_0209,1,0,1,2,1,1,376,2,0,2,2,21.9,6863.26,93799774720,19251039744,4,0,3,0,0,1,2,13,6701,2446.0,Sort,0,44.025
DESKTOP-KQF03T0,Jashvanth,2026-06-30T10:38:19.291868,Q018_V009,Q_0209,2,0,1,2,1,1,376,2,0,2,2,36.8,6829.38,93802564096,19252497920,4,0,3,0,0,1,2,13,6701,2446.0,Sort,0,51.986
DESKTOP-KQF03T0,Jashvanth,2026-06-30T10:38:24.343773,Q018_V009,Q_0209,3,0,1,2,1,1,376,2,0,2,2,26.6,6820.05,93802772992,19252899328,4,0,3,0,0,1,2,13,6701,2446.0,Sort,0,35.268
DESKTOP-KQF03T0,Jashvanth,2026-06-30T10:38:29.400426,Q018_V010,Q_0210,1,0,1,2,1,1,377,2,0,2,2,35.1,6816.37,93804476416,19255532544,4,0,3,0,0,1,2,13,6701,2446.0,Sort,0,39.794
DESKTOP-KQF03T0,Jashvanth,2026-06-30T10:38:34.452664,Q018_V010,Q_0210,2,0,1,2,1,1,377,2,0,2,2,26.2,6787.95,93806319616,19256626176,4,0,3,0,0,1,2,13,6701,2446.0,Sort,0,34.759
DESKTOP-KQF03T0,Jashvanth,2026-06-30T10:38:39.511413,Q018_V010,Q_0210,3,0,1,2,1,1,377,2,0,2,2,28.5,6762.74,93806553088,19258067968,4,0,3,0,0,1,2,13,6701,2446.0,Sort,0,42.915
DESKTOP-KQF03T0,Jashvanth,2026-06-30T10:38:44.547994,Q019_V001,Q_0211,1,0,1,0,0,0,887,1,0,26,1,33.1,6720.91,93807400960,19258272768,2,0,1,0,0,0,1,5,1,1.0,Aggregate,0,5.633
DESKTOP-KQF03T0,Jashvanth,2026-06-30T10:38:49.571276,Q019_V001,Q_0211,2,0,1,0,0,0,887,1,0,26,1,27.0,6722.64,93807433728,19259546624,2,0,1,0,0,0,1,5,1,1.0,Aggregate,0,7.243
DESKTOP-KQF03T0,Jashvanth,2026-06-30T10:38:54.608639,Q019_V001,Q_0211,3,0,1,0,0,0,887,1,0,26,1,28.2,6765.56,93807511552,19259972608,2,0,1,0,0,0,1,5,1,1.0,Aggregate,0,12.206
DESKTOP-KQF03T0,Jashvanth,2026-06-30T10:38:59.638273,Q019_V002,Q_0212,1,0,1,0,0,0,887,1,0,26,1,58.8,6806.35,93821125632,19261533184,2,0,1,0,0,0,1,5,1,1.0,Aggregate,0,11.032
DESKTOP-KQF03T0,Jashvanth,2026-06-30T10:39:04.664024,Q019_V002,Q_0212,2,0,1,0,0,0,887,1,0,26,1,44.4,6798.82,93841056768,19264932864,2,0,1,0,0,0,1,5,1,1.0,Aggregate,0,7.759
DESKTOP-KQF03T0,Jashvanth,2026-06-30T10:39:09.694341,Q019_V002,Q_0212,3,0,1,0,0,0,887,1,0,26,1,51.4,6797.1,93841791488,19267726336,2,0,1,0,0,0,1,5,1,1.0,Aggregate,0,6.378
DESKTOP-KQF03T0,Jashvanth,2026-06-30T10:39:14.731694,Q019_V003,Q_0213,1,0,1,0,0,0,887,1,0,26,1,44.0,6803.73,93842399744,19268586496,2,0,1,0,0,0,1,5,1,1.0,Aggregate,0,17.331
DESKTOP-KQF03T0,Jashvanth,2026-06-30T10:39:19.758420,Q019_V003,Q_0213,2,0,1,0,0,0,887,1,0,26,1,35.6,6806.86,93842592768,19270360064,2,0,1,0,0,0,1,5,1,1.0,Aggregate,0,9.261
DESKTOP-KQF03T0,Jashvanth,2026-06-30T10:39:24.785584,Q019_V003,Q_0213,3,0,1,0,0,0,887,1,0,26,1,24.8,6786.57,93842846720,19272104960,2,0,1,0,0,0,1,5,1,1.0,Aggregate,0,9.61
DESKTOP-KQF03T0,Jashvanth,2026-06-30T10:39:30.420374,Q019_V004,Q_0214,1,0,1,0,0,0,886,1,0,26,1,52.8,6840.2,93843928064,19274251264,2,0,0,1,0,0,1,5,1,1.0,Aggregate,0,612.058
DESKTOP-KQF03T0,Jashvanth,2026-06-30T10:39:36.007607,Q019_V004,Q_0214,2,0,1,0,0,0,886,1,0,26,1,28.3,6843.8,93844304896,19275160576,2,0,0,1,0,0,1,5,1,1.0,Aggregate,0,563.447
DESKTOP-KQF03T0,Jashvanth,2026-06-30T10:39:41.616416,Q019_V004,Q_0214,3,0,1,0,0,0,886,1,0,26,1,40.8,6782.74,93844556800,19276573696,2,0,0,1,0,0,1,5,1,1.0,Aggregate,0,593.179
DESKTOP-KQF03T0,Jashvanth,2026-06-30T10:39:49.401765,Q019_V005,Q_0215,1,0,1,0,0,0,886,1,0,26,1,29.2,6767.98,93858897408,19278220288,2,0,0,1,0,0,1,5,1,1.0,Aggregate,0,2766.874
DESKTOP-KQF03T0,Jashvanth,2026-06-30T10:39:57.086023,Q019_V005,Q_0215,2,0,1,0,0,0,886,1,0,26,1,30.7,6820.74,93859374592,19280006144,2,0,0,1,0,0,1,5,1,1.0,Aggregate,0,2661.517
DESKTOP-KQF03T0,Jashvanth,2026-06-30T10:40:05.510187,Q019_V005,Q_0215,3,0,1,0,0,0,886,1,0,26,1,45.6,7034.39,93860106752,19283126272,2,0,0,1,0,0,1,5,1,1.0,Aggregate,0,3389.825
DESKTOP-KQF03T0,Jashvanth,2026-06-30T10:40:12.527558,Q019_V006,Q_0216,1,0,1,0,0,0,886,1,0,26,1,45.0,6995.09,93865485312,19306236928,2,0,0,1,0,0,1,5,1,1.0,Aggregate,0,1991.814
DESKTOP-KQF03T0,Jashvanth,2026-06-30T10:40:19.759538,Q019_V006,Q_0216,2,0,1,0,0,0,886,1,0,26,1,36.0,7008.75,93868540416,19307334656,2,0,0,1,0,0,1,5,1,1.0,Aggregate,0,2210.344
DESKTOP-KQF03T0,Jashvanth,2026-06-30T10:40:26.767071,Q019_V006,Q_0216,3,0,1,0,0,0,886,1,0,26,1,32.4,6995.33,93871236096,19308739584,2,0,0,1,0,0,1,5,1,1.0,Aggregate,0,1985.828
DESKTOP-KQF03T0,Jashvanth,2026-06-30T10:40:31.796866,Q019_V007,Q_0217,1,0,1,0,0,0,886,1,0,26,1,19.5,7012.6,93872411648,19309476864,2,0,1,0,0,0,1,5,1,1.0,Aggregate,0,8.758
DESKTOP-KQF03T0,Jashvanth,2026-06-30T10:40:36.828246,Q019_V007,Q_0217,2,0,1,0,0,0,886,1,0,26,1,31.9,7004.18,93872845824,19311795200,2,0,1,0,0,0,1,5,1,1.0,Aggregate,0,11.727
DESKTOP-KQF03T0,Jashvanth,2026-06-30T10:40:41.862184,Q019_V007,Q_0217,3,0,1,0,0,0,886,1,0,26,1,31.4,6992.25,93872854016,19312106496,2,0,1,0,0,0,1,5,1,1.0,Aggregate,0,11.875
DESKTOP-KQF03T0,Jashvanth,2026-06-30T10:40:46.889740,Q019_V008,Q_0218,1,0,1,0,0,0,887,1,0,26,1,37.1,6626.18,93873009664,19313150976,2,0,1,0,0,0,1,5,1,1.0,Aggregate,0,7.793
DESKTOP-KQF03T0,Jashvanth,2026-06-30T10:40:51.914884,Q019_V008,Q_0218,2,0,1,0,0,0,887,1,0,26,1,24.9,6630.46,93873140736,19313679360,2,0,1,0,0,0,1,5,1,1.0,Aggregate,0,5.519
DESKTOP-KQF03T0,Jashvanth,2026-06-30T10:40:56.962970,Q019_V008,Q_0218,3,0,1,0,0,0,887,1,0,26,1,34.8,6633.07,93873288192,19314945024,2,0,1,0,0,0,1,5,1,1.0,Aggregate,0,14.682
DESKTOP-KQF03T0,Jashvanth,2026-06-30T10:41:01.997090,Q019_V009,Q_0219,1,0,1,0,0,0,887,1,0,26,1,34.0,6684.45,93873632256,19315338240,2,0,1,0,0,0,1,5,1,1.0,Aggregate,0,13.919
DESKTOP-KQF03T0,Jashvanth,2026-06-30T10:41:07.050143,Q019_V009,Q_0219,2,0,1,0,0,0,887,1,0,26,1,36.5,6629.11,93874537472,19316457984,2,0,1,0,0,0,1,5,1,1.0,Aggregate,0,9.212
DESKTOP-KQF03T0,Jashvanth,2026-06-30T10:41:12.075907,Q019_V009,Q_0219,3,0,1,0,0,0,887,1,0,26,1,35.9,6626.89,93874669056,19316851712,2,0,1,0,0,0,1,5,1,1.0,Aggregate,0,7.289
DESKTOP-KQF03T0,Jashvanth,2026-06-30T10:41:17.101744,Q019_V010,Q_0220,1,0,1,0,0,0,886,1,0,26,1,41.3,6623.55,93874750976,19317789696,2,0,1,0,0,0,1,5,1,1.0,Aggregate,0,8.27
DESKTOP-KQF03T0,Jashvanth,2026-06-30T10:41:22.128651,Q019_V010,Q_0220,2,0,1,0,0,0,886,1,0,26,1,30.8,6630.46,93889233920,19318494208,2,0,1,0,0,0,1,5,1,1.0,Aggregate,0,7.812
DESKTOP-KQF03T0,Jashvanth,2026-06-30T10:41:27.160199,Q019_V010,Q_0220,3,0,1,0,0,0,886,1,0,26,1,64.8,6720.45,94208302080,19320747008,2,0,1,0,0,0,1,5,1,1.0,Aggregate,0,13.357
DESKTOP-KQF03T0,Jashvanth,2026-06-30T10:41:32.198757,Q019_V011,Q_0221,1,0,1,0,0,0,888,1,0,26,1,19.1,6718.95,94208306176,19322057728,2,0,1,0,0,0,1,5,1,1.0,Aggregate,0,12.3
DESKTOP-KQF03T0,Jashvanth,2026-06-30T10:41:37.261354,Q019_V011,Q_0221,2,0,1,0,0,0,888,1,0,26,1,38.9,6682.23,94208859136,19323646976,2,0,1,0,0,0,1,5,1,1.0,Aggregate,0,18.324
DESKTOP-KQF03T0,Jashvanth,2026-06-30T10:41:42.295188,Q019_V011,Q_0221,3,0,1,0,0,0,888,1,0,26,1,20.9,6693.95,94208904192,19324994560,2,0,1,0,0,0,1,5,1,1.0,Aggregate,0,12.295
DESKTOP-KQF03T0,Jashvanth,2026-06-30T10:41:47.324407,Q019_V012,Q_0222,1,0,1,0,0,0,888,1,0,26,1,62.3,6927.64,94210105344,19326297088,2,0,1,0,0,0,1,5,1,1.0,Aggregate,0,6.928
DESKTOP-KQF03T0,Jashvanth,2026-06-30T10:41:52.349332,Q019_V012,Q_0222,2,0,1,0,0,0,888,1,0,26,1,28.4,6811.64,94210395136,19328541696,2,0,1,0,0,0,1,5,1,1.0,Aggregate,0,8.439
DESKTOP-KQF03T0,Jashvanth,2026-06-30T10:41:57.370996,Q019_V012,Q_0222,3,0,1,0,0,0,888,1,0,26,1,32.2,6788.67,94210597376,19329573888,2,0,1,0,0,0,1,5,1,1.0,Aggregate,0,5.839
DESKTOP-KQF03T0,Jashvanth,2026-06-30T10:42:18.692294,Q019_V013,Q_0223,1,0,1,0,0,0,887,1,0,26,1,37.2,6752.26,94211469824,19331224576,2,0,0,1,0,0,1,5,1,1.0,Aggregate,0,16302.084
DESKTOP-KQF03T0,Jashvanth,2026-06-30T10:42:40.107525,Q019_V013,Q_0223,2,0,1,0,0,0,887,1,0,26,1,40.7,6772.9,94212137472,19334469120,2,0,0,1,0,0,1,5,1,1.0,Aggregate,0,16383.253
DESKTOP-KQF03T0,Jashvanth,2026-06-30T10:43:01.192315,Q019_V013,Q_0223,3,0,1,0,0,0,887,1,0,26,1,35.9,6643.91,94296332800,19350955008,2,0,0,1,0,0,1,5,1,1.0,Aggregate,0,16066.71
DESKTOP-KQF03T0,Jashvanth,2026-06-30T10:43:06.235040,Q019_V014,Q_0224,1,0,1,0,0,0,892,1,0,26,1,37.5,6657.18,94296398336,19351892992,2,0,1,0,0,0,1,5,1,1.0,Aggregate,0,19.269
DESKTOP-KQF03T0,Jashvanth,2026-06-30T10:43:11.278280,Q019_V014,Q_0224,2,0,1,0,0,0,892,1,0,26,1,19.5,6646.8,94296463872,19352089600,2,0,1,0,0,0,1,5,1,1.0,Aggregate,0,16.949
DESKTOP-KQF03T0,Jashvanth,2026-06-30T10:43:16.324484,Q019_V014,Q_0224,3,0,1,0,0,0,892,1,0,26,1,35.5,6652.54,94296484352,19352908800,2,0,1,0,0,0,1,5,1,1.0,Aggregate,0,20.978
DESKTOP-KQF03T0,Jashvanth,2026-06-30T10:43:21.365869,Q019_V015,Q_0225,1,0,1,0,0,0,892,1,0,26,1,27.2,6655.52,94296492544,19353580544,2,0,1,0,0,0,1,5,1,1.0,Aggregate,0,21.893
DESKTOP-KQF03T0,Jashvanth,2026-06-30T10:43:26.406334,Q019_V015,Q_0225,2,0,1,0,0,0,892,1,0,26,1,53.6,6680.96,94296570368,19354735616,2,0,1,0,0,0,1,5,1,1.0,Aggregate,0,13.71
DESKTOP-KQF03T0,Jashvanth,2026-06-30T10:43:31.445733,Q019_V015,Q_0225,3,0,1,0,0,0,892,1,0,26,1,35.0,6687.65,94296705536,19355597312,2,0,1,0,0,0,1,5,1,1.0,Aggregate,0,19.652
DESKTOP-KQF03T0,Jashvanth,2026-06-30T10:43:36.495149,Q020_V001,Q_0226,1,0,4,0,1,3,462,1,0,6,4,42.5,6664.99,94297696768,19356277248,2,3,0,3,0,1,1,12,1,0.0,Sort,0,5.223
DESKTOP-KQF03T0,Jashvanth,2026-06-30T10:43:41.513671,Q020_V001,Q_0226,2,0,4,0,1,3,462,1,0,6,4,25.9,6667.59,94297770496,19356477952,2,3,0,3,0,1,1,12,1,0.0,Sort,0,2.021
DESKTOP-KQF03T0,Jashvanth,2026-06-30T10:43:46.546559,Q020_V001,Q_0226,3,0,4,0,1,3,462,1,0,6,4,50.9,6715.66,94297983488,19357415936,2,3,0,3,0,1,1,12,1,0.0,Sort,0,5.897
DESKTOP-KQF03T0,Jashvanth,2026-06-30T10:43:51.572063,Q020_V002,Q_0227,1,0,4,0,1,3,457,1,0,6,4,25.5,6722.9,94298016256,19358038528,2,3,0,3,0,1,1,12,1,0.0,Sort,0,4.25
DESKTOP-KQF03T0,Jashvanth,2026-06-30T10:43:56.594201,Q020_V002,Q_0227,2,0,4,0,1,3,457,1,0,6,4,55.5,6761.93,94298184192,19359218176,2,3,0,3,0,1,1,12,1,0.0,Sort,0,3.347
DESKTOP-KQF03T0,Jashvanth,2026-06-30T10:44:01.614148,Q020_V002,Q_0227,3,0,4,0,1,3,457,1,0,6,4,18.7,6729.02,94298257920,19359459840,2,3,0,3,0,1,1,12,1,0.0,Sort,0,2.504
DESKTOP-KQF03T0,Jashvanth,2026-06-30T10:44:06.770755,Q020_V003,Q_0228,1,0,4,0,1,3,456,1,0,6,4,34.3,6712.27,94298593280,19361266176,2,3,0,2,0,1,1,11,3,0.0,Sort,0,137.651
DESKTOP-KQF03T0,Jashvanth,2026-06-30T10:44:11.931903,Q020_V003,Q_0228,2,0,4,0,1,3,456,1,0,6,4,16.7,6706.48,94298601472,19361520128,2,3,0,2,0,1,1,11,3,0.0,Sort,0,142.321
DESKTOP-KQF03T0,Jashvanth,2026-06-30T10:44:17.146212,Q020_V003,Q_0228,3,0,4,0,1,3,456,1,0,6,4,31.0,6668.46,94298658816,19362466304,2,3,0,2,0,1,1,11,3,0.0,Sort,0,194.461
DESKTOP-KQF03T0,Jashvanth,2026-06-30T10:44:22.417286,Q020_V004,Q_0229,1,0,4,0,1,3,456,1,0,6,4,23.0,6626.38,94298732544,19363150336,2,3,0,2,0,1,1,11,3,0.0,Sort,0,251.405
DESKTOP-KQF03T0,Jashvanth,2026-06-30T10:44:27.701699,Q020_V004,Q_0229,2,0,4,0,1,3,456,1,0,6,4,33.6,6641.18,94298736640,19364166656,2,3,0,2,0,1,1,11,3,0.0,Sort,0,264.061
DESKTOP-KQF03T0,Jashvanth,2026-06-30T10:44:33.031929,Q020_V004,Q_0229,3,0,4,0,1,3,456,1,0,6,4,39.3,6640.0,94298810368,19364617216,2,3,0,2,0,1,1,11,3,0.0,Sort,0,308.751
DESKTOP-KQF03T0,Jashvanth,2026-06-30T10:44:38.466334,Q020_V005,Q_0230,1,0,4,0,1,3,456,1,0,6,4,38.7,6669.89,94298814464,19365608448,2,3,0,2,0,1,1,11,3,1.0,Sort,0,410.448
DESKTOP-KQF03T0,Jashvanth,2026-06-30T10:44:43.698631,Q020_V005,Q_0230,2,0,4,0,1,3,456,1,0,6,4,33.0,6653.34,94298834944,19366038528,2,3,0,2,0,1,1,11,3,1.0,Sort,0,209.909
DESKTOP-KQF03T0,Jashvanth,2026-06-30T10:44:48.927119,Q020_V005,Q_0230,3,0,4,0,1,3,456,1,0,6,4,30.8,6639.52,94298839040,19367222272,2,3,0,2,0,1,1,11,3,1.0,Sort,0,211.761
DESKTOP-KQF03T0,Jashvanth,2026-06-30T10:44:53.951488,Q020_V006,Q_0231,1,0,4,0,1,3,456,1,0,6,4,17.1,6642.63,94298847232,19368524800,2,3,0,2,0,1,1,11,3,0.0,Sort,0,4.101
DESKTOP-KQF03T0,Jashvanth,2026-06-30T10:44:58.980592,Q020_V006,Q_0231,2,0,4,0,1,3,456,1,0,6,4,53.3,6695.74,94299281408,19369466880,2,3,0,2,0,1,1,11,3,0.0,Sort,0,7.72
DESKTOP-KQF03T0,Jashvanth,2026-06-30T10:45:04.005585,Q020_V006,Q_0231,3,0,4,0,1,3,456,1,0,6,4,24.2,6663.3,94299359232,19369978880,2,3,0,2,0,1,1,11,3,0.0,Sort,0,4.141
DESKTOP-KQF03T0,Jashvanth,2026-06-30T10:45:09.524361,Q020_V007,Q_0232,1,0,4,0,1,3,455,1,0,6,4,66.7,6700.52,94303740928,19371600896,2,3,0,2,0,1,1,11,3,3.0,Sort,0,496.473
DESKTOP-KQF03T0,Jashvanth,2026-06-30T10:45:14.757295,Q020_V007,Q_0232,2,0,4,0,1,3,455,1,0,6,4,52.9,6694.9,94304071680,19371703296,2,3,0,2,0,1,1,11,3,3.0,Sort,0,213.618
DESKTOP-KQF03T0,Jashvanth,2026-06-30T10:45:19.989978,Q020_V007,Q_0232,3,0,4,0,1,3,455,1,0,6,4,40.4,6699.53,94304075776,19372088320,2,3,0,2,0,1,1,11,3,3.0,Sort,0,213.659
DESKTOP-KQF03T0,Jashvanth,2026-06-30T10:45:25.211361,Q020_V008,Q_0233,1,0,4,0,1,3,459,1,0,6,4,43.6,6719.09,94304100352,19372710912,2,3,0,2,0,1,1,11,3,1.0,Sort,0,203.696
DESKTOP-KQF03T0,Jashvanth,2026-06-30T10:45:30.432418,Q020_V008,Q_0233,2,0,4,0,1,3,459,1,0,6,4,25.3,6727.27,94304169984,19373849600,2,3,0,2,0,1,1,11,3,1.0,Sort,0,201.972
DESKTOP-KQF03T0,Jashvanth,2026-06-30T10:45:35.658377,Q020_V008,Q_0233,3,0,4,0,1,3,459,1,0,6,4,28.9,6717.68,94304182272,19375070208,2,3,0,2,0,1,1,11,3,1.0,Sort,0,208.481
DESKTOP-KQF03T0,Jashvanth,2026-06-30T10:45:40.907114,Q020_V009,Q_0234,1,0,4,0,1,3,464,1,0,6,4,53.4,6715.64,94304829440,19375713280,2,3,0,2,0,1,1,11,3,1.0,Sort,0,218.595
DESKTOP-KQF03T0,Jashvanth,2026-06-30T10:45:46.230630,Q020_V009,Q_0234,2,0,4,0,1,3,464,1,0,6,4,31.8,6717.85,94304841728,19375987712,2,3,0,2,0,1,1,11,3,1.0,Sort,0,305.15
DESKTOP-KQF03T0,Jashvanth,2026-06-30T10:45:51.484972,Q020_V009,Q_0234,3,0,4,0,1,3,464,1,0,6,4,61.2,6728.1,94304985088,19376348160,2,3,0,2,0,1,1,11,3,1.0,Sort,0,213.695
DESKTOP-KQF03T0,Jashvanth,2026-06-30T10:45:56.699234,Q020_V010,Q_0235,1,0,4,0,1,3,463,1,0,6,4,24.9,6706.19,94305595392,19377429504,2,3,0,2,0,1,1,11,3,1.0,Sort,0,189.979
DESKTOP-KQF03T0,Jashvanth,2026-06-30T10:46:01.902687,Q020_V010,Q_0235,2,0,4,0,1,3,463,1,0,6,4,25.5,6751.16,94305599488,19378498560,2,3,0,2,0,1,1,11,3,1.0,Sort,0,187.245
DESKTOP-KQF03T0,Jashvanth,2026-06-30T10:46:07.109989,Q020_V010,Q_0235,3,0,4,0,1,3,463,1,0,6,4,27.0,6718.54,94305607680,19379141632,2,3,0,2,0,1,1,11,3,1.0,Sort,0,189.555
DESKTOP-KQF03T0,Jashvanth,2026-06-30T10:46:12.142588,Q021_V001,Q_0236,1,0,3,1,1,2,570,1,0,10,3,19.6,6724.01,94306050048,19380427776,2,4,1,4,0,2,1,16,1,1.0,Sort,0,8.889
DESKTOP-KQF03T0,Jashvanth,2026-06-30T10:46:17.181862,Q021_V001,Q_0236,2,0,3,1,1,2,570,1,0,10,3,23.2,6726.77,94306062336,19380657152,2,4,1,4,0,2,1,16,1,1.0,Sort,0,13.796
DESKTOP-KQF03T0,Jashvanth,2026-06-30T10:46:22.206339,Q021_V001,Q_0236,3,0,3,1,1,2,570,1,0,10,3,23.9,6720.98,94306101248,19380861952,2,4,1,4,0,2,1,16,1,1.0,Sort,0,7.214
DESKTOP-KQF03T0,Jashvanth,2026-06-30T10:46:27.231636,Q021_V002,Q_0237,1,0,3,1,1,2,570,1,0,10,3,19.0,6709.93,94307076096,19381650432,2,4,1,4,0,2,1,16,1,3.0,Sort,0,8.097
DESKTOP-KQF03T0,Jashvanth,2026-06-30T10:46:32.271271,Q021_V002,Q_0237,2,0,3,1,1,2,570,1,0,10,3,27.7,6717.01,94307084288,19382858752,2,4,1,4,0,2,1,16,1,3.0,Sort,0,12.805
DESKTOP-KQF03T0,Jashvanth,2026-06-30T10:46:37.302322,Q021_V002,Q_0237,3,0,3,1,1,2,570,1,0,10,3,26.8,6725.36,94307645440,19383120896,2,4,1,4,0,2,1,16,1,3.0,Sort,0,10.574
DESKTOP-KQF03T0,Jashvanth,2026-06-30T10:46:42.340787,Q021_V003,Q_0238,1,0,3,1,1,2,570,1,0,10,3,27.5,6726.05,94307653632,19383899136,2,4,1,4,0,2,1,16,1,2.0,Sort,0,18.512
DESKTOP-KQF03T0,Jashvanth,2026-06-30T10:46:47.408455,Q021_V003,Q_0238,2,0,3,1,1,2,570,1,0,10,3,27.6,6712.54,94308599296,19384308736,2,4,1,4,0,2,1,16,1,2.0,Sort,0,18.274
DESKTOP-KQF03T0,Jashvanth,2026-06-30T10:46:52.467482,Q021_V003,Q_0238,3,0,3,1,1,2,570,1,0,10,3,35.9,6700.56,94308619776,19384574976,2,4,1,4,0,2,1,16,1,2.0,Sort,0,16.855
DESKTOP-KQF03T0,Jashvanth,2026-06-30T10:46:57.502807,Q021_V004,Q_0239,1,0,3,1,1,2,567,1,0,10,3,25.5,6701.31,94308709888,19385127936,2,4,1,4,0,2,1,16,13,21.0,Sort,0,10.086
DESKTOP-KQF03T0,Jashvanth,2026-06-30T10:47:02.551892,Q021_V004,Q_0239,2,0,3,1,1,2,567,1,0,10,3,30.1,6737.79,94308779520,19385676800,2,4,1,4,0,2,1,16,13,21.0,Sort,0,15.995
DESKTOP-KQF03T0,Jashvanth,2026-06-30T10:47:07.595564,Q021_V004,Q_0239,3,0,3,1,1,2,567,1,0,10,3,20.8,6734.17,94308787712,19386102784,2,4,1,4,0,2,1,16,13,21.0,Sort,0,18.01
DESKTOP-KQF03T0,Jashvanth,2026-06-30T10:47:12.640295,Q021_V005,Q_0240,1,0,3,1,1,2,566,1,0,10,3,18.6,6698.31,94308808192,19387581440,3,3,1,4,0,2,1,16,13,21.0,Sort,0,17.718
DESKTOP-KQF03T0,Jashvanth,2026-06-30T10:47:17.673524,Q021_V005,Q_0240,2,0,3,1,1,2,566,1,0,10,3,17.9,6675.68,94308812288,19418711040,3,3,1,4,0,2,1,16,13,21.0,Sort,0,11.363
DESKTOP-KQF03T0,Jashvanth,2026-06-30T10:47:22.722690,Q021_V005,Q_0240,3,0,3,1,1,2,566,1,0,10,3,15.6,6659.7,94308890112,19419087872,3,3,1,4,0,2,1,16,13,21.0,Sort,0,16.425
DESKTOP-KQF03T0,Jashvanth,2026-06-30T10:47:27.758571,Q021_V006,Q_0241,1,0,3,1,1,2,565,1,0,10,3,24.4,6587.55,94308902400,19419628544,3,3,1,4,0,2,1,16,13,21.0,Sort,0,14.805
DESKTOP-KQF03T0,Jashvanth,2026-06-30T10:47:32.784074,Q021_V006,Q_0241,2,0,3,1,1,2,565,1,0,10,3,30.4,6585.16,94308972032,19420038144,3,3,1,4,0,2,1,16,13,21.0,Sort,0,8.695
DESKTOP-KQF03T0,Jashvanth,2026-06-30T10:47:37.822433,Q021_V006,Q_0241,3,0,3,1,1,2,565,1,0,10,3,24.9,6595.17,94308980224,19420492800,3,3,1,4,0,2,1,16,13,21.0,Sort,0,10.698
DESKTOP-KQF03T0,Jashvanth,2026-06-30T10:47:42.855535,Q021_V007,Q_0242,1,0,3,1,1,2,562,1,0,10,3,33.7,6592.76,94309213696,19420754944,2,4,1,4,0,2,1,16,13,20.0,Sort,0,12.274
DESKTOP-KQF03T0,Jashvanth,2026-06-30T10:47:47.881100,Q021_V007,Q_0242,2,0,3,1,1,2,562,1,0,10,3,35.0,6590.34,94309479936,19421736448,2,4,1,4,0,2,1,16,13,20.0,Sort,0,8.438
DESKTOP-KQF03T0,Jashvanth,2026-06-30T10:47:52.906801,Q021_V007,Q_0242,3,0,3,1,1,2,562,1,0,10,3,28.5,6584.85,94309617152,19422109184,2,4,1,4,0,2,1,16,13,20.0,Sort,0,8.032
DESKTOP-KQF03T0,Jashvanth,2026-06-30T10:47:57.932302,Q021_V008,Q_0243,1,0,3,1,1,2,561,1,0,10,3,27.4,6566.28,94309621248,19422596608,2,4,1,4,0,2,1,16,13,19.0,Sort,0,7.639
DESKTOP-KQF03T0,Jashvanth,2026-06-30T10:48:02.973681,Q021_V008,Q_0243,2,0,3,1,1,2,561,1,0,10,3,30.8,6568.33,94309752320,19422854656,2,4,1,4,0,2,1,16,13,19.0,Sort,0,13.487
DESKTOP-KQF03T0,Jashvanth,2026-06-30T10:48:08.002882,Q021_V008,Q_0243,3,0,3,1,1,2,561,1,0,10,3,30.3,6607.12,94309768704,19423489536,2,4,1,4,0,2,1,16,13,19.0,Sort,0,8.927
DESKTOP-KQF03T0,Jashvanth,2026-06-30T10:48:13.038898,Q021_V009,Q_0244,1,0,3,1,1,2,560,1,0,10,3,19.5,6568.66,94309785088,19423780352,2,4,1,4,0,2,1,16,13,19.0,Sort,0,11.742
DESKTOP-KQF03T0,Jashvanth,2026-06-30T10:48:18.070074,Q021_V009,Q_0244,2,0,3,1,1,2,560,1,0,10,3,20.8,6574.73,94309793280,19424165376,2,4,1,4,0,2,1,16,13,19.0,Sort,0,9.518
DESKTOP-KQF03T0,Jashvanth,2026-06-30T10:48:23.107729,Q021_V009,Q_0244,3,0,3,1,1,2,560,1,0,10,3,22.7,6552.12,94309817856,19424726528,2,4,1,4,0,2,1,16,13,19.0,Sort,0,14.024
DESKTOP-KQF03T0,Jashvanth,2026-06-30T10:48:28.177508,Q021_V010,Q_0245,1,0,3,1,1,2,559,1,0,10,3,23.7,6562.08,94310374912,19426542592,2,4,1,4,0,1,1,15,13,19.0,Aggregate,0,17.69
DESKTOP-KQF03T0,Jashvanth,2026-06-30T10:48:33.212926,Q021_V010,Q_0245,2,0,3,1,1,2,559,1,0,10,3,25.8,6572.58,94310645248,19426731008,2,4,1,4,0,1,1,15,13,19.0,Aggregate,0,9.27
DESKTOP-KQF03T0,Jashvanth,2026-06-30T10:48:38.253605,Q021_V010,Q_0245,3,0,3,1,1,2,559,1,0,10,3,27.9,6585.94,94310649344,19427271680,2,4,1,4,0,1,1,15,13,19.0,Aggregate,0,16.28
DESKTOP-KQF03T0,Jashvanth,2026-06-30T10:48:43.286005,Q022_V001,Q_0246,1,0,3,1,1,3,517,3,0,3,7,15.0,6575.1,94310940160,19427607552,2,1,0,1,0,1,2,7,2,3.0,Aggregate,0,4.82
DESKTOP-KQF03T0,Jashvanth,2026-06-30T10:48:48.301952,Q022_V001,Q_0246,2,0,3,1,1,3,517,3,0,3,7,18.2,6583.46,94310956544,19427914752,2,1,0,1,0,1,2,7,2,3.0,Aggregate,0,1.988
DESKTOP-KQF03T0,Jashvanth,2026-06-30T10:48:53.320350,Q022_V001,Q_0246,3,0,3,1,1,3,517,3,0,3,7,22.1,6581.2,94311026176,19428303872,2,1,0,1,0,1,2,7,2,3.0,Aggregate,0,2.51
DESKTOP-KQF03T0,Jashvanth,2026-06-30T10:48:58.340938,Q022_V002,Q_0247,1,0,3,1,1,3,499,3,0,3,7,23.7,6584.02,94311050752,19428914176,2,1,0,1,0,1,2,7,1,3.0,Aggregate,0,4.279
DESKTOP-KQF03T0,Jashvanth,2026-06-30T10:49:03.372320,Q022_V002,Q_0247,2,0,3,1,1,3,499,3,0,3,7,27.3,6587.19,94311054848,19429110784,2,1,0,1,0,1,2,7,1,3.0,Aggregate,0,3.308
DESKTOP-KQF03T0,Jashvanth,2026-06-30T10:49:08.391117,Q022_V002,Q_0247,3,0,3,1,1,3,499,3,0,3,7,26.7,6626.7,94311058944,19429643264,2,1,0,1,0,1,2,7,1,3.0,Aggregate,0,1.81
DESKTOP-KQF03T0,Jashvanth,2026-06-30T10:49:13.414294,Q022_V003,Q_0248,1,0,3,1,1,3,516,3,0,3,7,25.6,6627.21,94311083520,19430253568,2,1,0,0,0,1,2,6,392,44.0,Aggregate,0,6.377
DESKTOP-KQF03T0,Jashvanth,2026-06-30T10:49:18.434928,Q022_V003,Q_0248,2,0,3,1,1,3,516,3,0,3,7,25.9,6599.8,94311218688,19430671360,2,1,0,0,0,1,2,6,392,44.0,Aggregate,0,5.02
DESKTOP-KQF03T0,Jashvanth,2026-06-30T10:49:23.461963,Q022_V003,Q_0248,3,0,3,1,1,3,516,3,0,3,7,32.4,6578.82,94311218688,19430949888,2,1,0,0,0,1,2,6,392,44.0,Aggregate,0,8.002
DESKTOP-KQF03T0,Jashvanth,2026-06-30T10:49:28.491548,Q022_V004,Q_0249,1,0,3,1,1,3,517,3,0,3,7,24.2,6539.82,94311222784,19431498752,2,1,0,1,0,1,2,7,2,0.0,Aggregate,0,3.912
DESKTOP-KQF03T0,Jashvanth,2026-06-30T10:49:33.536588,Q022_V004,Q_0249,2,0,3,1,1,3,517,3,0,3,7,27.3,6544.71,94311325184,19431728128,2,1,0,1,0,1,2,7,2,0.0,Aggregate,0,5.566
DESKTOP-KQF03T0,Jashvanth,2026-06-30T10:49:38.586162,Q022_V004,Q_0249,3,0,3,1,1,3,517,3,0,3,7,25.3,6498.0,94311460352,19432064000,2,1,0,1,0,1,2,7,2,0.0,Aggregate,0,11.69
DESKTOP-KQF03T0,Jashvanth,2026-06-30T10:49:43.618410,Q022_V005,Q_0250,1,0,3,1,1,3,517,3,0,3,7,26.6,6494.03,94311511040,19433329664,2,1,0,1,0,1,2,7,2,3.0,Aggregate,0,4.372
DESKTOP-KQF03T0,Jashvanth,2026-06-30T10:49:48.665744,Q022_V005,Q_0250,2,0,3,1,1,3,517,3,0,3,7,17.7,6502.38,94311515136,19433739264,2,1,0,1,0,1,2,7,2,3.0,Aggregate,0,7.71
DESKTOP-KQF03T0,Jashvanth,2026-06-30T10:49:53.692781,Q022_V005,Q_0250,3,0,3,1,1,3,517,3,0,3,7,27.5,6517.17,94311561728,19434854400,2,1,0,1,0,1,2,7,2,3.0,Aggregate,0,2.486
DESKTOP-KQF03T0,Jashvanth,2026-06-30T10:49:58.720448,Q022_V006,Q_0251,1,0,3,1,1,3,517,3,0,3,7,31.6,6511.61,94311561728,19435460608,2,1,0,1,0,1,2,7,2,0.0,Aggregate,0,2.21
DESKTOP-KQF03T0,Jashvanth,2026-06-30T10:50:03.743249,Q022_V006,Q_0251,2,0,3,1,1,3,517,3,0,3,7,29.8,6525.66,94311717376,19435796480,2,1,0,1,0,1,2,7,2,0.0,Aggregate,0,1.385
DESKTOP-KQF03T0,Jashvanth,2026-06-30T10:50:08.760637,Q022_V006,Q_0251,3,0,3,1,1,3,517,3,0,3,7,23.3,6507.05,94311746048,19436271616,2,1,0,1,0,1,2,7,2,0.0,Aggregate,0,0.547
DESKTOP-KQF03T0,Jashvanth,2026-06-30T10:50:13.785259,Q022_V007,Q_0252,1,0,3,1,1,3,516,3,0,3,7,31.5,6529.25,94312100352,19437680640,2,1,0,1,0,1,2,7,2,3.0,Aggregate,0,3.994
DESKTOP-KQF03T0,Jashvanth,2026-06-30T10:50:18.820330,Q022_V007,Q_0252,2,0,3,1,1,3,516,3,0,3,7,61.1,6750.16,94314570752,19441477632,2,1,0,1,0,1,2,7,2,3.0,Aggregate,0,4.601
DESKTOP-KQF03T0,Jashvanth,2026-06-30T10:50:23.858801,Q022_V007,Q_0252,3,0,3,1,1,3,516,3,0,3,7,44.0,6608.32,94314853376,19442083840,2,1,0,1,0,1,2,7,2,3.0,Aggregate,0,2.296
DESKTOP-KQF03T0,Jashvanth,2026-06-30T10:50:28.903076,Q022_V008,Q_0253,1,0,3,1,1,3,514,3,0,3,7,47.8,6639.49,94314882048,19443208192,2,1,0,1,0,1,2,7,21,4.0,Aggregate,0,6.604
DESKTOP-KQF03T0,Jashvanth,2026-06-30T10:50:33.944145,Q022_V008,Q_0253,2,0,3,1,1,3,514,3,0,3,7,32.5,6627.69,94314951680,19443593216,2,1,0,1,0,1,2,7,21,4.0,Aggregate,0,6.564
DESKTOP-KQF03T0,Jashvanth,2026-06-30T10:50:38.966284,Q022_V008,Q_0253,3,0,3,1,1,3,514,3,0,3,7,30.1,6608.01,94315017216,19443986432,2,1,0,1,0,1,2,7,21,4.0,Aggregate,0,3.585
DESKTOP-KQF03T0,Jashvanth,2026-06-30T10:50:43.985699,Q022_V009,Q_0254,1,0,3,1,1,3,523,3,0,3,7,31.5,6601.5,94315025408,19444240384,2,1,0,1,0,1,2,7,2,3.0,Aggregate,0,2.663
DESKTOP-KQF03T0,Jashvanth,2026-06-30T10:50:49.010095,Q022_V009,Q_0254,2,0,3,1,1,3,523,3,0,3,7,22.3,6609.88,94315066368,19444838400,2,1,0,1,0,1,2,7,2,3.0,Aggregate,0,5.702
DESKTOP-KQF03T0,Jashvanth,2026-06-30T10:50:54.034011,Q022_V009,Q_0254,3,0,3,1,1,3,523,3,0,3,7,31.8,6603.98,94315067392,19445081088,2,1,0,1,0,1,2,7,2,3.0,Aggregate,0,3.643
DESKTOP-KQF03T0,Jashvanth,2026-06-30T10:50:59.052869,Q022_V010,Q_0255,1,0,3,1,1,3,522,3,0,3,7,22.1,6607.07,94315087872,19445621760,2,1,0,1,0,1,2,7,2,3.0,Aggregate,0,2.229
DESKTOP-KQF03T0,Jashvanth,2026-06-30T10:51:04.079408,Q022_V010,Q_0255,2,0,3,1,1,3,522,3,0,3,7,24.0,6605.24,94315356160,19446141952,2,1,0,1,0,1,2,7,2,3.0,Aggregate,0,4.769
DESKTOP-KQF03T0,Jashvanth,2026-06-30T10:51:09.098878,Q022_V010,Q_0255,3,0,3,1,1,3,522,3,0,3,7,34.1,6621.33,94315495424,19446756352,2,1,0,1,0,1,2,7,2,3.0,Aggregate,0,1.956
DESKTOP-KQF03T0,Jashvanth,2026-06-30T10:51:14.116782,Q23_V001,Q_0256,1,0,0,0,0,0,49,1,0,0,1,23.4,6608.21,94315622400,19446985728,0,1,0,0,0,0,1,2,1,1.0,Aggregate,0,1.482
DESKTOP-KQF03T0,Jashvanth,2026-06-30T10:51:19.134015,Q23_V001,Q_0256,2,0,0,0,0,0,49,1,0,0,1,42.7,6545.44,94316975616,19472078848,0,1,0,0,0,0,1,2,1,1.0,Aggregate,0,0.302
DESKTOP-KQF03T0,Jashvanth,2026-06-30T10:51:24.166137,Q23_V001,Q_0256,3,0,0,0,0,0,49,1,0,0,1,23.5,6547.71,94318736896,19472852992,0,1,0,0,0,0,1,2,1,1.0,Aggregate,0,0.994
DESKTOP-KQF03T0,Jashvanth,2026-06-30T10:51:29.195249,Q23_V002,Q_0257,1,0,0,0,0,0,57,1,0,0,1,23.9,6567.54,94318814720,19473299456,1,0,0,0,0,0,1,2,1,1.0,Aggregate,0,0.66
DESKTOP-KQF03T0,Jashvanth,2026-06-30T10:51:34.212052,Q23_V002,Q_0257,2,0,0,0,0,0,57,1,0,0,1,23.3,6552.79,94319515136,19474974720,1,0,0,0,0,0,1,2,1,1.0,Aggregate,0,0.43
DESKTOP-KQF03T0,Jashvanth,2026-06-30T10:51:39.257365,Q23_V002,Q_0257,3,0,0,0,0,0,57,1,0,0,1,28.3,6554.29,94319588864,19475810304,1,0,0,0,0,0,1,2,1,1.0,Aggregate,0,2.308
DESKTOP-KQF03T0,Jashvanth,2026-06-30T10:51:44.287012,Q23_V003,Q_0258,1,0,1,0,0,0,69,1,0,0,1,25.6,6552.03,94319592960,19476035584,1,0,0,0,0,0,1,2,1,1.0,Aggregate,0,0.546
DESKTOP-KQF03T0,Jashvanth,2026-06-30T10:51:49.325761,Q23_V003,Q_0258,2,0,1,0,0,0,69,1,0,0,1,25.9,6551.49,94319597056,19476375552,1,0,0,0,0,0,1,2,1,1.0,Aggregate,0,0.968
DESKTOP-KQF03T0,Jashvanth,2026-06-30T10:51:54.351003,Q23_V003,Q_0258,3,0,1,0,0,0,69,1,0,0,1,23.9,6538.91,94319638016,19477964800,1,0,0,0,0,0,1,2,1,1.0,Aggregate,0,0.565
DESKTOP-KQF03T0,Jashvanth,2026-06-30T10:51:59.368484,Q23_V004,Q_0259,1,0,0,1,0,0,85,1,0,0,1,20.2,6542.41,94319642112,19478411264,0,1,0,0,0,0,1,2,5,5.0,Aggregate,0,0.476
DESKTOP-KQF03T0,Jashvanth,2026-06-30T10:52:04.389657,Q23_V004,Q_0259,2,0,0,1,0,0,85,1,0,0,1,21.4,6544.61,94319711744,19478702080,0,1,0,0,0,0,1,2,5,5.0,Aggregate,0,0.755
DESKTOP-KQF03T0,Jashvanth,2026-06-30T10:52:09.407066,Q23_V004,Q_0259,3,0,0,1,0,0,85,1,0,0,1,19.0,6536.35,94319783424,19479377920,0,1,0,0,0,0,1,2,5,5.0,Aggregate,0,0.945
DESKTOP-KQF03T0,Jashvanth,2026-06-30T10:52:14.427624,Q23_V005,Q_0260,1,0,0,1,1,0,113,1,0,0,1,41.0,6507.94,94320270848,19479644160,1,0,0,0,0,1,1,3,25,25.0,Sort,0,1.172
DESKTOP-KQF03T0,Jashvanth,2026-06-30T10:52:19.447189,Q23_V005,Q_0260,2,0,0,1,1,0,113,1,0,0,1,22.5,6520.84,94320291328,19480524800,1,0,0,0,0,1,1,3,25,25.0,Sort,0,0.632
DESKTOP-KQF03T0,Jashvanth,2026-06-30T10:52:24.464600,Q23_V005,Q_0260,3,0,0,1,1,0,113,1,0,0,1,35.9,6542.45,94320516608,19481131008,1,0,0,0,0,1,1,3,25,25.0,Sort,0,0.629
DESKTOP-KQF03T0,Jashvanth,2026-06-30T10:52:29.486202,Q23_V006,Q_0261,1,0,0,0,0,0,69,1,1,0,1,24.3,6509.04,94320553472,19481608192,1,0,0,0,0,1,1,3,1,1.0,Aggregate,0,2.045
DESKTOP-KQF03T0,Jashvanth,2026-06-30T10:52:34.510233,Q23_V006,Q_0261,2,0,0,0,0,0,69,1,1,0,1,18.4,6526.76,94320623104,19481878528,1,0,0,0,0,1,1,3,1,1.0,Aggregate,0,1.841
DESKTOP-KQF03T0,Jashvanth,2026-06-30T10:52:39.532300,Q23_V006,Q_0261,3,0,0,0,0,0,69,1,1,0,1,24.4,6534.94,94320627200,19482292224,1,0,0,0,0,1,1,3,1,1.0,Aggregate,0,0.894
DESKTOP-KQF03T0,Jashvanth,2026-06-30T10:52:44.553541,Q23_V007,Q_0262,1,0,1,0,0,0,77,1,0,0,1,22.1,6546.09,94320936448,19483197952,1,0,0,0,0,0,1,2,1,1.0,Aggregate,0,0.565
DESKTOP-KQF03T0,Jashvanth,2026-06-30T10:52:49.590783,Q23_V007,Q_0262,2,0,1,0,0,0,77,1,0,0,1,18.8,6549.07,94321079808,19483513344,1,0,0,0,0,0,1,2,1,1.0,Aggregate,0,1.564
DESKTOP-KQF03T0,Jashvanth,2026-06-30T10:52:54.612567,Q23_V007,Q_0262,3,0,1,0,0,0,77,1,0,0,1,21.4,6537.52,94321153536,19483804160,1,0,0,0,0,0,1,2,1,1.0,Aggregate,0,0.39
DESKTOP-KQF03T0,Jashvanth,2026-06-30T10:52:59.637163,Q23_V008,Q_0263,1,0,0,1,1,0,99,1,0,0,1,28.4,6558.48,94321677824,19484492288,0,1,0,0,0,1,1,4,3,3.0,Limit,0,1.169
DESKTOP-KQF03T0,Jashvanth,2026-06-30T10:53:04.656352,Q23_V008,Q_0263,2,0,0,1,1,0,99,1,0,0,1,24.7,6551.87,94321747456,19484807680,0,1,0,0,0,1,1,4,3,3.0,Limit,0,0.438
DESKTOP-KQF03T0,Jashvanth,2026-06-30T10:53:09.682557,Q23_V008,Q_0263,3,0,0,1,1,0,99,1,0,0,1,25.4,6553.74,94321870336,19485245952,0,1,0,0,0,1,1,4,3,3.0,Limit,0,0.532
DESKTOP-KQF03T0,Jashvanth,2026-06-30T10:53:14.704041,Q23_V009,Q_0264,1,0,1,0,0,0,80,1,0,0,1,25.8,6559.4,94321939968,19485708800,0,1,0,0,0,0,1,2,1,1.0,Aggregate,0,0.183
DESKTOP-KQF03T0,Jashvanth,2026-06-30T10:53:19.720038,Q23_V009,Q_0264,2,0,1,0,0,0,80,1,0,0,1,35.9,6561.83,94322157056,19486188032,0,1,0,0,0,0,1,2,1,1.0,Aggregate,0,0.067
DESKTOP-KQF03T0,Jashvanth,2026-06-30T10:53:24.735570,Q23_V009,Q_0264,3,0,1,0,0,0,80,1,0,0,1,23.8,6549.62,94322165248,19487175168,0,1,0,0,0,0,1,2,1,1.0,Aggregate,0,0.066
DESKTOP-KQF03T0,Jashvanth,2026-06-30T10:53:29.762189,Q23_V010,Q_0265,1,0,1,0,0,0,83,1,0,0,1,38.9,6565.41,94322435584,19488021504,0,1,0,0,0,0,1,2,1,1.0,Aggregate,0,0.883
DESKTOP-KQF03T0,Jashvanth,2026-06-30T10:53:34.785254,Q23_V010,Q_0265,2,0,1,0,0,0,83,1,0,0,1,17.9,6534.54,94322505216,19488361472,0,1,0,0,0,0,1,2,1,1.0,Aggregate,0,0.415
DESKTOP-KQF03T0,Jashvanth,2026-06-30T10:53:39.811978,Q23_V010,Q_0265,3,0,1,0,0,0,83,1,0,0,1,19.3,6527.07,94322509312,19488627712,0,1,0,0,0,0,1,2,1,1.0,Aggregate,0,1.315
DESKTOP-KQF03T0,Jashvanth,2026-06-30T10:53:44.833432,Q23_V011,Q_0266,1,0,0,1,1,0,117,1,0,0,1,26.0,6528.83,94322578944,19489082368,1,0,0,0,0,1,1,3,125,125.0,Sort,0,1.226
DESKTOP-KQF03T0,Jashvanth,2026-06-30T10:53:49.859041,Q23_V011,Q_0266,2,0,0,1,1,0,117,1,0,0,1,17.5,6530.36,94322587136,19489541120,1,0,0,0,0,1,1,3,125,125.0,Sort,0,2.353
DESKTOP-KQF03T0,Jashvanth,2026-06-30T10:53:54.882641,Q23_V011,Q_0266,3,0,0,1,1,0,117,1,0,0,1,15.3,6534.71,94322595328,19489885184,1,0,0,0,0,1,1,3,125,125.0,Sort,0,1.761
DESKTOP-KQF03T0,Jashvanth,2026-06-30T10:53:59.904523,Q24_V001,Q_0267,1,0,0,0,0,0,39,0,0,0,1,21.9,6541.41,94322599424,19490229248,1,0,0,0,0,0,0,1,170,5.0,Seq Scan,0,0.028
DESKTOP-KQF03T0,Jashvanth,2026-06-30T10:54:04.925141,Q24_V001,Q_0267,2,0,0,0,0,0,39,0,0,0,1,27.8,6512.84,94322603520,19490647040,1,0,0,0,0,0,0,1,170,5.0,Seq Scan,0,0.019
DESKTOP-KQF03T0,Jashvanth,2026-06-30T10:54:09.958798,Q24_V001,Q_0267,3,0,0,0,0,0,39,0,0,0,1,22.5,6523.02,94322607616,19491154944,1,0,0,0,0,0,0,1,170,5.0,Seq Scan,0,0.033
DESKTOP-KQF03T0,Jashvanth,2026-06-30T10:54:15.003248,Q24_V002,Q_0268,1,0,0,0,1,0,55,0,0,0,1,33.1,6609.34,94323086848,19492346880,1,0,0,0,0,1,0,2,170,5.0,Sort,0,0.074
DESKTOP-KQF03T0,Jashvanth,2026-06-30T10:54:20.040816,Q24_V002,Q_0268,2,0,0,0,1,0,55,0,0,0,1,20.6,6603.68,94323172864,19493411840,1,0,0,0,0,1,0,2,170,5.0,Sort,0,0.054
DESKTOP-KQF03T0,Jashvanth,2026-06-30T10:54:25.059665,Q24_V002,Q_0268,3,0,0,0,1,0,55,0,0,0,1,35.6,6540.94,94323242496,19495193600,1,0,0,0,0,1,0,2,170,5.0,Sort,0,0.047
DESKTOP-KQF03T0,Jashvanth,2026-06-30T10:54:30.078605,Q24_V003,Q_0269,1,0,0,0,0,0,50,0,0,0,1,19.0,6575.31,94323250688,19495485440,1,0,0,0,0,0,0,1,170,5.0,Seq Scan,0,0.012
DESKTOP-KQF03T0,Jashvanth,2026-06-30T10:54:35.096758,Q24_V003,Q_0269,2,0,0,0,0,0,50,0,0,0,1,43.0,6562.92,94323254784,19496009728,1,0,0,0,0,0,0,1,170,5.0,Seq Scan,0,0.014
DESKTOP-KQF03T0,Jashvanth,2026-06-30T10:54:40.115241,Q24_V003,Q_0269,3,0,0,0,0,0,50,0,0,0,1,29.4,6560.89,94323385856,19496284160,1,0,0,0,0,0,0,1,170,5.0,Seq Scan,0,0.013
DESKTOP-KQF03T0,Jashvanth,2026-06-30T10:54:45.137013,Q24_V004,Q_0270,1,0,0,0,0,0,45,1,0,0,1,23.9,6566.16,94323660288,19496742912,1,0,0,0,0,0,1,2,1,1.0,Aggregate,0,0.026
DESKTOP-KQF03T0,Jashvanth,2026-06-30T10:54:50.155761,Q24_V004,Q_0270,2,0,0,0,0,0,45,1,0,0,1,26.0,6555.06,94324090368,19497205760,1,0,0,0,0,0,1,2,1,1.0,Aggregate,0,0.018
DESKTOP-KQF03T0,Jashvanth,2026-06-30T10:54:55.176180,Q24_V004,Q_0270,3,0,0,0,0,0,45,1,0,0,1,18.3,6558.79,94324176384,19497730048,1,0,0,0,0,0,1,2,1,1.0,Aggregate,0,0.028
DESKTOP-KQF03T0,Jashvanth,2026-06-30T10:55:00.199363,Q24_V005,Q_0271,1,0,0,0,1,0,60,0,0,0,1,19.9,6561.54,94326347264,19498147840,1,0,0,0,0,1,0,2,170,5.0,Sort,0,0.03
DESKTOP-KQF03T0,Jashvanth,2026-06-30T10:55:05.217713,Q24_V005,Q_0271,2,0,0,0,1,0,60,0,0,0,1,29.2,6638.93,94329501184,19498393600,1,0,0,0,0,1,0,2,170,5.0,Sort,0,0.02
DESKTOP-KQF03T0,Jashvanth,2026-06-30T10:55:10.233842,Q24_V005,Q_0271,3,0,0,0,1,0,60,0,0,0,1,25.6,6675.46,94329505280,19498819584,1,0,0,0,0,1,0,2,170,5.0,Sort,0,0.022
DESKTOP-KQF03T0,Jashvanth,2026-06-30T10:55:15.252756,Q24_V006,Q_0272,1,0,1,0,0,0,62,0,0,0,1,23.2,6673.79,94329509376,19499356160,1,0,0,0,0,0,0,1,57,2.0,Seq Scan,0,0.018
DESKTOP-KQF03T0,Jashvanth,2026-06-30T10:55:20.272395,Q24_V006,Q_0272,2,0,1,0,0,0,62,0,0,0,1,33.4,6738.45,94329529856,19500756992,1,0,0,0,0,0,0,1,57,2.0,Seq Scan,0,0.017
DESKTOP-KQF03T0,Jashvanth,2026-06-30T10:55:25.295591,Q24_V006,Q_0272,3,0,1,0,0,0,62,0,0,0,1,21.0,6727.77,94334776832,19501633536,1,0,0,0,0,0,0,1,57,2.0,Seq Scan,0,0.04
DESKTOP-KQF03T0,Jashvanth,2026-06-30T10:55:30.315168,Q24_V007,Q_0273,1,0,0,0,1,0,57,0,0,0,1,36.5,6663.29,94335829504,19502497792,1,0,0,0,0,1,0,2,170,5.0,Sort,0,0.032
DESKTOP-KQF03T0,Jashvanth,2026-06-30T10:55:35.329806,Q24_V007,Q_0273,2,0,0,0,1,0,57,0,0,0,1,24.9,6702.52,94336906752,19503316992,1,0,0,0,0,1,0,2,170,5.0,Sort,0,0.028
DESKTOP-KQF03T0,Jashvanth,2026-06-30T10:55:40.354865,Q24_V007,Q_0273,3,0,0,0,1,0,57,0,0,0,1,27.4,6669.37,94337959424,19503677440,1,0,0,0,0,1,0,2,170,5.0,Sort,0,0.071
DESKTOP-KQF03T0,Jashvanth,2026-06-30T10:55:45.377464,Q24_V008,Q_0274,1,0,0,0,1,0,65,0,0,0,1,26.7,6682.62,94340126208,19504070656,1,0,0,0,0,1,0,2,170,5.0,Sort,0,0.025
DESKTOP-KQF03T0,Jashvanth,2026-06-30T10:55:50.394918,Q24_V008,Q_0274,2,0,0,0,1,0,65,0,0,0,1,21.4,6680.55,94340130304,19504566272,1,0,0,0,0,1,0,2,170,5.0,Sort,0,0.024
DESKTOP-KQF03T0,Jashvanth,2026-06-30T10:55:55.434717,Q24_V008,Q_0274,3,0,0,0,1,0,65,0,0,0,1,28.6,6673.91,94340142592,19505033216,1,0,0,0,0,1,0,2,170,5.0,Sort,0,0.044
DESKTOP-KQF03T0,Jashvanth,2026-06-30T10:56:00.470334,Q24_V009,Q_0275,1,0,0,0,0,0,61,0,0,0,1,73.9,6932.71,94615852544,19507032064,1,0,0,0,0,0,0,1,170,5.0,Seq Scan,0,0.299
DESKTOP-KQF03T0,Jashvanth,2026-06-30T10:56:05.487955,Q24_V009,Q_0275,2,0,0,0,0,0,61,0,0,0,1,43.8,6811.45,95091039232,19509272576,1,0,0,0,0,0,0,1,170,5.0,Seq Scan,0,0.02
DESKTOP-KQF03T0,Jashvanth,2026-06-30T10:56:10.504925,Q24_V009,Q_0275,3,0,0,0,0,0,61,0,0,0,1,42.7,6805.45,95631442432,19510538240,1,0,0,0,0,0,0,1,170,5.0,Seq Scan,0,0.032
DESKTOP-KQF03T0,Jashvanth,2026-06-30T10:56:15.523002,Q24_V010,Q_0276,1,0,1,0,0,0,70,0,0,0,1,39.9,6797.6,95944154624,19511906304,0,1,0,0,0,0,0,2,3,2.0,Bitmap Heap Scan,0,0.325
DESKTOP-KQF03T0,Jashvanth,2026-06-30T10:56:20.541309,Q24_V010,Q_0276,2,0,1,0,0,0,70,0,0,0,1,41.7,6802.28,96457991680,19512987648,0,1,0,0,0,0,0,2,3,2.0,Bitmap Heap Scan,0,0.025
DESKTOP-KQF03T0,Jashvanth,2026-06-30T10:56:25.557833,Q24_V010,Q_0276,3,0,1,0,0,0,70,0,0,0,1,39.2,6785.97,96897291776,19514155008,0,1,0,0,0,0,0,2,3,2.0,Bitmap Heap Scan,0,0.03
DESKTOP-KQF03T0,Jashvanth,2026-06-30T10:56:30.586166,Q25_V001,Q_0277,1,0,0,0,0,0,52,0,0,0,1,26.1,6805.6,96919588352,19515121152,1,0,0,0,0,0,0,1,170,25.0,Seq Scan,0,0.04
DESKTOP-KQF03T0,Jashvanth,2026-06-30T10:56:35.619335,Q25_V001,Q_0277,2,0,0,0,0,0,52,0,0,0,1,30.4,6813.08,96940417024,19517611520,1,0,0,0,0,0,0,1,170,25.0,Seq Scan,0,0.051
DESKTOP-KQF03T0,Jashvanth,2026-06-30T10:56:40.644078,Q25_V001,Q_0277,3,0,0,0,0,0,52,0,0,0,1,35.5,6809.69,96941258752,19519114752,1,0,0,0,0,0,0,1,170,25.0,Seq Scan,0,0.024
DESKTOP-KQF03T0,Jashvanth,2026-06-30T10:56:45.670352,Q25_V002,Q_0278,1,0,0,0,1,0,68,0,0,0,1,34.3,6819.64,96954324480,19519421952,1,0,0,0,0,1,0,2,170,25.0,Sort,0,0.1
DESKTOP-KQF03T0,Jashvanth,2026-06-30T10:56:50.689225,Q25_V002,Q_0278,2,0,0,0,1,0,68,0,0,0,1,25.6,6824.35,96955125248,19520044544,1,0,0,0,0,1,0,2,170,25.0,Sort,0,0.127
DESKTOP-KQF03T0,Jashvanth,2026-06-30T10:56:55.731275,Q25_V002,Q_0278,3,0,0,0,1,0,68,0,0,0,1,24.0,6820.84,96955614208,19520466432,1,0,0,0,0,1,0,2,170,25.0,Sort,0,0.402
DESKTOP-KQF03T0,Jashvanth,2026-06-30T10:57:00.777911,Q25_V003,Q_0279,1,0,0,0,1,0,81,0,0,0,1,22.9,6800.43,96955796480,19520716288,1,0,0,0,0,1,0,2,170,25.0,Sort,0,0.231
DESKTOP-KQF03T0,Jashvanth,2026-06-30T10:57:05.826359,Q25_V003,Q_0279,2,0,0,0,1,0,81,0,0,0,1,23.9,6769.2,96956237824,19521719808,1,0,0,0,0,1,0,2,170,25.0,Sort,0,0.069
DESKTOP-KQF03T0,Jashvanth,2026-06-30T10:57:10.848236,Q25_V003,Q_0279,3,0,0,0,1,0,81,0,0,0,1,28.2,6675.64,96956513280,19522248192,1,0,0,0,0,1,0,2,170,25.0,Sort,0,0.074
DESKTOP-KQF03T0,Jashvanth,2026-06-30T10:57:15.868047,Q25_V004,Q_0280,1,0,1,0,0,0,61,0,0,0,1,22.4,6587.62,96956813312,19551763968,1,0,0,0,0,0,0,1,1,5.0,Seq Scan,0,0.02
DESKTOP-KQF03T0,Jashvanth,2026-06-30T10:57:20.886016,Q25_V004,Q_0280,2,0,1,0,0,0,61,0,0,0,1,16.6,6588.14,96957169664,19552157184,1,0,0,0,0,0,0,1,1,5.0,Seq Scan,0,0.026
DESKTOP-KQF03T0,Jashvanth,2026-06-30T10:57:25.908208,Q25_V004,Q_0280,3,0,1,0,0,0,61,0,0,0,1,18.6,6574.42,96957423616,19553394176,1,0,0,0,0,0,0,1,1,5.0,Seq Scan,0,0.023
DESKTOP-KQF03T0,Jashvanth,2026-06-30T10:57:30.929798,Q25_V005,Q_0281,1,0,1,0,0,0,62,0,0,0,1,25.0,6567.97,96957603840,19553971712,1,0,0,0,0,0,0,1,57,10.0,Seq Scan,0,0.033
DESKTOP-KQF03T0,Jashvanth,2026-06-30T10:57:35.956276,Q25_V005,Q_0281,2,0,1,0,0,0,62,0,0,0,1,33.8,6583.53,96961224704,19554344448,1,0,0,0,0,0,0,1,57,10.0,Seq Scan,0,0.032
DESKTOP-KQF03T0,Jashvanth,2026-06-30T10:57:40.980753,Q25_V005,Q_0281,3,0,1,0,0,0,62,0,0,0,1,23.2,6586.32,96962637312,19554713088,1,0,0,0,0,0,0,1,57,10.0,Seq Scan,0,0.022
DESKTOP-KQF03T0,Jashvanth,2026-06-30T10:57:46.003521,Q25_V006,Q_0282,1,0,0,1,1,0,105,1,0,0,1,40.8,6578.2,96962825728,19555706880,1,0,0,0,0,1,1,3,170,5.0,Sort,0,0.045
DESKTOP-KQF03T0,Jashvanth,2026-06-30T10:57:51.026591,Q25_V006,Q_0282,2,0,0,1,1,0,105,1,0,0,1,29.7,6568.01,96962989568,19555969024,1,0,0,0,0,1,1,3,170,5.0,Sort,0,0.07
DESKTOP-KQF03T0,Jashvanth,2026-06-30T10:57:56.042355,Q25_V006,Q_0282,3,0,0,1,1,0,105,1,0,0,1,31.5,6530.11,96963157504,19556534272,1,0,0,0,0,1,1,3,170,5.0,Sort,0,0.037
DESKTOP-KQF03T0,Jashvanth,2026-06-30T10:58:01.059234,Q25_V007,Q_0283,1,0,0,0,1,0,84,0,0,0,1,24.9,6501.17,96963288576,19556964352,1,0,0,0,0,1,0,2,170,25.0,Sort,0,0.029
DESKTOP-KQF03T0,Jashvanth,2026-06-30T10:58:06.082314,Q25_V007,Q_0283,2,0,0,0,1,0,84,0,0,0,1,25.5,6553.64,96963397632,19557423104,1,0,0,0,0,1,0,2,170,25.0,Sort,0,0.036
DESKTOP-KQF03T0,Jashvanth,2026-06-30T10:58:11.103357,Q25_V007,Q_0283,3,0,0,0,1,0,84,0,0,0,1,26.3,6557.71,96963700736,19558623232,1,0,0,0,0,1,0,2,170,25.0,Sort,0,0.025
DESKTOP-KQF03T0,Jashvanth,2026-06-30T10:58:16.130124,Q25_V008,Q_0284,1,0,0,0,1,0,61,0,1,0,1,20.1,6514.17,96963831808,19559061504,1,0,0,0,0,1,0,3,170,5.0,Unique,0,0.073
DESKTOP-KQF03T0,Jashvanth,2026-06-30T10:58:21.152324,Q25_V008,Q_0284,2,0,0,0,1,0,61,0,1,0,1,32.1,6595.6,96964151296,19559786496,1,0,0,0,0,1,0,3,170,5.0,Unique,0,0.067
DESKTOP-KQF03T0,Jashvanth,2026-06-30T10:58:26.169938,Q25_V008,Q_0284,3,0,0,0,1,0,61,0,1,0,1,20.7,6534.65,96964294656,19560466432,1,0,0,0,0,1,0,3,170,5.0,Unique,0,0.026
DESKTOP-KQF03T0,Jashvanth,2026-06-30T10:58:31.185464,Q25_V009,Q_0285,1,0,1,0,0,0,63,0,0,0,1,17.8,6550.84,96965195264,19561498112,1,0,0,0,0,0,0,1,57,12.0,Seq Scan,0,0.016
DESKTOP-KQF03T0,Jashvanth,2026-06-30T10:58:36.204670,Q25_V009,Q_0285,2,0,1,0,0,0,63,0,0,0,1,18.2,6579.03,96965203456,19561702912,1,0,0,0,0,0,0,1,57,12.0,Seq Scan,0,0.03
DESKTOP-KQF03T0,Jashvanth,2026-06-30T10:58:41.227085,Q25_V009,Q_0285,3,0,1,0,0,0,63,0,0,0,1,18.5,6555.49,96965211648,19562026496,1,0,0,0,0,0,0,1,57,12.0,Seq Scan,0,0.025
DESKTOP-KQF03T0,Jashvanth,2026-06-30T10:58:46.248867,Q25_V010,Q_0286,1,1,0,0,1,0,115,0,0,0,2,20.9,6533.45,96965256704,19562472960,2,0,1,0,0,1,0,5,170,25.0,Sort,0,0.086
DESKTOP-KQF03T0,Jashvanth,2026-06-30T10:58:51.265998,Q25_V010,Q_0286,2,1,0,0,1,0,115,0,0,0,2,46.2,6557.1,96966942208,19562808832,2,0,1,0,0,1,0,5,170,25.0,Sort,0,0.095
DESKTOP-KQF03T0,Jashvanth,2026-06-30T10:58:56.282240,Q25_V010,Q_0286,3,1,0,0,1,0,115,0,0,0,2,21.2,6562.79,96966946304,19563345408,2,0,1,0,0,1,0,5,170,25.0,Sort,0,0.105
DESKTOP-KQF03T0,Jashvanth,2026-06-30T10:59:01.301757,Q26_V001,Q_0287,1,0,0,0,0,0,44,1,0,0,1,35.5,6560.6,96967073280,19563808256,0,1,0,0,0,0,1,2,1,1.0,Aggregate,0,2.645
DESKTOP-KQF03T0,Jashvanth,2026-06-30T10:59:06.320162,Q26_V001,Q_0287,2,0,0,0,0,0,44,1,0,0,1,22.4,6571.98,96967077376,19565000192,0,1,0,0,0,0,1,2,1,1.0,Aggregate,0,1.328
DESKTOP-KQF03T0,Jashvanth,2026-06-30T10:59:11.339982,Q26_V001,Q_0287,3,0,0,0,0,0,44,1,0,0,1,22.5,6609.25,96967081472,19565299200,0,1,0,0,0,0,1,2,1,1.0,Aggregate,0,1.34
DESKTOP-KQF03T0,Jashvanth,2026-06-30T10:59:16.357988,Q26_V002,Q_0288,1,0,1,0,0,0,70,1,0,0,1,19.6,6567.92,96967089664,19565770240,1,0,0,0,0,0,1,2,1,1.0,Aggregate,0,0.666
DESKTOP-KQF03T0,Jashvanth,2026-06-30T10:59:21.375159,Q26_V002,Q_0288,2,0,1,0,0,0,70,1,0,0,1,23.6,6560.82,96967097856,19566212608,1,0,0,0,0,0,1,2,1,1.0,Aggregate,0,1.246
DESKTOP-KQF03T0,Jashvanth,2026-06-30T10:59:26.391292,Q26_V002,Q_0288,3,0,1,0,0,0,70,1,0,0,1,21.2,6547.19,96967101952,19566552576,1,0,0,0,0,0,1,2,1,1.0,Aggregate,0,0.636
DESKTOP-KQF03T0,Jashvanth,2026-06-30T10:59:31.406595,Q26_V003,Q_0289,1,0,1,0,0,0,70,1,0,0,1,20.5,6557.54,96967253504,19567040000,1,0,0,0,0,0,1,2,1,1.0,Aggregate,0,0.606
DESKTOP-KQF03T0,Jashvanth,2026-06-30T10:59:36.423151,Q26_V003,Q_0289,2,0,1,0,0,0,70,1,0,0,1,27.9,6562.59,96967659008,19567416832,1,0,0,0,0,0,1,2,1,1.0,Aggregate,0,0.63
DESKTOP-KQF03T0,Jashvanth,2026-06-30T10:59:41.441986,Q26_V003,Q_0289,3,0,1,0,0,0,70,1,0,0,1,20.9,6563.88,96967671296,19567670784,1,0,0,0,0,0,1,2,1,1.0,Aggregate,0,1.449
DESKTOP-KQF03T0,Jashvanth,2026-06-30T10:59:46.466979,Q26_V004,Q_0290,1,0,1,0,0,0,70,1,0,0,1,28.4,6580.02,96967679488,19568043520,1,0,0,0,0,0,1,2,1,1.0,Aggregate,0,1.188
DESKTOP-KQF03T0,Jashvanth,2026-06-30T10:59:51.505547,Q26_V004,Q_0290,2,0,1,0,0,0,70,1,0,0,1,22.8,6581.5,96967757312,19568563712,1,0,0,0,0,0,1,2,1,1.0,Aggregate,0,2.422
DESKTOP-KQF03T0,Jashvanth,2026-06-30T10:59:56.534883,Q26_V004,Q_0290,3,0,1,0,0,0,70,1,0,0,1,31.9,6582.44,96967765504,19568952832,1,0,0,0,0,0,1,2,1,1.0,Aggregate,0,1.541
DESKTOP-KQF03T0,Jashvanth,2026-06-30T11:00:01.562584,Q26_V005,Q_0291,1,0,1,0,0,0,72,1,0,0,1,23.2,6564.17,96968259584,19569333760,1,0,0,0,0,0,1,2,1,1.0,Aggregate,0,3.629
DESKTOP-KQF03T0,Jashvanth,2026-06-30T11:00:06.585915,Q26_V005,Q_0291,2,0,1,0,0,0,72,1,0,0,1,32.9,6570.91,96968267776,19569759744,1,0,0,0,0,0,1,2,1,1.0,Aggregate,0,2.483
DESKTOP-KQF03T0,Jashvanth,2026-06-30T11:00:11.610553,Q26_V005,Q_0291,3,0,1,0,0,0,72,1,0,0,1,24.7,6556.16,96969494016,19573298688,1,0,0,0,0,0,1,2,1,1.0,Aggregate,0,2.608
DESKTOP-KQF03T0,Jashvanth,2026-06-30T11:00:16.627861,Q26_V006,Q_0292,1,0,1,0,0,0,72,1,0,0,1,23.2,6603.63,96978889216,19574110208,1,0,0,0,0,0,1,2,1,1.0,Aggregate,0,0.709
DESKTOP-KQF03T0,Jashvanth,2026-06-30T11:00:21.644065,Q26_V006,Q_0292,2,0,1,0,0,0,72,1,0,0,1,27.6,6598.6,96979997696,19575322624,1,0,0,0,0,0,1,2,1,1.0,Aggregate,0,1.375
DESKTOP-KQF03T0,Jashvanth,2026-06-30T11:00:26.698412,Q26_V006,Q_0292,3,0,1,0,0,0,72,1,0,0,1,32.4,6580.88,96980464640,19576969216,1,0,0,0,0,0,1,2,1,1.0,Aggregate,0,3.743
DESKTOP-KQF03T0,Jashvanth,2026-06-30T11:00:31.732439,Q26_V007,Q_0293,1,0,1,0,0,0,88,1,0,0,2,32.5,6550.45,96980636672,19577331712,0,1,0,0,0,0,1,2,1,1.0,Aggregate,0,1.509
DESKTOP-KQF03T0,Jashvanth,2026-06-30T11:00:36.760501,Q26_V007,Q_0293,2,0,1,0,0,0,88,1,0,0,2,24.8,6561.4,96980849664,19577831424,0,1,0,0,0,0,1,2,1,1.0,Aggregate,0,2.688
DESKTOP-KQF03T0,Jashvanth,2026-06-30T11:00:41.800900,Q26_V007,Q_0293,3,0,1,0,0,0,88,1,0,0,2,26.3,6566.13,96980853760,19578212352,0,1,0,0,0,0,1,2,1,1.0,Aggregate,0,6.647
DESKTOP-KQF03T0,Jashvanth,2026-06-30T11:00:46.848615,Q26_V008,Q_0294,1,0,1,0,0,0,88,1,0,0,2,35.2,6542.02,96980874240,19578621952,0,1,0,0,0,0,1,2,1,1.0,Aggregate,0,1.893
DESKTOP-KQF03T0,Jashvanth,2026-06-30T11:00:51.868270,Q26_V008,Q_0294,2,0,1,0,0,0,88,1,0,0,2,29.5,6545.48,96980919296,19578884096,0,1,0,0,0,0,1,2,1,1.0,Aggregate,0,1.111
DESKTOP-KQF03T0,Jashvanth,2026-06-30T11:00:56.885682,Q26_V008,Q_0294,3,0,1,0,0,0,88,1,0,0,2,20.3,6554.54,96981246976,19579396096,0,1,0,0,0,0,1,2,1,1.0,Aggregate,0,1.366
DESKTOP-KQF03T0,Jashvanth,2026-06-30T11:01:01.903668,Q26_V009,Q_0295,1,0,1,0,0,0,109,1,0,1,1,37.3,6554.11,96981484544,19579854848,0,1,0,0,0,0,1,2,1,1.0,Aggregate,0,0.183
DESKTOP-KQF03T0,Jashvanth,2026-06-30T11:01:06.923181,Q26_V009,Q_0295,2,0,1,0,0,0,109,1,0,1,1,31.1,6543.86,96981574656,19580157952,0,1,0,0,0,0,1,2,1,1.0,Aggregate,0,0.206
DESKTOP-KQF03T0,Jashvanth,2026-06-30T11:01:11.941413,Q26_V009,Q_0295,3,0,1,0,0,0,109,1,0,1,1,36.2,6521.43,96982481920,19580850176,0,1,0,0,0,0,1,2,1,1.0,Aggregate,0,0.189
DESKTOP-KQF03T0,Jashvanth,2026-06-30T11:01:16.958222,Q26_V010,Q_0296,1,0,0,1,1,0,111,1,0,0,1,25.8,6554.83,96982535168,19581386752,1,0,0,0,0,1,1,3,5,5.0,Sort,0,2.358
DESKTOP-KQF03T0,Jashvanth,2026-06-30T11:01:21.978995,Q26_V010,Q_0296,2,0,0,1,1,0,111,1,0,0,1,36.9,6535.92,96996244480,19582033920,1,0,0,0,0,1,1,3,5,5.0,Sort,0,3.422
DESKTOP-KQF03T0,Jashvanth,2026-06-30T11:01:27.022786,Q26_V010,Q_0296,3,0,0,1,1,0,111,1,0,0,1,19.6,6513.65,97313259008,19583021056,1,0,0,0,0,1,1,3,5,5.0,Sort,0,8.969
DESKTOP-KQF03T0,Jashvanth,2026-06-30T11:01:32.043577,Q26_V011,Q_0297,1,0,1,0,0,0,87,1,0,0,1,28.5,6523.77,97313385984,19584307200,1,0,0,0,0,0,1,2,1,1.0,Aggregate,0,0.703
DESKTOP-KQF03T0,Jashvanth,2026-06-30T11:01:37.058170,Q26_V011,Q_0297,2,0,1,0,0,0,87,1,0,0,1,27.6,6513.67,97314036736,19585712128,1,0,0,0,0,0,1,2,1,1.0,Aggregate,0,0.744
DESKTOP-KQF03T0,Jashvanth,2026-06-30T11:01:42.076253,Q26_V011,Q_0297,3,0,1,0,0,0,87,1,0,0,1,29.7,6520.97,97314176000,19586265088,1,0,0,0,0,0,1,2,1,1.0,Aggregate,0,1.032
DESKTOP-KQF03T0,Jashvanth,2026-06-30T11:01:47.103064,Q26_V012,Q_0298,1,0,0,0,0,0,70,1,1,0,1,21.4,6530.45,97314294272,19586723840,0,1,0,0,0,0,1,2,1,1.0,Aggregate,0,2.951
DESKTOP-KQF03T0,Jashvanth,2026-06-30T11:01:52.119455,Q26_V012,Q_0298,2,0,0,0,0,0,70,1,1,0,1,19.3,6525.77,97330498048,19587264512,0,1,0,0,0,0,1,2,1,1.0,Aggregate,0,0.714
DESKTOP-KQF03T0,Jashvanth,2026-06-30T11:01:57.143253,Q26_V012,Q_0298,3,0,0,0,0,0,70,1,1,0,1,22.5,6532.41,97330534400,19587788800,0,1,0,0,0,0,1,2,1,1.0,Aggregate,0,2.111
DESKTOP-KQF03T0,Jashvanth,2026-06-30T11:02:02.172543,Q27_V001,Q_0299,1,0,0,0,0,0,49,1,0,0,1,21.7,6532.06,97330636800,19588640768,0,1,0,0,0,0,1,2,1,1.0,Aggregate,0,6.714
DESKTOP-KQF03T0,Jashvanth,2026-06-30T11:02:07.199346,Q27_V001,Q_0299,2,0,0,0,0,0,49,1,0,0,1,51.9,6566.36,97330935296,19589156864,0,1,0,0,0,0,1,2,1,1.0,Aggregate,0,5.896
DESKTOP-KQF03T0,Jashvanth,2026-06-30T11:02:12.223517,Q27_V001,Q_0299,3,0,0,0,0,0,49,1,0,0,1,27.9,6507.75,97331074560,19589611520,0,1,0,0,0,0,1,2,1,1.0,Aggregate,0,4.641
DESKTOP-KQF03T0,Jashvanth,2026-06-30T11:03:20.714355,Q27_V002,Q_0300,1,0,1,0,0,0,74,1,0,0,1,100.0,6743.46,97461530112,19597982208,1,0,0,0,0,0,1,2,1,1.0,Aggregate,0,9.377
DESKTOP-KQF03T0,Jashvanth,2026-06-30T11:03:25.793308,Q27_V002,Q_0300,2,0,1,0,0,0,74,1,0,0,1,66.1,6784.86,97462826496,19599190528,1,0,0,0,0,0,1,2,1,1.0,Aggregate,0,12.041
DESKTOP-KQF03T0,Jashvanth,2026-06-30T11:03:30.831902,Q27_V002,Q_0300,3,0,1,0,0,0,74,1,0,0,1,41.5,6797.25,97463059456,19599889408,1,0,0,0,0,0,1,2,1,1.0,Aggregate,0,7.134
DESKTOP-KQF03T0,Jashvanth,2026-06-30T11:03:35.858949,Q27_V003,Q_0301,1,0,1,0,0,0,74,1,0,0,1,44.2,6706.46,97463088128,19601257472,1,0,0,0,0,0,1,2,1,1.0,Aggregate,0,7.431
DESKTOP-KQF03T0,Jashvanth,2026-06-30T11:03:40.897684,Q27_V003,Q_0301,2,0,1,0,0,0,74,1,0,0,1,33.8,6683.6,97463092224,19601794048,1,0,0,0,0,0,1,2,1,1.0,Aggregate,0,6.353
DESKTOP-KQF03T0,Jashvanth,2026-06-30T11:03:45.940642,Q27_V003,Q_0301,3,0,1,0,0,0,74,1,0,0,1,43.1,6658.98,97463598080,19602437120,1,0,0,0,0,0,1,2,1,1.0,Aggregate,0,6.205
DESKTOP-KQF03T0,Jashvanth,2026-06-30T11:03:50.971228,Q27_V004,Q_0302,1,0,1,0,0,0,75,1,0,0,1,19.4,6663.86,97463598080,19602940928,1,0,0,0,0,0,1,2,1,1.0,Aggregate,0,8.647
DESKTOP-KQF03T0,Jashvanth,2026-06-30T11:03:55.989049,Q27_V004,Q_0302,2,0,1,0,0,0,75,1,0,0,1,46.1,6668.58,97463917568,19603686400,1,0,0,0,0,0,1,2,1,1.0,Aggregate,0,3.809
DESKTOP-KQF03T0,Jashvanth,2026-06-30T11:04:01.040063,Q27_V004,Q_0302,3,0,1,0,0,0,75,1,0,0,1,21.4,6678.65,97464175616,19603866624,1,0,0,0,0,0,1,2,1,1.0,Aggregate,0,16.574
DESKTOP-KQF03T0,Jashvanth,2026-06-30T11:04:06.069329,Q27_V005,Q_0303,1,0,1,0,0,0,73,1,0,0,1,53.4,6660.71,97464187904,19604472832,1,0,0,0,0,0,1,2,1,1.0,Aggregate,0,6.025
DESKTOP-KQF03T0,Jashvanth,2026-06-30T11:04:11.094421,Q27_V005,Q_0303,2,0,1,0,0,0,73,1,0,0,1,23.3,6654.42,97464257536,19605464064,1,0,0,0,0,0,1,2,1,1.0,Aggregate,0,7.303
DESKTOP-KQF03T0,Jashvanth,2026-06-30T11:04:16.128793,Q27_V005,Q_0303,3,0,1,0,0,0,73,1,0,0,1,40.3,6638.86,97464626176,19607155712,1,0,0,0,0,0,1,2,1,1.0,Aggregate,0,7.946
DESKTOP-KQF03T0,Jashvanth,2026-06-30T11:04:21.162779,Q27_V006,Q_0304,1,0,1,0,0,0,74,1,0,0,1,63.0,6615.25,97464773632,19608216576,1,0,0,0,0,0,1,2,1,1.0,Aggregate,0,12.968
DESKTOP-KQF03T0,Jashvanth,2026-06-30T11:04:26.200899,Q27_V006,Q_0304,2,0,1,0,0,0,74,1,0,0,1,32.6,6560.33,97464811520,19609437184,1,0,0,0,0,0,1,2,1,1.0,Aggregate,0,13.74
DESKTOP-KQF03T0,Jashvanth,2026-06-30T11:04:31.243919,Q27_V006,Q_0304,3,0,1,0,0,0,74,1,0,0,1,50.7,6577.66,97464920064,19610389504,1,0,0,0,0,0,1,2,1,1.0,Aggregate,0,11.375
DESKTOP-KQF03T0,Jashvanth,2026-06-30T11:04:36.270030,Q27_V007,Q_0305,1,0,1,0,0,0,112,1,0,1,1,26.5,6538.32,97465151488,19611048960,0,1,0,0,0,0,1,2,1,1.0,Aggregate,0,1.301
DESKTOP-KQF03T0,Jashvanth,2026-06-30T11:04:41.287717,Q27_V007,Q_0305,2,0,1,0,0,0,112,1,0,1,1,34.0,6604.79,97465606144,19611577344,0,1,0,0,0,0,1,2,1,1.0,Aggregate,0,0.416
DESKTOP-KQF03T0,Jashvanth,2026-06-30T11:04:46.312915,Q27_V007,Q_0305,3,0,1,0,0,0,112,1,0,1,1,18.6,6617.92,97465610240,19612666880,0,1,0,0,0,0,1,2,1,1.0,Aggregate,0,1.19
DESKTOP-KQF03T0,Jashvanth,2026-06-30T11:04:51.333819,Q27_V008,Q_0306,1,0,1,0,0,0,81,1,0,0,1,32.3,6537.98,97465778176,19613281280,0,1,0,0,0,0,1,2,1,1.0,Aggregate,0,0.459
DESKTOP-KQF03T0,Jashvanth,2026-06-30T11:04:56.356865,Q27_V008,Q_0306,2,0,1,0,0,0,81,1,0,0,1,21.8,6545.05,97465778176,19613805568,0,1,0,0,0,0,1,2,1,1.0,Aggregate,0,1.865
DESKTOP-KQF03T0,Jashvanth,2026-06-30T11:05:01.385994,Q27_V008,Q_0306,3,0,1,0,0,0,81,1,0,0,1,31.9,6554.25,97465839616,19614469120,0,1,0,0,0,0,1,2,1,1.0,Aggregate,0,0.817
DESKTOP-KQF03T0,Jashvanth,2026-06-30T11:05:06.427561,Q27_V009,Q_0307,1,0,0,1,1,0,109,1,0,0,1,22.9,6562.6,97466051584,19615386624,1,0,0,0,0,1,1,3,7,7.0,Sort,0,18.37
DESKTOP-KQF03T0,Jashvanth,2026-06-30T11:05:11.457813,Q27_V009,Q_0307,2,0,0,1,1,0,109,1,0,0,1,55.6,6639.63,97467144192,19615812608,1,0,0,0,0,1,1,3,7,7.0,Sort,0,13.972
DESKTOP-KQF03T0,Jashvanth,2026-06-30T11:05:16.493538,Q27_V009,Q_0307,3,0,0,1,1,0,109,1,0,0,1,21.5,6662.82,97467156480,19616181248,1,0,0,0,0,1,1,3,7,7.0,Sort,0,9.725
DESKTOP-KQF03T0,Jashvanth,2026-06-30T11:05:21.524433,Q27_V010,Q_0308,1,0,1,0,0,0,74,1,0,0,1,47.8,6658.2,97467344896,19616697344,1,0,0,0,0,0,1,2,1,1.0,Aggregate,0,11.047
DESKTOP-KQF03T0,Jashvanth,2026-06-30T11:05:26.589203,Q27_V010,Q_0308,2,0,1,0,0,0,74,1,0,0,1,40.3,6616.29,97467361280,19617848320,1,0,0,0,0,0,1,2,1,1.0,Aggregate,0,18.102
DESKTOP-KQF03T0,Jashvanth,2026-06-30T11:05:31.612381,Q27_V010,Q_0308,3,0,1,0,0,0,74,1,0,0,1,60.4,6649.75,97467856896,19618413568,1,0,0,0,0,0,1,2,1,1.0,Aggregate,0,3.844
DESKTOP-KQF03T0,Jashvanth,2026-06-30T11:05:36.668236,Q27_V011,Q_0309,1,0,1,0,0,0,72,1,0,0,1,33.3,6651.48,97468008448,19618720768,1,0,0,0,0,0,1,2,1,1.0,Aggregate,0,9.214
DESKTOP-KQF03T0,Jashvanth,2026-06-30T11:05:41.694626,Q27_V011,Q_0309,2,0,1,0,0,0,72,1,0,0,1,42.5,6589.8,97468093952,19621362688,1,0,0,0,0,0,1,2,1,1.0,Aggregate,0,5.34
DESKTOP-KQF03T0,Jashvanth,2026-06-30T11:05:46.719141,Q27_V011,Q_0309,3,0,1,0,0,0,72,1,0,0,1,15.5,6570.28,97468343808,19621682176,1,0,0,0,0,0,1,2,1,1.0,Aggregate,0,6.186
DESKTOP-KQF03T0,Jashvanth,2026-06-30T11:05:51.742971,Q27_V012,Q_0310,1,0,1,0,0,0,71,1,0,0,1,39.5,6596.15,97468421632,19622398976,1,0,0,0,0,0,1,2,1,1.0,Aggregate,0,5.351
DESKTOP-KQF03T0,Jashvanth,2026-06-30T11:05:56.772257,Q27_V012,Q_0310,2,0,1,0,0,0,71,1,0,0,1,31.6,6590.6,97468454400,19623050240,1,0,0,0,0,0,1,2,1,1.0,Aggregate,0,4.357
DESKTOP-KQF03T0,Jashvanth,2026-06-30T11:06:01.808983,Q27_V012,Q_0310,3,0,1,0,0,0,71,1,0,0,1,50.6,6641.08,97468462592,19623566336,1,0,0,0,0,0,1,2,1,1.0,Aggregate,0,6.99
DESKTOP-KQF03T0,Jashvanth,2026-06-30T11:06:06.843736,Q28_V001,Q_0311,1,0,0,0,0,0,42,0,1,0,1,25.8,6626.07,97468478976,19623832576,1,0,0,0,0,0,1,2,3,3.0,Aggregate,0,1.782
DESKTOP-KQF03T0,Jashvanth,2026-06-30T11:06:11.864166,Q28_V001,Q_0311,2,0,0,0,0,0,42,0,1,0,1,47.8,6594.39,97468498944,19624516608,1,0,0,0,0,0,1,2,3,3.0,Aggregate,0,2.812
DESKTOP-KQF03T0,Jashvanth,2026-06-30T11:06:16.887129,Q28_V001,Q_0311,3,0,0,0,0,0,42,0,1,0,1,21.8,6579.45,97468786176,19624856576,1,0,0,0,0,0,1,2,3,3.0,Aggregate,0,3.247
DESKTOP-KQF03T0,Jashvanth,2026-06-30T11:06:21.922819,Q28_V002,Q_0312,1,0,0,0,1,0,65,0,1,0,1,52.5,6602.38,97468933632,19625958400,1,0,0,0,0,1,1,3,3,3.0,Sort,0,4.312
DESKTOP-KQF03T0,Jashvanth,2026-06-30T11:06:26.967115,Q28_V002,Q_0312,2,0,0,0,1,0,65,0,1,0,1,30.8,6579.78,97468937728,19626388480,1,0,0,0,0,1,1,3,3,3.0,Sort,0,6.898
DESKTOP-KQF03T0,Jashvanth,2026-06-30T11:06:31.995218,Q28_V002,Q_0312,3,0,0,0,1,0,65,0,1,0,1,64.2,6592.69,97469335040,19628332032,1,0,0,0,0,1,1,3,3,3.0,Sort,0,2.748
DESKTOP-KQF03T0,Jashvanth,2026-06-30T11:06:37.062915,Q28_V003,Q_0313,1,0,0,0,1,0,69,0,1,0,1,41.0,6602.05,97470490112,19629036544,1,0,0,0,0,1,1,3,5,5.0,Sort,0,7.546
DESKTOP-KQF03T0,Jashvanth,2026-06-30T11:06:42.092297,Q28_V003,Q_0313,2,0,0,0,1,0,69,0,1,0,1,65.2,6609.12,97470854656,19631612928,1,0,0,0,0,1,1,3,5,5.0,Sort,0,3.163
DESKTOP-KQF03T0,Jashvanth,2026-06-30T11:06:47.111750,Q28_V003,Q_0313,3,0,0,0,1,0,69,0,1,0,1,26.7,6606.91,97470993920,19631731712,1,0,0,0,0,1,1,3,5,5.0,Sort,0,2.414
DESKTOP-KQF03T0,Jashvanth,2026-06-30T11:06:52.146591,Q28_V004,Q_0314,1,0,0,0,0,0,43,0,1,0,1,45.0,6630.14,97471264256,19632423936,1,0,0,0,0,0,1,2,1,1.0,Aggregate,0,2.615
DESKTOP-KQF03T0,Jashvanth,2026-06-30T11:06:57.172258,Q28_V004,Q_0314,2,0,0,0,0,0,43,0,1,0,1,32.9,6636.74,97471460864,19633161216,1,0,0,0,0,0,1,2,1,1.0,Aggregate,0,1.866
DESKTOP-KQF03T0,Jashvanth,2026-06-30T11:07:02.191573,Q28_V004,Q_0314,3,0,0,0,0,0,43,0,1,0,1,30.2,6565.27,97471927808,19633837056,1,0,0,0,0,0,1,2,1,1.0,Aggregate,0,1.903
DESKTOP-KQF03T0,Jashvanth,2026-06-30T11:07:07.214559,Q28_V005,Q_0315,1,0,0,0,1,0,62,0,1,0,1,25.2,6570.64,97471927808,19634340864,1,0,0,0,0,1,1,4,20,20.0,Limit,0,3.097
DESKTOP-KQF03T0,Jashvanth,2026-06-30T11:07:12.234617,Q28_V005,Q_0315,2,0,0,0,1,0,62,0,1,0,1,34.2,6590.69,97472005632,19634988032,1,0,0,0,0,1,1,4,20,20.0,Limit,0,2.169
DESKTOP-KQF03T0,Jashvanth,2026-06-30T11:07:17.258240,Q28_V005,Q_0315,3,0,0,0,1,0,62,0,1,0,1,26.6,6564.17,97472337408,19636364288,1,0,0,0,0,1,1,4,20,20.0,Limit,0,3.13
DESKTOP-KQF03T0,Jashvanth,2026-06-30T11:07:22.282244,Q28_V006,Q_0316,1,0,0,1,1,0,96,1,0,0,1,33.6,6573.41,97472435712,19637150720,1,0,0,0,0,1,1,3,3,3.0,Sort,0,3.07
DESKTOP-KQF03T0,Jashvanth,2026-06-30T11:07:27.322948,Q28_V006,Q_0316,2,0,0,1,1,0,96,1,0,0,1,25.8,6547.45,97472566784,19637605376,1,0,0,0,0,1,1,3,3,3.0,Sort,0,7.264
DESKTOP-KQF03T0,Jashvanth,2026-06-30T11:07:32.351754,Q28_V006,Q_0316,3,0,0,1,1,0,96,1,0,0,1,48.8,6617.67,97472726528,19638244352,1,0,0,0,0,1,1,3,3,3.0,Sort,0,2.386
DESKTOP-KQF03T0,Jashvanth,2026-06-30T11:07:37.371744,Q28_V007,Q_0317,1,0,1,0,0,0,69,0,1,0,1,34.1,6637.83,97472726528,19638629376,1,0,0,0,0,0,1,2,3,3.0,Aggregate,0,1.493
DESKTOP-KQF03T0,Jashvanth,2026-06-30T11:07:42.394751,Q28_V007,Q_0317,2,0,1,0,0,0,69,0,1,0,1,52.8,6669.41,97472857600,19639460864,1,0,0,0,0,0,1,2,3,3.0,Aggregate,0,4.06
DESKTOP-KQF03T0,Jashvanth,2026-06-30T11:07:47.419379,Q28_V007,Q_0317,3,0,1,0,0,0,69,0,1,0,1,37.2,6652.01,97472939520,19640361472,1,0,0,0,0,0,1,2,3,3.0,Aggregate,0,3.312
DESKTOP-KQF03T0,Jashvanth,2026-06-30T11:07:52.443391,Q28_V008,Q_0318,1,0,1,0,0,0,70,0,1,0,1,31.7,6614.08,97472939520,19641008640,1,0,0,0,0,0,1,2,3,3.0,Aggregate,0,1.82
DESKTOP-KQF03T0,Jashvanth,2026-06-30T11:07:57.462472,Q28_V008,Q_0318,2,0,1,0,0,0,70,0,1,0,1,25.6,6590.86,97472943616,19641659904,1,0,0,0,0,0,1,2,3,3.0,Aggregate,0,0.741
DESKTOP-KQF03T0,Jashvanth,2026-06-30T11:08:02.483818,Q28_V008,Q_0318,3,0,1,0,0,0,70,0,1,0,1,28.9,6596.61,97473074688,19642122752,1,0,0,0,0,0,1,2,3,3.0,Aggregate,0,2.037
DESKTOP-KQF03T0,Jashvanth,2026-06-30T11:08:07.505540,Q28_V009,Q_0319,1,0,1,0,0,0,70,0,1,0,1,20.7,6573.91,97473074688,19642683904,1,0,0,0,0,0,1,2,5,5.0,Aggregate,0,1.416
DESKTOP-KQF03T0,Jashvanth,2026-06-30T11:08:12.537152,Q28_V009,Q_0319,2,0,1,0,0,0,70,0,1,0,1,44.4,6556.25,97473209856,19643539968,1,0,0,0,0,0,1,2,5,5.0,Aggregate,0,2.707
DESKTOP-KQF03T0,Jashvanth,2026-06-30T11:08:17.557561,Q28_V009,Q_0319,3,0,1,0,0,0,70,0,1,0,1,29.5,6489.95,97473230336,19643855360,1,0,0,0,0,0,1,2,5,5.0,Aggregate,0,1.425
DESKTOP-KQF03T0,Jashvanth,2026-06-30T11:08:22.575716,Q28_V010,Q_0320,1,0,0,0,1,0,81,0,1,0,1,52.8,6575.56,97473280512,19644879360,1,0,0,0,0,1,1,3,3,3.0,Sort,0,1.587
DESKTOP-KQF03T0,Jashvanth,2026-06-30T11:08:27.599763,Q28_V010,Q_0320,2,0,0,0,1,0,81,0,1,0,1,22.9,6561.19,97473296896,19645348864,1,0,0,0,0,1,1,3,3,3.0,Sort,0,4.297
DESKTOP-KQF03T0,Jashvanth,2026-06-30T11:08:32.637175,Q28_V010,Q_0320,3,0,0,0,1,0,81,0,1,0,1,35.8,6547.96,97473300992,19646204928,1,0,0,0,0,1,1,3,3,3.0,Sort,0,3.895
DESKTOP-KQF03T0,Jashvanth,2026-06-30T11:08:37.659351,Q28_V011,Q_0321,1,0,1,0,0,0,76,0,1,0,1,21.9,6532.14,97473305088,19646848000,1,0,0,0,0,0,1,2,3,3.0,Aggregate,0,1.414
DESKTOP-KQF03T0,Jashvanth,2026-06-30T11:08:42.685663,Q28_V011,Q_0321,2,0,1,0,0,0,76,0,1,0,1,57.1,6558.9,97473313280,19647364096,1,0,0,0,0,0,1,2,3,3.0,Aggregate,0,2.425
DESKTOP-KQF03T0,Jashvanth,2026-06-30T11:08:47.705265,Q28_V011,Q_0321,3,0,1,0,0,0,76,0,1,0,1,31.7,6571.16,97473378816,19647876096,1,0,0,0,0,0,1,2,3,3.0,Aggregate,0,1.527
DESKTOP-KQF03T0,Jashvanth,2026-06-30T11:08:52.739341,Q29_V001,Q_0322,1,0,0,0,0,0,41,0,1,0,1,55.0,6576.61,97473526272,19648310272,1,0,0,0,0,0,1,2,7,7.0,Aggregate,0,15.412
DESKTOP-KQF03T0,Jashvanth,2026-06-30T11:08:57.777045,Q29_V001,Q_0322,2,0,0,0,0,0,41,0,1,0,1,24.5,6572.52,97473526272,19648949248,1,0,0,0,0,0,1,2,7,7.0,Aggregate,0,15.634
DESKTOP-KQF03T0,Jashvanth,2026-06-30T11:09:02.802526,Q29_V001,Q_0322,3,0,0,0,0,0,41,0,1,0,1,56.7,6587.3,97474206208,19649604608,1,0,0,0,0,0,1,2,7,7.0,Aggregate,0,9.546
DESKTOP-KQF03T0,Jashvanth,2026-06-30T11:09:07.872382,Q29_V002,Q_0323,1,0,0,0,1,0,61,0,1,0,1,23.8,6583.64,97474214400,19649883136,1,0,0,0,0,1,1,3,7,7.0,Sort,0,25.746
DESKTOP-KQF03T0,Jashvanth,2026-06-30T11:09:12.909264,Q29_V002,Q_0323,2,0,0,0,1,0,61,0,1,0,1,48.3,6575.2,97474226688,19650706432,1,0,0,0,0,1,1,3,7,7.0,Sort,0,15.388
DESKTOP-KQF03T0,Jashvanth,2026-06-30T11:09:17.938840,Q29_V002,Q_0323,3,0,0,0,1,0,61,0,1,0,1,26.3,6540.02,97474243072,19652127744,1,0,0,0,0,1,1,3,7,7.0,Sort,0,7.105
DESKTOP-KQF03T0,Jashvanth,2026-06-30T11:09:22.963137,Q29_V003,Q_0324,1,0,0,0,1,0,69,0,1,0,1,50.7,6590.66,97474255360,19653426176,1,0,0,0,0,1,1,3,1,1.0,Sort,0,10.193
DESKTOP-KQF03T0,Jashvanth,2026-06-30T11:09:27.999795,Q29_V003,Q_0324,2,0,0,0,1,0,69,0,1,0,1,20.3,6589.84,97474461184,19653778432,1,0,0,0,0,1,1,3,1,1.0,Sort,0,7.676
DESKTOP-KQF03T0,Jashvanth,2026-06-30T11:09:33.025988,Q29_V003,Q_0324,3,0,0,0,1,0,69,0,1,0,1,35.2,6520.48,97474571776,19654306816,1,0,0,0,0,1,1,3,1,1.0,Sort,0,9.599
DESKTOP-KQF03T0,Jashvanth,2026-06-30T11:09:38.052577,Q29_V004,Q_0325,1,0,0,0,1,0,79,0,1,0,1,21.1,6504.72,97474571776,19655236608,1,0,0,0,0,1,1,3,6,6.0,Sort,0,9.979
DESKTOP-KQF03T0,Jashvanth,2026-06-30T11:09:43.083304,Q29_V004,Q_0325,2,0,0,0,1,0,79,0,1,0,1,34.5,6507.87,97475132928,19655658496,1,0,0,0,0,1,1,3,6,6.0,Sort,0,16.606
DESKTOP-KQF03T0,Jashvanth,2026-06-30T11:09:48.122122,Q29_V004,Q_0325,3,0,0,0,1,0,79,0,1,0,1,35.1,6507.07,97475177984,19656133632,1,0,0,0,0,1,1,3,6,6.0,Sort,0,12.667
DESKTOP-KQF03T0,Jashvanth,2026-06-30T11:09:53.147109,Q29_V005,Q_0326,1,0,0,1,1,0,87,1,0,0,1,37.7,6490.75,97475264000,19656674304,1,0,0,0,0,1,1,3,7,7.0,Sort,0,9.856
DESKTOP-KQF03T0,Jashvanth,2026-06-30T11:09:58.170799,Q29_V005,Q_0326,2,0,0,1,1,0,87,1,0,0,1,35.5,6498.2,97475264000,19657194496,1,0,0,0,0,1,1,3,7,7.0,Sort,0,8.498
DESKTOP-KQF03T0,Jashvanth,2026-06-30T11:10:03.200078,Q29_V005,Q_0326,3,0,0,1,1,0,87,1,0,0,1,24.9,6505.61,97475493376,19657681920,1,0,0,0,0,1,1,3,7,7.0,Sort,0,9.115
DESKTOP-KQF03T0,Jashvanth,2026-06-30T11:10:08.244422,Q29_V006,Q_0327,1,0,1,0,0,0,66,0,1,0,1,24.6,6503.55,97476111872,19658374144,1,0,0,0,0,0,1,2,7,7.0,Aggregate,0,12.462
DESKTOP-KQF03T0,Jashvanth,2026-06-30T11:10:13.276920,Q29_V006,Q_0327,2,0,1,0,0,0,66,0,1,0,1,33.7,6545.16,97477160448,19658984448,1,0,0,0,0,0,1,2,7,7.0,Aggregate,0,9.761
DESKTOP-KQF03T0,Jashvanth,2026-06-30T11:10:18.303688,Q29_V006,Q_0327,3,0,1,0,0,0,66,0,1,0,1,20.3,6554.85,97477189120,19659668480,1,0,0,0,0,0,1,2,7,7.0,Aggregate,0,8.786
DESKTOP-KQF03T0,Jashvanth,2026-06-30T11:10:23.327218,Q29_V007,Q_0328,1,0,1,0,0,0,65,0,1,0,1,35.5,6581.89,97477213696,19660377088,1,0,0,0,0,0,1,2,7,7.0,Aggregate,0,8.54
DESKTOP-KQF03T0,Jashvanth,2026-06-30T11:10:28.357158,Q29_V007,Q_0328,2,0,1,0,0,0,65,0,1,0,1,22.0,6599.46,97477230080,19661284352,1,0,0,0,0,0,1,2,7,7.0,Aggregate,0,9.338
DESKTOP-KQF03T0,Jashvanth,2026-06-30T11:10:33.395852,Q29_V007,Q_0328,3,0,1,0,0,0,65,0,1,0,1,30.1,6613.11,97477512704,19661865984,1,0,0,0,0,0,1,2,7,7.0,Aggregate,0,14.659
DESKTOP-KQF03T0,Jashvanth,2026-06-30T11:10:38.441923,Q29_V008,Q_0329,1,0,1,0,0,0,104,0,1,1,1,28.7,6591.05,97477529088,19662795776,0,1,0,0,0,0,1,3,7,7.0,Aggregate,0,3.246
DESKTOP-KQF03T0,Jashvanth,2026-06-30T11:10:43.464264,Q29_V008,Q_0329,2,0,1,0,0,0,104,0,1,1,1,51.7,6609.81,97477905920,19663254528,0,1,0,0,0,0,1,3,7,7.0,Aggregate,0,3.212
DESKTOP-KQF03T0,Jashvanth,2026-06-30T11:10:48.486254,Q29_V008,Q_0329,3,0,1,0,0,0,104,0,1,1,1,22.1,6586.14,97477905920,19663541248,0,1,0,0,0,0,1,3,7,7.0,Aggregate,0,2.519
DESKTOP-KQF03T0,Jashvanth,2026-06-30T11:10:53.522085,Q29_V009,Q_0330,1,0,1,0,0,0,64,0,1,0,1,37.1,6621.25,97478041088,19663901696,1,0,0,0,0,0,1,2,7,7.0,Aggregate,0,16.014
DESKTOP-KQF03T0,Jashvanth,2026-06-30T11:10:58.550748,Q29_V009,Q_0330,2,0,1,0,0,0,64,0,1,0,1,34.3,6622.9,97478073856,19664872448,1,0,0,0,0,0,1,2,7,7.0,Aggregate,0,9.548
DESKTOP-KQF03T0,Jashvanth,2026-06-30T11:11:03.595502,Q29_V009,Q_0330,3,0,1,0,0,0,64,0,1,0,1,45.5,6610.88,97480580608,19667674112,1,0,0,0,0,0,1,2,7,7.0,Aggregate,0,17.854
DESKTOP-KQF03T0,Jashvanth,2026-06-30T11:11:08.628381,Q29_V010,Q_0331,1,0,1,0,0,0,66,0,1,0,1,28.3,6601.12,97480580608,19668268032,1,0,0,0,0,0,1,2,7,7.0,Aggregate,0,9.233
DESKTOP-KQF03T0,Jashvanth,2026-06-30T11:11:13.662751,Q29_V010,Q_0331,2,0,1,0,0,0,66,0,1,0,1,38.0,6599.11,97485951488,19669066752,1,0,0,0,0,0,1,2,7,7.0,Aggregate,0,10.894
DESKTOP-KQF03T0,Jashvanth,2026-06-30T11:11:18.700539,Q29_V010,Q_0331,3,0,1,0,0,0,66,0,1,0,1,18.7,6619.72,97485951488,19669808128,1,0,0,0,0,0,1,2,7,7.0,Aggregate,0,8.455
DESKTOP-KQF03T0,Jashvanth,2026-06-30T11:11:23.726192,Q29_V011,Q_0332,1,0,1,0,0,0,60,0,1,0,1,57.3,6648.49,97486287360,19670803456,1,0,0,0,0,0,1,2,7,7.0,Aggregate,0,6.553
DESKTOP-KQF03T0,Jashvanth,2026-06-30T11:11:28.748599,Q29_V011,Q_0332,2,0,1,0,0,0,60,0,1,0,1,21.2,6646.54,97486373376,19671434240,1,0,0,0,0,0,1,2,7,7.0,Aggregate,0,5.67
DESKTOP-KQF03T0,Jashvanth,2026-06-30T11:11:33.783680,Q29_V011,Q_0332,3,0,1,0,0,0,60,0,1,0,1,36.5,6633.16,97486438912,19672671232,1,0,0,0,0,0,1,2,7,7.0,Aggregate,0,7.463
DESKTOP-KQF03T0,Jashvanth,2026-06-30T11:11:38.822685,Q29_V012,Q_0333,1,0,1,0,0,0,66,0,1,0,1,36.0,6637.61,97486455296,19674035200,1,0,0,0,0,0,1,2,7,7.0,Aggregate,0,15.853
DESKTOP-KQF03T0,Jashvanth,2026-06-30T11:11:43.858134,Q29_V012,Q_0333,2,0,1,0,0,0,66,0,1,0,1,80.7,6710.84,97488224768,19674649600,1,0,0,0,0,0,1,2,7,7.0,Aggregate,0,12.721
DESKTOP-KQF03T0,Jashvanth,2026-06-30T11:11:48.894936,Q29_V012,Q_0333,3,0,1,0,0,0,66,0,1,0,1,78.4,6731.21,97495595008,19676148736,1,0,0,0,0,0,1,2,7,7.0,Aggregate,0,15.176
DESKTOP-KQF03T0,Jashvanth,2026-06-30T11:11:53.932571,Q30_V001,Q_0334,1,0,0,0,0,0,43,0,1,0,1,95.7,6909.25,97497284096,19677021184,1,0,0,0,0,0,1,2,3,3.0,Aggregate,0,13.602
DESKTOP-KQF03T0,Jashvanth,2026-06-30T11:11:58.970863,Q30_V001,Q_0334,2,0,0,0,0,0,43,0,1,0,1,81.1,6961.91,97499328000,19677545472,1,0,0,0,0,0,1,2,3,3.0,Aggregate,0,16.016
DESKTOP-KQF03T0,Jashvanth,2026-06-30T11:12:03.998548,Q30_V001,Q_0334,3,0,0,0,0,0,43,0,1,0,1,61.8,6950.28,97548008448,19678090240,1,0,0,0,0,0,1,2,3,3.0,Aggregate,0,8.214
DESKTOP-KQF03T0,Jashvanth,2026-06-30T11:12:09.046317,Q30_V002,Q_0335,1,0,0,0,1,0,65,0,1,0,1,69.7,6979.26,97579201536,19679613952,1,0,0,0,0,1,1,3,3,3.0,Sort,0,14.152
DESKTOP-KQF03T0,Jashvanth,2026-06-30T11:12:14.075226,Q30_V002,Q_0335,2,0,0,0,1,0,65,0,1,0,1,44.6,6895.77,97592939008,19687695360,1,0,0,0,0,1,1,3,3,3.0,Sort,0,7.952
DESKTOP-KQF03T0,Jashvanth,2026-06-30T11:12:19.107891,Q30_V002,Q_0335,3,0,0,0,1,0,65,0,1,0,1,44.0,6917.92,97594249728,19692258304,1,0,0,0,0,1,1,3,3,3.0,Sort,0,10.231
DESKTOP-KQF03T0,Jashvanth,2026-06-30T11:12:24.132632,Q30_V003,Q_0336,1,0,0,0,1,0,65,0,1,0,1,54.2,6964.5,97596109312,19695752192,1,0,0,0,0,1,1,3,2,2.0,Sort,0,6.926
DESKTOP-KQF03T0,Jashvanth,2026-06-30T11:12:29.173263,Q30_V003,Q_0336,2,0,0,0,1,0,65,0,1,0,1,52.9,6957.64,97599590912,19769111552,1,0,0,0,0,1,1,3,2,2.0,Sort,0,15.589
DESKTOP-KQF03T0,Jashvanth,2026-06-30T11:12:34.208358,Q30_V003,Q_0336,3,0,0,0,1,0,65,0,1,0,1,56.2,7027.53,97617357312,19770323968,1,0,0,0,0,1,1,3,2,2.0,Sort,0,8.366
DESKTOP-KQF03T0,Jashvanth,2026-06-30T11:12:39.237615,Q30_V004,Q_0337,1,0,0,0,1,0,93,0,1,0,1,72.1,6990.57,97620707328,19771020288,1,0,0,0,0,1,1,3,6,6.0,Sort,0,11.603
DESKTOP-KQF03T0,Jashvanth,2026-06-30T11:12:44.268035,Q30_V004,Q_0337,2,0,0,0,1,0,93,0,1,0,1,28.6,6941.0,97621022720,19772515328,1,0,0,0,0,1,1,3,6,6.0,Sort,0,12.627
DESKTOP-KQF03T0,Jashvanth,2026-06-30T11:12:49.296886,Q30_V004,Q_0337,3,0,0,0,1,0,93,0,1,0,1,25.3,6947.73,97621100544,19773252096,1,0,0,0,0,1,1,3,6,6.0,Sort,0,11.786
DESKTOP-KQF03T0,Jashvanth,2026-06-30T11:12:54.327356,Q30_V005,Q_0338,1,0,0,1,1,0,91,1,0,0,1,23.4,6925.48,97621100544,19773559296,1,0,0,0,0,1,1,3,3,3.0,Sort,0,8.455
DESKTOP-KQF03T0,Jashvanth,2026-06-30T11:12:59.356704,Q30_V005,Q_0338,2,0,0,1,1,0,91,1,0,0,1,22.9,6903.61,97621166080,19774104064,1,0,0,0,0,1,1,3,3,3.0,Sort,0,8.345
DESKTOP-KQF03T0,Jashvanth,2026-06-30T11:13:04.412886,Q30_V005,Q_0338,3,0,0,1,1,0,91,1,0,0,1,27.5,6892.89,97621166080,19774358016,1,0,0,0,0,1,1,3,3,3.0,Sort,0,18.714
DESKTOP-KQF03T0,Jashvanth,2026-06-30T11:13:09.453630,Q30_V006,Q_0339,1,0,1,0,0,0,76,0,1,0,1,28.6,6894.19,97621178368,19774697984,1,0,0,0,0,0,1,2,3,3.0,Aggregate,0,15.302
DESKTOP-KQF03T0,Jashvanth,2026-06-30T11:13:14.484904,Q30_V006,Q_0339,2,0,1,0,0,0,76,0,1,0,1,28.3,6885.03,97621424128,19775222272,1,0,0,0,0,0,1,2,3,3.0,Aggregate,0,13.387
DESKTOP-KQF03T0,Jashvanth,2026-06-30T11:13:19.536798,Q30_V006,Q_0339,3,0,1,0,0,0,76,0,1,0,1,36.9,6898.15,97621460992,19775697408,1,0,0,0,0,0,1,2,3,3.0,Aggregate,0,16.033
DESKTOP-KQF03T0,Jashvanth,2026-06-30T11:13:24.569744,Q30_V007,Q_0340,1,0,1,0,0,0,67,0,1,0,1,25.7,6895.75,97621465088,19776086528,1,0,0,0,0,0,1,2,3,3.0,Aggregate,0,10.352
DESKTOP-KQF03T0,Jashvanth,2026-06-30T11:13:29.601249,Q30_V007,Q_0340,2,0,1,0,0,0,67,0,1,0,1,27.3,6892.44,97621743616,19777051136,1,0,0,0,0,0,1,2,3,3.0,Aggregate,0,4.578
DESKTOP-KQF03T0,Jashvanth,2026-06-30T11:13:34.622691,Q30_V007,Q_0340,3,0,1,0,0,0,67,0,1,0,1,14.1,6900.18,97622071296,19777436160,1,0,0,0,0,0,1,2,3,3.0,Aggregate,0,6.722
DESKTOP-KQF03T0,Jashvanth,2026-06-30T11:13:39.645789,Q30_V008,Q_0341,1,0,1,0,0,0,66,0,1,0,1,21.0,6902.19,97622136832,19778218496,1,0,0,0,0,0,1,2,3,3.0,Aggregate,0,8.125
DESKTOP-KQF03T0,Jashvanth,2026-06-30T11:13:44.668300,Q30_V008,Q_0341,2,0,1,0,0,0,66,0,1,0,1,22.5,6902.89,97622202368,19778562560,1,0,0,0,0,0,1,2,3,3.0,Aggregate,0,5.922
DESKTOP-KQF03T0,Jashvanth,2026-06-30T11:13:49.691601,Q30_V008,Q_0341,3,0,1,0,0,0,66,0,1,0,1,21.9,6910.24,97622206464,19778869760,1,0,0,0,0,0,1,2,3,3.0,Aggregate,0,7.487
DESKTOP-KQF03T0,Jashvanth,2026-06-30T11:13:54.710627,Q30_V009,Q_0342,1,0,1,0,0,0,69,0,1,0,1,25.0,6907.25,97625676288,19780000256,1,0,0,0,0,0,1,2,3,3.0,Aggregate,0,4.507
DESKTOP-KQF03T0,Jashvanth,2026-06-30T11:13:59.731078,Q30_V009,Q_0342,2,0,1,0,0,0,69,0,1,0,1,16.9,6891.38,97625676288,19780475392,1,0,0,0,0,0,1,2,3,3.0,Aggregate,0,4.081
DESKTOP-KQF03T0,Jashvanth,2026-06-30T11:14:04.763593,Q30_V009,Q_0342,3,0,1,0,0,0,69,0,1,0,1,22.2,6853.39,97625807360,19780798976,1,0,0,0,0,0,1,2,3,3.0,Aggregate,0,13.184
DESKTOP-KQF03T0,Jashvanth,2026-06-30T11:14:09.794524,Q30_V010,Q_0343,1,0,1,0,0,0,76,0,1,0,1,31.6,6847.94,97625811456,19781573120,0,1,0,0,0,0,1,3,3,3.0,Aggregate,0,6.331
DESKTOP-KQF03T0,Jashvanth,2026-06-30T11:14:14.821269,Q30_V010,Q_0343,2,0,1,0,0,0,76,0,1,0,1,35.4,6856.61,97626376704,19781986816,0,1,0,0,0,0,1,3,3,3.0,Aggregate,0,4.924
DESKTOP-KQF03T0,Jashvanth,2026-06-30T11:14:19.891631,Q30_V010,Q_0343,3,0,1,0,0,0,76,0,1,0,1,30.3,6866.14,97626565120,19782330880,0,1,0,0,0,0,1,3,3,3.0,Aggregate,0,12.384
DESKTOP-KQF03T0,Jashvanth,2026-06-30T11:14:24.936062,Q30_V011,Q_0344,1,0,0,1,1,0,123,1,0,0,1,36.7,6860.05,97626565120,19783985664,1,0,0,0,0,1,1,3,6,6.0,Sort,0,19.161
DESKTOP-KQF03T0,Jashvanth,2026-06-30T11:14:29.965115,Q30_V011,Q_0344,2,0,0,1,1,0,123,1,0,0,1,20.6,6872.19,97626647040,19784336896,1,0,0,0,0,1,1,3,6,6.0,Sort,0,12.486
DESKTOP-KQF03T0,Jashvanth,2026-06-30T11:14:35.001243,Q30_V011,Q_0344,3,0,0,1,1,0,123,1,0,0,1,23.2,6887.05,97626855936,19784783360,1,0,0,0,0,1,1,3,6,6.0,Sort,0,15.214
DESKTOP-KQF03T0,Jashvanth,2026-06-30T11:14:40.024248,Q31_V001,Q_0345,1,0,0,1,1,0,89,1,0,0,1,23.7,6909.11,97626872320,19785639424,1,0,0,0,0,1,1,3,636,636.0,Sort,0,0.798
DESKTOP-KQF03T0,Jashvanth,2026-06-30T11:14:45.044161,Q31_V001,Q_0345,2,0,0,1,1,0,89,1,0,0,1,17.9,6901.91,97626872320,19786040832,1,0,0,0,0,1,1,3,636,636.0,Sort,0,0.567
DESKTOP-KQF03T0,Jashvanth,2026-06-30T11:14:50.062407,Q31_V001,Q_0345,3,0,0,1,1,0,89,1,0,0,1,27.3,6899.69,97627040256,19786421760,1,0,0,0,0,1,1,3,636,636.0,Sort,0,0.563
DESKTOP-KQF03T0,Jashvanth,2026-06-30T11:14:55.088151,Q31_V002,Q_0346,1,0,0,1,1,0,84,1,0,0,1,21.1,6897.24,97627040256,19786794496,1,0,0,0,0,1,1,3,636,636.0,Sort,0,5.511
DESKTOP-KQF03T0,Jashvanth,2026-06-30T11:15:00.113905,Q31_V002,Q_0346,2,0,0,1,1,0,84,1,0,0,1,32.8,6880.43,97627204096,19787560448,1,0,0,0,0,1,1,3,636,636.0,Sort,0,3.026
DESKTOP-KQF03T0,Jashvanth,2026-06-30T11:15:05.134167,Q31_V002,Q_0346,3,0,0,1,1,0,84,1,0,0,1,19.2,6883.46,97627269632,19787859456,1,0,0,0,0,1,1,3,636,636.0,Sort,0,2.528
DESKTOP-KQF03T0,Jashvanth,2026-06-30T11:15:10.160938,Q31_V003,Q_0347,1,0,0,1,1,0,91,1,0,0,1,19.6,6896.1,97627322880,19788219904,1,0,0,0,0,1,1,3,25,25.0,Sort,0,1.082
DESKTOP-KQF03T0,Jashvanth,2026-06-30T11:15:15.182520,Q31_V003,Q_0347,2,0,0,1,1,0,91,1,0,0,1,25.5,6900.14,97627400704,19788715520,1,0,0,0,0,1,1,3,25,25.0,Sort,0,0.523
DESKTOP-KQF03T0,Jashvanth,2026-06-30T11:15:20.209735,Q31_V003,Q_0347,3,0,0,1,1,0,91,1,0,0,1,41.0,6914.91,97627421184,19789649408,1,0,0,0,0,1,1,3,25,25.0,Sort,0,0.896
DESKTOP-KQF03T0,Jashvanth,2026-06-30T11:15:25.246685,Q31_V004,Q_0348,1,0,0,1,1,0,89,1,0,0,1,29.5,6901.09,97627425280,19790095872,1,0,0,0,0,1,1,3,5,5.0,Sort,0,0.838
DESKTOP-KQF03T0,Jashvanth,2026-06-30T11:15:30.284439,Q31_V004,Q_0348,2,0,0,1,1,0,89,1,0,0,1,35.4,6907.88,97627560448,19790751232,1,0,0,0,0,1,1,3,5,5.0,Sort,0,0.581
DESKTOP-KQF03T0,Jashvanth,2026-06-30T11:15:35.306215,Q31_V004,Q_0348,3,0,0,1,1,0,89,1,0,0,1,30.1,6917.71,97627699712,19791783424,1,0,0,0,0,1,1,3,5,5.0,Sort,0,0.904
DESKTOP-KQF03T0,Jashvanth,2026-06-30T11:15:40.327259,Q31_V005,Q_0349,1,0,0,1,1,0,111,2,0,0,1,23.7,6915.36,97627732480,19792254464,1,0,0,0,0,1,1,3,212,0.0,Sort,0,0.798
DESKTOP-KQF03T0,Jashvanth,2026-06-30T11:15:45.361038,Q31_V005,Q_0349,2,0,0,1,1,0,111,2,0,0,1,23.2,6913.11,97627798016,19793188352,1,0,0,0,0,1,1,3,212,0.0,Sort,0,0.535
DESKTOP-KQF03T0,Jashvanth,2026-06-30T11:15:50.379273,Q31_V005,Q_0349,3,0,0,1,1,0,111,2,0,0,1,26.1,6920.51,97627798016,19793643008,1,0,0,0,0,1,1,3,212,0.0,Sort,0,0.46
DESKTOP-KQF03T0,Jashvanth,2026-06-30T11:15:55.402728,Q31_V006,Q_0350,1,0,0,1,1,0,112,2,0,0,1,24.2,6914.55,97627896320,19794109952,1,0,0,0,0,1,1,3,212,636.0,Sort,0,1.015
DESKTOP-KQF03T0,Jashvanth,2026-06-30T11:16:00.444842,Q31_V006,Q_0350,2,0,0,1,1,0,112,2,0,0,1,24.1,6921.73,97627961856,19794388480,1,0,0,0,0,1,1,3,212,636.0,Sort,0,2.133
DESKTOP-KQF03T0,Jashvanth,2026-06-30T11:16:05.467536,Q31_V006,Q_0350,3,0,0,1,1,0,112,2,0,0,1,24.9,6854.68,97627961856,19794859520,1,0,0,0,0,1,1,3,212,636.0,Sort,0,0.89
DESKTOP-KQF03T0,Jashvanth,2026-06-30T11:16:10.490735,Q31_V007,Q_0351,1,0,1,1,1,0,116,1,0,0,1,28.3,6849.17,97627961856,19795219968,1,0,0,0,0,1,1,3,439,418.0,Sort,0,0.492
DESKTOP-KQF03T0,Jashvanth,2026-06-30T11:16:15.508289,Q31_V007,Q_0351,2,0,1,1,1,0,116,1,0,0,1,24.1,6840.05,97628076544,19795576320,1,0,0,0,0,1,1,3,439,418.0,Sort,0,1.033
DESKTOP-KQF03T0,Jashvanth,2026-06-30T11:16:20.531535,Q31_V007,Q_0351,3,0,1,1,1,0,116,1,0,0,1,18.3,6844.85,97628076544,19796702720,1,0,0,0,0,1,1,3,439,418.0,Sort,0,1.152
DESKTOP-KQF03T0,Jashvanth,2026-06-30T11:16:25.554329,Q31_V008,Q_0352,1,0,1,1,1,0,117,1,0,0,1,38.5,6781.29,97629710848,19797108224,1,0,0,0,0,1,1,3,404,388.0,Sort,0,0.709
DESKTOP-KQF03T0,Jashvanth,2026-06-30T11:16:30.579121,Q31_V008,Q_0352,2,0,1,1,1,0,117,1,0,0,1,21.3,6778.39,97629792768,19797578752,1,0,0,0,0,1,1,3,404,388.0,Sort,0,0.816
DESKTOP-KQF03T0,Jashvanth,2026-06-30T11:16:35.597187,Q31_V008,Q_0352,3,0,1,1,1,0,117,1,0,0,1,34.0,6787.44,97630579200,19799581696,1,0,0,0,0,1,1,3,404,388.0,Sort,0,0.504
DESKTOP-KQF03T0,Jashvanth,2026-06-30T11:16:40.622999,Q31_V009,Q_0353,1,0,0,1,1,0,97,1,0,0,1,31.6,6812.52,97641858048,19800827904,1,0,0,0,0,1,1,3,636,636.0,Sort,0,1.727
DESKTOP-KQF03T0,Jashvanth,2026-06-30T11:16:45.645171,Q31_V009,Q_0353,2,0,0,1,1,0,97,1,0,0,1,26.6,6804.43,97641993216,19801262080,1,0,0,0,0,1,1,3,636,636.0,Sort,0,1.762
DESKTOP-KQF03T0,Jashvanth,2026-06-30T11:16:50.664761,Q31_V009,Q_0353,3,0,0,1,1,0,97,1,0,0,1,25.7,6556.24,97642271744,19801626624,1,0,0,0,0,1,1,3,636,636.0,Sort,0,1.359
DESKTOP-KQF03T0,Jashvanth,2026-06-30T11:16:55.689293,Q31_V010,Q_0354,1,0,0,1,1,0,101,1,0,0,1,19.0,6570.53,97642275840,19803527168,1,0,0,0,0,1,1,3,636,636.0,Sort,0,1.252
DESKTOP-KQF03T0,Jashvanth,2026-06-30T11:17:00.739199,Q31_V010,Q_0354,2,0,0,1,1,0,101,1,0,0,1,32.1,6581.6,97642464256,19803871232,1,0,0,0,0,1,1,3,636,636.0,Sort,0,3.616
DESKTOP-KQF03T0,Jashvanth,2026-06-30T11:17:05.772989,Q31_V010,Q_0354,3,0,0,1,1,0,101,1,0,0,1,25.7,6594.97,97642476544,19804268544,1,0,0,0,0,1,1,3,636,636.0,Sort,0,2.5
DESKTOP-KQF03T0,Jashvanth,2026-06-30T11:17:10.799912,Q31_V011,Q_0355,1,0,0,1,1,0,122,2,0,0,1,30.8,6590.31,97642537984,19804776448,1,0,0,0,0,1,1,3,636,636.0,Sort,0,2.922
DESKTOP-KQF03T0,Jashvanth,2026-06-30T11:17:15.824731,Q31_V011,Q_0355,2,0,0,1,1,0,122,2,0,0,1,19.8,6597.46,97642537984,19805296640,1,0,0,0,0,1,1,3,636,636.0,Sort,0,5.866
DESKTOP-KQF03T0,Jashvanth,2026-06-30T11:17:20.849096,Q31_V011,Q_0355,3,0,0,1,1,0,122,2,0,0,1,26.5,6600.11,97643889664,19805931520,1,0,0,0,0,1,1,3,636,636.0,Sort,0,3.43
DESKTOP-KQF03T0,Jashvanth,2026-06-30T11:17:25.869290,Q31_V012,Q_0356,1,0,0,1,1,0,98,1,0,0,1,19.9,6592.09,97643897856,19806541824,1,0,0,0,0,1,1,4,10,10.0,Limit,0,0.614
DESKTOP-KQF03T0,Jashvanth,2026-06-30T11:17:30.890862,Q31_V012,Q_0356,2,0,0,1,1,0,98,1,0,0,1,35.4,6603.15,97643901952,19806869504,1,0,0,0,0,1,1,4,10,10.0,Limit,0,0.958
DESKTOP-KQF03T0,Jashvanth,2026-06-30T11:17:35.909953,Q31_V012,Q_0356,3,0,0,1,1,0,98,1,0,0,1,28.1,6605.76,97643967488,19807234048,1,0,0,0,0,1,1,4,10,10.0,Limit,0,0.554
DESKTOP-KQF03T0,Jashvanth,2026-06-30T11:17:40.942516,Q32_V001,Q_0357,1,0,0,0,0,0,51,1,0,0,1,41.3,6637.22,97644676608,19807629312,1,0,0,0,0,0,1,2,1,1.0,Aggregate,0,0.953
DESKTOP-KQF03T0,Jashvanth,2026-06-30T11:17:45.961531,Q32_V001,Q_0357,2,0,0,0,0,0,51,1,0,0,1,26.7,6657.4,97645133312,19808580608,1,0,0,0,0,0,1,2,1,1.0,Aggregate,0,0.447
DESKTOP-KQF03T0,Jashvanth,2026-06-30T11:17:50.982896,Q32_V001,Q_0357,3,0,0,0,0,0,51,1,0,0,1,31.8,6658.5,97645428224,19809584128,1,0,0,0,0,0,1,2,1,1.0,Aggregate,0,0.44
DESKTOP-KQF03T0,Jashvanth,2026-06-30T11:17:55.999795,Q32_V002,Q_0358,1,0,1,0,0,0,71,1,0,0,1,37.1,6671.6,97645499904,19810104320,1,0,0,0,0,0,1,2,1,1.0,Aggregate,0,0.309
DESKTOP-KQF03T0,Jashvanth,2026-06-30T11:18:01.020608,Q32_V002,Q_0358,2,0,1,0,0,0,71,1,0,0,1,28.6,6652.9,97645499904,19810644992,1,0,0,0,0,0,1,2,1,1.0,Aggregate,0,0.545
DESKTOP-KQF03T0,Jashvanth,2026-06-30T11:18:06.042580,Q32_V002,Q_0358,3,0,1,0,0,0,71,1,0,0,1,23.7,6633.5,97645577728,19811021824,1,0,0,0,0,0,1,2,1,1.0,Aggregate,0,0.761
DESKTOP-KQF03T0,Jashvanth,2026-06-30T11:18:11.062979,Q32_V003,Q_0359,1,0,0,1,1,0,113,1,0,0,1,28.7,6643.46,97645577728,19811431424,1,0,0,0,0,1,1,3,5,5.0,Sort,0,0.738
DESKTOP-KQF03T0,Jashvanth,2026-06-30T11:18:16.084661,Q32_V003,Q_0359,2,0,0,1,1,0,113,1,0,0,1,16.0,6646.46,97645647360,19811931136,1,0,0,0,0,1,1,3,5,5.0,Sort,0,1.687
DESKTOP-KQF03T0,Jashvanth,2026-06-30T11:18:21.105397,Q32_V003,Q_0359,3,0,0,1,1,0,113,1,0,0,1,27.1,6637.75,97645647360,19812254720,1,0,0,0,0,1,1,3,5,5.0,Sort,0,0.965
DESKTOP-KQF03T0,Jashvanth,2026-06-30T11:18:26.144928,Q32_V004,Q_0360,1,0,0,1,1,0,111,1,0,0,1,24.0,6627.72,97645712896,19812733952,1,0,0,0,0,1,1,3,25,25.0,Sort,0,1.109
DESKTOP-KQF03T0,Jashvanth,2026-06-30T11:18:31.171860,Q32_V004,Q_0360,2,0,0,1,1,0,111,1,0,0,1,30.6,6656.25,97646171648,19813608960,1,0,0,0,0,1,1,3,25,25.0,Sort,0,1.048
DESKTOP-KQF03T0,Jashvanth,2026-06-30T11:18:36.194285,Q32_V004,Q_0360,3,0,0,1,1,0,111,1,0,0,1,35.4,6661.18,97646224896,19813916160,1,0,0,0,0,1,1,3,25,25.0,Sort,0,2.086
DESKTOP-KQF03T0,Jashvanth,2026-06-30T11:18:41.223993,Q32_V005,Q_0361,1,0,0,0,0,0,53,1,0,0,1,29.5,6677.18,97649624576,19814194688,1,0,0,0,0,0,1,2,1,1.0,Aggregate,0,1.048
DESKTOP-KQF03T0,Jashvanth,2026-06-30T11:18:46.246071,Q32_V005,Q_0361,2,0,0,0,0,0,53,1,0,0,1,35.7,6664.76,97649632768,19814653440,1,0,0,0,0,0,1,2,1,1.0,Aggregate,0,0.812
DESKTOP-KQF03T0,Jashvanth,2026-06-30T11:18:51.281702,Q32_V005,Q_0361,3,0,0,0,0,0,53,1,0,0,1,31.1,6662.57,97649657344,19814997504,1,0,0,0,0,0,1,2,1,1.0,Aggregate,0,0.719
DESKTOP-KQF03T0,Jashvanth,2026-06-30T11:18:56.314258,Q32_V006,Q_0362,1,0,0,0,0,0,113,3,0,0,1,22.3,6669.43,97651942912,19815566848,1,0,0,0,0,0,1,2,1,1.0,Aggregate,0,1.193
DESKTOP-KQF03T0,Jashvanth,2026-06-30T11:19:01.339435,Q32_V006,Q_0362,2,0,0,0,0,0,113,3,0,0,1,22.9,6679.38,97652139520,19815943680,1,0,0,0,0,0,1,2,1,1.0,Aggregate,0,0.969
DESKTOP-KQF03T0,Jashvanth,2026-06-30T11:19:06.360552,Q32_V006,Q_0362,3,0,0,0,0,0,113,3,0,0,1,24.9,6683.91,97652139520,19817295360,1,0,0,0,0,0,1,2,1,1.0,Aggregate,0,0.691
DESKTOP-KQF03T0,Jashvanth,2026-06-30T11:19:11.386195,Q32_V007,Q_0363,1,0,0,1,1,0,117,1,0,0,1,29.7,6692.05,97656860672,19817696768,1,0,0,0,0,1,1,3,5,5.0,Sort,0,1.473
DESKTOP-KQF03T0,Jashvanth,2026-06-30T11:19:16.410248,Q32_V007,Q_0363,2,0,0,1,1,0,117,1,0,0,1,53.2,6900.46,97658842112,19818917376,1,0,0,0,0,1,1,3,5,5.0,Sort,0,1.123
DESKTOP-KQF03T0,Jashvanth,2026-06-30T11:19:21.434438,Q32_V007,Q_0363,3,0,0,1,1,0,117,1,0,0,1,56.6,6830.75,97659016704,19820285440,1,0,0,0,0,1,1,3,5,5.0,Sort,0,1.967
DESKTOP-KQF03T0,Jashvanth,2026-06-30T11:19:26.459842,Q32_V008,Q_0364,1,0,1,0,0,0,84,1,0,0,1,64.3,6995.71,97660070912,19821018624,0,1,0,0,0,0,1,3,1,1.0,Aggregate,0,0.24
DESKTOP-KQF03T0,Jashvanth,2026-06-30T11:19:31.480615,Q32_V008,Q_0364,2,0,1,0,0,0,84,1,0,0,1,24.0,7007.84,97660136448,19822296576,0,1,0,0,0,0,1,3,1,1.0,Aggregate,0,0.287
DESKTOP-KQF03T0,Jashvanth,2026-06-30T11:19:36.498248,Q32_V008,Q_0364,3,0,1,0,0,0,84,1,0,0,1,27.1,6989.75,97660283904,19822820864,0,1,0,0,0,0,1,3,1,1.0,Aggregate,0,0.203
DESKTOP-KQF03T0,Jashvanth,2026-06-30T11:19:41.522052,Q32_V009,Q_0365,1,0,1,0,0,0,84,1,0,0,1,38.0,6966.0,97660587008,19823316480,0,1,0,0,0,0,1,3,1,1.0,Aggregate,0,0.222
DESKTOP-KQF03T0,Jashvanth,2026-06-30T11:19:46.539173,Q32_V009,Q_0365,2,0,1,0,0,0,84,1,0,0,1,29.0,6967.16,97660587008,19823853056,0,1,0,0,0,0,1,3,1,1.0,Aggregate,0,0.219
DESKTOP-KQF03T0,Jashvanth,2026-06-30T11:19:51.562319,Q32_V009,Q_0365,3,0,1,0,0,0,84,1,0,0,1,30.1,6970.8,97660718080,19824115200,0,1,0,0,0,0,1,3,1,1.0,Aggregate,0,0.259
DESKTOP-KQF03T0,Jashvanth,2026-06-30T11:19:56.584672,Q32_V010,Q_0366,1,0,0,1,1,0,130,2,0,0,1,29.6,6975.13,97660853248,19824647680,1,0,0,0,0,1,1,3,5,5.0,Sort,0,0.96
DESKTOP-KQF03T0,Jashvanth,2026-06-30T11:20:01.607153,Q32_V010,Q_0366,2,0,0,1,1,0,130,2,0,0,1,28.2,6970.66,97661250560,19824885248,1,0,0,0,0,1,1,3,5,5.0,Sort,0,0.822
DESKTOP-KQF03T0,Jashvanth,2026-06-30T11:20:06.625548,Q32_V010,Q_0366,3,0,0,1,1,0,130,2,0,0,1,20.6,6972.59,97661250560,19825143296,1,0,0,0,0,1,1,3,5,5.0,Sort,0,1.138
DESKTOP-KQF03T0,Jashvanth,2026-06-30T11:20:11.672811,Q32_V011,Q_0367,1,0,1,0,0,0,103,1,0,1,1,24.4,6970.67,97661414400,19825442304,1,0,0,0,0,0,1,2,1,1.0,Aggregate,0,2.228
DESKTOP-KQF03T0,Jashvanth,2026-06-30T11:20:16.695081,Q32_V011,Q_0367,2,0,1,0,0,0,103,1,0,1,1,22.5,6895.95,97661647872,19884195328,1,0,0,0,0,0,1,2,1,1.0,Aggregate,0,1.202
DESKTOP-KQF03T0,Jashvanth,2026-06-30T11:20:21.717247,Q32_V011,Q_0367,3,0,1,0,0,0,103,1,0,1,1,53.2,6964.35,97661696512,19884617216,1,0,0,0,0,0,1,2,1,1.0,Aggregate,0,0.455
DESKTOP-KQF03T0,Jashvanth,2026-06-30T11:20:26.744337,Q33_V001,Q_0368,1,0,0,0,0,0,82,2,0,0,1,27.9,6930.35,97664502272,19885084160,1,0,0,0,0,0,1,2,1,1.0,Aggregate,0,2.206
DESKTOP-KQF03T0,Jashvanth,2026-06-30T11:20:31.777782,Q33_V001,Q_0368,2,0,0,0,0,0,82,2,0,0,1,19.5,6913.42,97664518656,19885753856,1,0,0,0,0,0,1,2,1,1.0,Aggregate,0,4.089
DESKTOP-KQF03T0,Jashvanth,2026-06-30T11:20:36.807025,Q33_V001,Q_0368,3,0,0,0,0,0,82,2,0,0,1,16.7,6920.1,97664645632,19886065152,1,0,0,0,0,0,1,2,1,1.0,Aggregate,0,1.433
DESKTOP-KQF03T0,Jashvanth,2026-06-30T11:20:41.827187,Q33_V002,Q_0369,1,0,0,0,0,0,114,3,0,0,1,26.9,6925.88,97664645632,19886429696,1,0,0,0,0,0,1,2,1,1.0,Aggregate,0,2.752
DESKTOP-KQF03T0,Jashvanth,2026-06-30T11:20:46.854418,Q33_V002,Q_0369,2,0,0,0,0,0,114,3,0,0,1,36.4,6927.27,97664653824,19887474176,1,0,0,0,0,0,1,2,1,1.0,Aggregate,0,1.603
DESKTOP-KQF03T0,Jashvanth,2026-06-30T11:20:51.879772,Q33_V002,Q_0369,3,0,0,0,0,0,114,3,0,0,1,40.9,6942.86,97664719360,19887764992,1,0,0,0,0,0,1,2,1,1.0,Aggregate,0,3.407
DESKTOP-KQF03T0,Jashvanth,2026-06-30T11:20:56.903213,Q33_V003,Q_0370,1,0,1,0,0,0,108,2,0,0,1,25.5,6925.92,97664719360,19888166400,1,0,0,0,0,0,1,2,1,1.0,Aggregate,0,1.661
DESKTOP-KQF03T0,Jashvanth,2026-06-30T11:21:01.927628,Q33_V003,Q_0370,2,0,1,0,0,0,108,2,0,0,1,42.9,6936.71,97665158656,19888817664,1,0,0,0,0,0,1,2,1,1.0,Aggregate,0,1.498
DESKTOP-KQF03T0,Jashvanth,2026-06-30T11:21:06.966456,Q33_V003,Q_0370,3,0,1,0,0,0,108,2,0,0,1,29.9,6939.47,97665158656,19889264128,1,0,0,0,0,0,1,2,1,1.0,Aggregate,0,1.855
DESKTOP-KQF03T0,Jashvanth,2026-06-30T11:21:11.987789,Q33_V004,Q_0371,1,0,1,0,0,0,108,2,0,0,1,25.2,6934.73,97665162752,19889464832,1,0,0,0,0,0,1,2,1,1.0,Aggregate,0,0.862
DESKTOP-KQF03T0,Jashvanth,2026-06-30T11:21:17.014958,Q33_V004,Q_0371,2,0,1,0,0,0,108,2,0,0,1,18.8,6944.15,97665162752,19889923584,1,0,0,0,0,0,1,2,1,1.0,Aggregate,0,2.428
DESKTOP-KQF03T0,Jashvanth,2026-06-30T11:21:22.031442,Q33_V004,Q_0371,3,0,1,0,0,0,108,2,0,0,1,25.1,7006.67,97665329152,19890505216,1,0,0,0,0,0,1,2,1,1.0,Aggregate,0,1.661
DESKTOP-KQF03T0,Jashvanth,2026-06-30T11:21:27.060517,Q33_V005,Q_0372,1,0,1,0,0,0,126,2,0,0,2,33.8,6963.19,97667646976,19891549696,1,0,0,0,0,0,1,2,1,1.0,Aggregate,0,2.567
DESKTOP-KQF03T0,Jashvanth,2026-06-30T11:21:32.082359,Q33_V005,Q_0372,2,0,1,0,0,0,126,2,0,0,2,22.1,6954.98,97667646976,19892712960,1,0,0,0,0,0,1,2,1,1.0,Aggregate,0,1.181
DESKTOP-KQF03T0,Jashvanth,2026-06-30T11:21:37.101379,Q33_V005,Q_0372,3,0,1,0,0,0,126,2,0,0,2,34.9,6942.86,97667716608,19893601792,1,0,0,0,0,0,1,2,1,1.0,Aggregate,0,1.506
DESKTOP-KQF03T0,Jashvanth,2026-06-30T11:21:42.133003,Q33_V006,Q_0373,1,0,1,0,0,0,127,2,0,0,2,24.4,6939.53,97667716608,19893917184,1,0,0,0,0,0,1,2,1,1.0,Aggregate,0,2.383
DESKTOP-KQF03T0,Jashvanth,2026-06-30T11:21:47.157887,Q33_V006,Q_0373,2,0,1,0,0,0,127,2,0,0,2,25.5,6953.12,97667720704,19894216192,1,0,0,0,0,0,1,2,1,1.0,Aggregate,0,2.211
DESKTOP-KQF03T0,Jashvanth,2026-06-30T11:21:52.216769,Q33_V006,Q_0373,3,0,1,0,0,0,127,2,0,0,2,40.4,6911.12,97668089344,19895174656,1,0,0,0,0,0,1,2,1,1.0,Aggregate,0,12.327
DESKTOP-KQF03T0,Jashvanth,2026-06-30T11:21:57.244437,Q33_V007,Q_0374,1,0,0,1,0,0,120,2,0,0,1,29.0,6902.84,97668417024,19895952896,1,0,0,0,0,0,1,2,3,3.0,Aggregate,0,3.01
DESKTOP-KQF03T0,Jashvanth,2026-06-30T11:22:02.273111,Q33_V007,Q_0374,2,0,0,1,0,0,120,2,0,0,1,18.8,6924.14,97668417024,19896182272,1,0,0,0,0,0,1,2,3,3.0,Aggregate,0,5.836
DESKTOP-KQF03T0,Jashvanth,2026-06-30T11:22:07.293378,Q33_V007,Q_0374,3,0,0,1,0,0,120,2,0,0,1,37.2,6906.97,97668421120,19898058240,1,0,0,0,0,0,1,2,3,3.0,Aggregate,0,1.874
DESKTOP-KQF03T0,Jashvanth,2026-06-30T11:22:12.314914,Q33_V008,Q_0375,1,0,0,1,1,0,149,2,0,0,1,29.6,6910.82,97668556288,19898410496,1,0,0,0,0,1,1,3,5,5.0,Sort,0,3.766
DESKTOP-KQF03T0,Jashvanth,2026-06-30T11:22:17.338326,Q33_V008,Q_0375,2,0,0,1,1,0,149,2,0,0,1,27.8,6864.02,97668634112,19931297280,1,0,0,0,0,1,1,3,5,5.0,Sort,0,5.092
DESKTOP-KQF03T0,Jashvanth,2026-06-30T11:22:22.361131,Q33_V008,Q_0375,3,0,0,1,1,0,149,2,0,0,1,30.4,6824.69,97668650496,19932177920,1,0,0,0,0,1,1,3,5,5.0,Sort,0,2.813
DESKTOP-KQF03T0,Jashvanth,2026-06-30T11:22:27.401340,Q33_V009,Q_0376,1,0,1,0,0,0,110,2,0,0,1,27.7,6780.37,97670657536,19932995072,1,0,0,0,0,0,1,2,1,1.0,Aggregate,0,2.965
DESKTOP-KQF03T0,Jashvanth,2026-06-30T11:22:32.431993,Q33_V009,Q_0376,2,0,1,0,0,0,110,2,0,0,1,30.2,6725.42,97671099904,19933416960,1,0,0,0,0,0,1,2,1,1.0,Aggregate,0,3.519
DESKTOP-KQF03T0,Jashvanth,2026-06-30T11:22:37.458824,Q33_V009,Q_0376,3,0,1,0,0,0,110,2,0,0,1,26.8,6727.77,97671296512,19933822464,1,0,0,0,0,0,1,2,1,1.0,Aggregate,0,3.3
DESKTOP-KQF03T0,Jashvanth,2026-06-30T11:22:42.475249,Q33_V010,Q_0377,1,0,0,0,0,0,79,2,0,0,1,27.4,6734.1,97671497216,19934490112,1,0,0,0,0,0,1,2,1,1.0,Aggregate,0,1.508
DESKTOP-KQF03T0,Jashvanth,2026-06-30T11:22:47.493799,Q33_V010,Q_0377,2,0,0,0,0,0,79,2,0,0,1,23.2,6729.11,97671775744,19935354880,1,0,0,0,0,0,1,2,1,1.0,Aggregate,0,1.145
DESKTOP-KQF03T0,Jashvanth,2026-06-30T11:22:52.515746,Q33_V010,Q_0377,3,0,0,0,0,0,79,2,0,0,1,24.1,6738.37,97671853568,19935600640,1,0,0,0,0,0,1,2,1,1.0,Aggregate,0,1.268
DESKTOP-KQF03T0,Jashvanth,2026-06-30T11:22:57.541003,Q33_V011,Q_0378,1,0,0,1,1,0,168,2,0,0,2,34.3,6704.05,97671935488,19936169984,1,0,0,0,0,1,1,3,1960,6.0,Sort,0,5.255
DESKTOP-KQF03T0,Jashvanth,2026-06-30T11:23:02.563787,Q33_V011,Q_0378,2,0,0,1,1,0,168,2,0,0,2,38.4,6704.27,97671980544,19936595968,1,0,0,0,0,1,1,3,1960,6.0,Sort,0,3.558
DESKTOP-KQF03T0,Jashvanth,2026-06-30T11:23:07.585018,Q33_V011,Q_0378,3,0,0,1,1,0,168,2,0,0,2,27.5,6704.59,97672513024,19936907264,1,0,0,0,0,1,1,3,1960,6.0,Sort,0,3.466
DESKTOP-KQF03T0,Jashvanth,2026-06-30T11:23:12.636573,Q34_V001,Q_0379,1,0,0,1,0,0,73,1,0,0,1,37.0,6703.33,97672578560,19937574912,1,0,0,0,0,0,1,2,3,3.0,Aggregate,0,7.415
DESKTOP-KQF03T0,Jashvanth,2026-06-30T11:23:17.664901,Q34_V001,Q_0379,2,0,0,1,0,0,73,1,0,0,1,40.5,6728.11,97672734208,19938107392,1,0,0,0,0,0,1,2,3,3.0,Aggregate,0,1.878
DESKTOP-KQF03T0,Jashvanth,2026-06-30T11:23:22.687220,Q34_V001,Q_0379,3,0,0,1,0,0,73,1,0,0,1,31.8,6734.44,97672799744,19938922496,1,0,0,0,0,0,1,2,3,3.0,Aggregate,0,1.94
DESKTOP-KQF03T0,Jashvanth,2026-06-30T11:23:27.722227,Q34_V002,Q_0380,1,0,0,1,1,0,91,1,0,0,1,29.0,6754.35,97672926720,19939540992,1,0,0,0,0,1,1,3,3,3.0,Sort,0,3.154
DESKTOP-KQF03T0,Jashvanth,2026-06-30T11:23:32.751776,Q34_V002,Q_0380,2,0,0,1,1,0,91,1,0,0,1,26.5,6753.55,97672959488,19940547072,1,0,0,0,0,1,1,3,3,3.0,Sort,0,2.102
DESKTOP-KQF03T0,Jashvanth,2026-06-30T11:23:37.771462,Q34_V002,Q_0380,3,0,0,1,1,0,91,1,0,0,1,23.5,6771.57,97686366208,19940919808,1,0,0,0,0,1,1,3,3,3.0,Sort,0,2.768
DESKTOP-KQF03T0,Jashvanth,2026-06-30T11:23:42.810926,Q34_V003,Q_0381,1,0,0,1,1,0,96,1,0,0,1,35.2,6753.53,97779658752,19941804544,1,0,0,0,0,1,1,3,3,3.0,Sort,0,5.542
DESKTOP-KQF03T0,Jashvanth,2026-06-30T11:23:47.839042,Q34_V003,Q_0381,2,0,0,1,1,0,96,1,0,0,1,35.9,6780.62,97779658752,19942472192,1,0,0,0,0,1,1,3,3,3.0,Sort,0,3.143
DESKTOP-KQF03T0,Jashvanth,2026-06-30T11:23:52.865842,Q34_V003,Q_0381,3,0,0,1,1,0,96,1,0,0,1,23.6,6755.93,97779658752,19942754816,1,0,0,0,0,1,1,3,3,3.0,Sort,0,3.623
DESKTOP-KQF03T0,Jashvanth,2026-06-30T11:23:57.897906,Q34_V004,Q_0382,1,0,0,1,1,0,120,1,0,0,1,25.3,6770.23,97779662848,19943188992,1,0,0,0,0,1,1,3,3,3.0,Sort,0,5.05
DESKTOP-KQF03T0,Jashvanth,2026-06-30T11:24:02.925908,Q34_V004,Q_0382,2,0,0,1,1,0,120,1,0,0,1,39.1,6766.45,97779683328,19943836160,1,0,0,0,0,1,1,3,3,3.0,Sort,0,4.601
DESKTOP-KQF03T0,Jashvanth,2026-06-30T11:24:07.947364,Q34_V004,Q_0382,3,0,0,1,1,0,120,1,0,0,1,38.6,6757.55,97779810304,19944262144,1,0,0,0,0,1,1,3,3,3.0,Sort,0,1.592
DESKTOP-KQF03T0,Jashvanth,2026-06-30T11:24:12.983003,Q34_V005,Q_0383,1,0,0,1,0,0,88,1,0,0,1,18.8,6758.75,97779810304,19944565248,1,0,0,0,0,0,1,2,3,3.0,Aggregate,0,3.927
DESKTOP-KQF03T0,Jashvanth,2026-06-30T11:24:18.014276,Q34_V005,Q_0383,2,0,0,1,0,0,88,1,0,0,1,48.4,6770.91,97780121600,19945167360,1,0,0,0,0,0,1,2,3,3.0,Aggregate,0,2.831
DESKTOP-KQF03T0,Jashvanth,2026-06-30T11:24:23.053382,Q34_V005,Q_0383,3,0,0,1,0,0,88,1,0,0,1,70.6,6961.59,97830623744,19946043904,1,0,0,0,0,0,1,2,3,3.0,Aggregate,0,4.679
DESKTOP-KQF03T0,Jashvanth,2026-06-30T11:24:28.090340,Q34_V006,Q_0384,1,0,1,1,0,0,102,1,0,0,1,71.3,7027.05,97872178176,19951912448,1,0,0,0,0,0,1,2,3,3.0,Aggregate,0,2.451
DESKTOP-KQF03T0,Jashvanth,2026-06-30T11:24:33.116624,Q34_V006,Q_0384,2,0,1,1,0,0,102,1,0,0,1,96.3,7231.3,97948206592,19964044800,1,0,0,0,0,0,1,2,3,3.0,Aggregate,0,2.148
DESKTOP-KQF03T0,Jashvanth,2026-06-30T11:24:38.146148,Q34_V006,Q_0384,3,0,1,1,0,0,102,1,0,0,1,90.1,7292.86,97968173056,19974477312,1,0,0,0,0,0,1,2,3,3.0,Aggregate,0,2.267
DESKTOP-KQF03T0,Jashvanth,2026-06-30T11:24:43.210079,Q34_V007,Q_0385,1,0,1,1,0,0,117,1,0,0,2,72.7,7313.77,97987701248,19985339904,1,0,0,0,0,1,1,3,3,3.0,Aggregate,0,5.793
DESKTOP-KQF03T0,Jashvanth,2026-06-30T11:24:48.239262,Q34_V007,Q_0385,2,0,1,1,0,0,117,1,0,0,2,71.6,7352.23,98104833536,20074890752,1,0,0,0,0,1,1,3,3,3.0,Aggregate,0,1.319
DESKTOP-KQF03T0,Jashvanth,2026-06-30T11:24:53.263196,Q34_V007,Q_0385,3,0,1,1,0,0,117,1,0,0,2,55.0,7386.44,98114049024,20089259520,1,0,0,0,0,1,1,3,3,3.0,Aggregate,0,3.468
DESKTOP-KQF03T0,Jashvanth,2026-06-30T11:24:58.295651,Q34_V008,Q_0386,1,0,1,1,0,0,118,1,0,0,2,60.0,7247.15,98149770752,20140434944,1,0,0,0,0,0,1,2,3,3.0,Aggregate,0,2.142
DESKTOP-KQF03T0,Jashvanth,2026-06-30T11:25:03.316258,Q34_V008,Q_0386,2,0,1,1,0,0,118,1,0,0,2,47.8,7235.07,98151962624,20151744000,1,0,0,0,0,0,1,2,3,3.0,Aggregate,0,1.354
DESKTOP-KQF03T0,Jashvanth,2026-06-30T11:25:08.342898,Q34_V008,Q_0386,3,0,1,1,0,0,118,1,0,0,2,44.2,7194.96,98152142848,20155340288,1,0,0,0,0,0,1,2,3,3.0,Aggregate,0,2.521
DESKTOP-KQF03T0,Jashvanth,2026-06-30T11:25:13.366945,Q34_V009,Q_0387,1,0,0,1,1,0,140,1,0,0,1,46.3,7187.38,98153590784,20159862272,1,0,0,0,0,1,1,3,15,15.0,Sort,0,2.014
DESKTOP-KQF03T0,Jashvanth,2026-06-30T11:25:18.395057,Q34_V009,Q_0387,2,0,0,1,1,0,140,1,0,0,1,53.1,7218.81,98201696256,20164150784,1,0,0,0,0,1,1,3,15,15.0,Sort,0,6.662
DESKTOP-KQF03T0,Jashvanth,2026-06-30T11:25:23.428473,Q34_V009,Q_0387,3,0,0,1,1,0,140,1,0,0,1,43.0,7191.66,98201782272,20165031424,1,0,0,0,0,1,1,3,15,15.0,Sort,0,6.277
DESKTOP-KQF03T0,Jashvanth,2026-06-30T11:25:28.461599,Q34_V010,Q_0388,1,0,0,1,0,0,137,3,0,0,1,31.5,7165.1,98202200064,20165584384,1,0,0,0,0,0,1,2,3,3.0,Aggregate,0,4.785
DESKTOP-KQF03T0,Jashvanth,2026-06-30T11:25:33.486292,Q34_V010,Q_0388,2,0,0,1,0,0,137,3,0,0,1,33.9,7225.79,98202372096,20166034944,1,0,0,0,0,0,1,2,3,3.0,Aggregate,0,4.71
DESKTOP-KQF03T0,Jashvanth,2026-06-30T11:25:38.518810,Q34_V010,Q_0388,3,0,0,1,0,0,137,3,0,0,1,39.4,7185.53,98202470400,20166870528,1,0,0,0,0,0,1,2,3,3.0,Aggregate,0,5.37
DESKTOP-KQF03T0,Jashvanth,2026-06-30T11:25:43.538231,Q34_V011,Q_0389,1,0,1,1,0,0,138,1,0,1,1,36.5,7187.85,98202929152,20167292416,0,1,0,0,0,0,1,3,3,3.0,Aggregate,0,0.893
DESKTOP-KQF03T0,Jashvanth,2026-06-30T11:25:48.569869,Q34_V011,Q_0389,2,0,1,1,0,0,138,1,0,1,1,68.8,7260.11,98205485056,20168238592,0,1,0,0,0,0,1,3,3,3.0,Aggregate,0,0.846
DESKTOP-KQF03T0,Jashvanth,2026-06-30T11:25:53.622365,Q34_V011,Q_0389,3,0,1,1,0,0,138,1,0,1,1,79.5,7349.31,98208045056,20176078336,0,1,0,0,0,0,1,3,3,3.0,Aggregate,0,0.732
DESKTOP-KQF03T0,Jashvanth,2026-06-30T11:25:58.675180,Q35_V001,Q_0390,1,0,1,0,0,0,70,0,0,0,1,80.3,7416.73,98217436160,20187522560,1,0,0,0,0,0,0,1,161,162.0,Seq Scan,0,1.284
DESKTOP-KQF03T0,Jashvanth,2026-06-30T11:26:03.701234,Q35_V001,Q_0390,2,0,1,0,0,0,70,0,0,0,1,53.4,7448.91,98220381696,20198155776,1,0,0,0,0,0,0,1,161,162.0,Seq Scan,0,0.327
DESKTOP-KQF03T0,Jashvanth,2026-06-30T11:26:08.745426,Q35_V001,Q_0390,3,0,1,0,0,0,70,0,0,0,1,46.7,7459.52,98222384640,20206093824,1,0,0,0,0,0,0,1,161,162.0,Seq Scan,0,0.954
DESKTOP-KQF03T0,Jashvanth,2026-06-30T11:26:13.778468,Q35_V002,Q_0391,1,0,1,0,1,0,93,0,0,0,1,67.4,7547.57,98231580672,20217660928,1,0,0,0,0,1,0,2,161,162.0,Sort,0,0.824
DESKTOP-KQF03T0,Jashvanth,2026-06-30T11:26:18.799310,Q35_V002,Q_0391,2,0,1,0,1,0,93,0,0,0,1,54.6,7598.89,98241094144,20258117120,1,0,0,0,0,1,0,2,161,162.0,Sort,0,0.542
DESKTOP-KQF03T0,Jashvanth,2026-06-30T11:26:23.826088,Q35_V002,Q_0391,3,0,1,0,1,0,93,0,0,0,1,48.1,7575.78,98251400704,20262266368,1,0,0,0,0,1,0,2,161,162.0,Sort,0,0.769
DESKTOP-KQF03T0,Jashvanth,2026-06-30T11:26:28.846526,Q35_V003,Q_0392,1,0,1,0,0,0,74,0,0,0,1,63.8,7355.45,98257976320,20264161792,1,0,0,0,0,0,0,1,72,73.0,Seq Scan,0,0.359
DESKTOP-KQF03T0,Jashvanth,2026-06-30T11:26:33.894477,Q35_V003,Q_0392,2,0,1,0,0,0,74,0,0,0,1,75.6,7386.71,98274481152,20266897920,1,0,0,0,0,0,0,1,72,73.0,Seq Scan,0,1.109
DESKTOP-KQF03T0,Jashvanth,2026-06-30T11:26:38.931792,Q35_V003,Q_0392,3,0,1,0,0,0,74,0,0,0,1,71.5,7448.74,98291692544,20267766272,1,0,0,0,0,0,0,1,72,73.0,Seq Scan,0,0.956
DESKTOP-KQF03T0,Jashvanth,2026-06-30T11:26:43.956350,Q35_V004,Q_0393,1,0,1,0,1,0,103,0,0,0,1,72.0,7410.94,98298499072,20269278208,1,0,0,0,0,1,0,3,20,20.0,Limit,0,1.742
DESKTOP-KQF03T0,Jashvanth,2026-06-30T11:26:48.985716,Q35_V004,Q_0393,2,0,1,0,1,0,103,0,0,0,1,38.8,7393.94,98298642432,20269593600,1,0,0,0,0,1,0,3,20,20.0,Limit,0,1.392
DESKTOP-KQF03T0,Jashvanth,2026-06-30T11:26:54.012729,Q35_V004,Q_0393,3,0,1,0,1,0,103,0,0,0,1,49.1,7338.2,98298964992,20271051776,1,0,0,0,0,1,0,3,20,20.0,Limit,0,2.115
DESKTOP-KQF03T0,Jashvanth,2026-06-30T11:26:59.034270,Q35_V005,Q_0394,1,0,1,0,1,0,103,0,0,0,1,36.9,7326.32,98300097536,20271653888,1,0,0,0,0,1,0,2,161,162.0,Sort,0,0.456
DESKTOP-KQF03T0,Jashvanth,2026-06-30T11:27:04.058727,Q35_V005,Q_0394,2,0,1,0,1,0,103,0,0,0,1,49.4,7333.88,98313064448,20272092160,1,0,0,0,0,1,0,2,161,162.0,Sort,0,0.511
DESKTOP-KQF03T0,Jashvanth,2026-06-30T11:27:09.081555,Q35_V005,Q_0394,3,0,1,0,1,0,103,0,0,0,1,40.7,7343.97,98313793536,20273763328,1,0,0,0,0,1,0,2,161,162.0,Sort,0,0.543
DESKTOP-KQF03T0,Jashvanth,2026-06-30T11:27:14.120010,Q35_V006,Q_0395,1,0,1,0,0,0,101,0,0,1,1,47.3,7340.18,98314387456,20274226176,0,1,0,0,0,0,0,2,32,37.0,Bitmap Heap Scan,0,0.487
DESKTOP-KQF03T0,Jashvanth,2026-06-30T11:27:19.142580,Q35_V006,Q_0395,2,0,1,0,0,0,101,0,0,1,1,43.1,7345.49,98314776576,20274619392,0,1,0,0,0,0,0,2,32,37.0,Bitmap Heap Scan,0,0.398
DESKTOP-KQF03T0,Jashvanth,2026-06-30T11:27:24.167893,Q35_V006,Q_0395,3,0,1,0,0,0,101,0,0,1,1,46.8,7320.78,98315051008,20284503040,0,1,0,0,0,0,0,2,32,37.0,Bitmap Heap Scan,0,0.343
DESKTOP-KQF03T0,Jashvanth,2026-06-30T11:27:29.194535,Q35_V007,Q_0396,1,0,1,0,0,0,101,0,0,1,1,38.1,7287.28,98315350016,20284929024,0,1,0,0,0,0,0,2,32,34.0,Bitmap Heap Scan,0,0.201
DESKTOP-KQF03T0,Jashvanth,2026-06-30T11:27:34.212584,Q35_V007,Q_0396,2,0,1,0,0,0,101,0,0,1,1,49.8,7283.14,98315657216,20285387776,0,1,0,0,0,0,0,2,32,34.0,Bitmap Heap Scan,0,0.153
DESKTOP-KQF03T0,Jashvanth,2026-06-30T11:27:39.231442,Q35_V007,Q_0396,3,0,1,0,0,0,101,0,0,1,1,43.2,7292.38,98316289024,20286043136,0,1,0,0,0,0,0,2,32,34.0,Bitmap Heap Scan,0,0.166
DESKTOP-KQF03T0,Jashvanth,2026-06-30T11:27:44.254343,Q35_V008,Q_0397,1,0,1,1,1,0,139,1,0,0,1,38.4,7303.84,98316669952,20286821376,1,0,0,0,0,1,1,3,5,5.0,Sort,0,1.161
DESKTOP-KQF03T0,Jashvanth,2026-06-30T11:27:49.283583,Q35_V008,Q_0397,2,0,1,1,1,0,139,1,0,0,1,51.1,7318.86,98321118208,20287469056,1,0,0,0,0,1,1,3,5,5.0,Sort,0,0.724
DESKTOP-KQF03T0,Jashvanth,2026-06-30T11:27:54.303821,Q35_V008,Q_0397,3,0,1,1,1,0,139,1,0,0,1,57.1,7328.59,98321384448,20287837696,1,0,0,0,0,1,1,3,5,5.0,Sort,0,1.2
DESKTOP-KQF03T0,Jashvanth,2026-06-30T11:27:59.331022,Q35_V009,Q_0398,1,0,1,1,1,0,137,1,0,0,1,42.5,7331.36,98321617920,20288312832,1,0,0,0,0,1,1,3,25,25.0,Sort,0,0.546
DESKTOP-KQF03T0,Jashvanth,2026-06-30T11:28:04.370798,Q35_V009,Q_0398,2,0,1,1,1,0,137,1,0,0,1,37.7,7332.82,98321855488,20288714240,1,0,0,0,0,1,1,3,25,25.0,Sort,0,1.301
DESKTOP-KQF03T0,Jashvanth,2026-06-30T11:28:09.396802,Q35_V009,Q_0398,3,0,1,1,1,0,137,1,0,0,1,50.3,7280.41,98322129920,20289046016,1,0,0,0,0,1,1,3,25,25.0,Sort,0,0.717
DESKTOP-KQF03T0,Jashvanth,2026-06-30T11:28:14.436982,Q35_V010,Q_0399,1,0,1,0,0,0,86,0,0,1,1,44.3,7265.34,98322383872,20290225664,1,0,0,0,0,0,0,1,162,162.0,Seq Scan,0,0.375
DESKTOP-KQF03T0,Jashvanth,2026-06-30T11:28:19.456309,Q35_V010,Q_0399,2,0,1,0,0,0,86,0,0,1,1,39.9,7269.04,98322998272,20290700800,1,0,0,0,0,0,0,1,162,162.0,Seq Scan,0,0.641
DESKTOP-KQF03T0,Jashvanth,2026-06-30T11:28:24.484164,Q35_V010,Q_0399,3,0,1,0,0,0,86,0,0,1,1,41.9,7267.32,98323268608,20291032576,1,0,0,0,0,0,0,1,162,162.0,Seq Scan,0,0.727
DESKTOP-KQF03T0,Jashvanth,2026-06-30T11:30:34.214124,Q35_V011,Q_0400,1,0,1,0,0,0,104,2,0,0,1,94.9,7441.02,99732446720,21070319104,1,0,0,0,0,0,1,2,1,1.0,Aggregate,0,1.068
DESKTOP-KQF03T0,Jashvanth,2026-06-30T11:30:39.314853,Q35_V011,Q_0400,2,0,1,0,0,0,104,2,0,0,1,98.0,7554.14,99788914176,21134007808,1,0,0,0,0,0,1,2,1,1.0,Aggregate,0,0.823
DESKTOP-KQF03T0,Jashvanth,2026-06-30T11:30:44.344809,Q35_V011,Q_0400,3,0,1,0,0,0,104,2,0,0,1,98.0,7609.09,99835697152,21153914368,1,0,0,0,0,0,1,2,1,1.0,Aggregate,0,0.828
DESKTOP-KQF03T0,Jashvanth,2026-06-30T11:30:49.376309,Q35_V012,Q_0401,1,0,1,0,0,0,92,0,0,1,1,90.0,7638.33,99863775232,21195394560,1,0,0,0,0,0,0,1,77,79.0,Seq Scan,0,0.724
DESKTOP-KQF03T0,Jashvanth,2026-06-30T11:30:54.402028,Q35_V012,Q_0401,2,0,1,0,0,0,92,0,0,1,1,95.2,7661.1,99880832512,21273488896,1,0,0,0,0,0,0,1,77,79.0,Seq Scan,0,0.734
DESKTOP-KQF03T0,Jashvanth,2026-06-30T11:30:59.436336,Q35_V012,Q_0401,3,0,1,0,0,0,92,0,0,1,1,83.1,7619.28,99886105600,21274574336,1,0,0,0,0,0,0,1,77,79.0,Seq Scan,0,0.762
DESKTOP-KQF03T0,Jashvanth,2026-06-30T11:31:04.490151,Q36_V001,Q_0402,1,0,1,0,0,0,77,0,0,0,1,97.1,7555.38,99892333056,21275389440,1,0,0,0,0,0,0,1,526,527.0,Seq Scan,0,1.104
DESKTOP-KQF03T0,Jashvanth,2026-06-30T11:31:09.523211,Q36_V001,Q_0402,2,0,1,0,0,0,77,0,0,0,1,78.6,7636.67,99935124992,21308460544,1,0,0,0,0,0,0,1,526,527.0,Seq Scan,0,0.559
DESKTOP-KQF03T0,Jashvanth,2026-06-30T11:31:14.549269,Q36_V001,Q_0402,3,0,1,0,0,0,77,0,0,0,1,91.0,7630.67,99952372224,21379866112,1,0,0,0,0,0,0,1,526,527.0,Seq Scan,0,0.21
DESKTOP-KQF03T0,Jashvanth,2026-06-30T11:31:19.579501,Q36_V002,Q_0403,1,0,1,0,1,0,105,0,0,0,1,89.1,7680.95,99991866368,21427224064,1,0,0,0,0,1,0,2,526,527.0,Sort,0,1.679
DESKTOP-KQF03T0,Jashvanth,2026-06-30T11:31:24.605301,Q36_V002,Q_0403,2,0,1,0,1,0,105,0,0,0,1,91.7,7580.28,100346758144,21512908288,1,0,0,0,0,1,0,2,526,527.0,Sort,0,0.531
DESKTOP-KQF03T0,Jashvanth,2026-06-30T11:31:29.636006,Q36_V002,Q_0403,3,0,1,0,1,0,105,0,0,0,1,94.2,7701.6,100416189440,21590556160,1,0,0,0,0,1,0,2,526,527.0,Sort,0,0.845
DESKTOP-KQF03T0,Jashvanth,2026-06-30T11:31:34.666312,Q36_V003,Q_0404,1,0,1,0,0,0,78,0,0,0,1,99.8,7651.96,100460587008,21680684544,1,0,0,0,0,0,0,1,273,271.0,Seq Scan,0,0.669
DESKTOP-KQF03T0,Jashvanth,2026-06-30T11:31:39.694099,Q36_V003,Q_0404,2,0,1,0,0,0,78,0,0,0,1,83.9,7503.06,100817272320,21712121344,1,0,0,0,0,0,0,1,273,271.0,Seq Scan,0,0.481
DESKTOP-KQF03T0,Jashvanth,2026-06-30T11:31:44.714565,Q36_V003,Q_0404,3,0,1,0,0,0,78,0,0,0,1,67.2,7635.48,100829562880,21739683328,1,0,0,0,0,0,0,1,273,271.0,Seq Scan,0,0.549
DESKTOP-KQF03T0,Jashvanth,2026-06-30T11:31:49.741178,Q36_V004,Q_0405,1,0,1,0,1,0,106,0,0,0,1,82.8,7509.85,100866050048,21821029888,1,0,0,0,0,1,0,2,474,473.0,Sort,0,0.808
DESKTOP-KQF03T0,Jashvanth,2026-06-30T11:31:54.770156,Q36_V004,Q_0405,2,0,1,0,1,0,106,0,0,0,1,64.7,7561.37,100909974016,21840973312,1,0,0,0,0,1,0,2,474,473.0,Sort,0,1.055
DESKTOP-KQF03T0,Jashvanth,2026-06-30T11:31:59.796053,Q36_V004,Q_0405,3,0,1,0,1,0,106,0,0,0,1,64.4,7254.54,100914421760,21849865728,1,0,0,0,0,1,0,2,474,473.0,Sort,0,0.672
DESKTOP-KQF03T0,Jashvanth,2026-06-30T11:32:04.825032,Q36_V005,Q_0406,1,0,1,0,0,0,92,0,0,1,1,67.9,7325.4,100920619008,21851176448,1,0,0,0,0,0,0,1,254,256.0,Seq Scan,0,0.531
DESKTOP-KQF03T0,Jashvanth,2026-06-30T11:32:09.851620,Q36_V005,Q_0406,2,0,1,0,0,0,92,0,0,1,1,68.7,7420.53,100930950144,21878414848,1,0,0,0,0,0,0,1,254,256.0,Seq Scan,0,0.554
DESKTOP-KQF03T0,Jashvanth,2026-06-30T11:32:14.880278,Q36_V005,Q_0406,3,0,1,0,0,0,92,0,0,1,1,79.5,7389.68,100941897216,21935611392,1,0,0,0,0,0,0,1,254,256.0,Seq Scan,0,0.962
DESKTOP-KQF03T0,Jashvanth,2026-06-30T11:32:19.908426,Q36_V006,Q_0407,1,0,1,0,1,0,103,0,0,0,1,89.4,7115.99,101043102208,22164573696,1,0,0,0,0,1,0,2,526,527.0,Sort,0,2.509
DESKTOP-KQF03T0,Jashvanth,2026-06-30T11:32:24.933929,Q36_V006,Q_0407,2,0,1,0,1,0,103,0,0,0,1,54.0,6882.98,101066766336,22393740800,1,0,0,0,0,1,0,2,526,527.0,Sort,0,0.754
DESKTOP-KQF03T0,Jashvanth,2026-06-30T11:32:29.957380,Q36_V006,Q_0407,3,0,1,0,1,0,103,0,0,0,1,68.8,6716.56,101076017664,22444702208,1,0,0,0,0,1,0,2,526,527.0,Sort,0,1.795
DESKTOP-KQF03T0,Jashvanth,2026-06-30T11:32:34.980659,Q36_V007,Q_0408,1,0,1,0,0,0,93,0,0,1,1,83.3,6717.63,101083195904,22498753024,1,0,0,0,0,0,0,1,315,320.0,Seq Scan,0,0.205
DESKTOP-KQF03T0,Jashvanth,2026-06-30T11:32:40.010361,Q36_V007,Q_0408,2,0,1,0,0,0,93,0,0,1,1,34.8,6706.19,101088046080,22507686400,1,0,0,0,0,0,0,1,315,320.0,Seq Scan,0,0.818
DESKTOP-KQF03T0,Jashvanth,2026-06-30T11:32:45.035722,Q36_V007,Q_0408,3,0,1,0,0,0,93,0,0,1,1,37.8,6613.97,101089615872,22534429184,1,0,0,0,0,0,0,1,315,320.0,Seq Scan,0,0.267
DESKTOP-KQF03T0,Jashvanth,2026-06-30T11:32:50.055630,Q36_V008,Q_0409,1,0,1,0,0,0,94,0,0,1,1,44.9,6789.82,101091044864,22537636864,1,0,0,0,0,0,0,1,210,207.0,Seq Scan,0,0.48
DESKTOP-KQF03T0,Jashvanth,2026-06-30T11:32:55.079148,Q36_V008,Q_0409,2,0,1,0,0,0,94,0,0,1,1,29.5,6927.27,101093666304,22540139520,1,0,0,0,0,0,0,1,210,207.0,Seq Scan,0,0.364
DESKTOP-KQF03T0,Jashvanth,2026-06-30T11:33:00.127996,Q36_V008,Q_0409,3,0,1,0,0,0,94,0,0,1,1,24.2,6969.36,101101030912,22542863360,1,0,0,0,0,0,0,1,210,207.0,Seq Scan,0,0.881
DESKTOP-KQF03T0,Jashvanth,2026-06-30T11:33:05.154888,Q36_V009,Q_0410,1,0,1,1,1,0,143,2,0,0,1,48.5,6954.48,101117422080,22549949440,1,0,0,0,0,1,1,3,25,25.0,Sort,0,0.915
DESKTOP-KQF03T0,Jashvanth,2026-06-30T11:33:10.181787,Q36_V009,Q_0410,2,0,1,1,1,0,143,2,0,0,1,39.2,6885.64,101119539200,22550834176,1,0,0,0,0,1,1,3,25,25.0,Sort,0,0.496
DESKTOP-KQF03T0,Jashvanth,2026-06-30T11:33:15.213820,Q36_V009,Q_0410,3,0,1,1,1,0,143,2,0,0,1,25.5,6863.84,101121155584,22551555072,1,0,0,0,0,1,1,3,25,25.0,Sort,0,0.374
DESKTOP-KQF03T0,Jashvanth,2026-06-30T11:33:20.245852,Q36_V010,Q_0411,1,0,1,1,1,0,102,1,0,0,1,45.2,6987.31,101259357696,22552345600,1,0,0,0,0,1,1,3,439,418.0,Sort,0,1.525
DESKTOP-KQF03T0,Jashvanth,2026-06-30T11:33:25.282782,Q36_V010,Q_0411,2,0,1,1,1,0,102,1,0,0,1,48.8,6889.84,101290134016,22553410560,1,0,0,0,0,1,1,3,439,418.0,Sort,0,0.781
DESKTOP-KQF03T0,Jashvanth,2026-06-30T11:33:30.332716,Q36_V010,Q_0411,3,0,1,1,1,0,102,1,0,0,1,36.1,6952.51,101371891200,22555483136,1,0,0,0,0,1,1,3,439,418.0,Sort,0,1.399
DESKTOP-KQF03T0,Jashvanth,2026-06-30T11:33:35.358463,Q36_V011,Q_0412,1,0,1,0,0,0,72,1,0,0,1,30.9,6558.45,101374671872,22557148672,1,0,0,0,0,0,1,2,1,1.0,Aggregate,0,0.217
DESKTOP-KQF03T0,Jashvanth,2026-06-30T11:33:40.387093,Q36_V011,Q_0412,2,0,1,0,0,0,72,1,0,0,1,18.4,6571.2,101375106048,22557599232,1,0,0,0,0,0,1,2,1,1.0,Aggregate,0,0.642
DESKTOP-KQF03T0,Jashvanth,2026-06-30T11:33:45.406966,Q36_V011,Q_0412,3,0,1,0,0,0,72,1,0,0,1,34.7,6510.7,101375568896,22559122944,1,0,0,0,0,0,1,2,1,1.0,Aggregate,0,0.225
DESKTOP-KQF03T0,Jashvanth,2026-06-30T11:33:50.432648,Q36_V012,Q_0413,1,0,1,0,1,0,104,0,0,0,1,27.0,6526.13,101376793600,22559528448,1,0,0,0,0,1,0,2,421,422.0,Sort,0,0.58
DESKTOP-KQF03T0,Jashvanth,2026-06-30T11:33:55.460662,Q36_V012,Q_0413,2,0,1,0,1,0,104,0,0,0,1,35.2,6489.42,101377268736,22560392704,1,0,0,0,0,1,0,2,421,422.0,Sort,0,0.718
DESKTOP-KQF03T0,Jashvanth,2026-06-30T11:34:00.504999,Q36_V012,Q_0413,3,0,1,0,1,0,104,0,0,0,1,34.3,6532.11,101609219584,22567286272,1,0,0,0,0,1,0,2,421,422.0,Sort,0,1.008
DESKTOP-KQF03T0,Jashvanth,2026-06-30T11:34:05.536122,Q37_V001,Q_0414,1,0,0,1,1,0,111,1,0,0,1,24.7,6531.05,101609945600,22567732736,1,0,0,0,0,1,1,3,25,25.0,Sort,0,1.325
DESKTOP-KQF03T0,Jashvanth,2026-06-30T11:34:10.563613,Q37_V001,Q_0414,2,0,0,1,1,0,111,1,0,0,1,31.2,6562.48,101610519040,22569399808,1,0,0,0,0,1,1,3,25,25.0,Sort,0,0.226
DESKTOP-KQF03T0,Jashvanth,2026-06-30T11:34:15.593226,Q37_V001,Q_0414,3,0,0,1,1,0,111,1,0,0,1,32.6,6479.88,101611534848,22569764352,1,0,0,0,0,1,1,3,25,25.0,Sort,0,0.456
DESKTOP-KQF03T0,Jashvanth,2026-06-30T11:34:20.618873,Q37_V002,Q_0415,1,0,0,1,1,0,103,1,0,0,1,30.1,6475.34,101613844992,22570157568,1,0,0,0,0,1,1,3,25,25.0,Sort,0,0.203
DESKTOP-KQF03T0,Jashvanth,2026-06-30T11:34:25.652883,Q37_V002,Q_0415,2,0,0,1,1,0,103,1,0,0,1,27.3,6467.22,101614275072,22570857984,1,0,0,0,0,1,1,3,25,25.0,Sort,0,0.397
DESKTOP-KQF03T0,Jashvanth,2026-06-30T11:34:30.684072,Q37_V002,Q_0415,3,0,0,1,1,0,103,1,0,0,1,37.8,6510.2,101615196672,22572073472,1,0,0,0,0,1,1,3,25,25.0,Sort,0,0.224
DESKTOP-KQF03T0,Jashvanth,2026-06-30T11:34:35.714328,Q37_V003,Q_0416,1,0,0,1,1,0,131,2,0,0,1,29.4,6489.95,101617474048,22572974592,1,0,0,0,0,1,1,3,8,25.0,Sort,0,0.68
DESKTOP-KQF03T0,Jashvanth,2026-06-30T11:34:40.761433,Q37_V003,Q_0416,2,0,0,1,1,0,131,2,0,0,1,24.4,6500.82,101633532416,22573634048,1,0,0,0,0,1,1,3,8,25.0,Sort,0,0.325
DESKTOP-KQF03T0,Jashvanth,2026-06-30T11:34:45.785167,Q37_V003,Q_0416,3,0,0,1,1,0,131,2,0,0,1,29.0,6518.62,101634164736,22574129664,1,0,0,0,0,1,1,3,8,25.0,Sort,0,0.194
DESKTOP-KQF03T0,Jashvanth,2026-06-30T11:34:50.812867,Q37_V004,Q_0417,1,0,0,1,1,0,132,2,0,0,1,26.3,6531.2,101634414592,22574719488,1,0,0,0,0,1,1,3,8,0.0,Sort,0,0.336
DESKTOP-KQF03T0,Jashvanth,2026-06-30T11:34:55.834515,Q37_V004,Q_0417,2,0,0,1,1,0,132,2,0,0,1,27.4,6524.86,101634660352,22575190528,1,0,0,0,0,1,1,3,8,0.0,Sort,0,0.175
DESKTOP-KQF03T0,Jashvanth,2026-06-30T11:35:00.870797,Q37_V004,Q_0417,3,0,0,1,1,0,132,2,0,0,1,37.6,6531.52,101635581952,22582563328,1,0,0,0,0,1,1,3,8,0.0,Sort,0,0.552
DESKTOP-KQF03T0,Jashvanth,2026-06-30T11:35:05.889655,Q37_V005,Q_0418,1,0,0,1,1,0,111,1,0,0,1,42.1,6520.3,101636937216,22584074752,1,0,0,0,0,1,1,3,25,25.0,Sort,0,0.306
DESKTOP-KQF03T0,Jashvanth,2026-06-30T11:35:10.910914,Q37_V005,Q_0418,2,0,0,1,1,0,111,1,0,0,1,26.1,6453.46,101637842432,22584885760,1,0,0,0,0,1,1,3,25,25.0,Sort,0,0.259
DESKTOP-KQF03T0,Jashvanth,2026-06-30T11:35:15.935498,Q37_V005,Q_0418,3,0,0,1,1,0,111,1,0,0,1,43.7,6492.18,101657157632,22587069952,1,0,0,0,0,1,1,3,25,25.0,Sort,0,0.561
DESKTOP-KQF03T0,Jashvanth,2026-06-30T11:35:20.970310,Q37_V006,Q_0419,1,0,0,1,1,0,115,1,0,0,1,32.6,6507.33,101661409280,22589060608,1,0,0,0,0,1,1,3,25,25.0,Sort,0,0.459
DESKTOP-KQF03T0,Jashvanth,2026-06-30T11:35:25.989325,Q37_V006,Q_0419,2,0,0,1,1,0,115,1,0,0,1,27.3,6507.21,101665460224,22590117376,1,0,0,0,0,1,1,3,25,25.0,Sort,0,0.391
DESKTOP-KQF03T0,Jashvanth,2026-06-30T11:35:31.015098,Q37_V006,Q_0419,3,0,0,1,1,0,115,1,0,0,1,34.7,6434.52,101665918976,22591325696,1,0,0,0,0,1,1,3,25,25.0,Sort,0,0.307
DESKTOP-KQF03T0,Jashvanth,2026-06-30T11:35:36.036087,Q37_V007,Q_0420,1,0,0,1,1,0,137,2,0,0,1,33.8,6505.73,101676849152,22591919616,1,0,0,0,0,1,1,3,25,25.0,Sort,0,0.226
DESKTOP-KQF03T0,Jashvanth,2026-06-30T11:35:41.055257,Q37_V007,Q_0420,2,0,0,1,1,0,137,2,0,0,1,21.1,6441.46,101677221888,22592382464,1,0,0,0,0,1,1,3,25,25.0,Sort,0,0.483
DESKTOP-KQF03T0,Jashvanth,2026-06-30T11:35:46.096173,Q37_V007,Q_0420,3,0,0,1,1,0,137,2,0,0,1,32.3,6434.62,101677361152,22592726528,1,0,0,0,0,1,1,3,25,25.0,Sort,0,0.748
DESKTOP-KQF03T0,Jashvanth,2026-06-30T11:35:51.133419,Q37_V008,Q_0421,1,0,1,1,1,0,131,1,0,0,1,27.1,6483.05,101677565952,22593123840,1,0,0,0,0,1,1,3,25,25.0,Sort,0,0.208
DESKTOP-KQF03T0,Jashvanth,2026-06-30T11:35:56.154376,Q37_V008,Q_0421,2,0,1,1,1,0,131,1,0,0,1,37.1,6187.24,101679429632,22593922560,1,0,0,0,0,1,1,3,25,25.0,Sort,0,0.249
DESKTOP-KQF03T0,Jashvanth,2026-06-30T11:36:01.177407,Q37_V008,Q_0421,3,0,1,1,1,0,131,1,0,0,1,42.5,6369.0,101699836416,22630249984,1,0,0,0,0,1,1,3,25,25.0,Sort,0,0.474
DESKTOP-KQF03T0,Jashvanth,2026-06-30T11:36:06.198385,Q37_V009,Q_0422,1,0,1,1,1,0,132,1,0,0,1,39.0,6337.34,101702089216,22634276352,1,0,0,0,0,1,1,3,21,22.0,Sort,0,0.14
DESKTOP-KQF03T0,Jashvanth,2026-06-30T11:36:11.218858,Q37_V009,Q_0422,2,0,1,1,1,0,132,1,0,0,1,41.1,6332.1,101702449664,22635193856,1,0,0,0,0,1,1,3,21,22.0,Sort,0,0.257
DESKTOP-KQF03T0,Jashvanth,2026-06-30T11:36:16.246435,Q37_V009,Q_0422,3,0,1,1,1,0,132,1,0,0,1,26.1,6333.3,101704283648,22636064256,1,0,0,0,0,1,1,3,21,22.0,Sort,0,0.23
DESKTOP-KQF03T0,Jashvanth,2026-06-30T11:36:21.296508,Q37_V010,Q_0423,1,1,0,1,1,0,164,1,0,0,2,38.5,6339.03,101705215488,22638267904,2,0,1,0,0,1,1,6,170,25.0,Sort,0,0.761
DESKTOP-KQF03T0,Jashvanth,2026-06-30T11:36:26.315173,Q37_V010,Q_0423,2,1,0,1,1,0,164,1,0,0,2,40.6,6331.96,101705571840,22640020992,2,0,1,0,0,1,1,6,170,25.0,Sort,0,0.727
DESKTOP-KQF03T0,Jashvanth,2026-06-30T11:36:31.341465,Q37_V010,Q_0423,3,1,0,1,1,0,164,1,0,0,2,26.1,6334.18,101705739776,22640653824,2,0,1,0,0,1,1,6,170,25.0,Sort,0,0.51
DESKTOP-KQF03T0,Jashvanth,2026-06-30T11:36:36.365739,Q37_V011,Q_0424,1,0,0,0,0,0,69,1,1,0,1,29.1,6388.12,101705879040,22640883200,1,0,0,0,0,1,1,3,1,1.0,Aggregate,0,0.169
DESKTOP-KQF03T0,Jashvanth,2026-06-30T11:36:41.387902,Q37_V011,Q_0424,2,0,0,0,0,0,69,1,1,0,1,28.7,6355.16,101705952768,22641919488,1,0,0,0,0,1,1,3,1,1.0,Aggregate,0,0.333
DESKTOP-KQF03T0,Jashvanth,2026-06-30T11:36:46.406954,Q37_V011,Q_0424,3,0,0,0,0,0,69,1,1,0,1,18.1,6339.69,101706333696,22642673152,1,0,0,0,0,1,1,3,1,1.0,Aggregate,0,0.166
DESKTOP-KQF03T0,Jashvanth,2026-06-30T11:36:51.432537,Q37_V012,Q_0425,1,0,1,1,1,0,135,1,0,0,1,22.6,6346.2,101706669568,22643090944,1,0,0,0,0,1,1,3,25,25.0,Sort,0,0.394
DESKTOP-KQF03T0,Jashvanth,2026-06-30T11:36:56.456022,Q37_V012,Q_0425,2,0,1,1,1,0,135,1,0,0,1,32.9,6369.04,101706894848,22644004352,1,0,0,0,0,1,1,3,25,25.0,Sort,0,0.348
DESKTOP-KQF03T0,Jashvanth,2026-06-30T11:37:01.479878,Q37_V012,Q_0425,3,0,1,1,1,0,135,1,0,0,1,27.6,6367.06,101707382272,22645773824,1,0,0,0,0,1,1,3,25,25.0,Sort,0,0.292
DESKTOP-KQF03T0,Jashvanth,2026-06-30T11:37:06.507184,Q38_V001,Q_0426,1,0,0,1,1,0,107,1,0,0,1,24.3,6356.83,101707464192,22646113792,1,0,0,0,0,1,1,3,1000,1000.0,Sort,0,3.014
DESKTOP-KQF03T0,Jashvanth,2026-06-30T11:37:11.533386,Q38_V001,Q_0426,2,0,0,1,1,0,107,1,0,0,1,32.4,6366.23,101707804160,22646580736,1,0,0,0,0,1,1,3,1000,1000.0,Sort,0,1.985
DESKTOP-KQF03T0,Jashvanth,2026-06-30T11:37:16.584014,Q38_V001,Q_0426,3,0,0,1,1,0,107,1,0,0,1,33.9,6363.82,101709181952,22647125504,1,0,0,0,0,1,1,3,1000,1000.0,Sort,0,6.129
DESKTOP-KQF03T0,Jashvanth,2026-06-30T11:37:21.618312,Q38_V002,Q_0427,1,0,0,1,1,0,106,1,0,0,1,32.0,6305.61,101711522816,22648219136,1,0,0,0,0,1,1,3,1000,1000.0,Sort,0,2.62
DESKTOP-KQF03T0,Jashvanth,2026-06-30T11:37:26.642414,Q38_V002,Q_0427,2,0,0,1,1,0,106,1,0,0,1,36.5,6293.69,101714657280,22648686080,1,0,0,0,0,1,1,3,1000,1000.0,Sort,0,4.112
DESKTOP-KQF03T0,Jashvanth,2026-06-30T11:37:31.664020,Q38_V002,Q_0427,3,0,0,1,1,0,106,1,0,0,1,38.1,6311.26,101714915328,22649361920,1,0,0,0,0,1,1,3,1000,1000.0,Sort,0,1.35
DESKTOP-KQF03T0,Jashvanth,2026-06-30T11:37:36.683974,Q38_V003,Q_0428,1,0,0,1,1,0,116,1,0,0,1,22.3,6312.9,101716434944,22649918976,1,0,0,0,0,1,1,4,10,10.0,Limit,0,1.21
DESKTOP-KQF03T0,Jashvanth,2026-06-30T11:37:41.741667,Q38_V003,Q_0428,2,0,0,1,1,0,116,1,0,0,1,23.3,6363.3,101717688320,22650590720,1,0,0,0,0,1,1,4,10,10.0,Limit,0,6.862
DESKTOP-KQF03T0,Jashvanth,2026-06-30T11:37:46.768931,Q38_V003,Q_0428,3,0,0,1,1,0,116,1,0,0,1,37.1,6335.71,101718433792,22651572224,1,0,0,0,0,1,1,4,10,10.0,Limit,0,3.176
DESKTOP-KQF03T0,Jashvanth,2026-06-30T11:37:51.833647,Q38_V004,Q_0429,1,0,0,1,1,0,103,1,0,0,1,32.2,6350.81,101720797184,22652387328,1,0,0,0,0,1,1,3,1000,1000.0,Sort,0,2.677
DESKTOP-KQF03T0,Jashvanth,2026-06-30T11:37:56.868607,Q38_V004,Q_0429,2,0,0,1,1,0,103,1,0,0,1,40.3,6408.78,101751565312,22655184896,1,0,0,0,0,1,1,3,1000,1000.0,Sort,0,3.402
DESKTOP-KQF03T0,Jashvanth,2026-06-30T11:38:01.896474,Q38_V004,Q_0429,3,0,0,1,1,0,103,1,0,0,1,25.6,6368.95,101752146944,22655430656,1,0,0,0,0,1,1,3,1000,1000.0,Sort,0,2.869
DESKTOP-KQF03T0,Jashvanth,2026-06-30T11:38:06.923731,Q38_V005,Q_0430,1,0,0,1,1,0,109,1,0,0,1,26.1,6379.51,101752290304,22655963136,1,0,0,0,0,1,1,3,1000,1000.0,Sort,0,2.524
DESKTOP-KQF03T0,Jashvanth,2026-06-30T11:38:11.945809,Q38_V005,Q_0430,2,0,0,1,1,0,109,1,0,0,1,34.9,6364.34,101752462336,22656593920,1,0,0,0,0,1,1,3,1000,1000.0,Sort,0,1.189
DESKTOP-KQF03T0,Jashvanth,2026-06-30T11:38:16.974257,Q38_V005,Q_0430,3,0,0,1,1,0,109,1,0,0,1,25.1,6384.97,101754391040,22657208320,1,0,0,0,0,1,1,3,1000,1000.0,Sort,0,3.431
DESKTOP-KQF03T0,Jashvanth,2026-06-30T11:38:21.999879,Q38_V006,Q_0431,1,0,0,1,1,0,107,1,0,0,1,32.6,6371.51,101755385344,22658072576,1,0,0,0,0,1,1,3,500,500.0,Sort,0,1.102
DESKTOP-KQF03T0,Jashvanth,2026-06-30T11:38:27.021629,Q38_V006,Q_0431,2,0,0,1,1,0,107,1,0,0,1,39.4,6358.6,101755483648,22658674688,1,0,0,0,0,1,1,3,500,500.0,Sort,0,1.103
DESKTOP-KQF03T0,Jashvanth,2026-06-30T11:38:32.046741,Q38_V006,Q_0431,3,0,0,1,1,0,107,1,0,0,1,30.4,6381.04,101756315136,22659548160,1,0,0,0,0,1,1,3,500,500.0,Sort,0,1.871
DESKTOP-KQF03T0,Jashvanth,2026-06-30T11:38:37.066748,Q38_V007,Q_0432,1,0,0,1,1,0,107,1,0,0,1,36.5,6379.02,101756552704,22660023296,1,0,0,0,0,1,1,3,500,500.0,Sort,0,2.84
DESKTOP-KQF03T0,Jashvanth,2026-06-30T11:38:42.087904,Q38_V007,Q_0432,2,0,0,1,1,0,107,1,0,0,1,19.1,6402.35,101756635648,22660338688,1,0,0,0,0,1,1,3,500,500.0,Sort,0,1.971
DESKTOP-KQF03T0,Jashvanth,2026-06-30T11:38:47.110205,Q38_V007,Q_0432,3,0,0,1,1,0,107,1,0,0,1,26.2,6408.27,101757045248,22661170176,1,0,0,0,0,1,1,3,500,500.0,Sort,0,2.157
DESKTOP-KQF03T0,Jashvanth,2026-06-30T11:38:52.152926,Q38_V008,Q_0433,1,0,1,1,1,0,132,1,0,0,1,46.2,6646.53,101836961280,22662312960,1,0,0,0,0,1,1,3,991,992.0,Sort,0,2.666
DESKTOP-KQF03T0,Jashvanth,2026-06-30T11:38:57.177153,Q38_V008,Q_0433,2,0,1,1,1,0,132,1,0,0,1,36.6,6543.56,101838062080,22696223744,1,0,0,0,0,1,1,3,991,992.0,Sort,0,1.938
DESKTOP-KQF03T0,Jashvanth,2026-06-30T11:39:02.208403,Q38_V008,Q_0433,3,0,1,1,1,0,132,1,0,0,1,28.6,6493.48,101839077888,22696629248,1,0,0,0,0,1,1,3,991,992.0,Sort,0,3.401
DESKTOP-KQF03T0,Jashvanth,2026-06-30T11:39:07.256556,Q38_V009,Q_0434,1,0,1,1,1,0,133,1,0,0,1,27.0,6487.47,101839262208,22697219072,1,0,0,0,0,1,1,3,769,780.0,Sort,0,2.799
DESKTOP-KQF03T0,Jashvanth,2026-06-30T11:39:12.318549,Q38_V009,Q_0434,2,0,1,1,1,0,133,1,0,0,1,46.8,6516.36,101876537856,22698120192,1,0,0,0,0,1,1,3,769,780.0,Sort,0,1.888
DESKTOP-KQF03T0,Jashvanth,2026-06-30T11:39:17.342160,Q38_V009,Q_0434,3,0,1,1,1,0,133,1,0,0,1,35.2,6508.75,101878282240,22699136000,1,0,0,0,0,1,1,3,769,780.0,Sort,0,1.11
DESKTOP-KQF03T0,Jashvanth,2026-06-30T11:39:22.368707,Q38_V010,Q_0435,1,0,0,1,1,0,136,1,0,0,1,36.9,6535.31,101878724608,22700229632,1,0,0,0,0,1,1,4,10,10.0,Limit,0,3.358
DESKTOP-KQF03T0,Jashvanth,2026-06-30T11:39:27.398817,Q38_V010,Q_0435,2,0,0,1,1,0,136,1,0,0,1,47.5,6531.84,101879928832,22700946432,1,0,0,0,0,1,1,4,10,10.0,Limit,0,3.249
DESKTOP-KQF03T0,Jashvanth,2026-06-30T11:39:32.439327,Q38_V010,Q_0435,3,0,0,1,1,0,136,1,0,0,1,33.2,6553.42,101881374720,22704501760,1,0,0,0,0,1,1,4,10,10.0,Limit,0,6.874
DESKTOP-KQF03T0,Jashvanth,2026-06-30T11:39:37.479200,Q38_V011,Q_0436,1,0,0,1,1,0,138,2,0,0,1,37.4,6571.91,101881542656,22705501184,1,0,0,0,0,1,1,3,1000,1000.0,Sort,0,3.874
DESKTOP-KQF03T0,Jashvanth,2026-06-30T11:39:42.508582,Q38_V011,Q_0436,2,0,0,1,1,0,138,2,0,0,1,42.3,6508.54,101883377664,22730494976,1,0,0,0,0,1,1,3,1000,1000.0,Sort,0,5.891
DESKTOP-KQF03T0,Jashvanth,2026-06-30T11:39:47.544424,Q38_V011,Q_0436,3,0,0,1,1,0,138,2,0,0,1,23.5,6490.84,101893753856,22731604992,1,0,0,0,0,1,1,3,1000,1000.0,Sort,0,3.485
DESKTOP-KQF03T0,Jashvanth,2026-06-30T11:39:52.574866,Q38_V012,Q_0437,1,0,0,1,1,0,139,2,0,0,1,30.1,6529.97,101901741568,22732456960,1,0,0,0,0,1,1,3,333,807.0,Sort,0,3.917
DESKTOP-KQF03T0,Jashvanth,2026-06-30T11:39:57.596822,Q38_V012,Q_0437,2,0,0,1,1,0,139,2,0,0,1,30.2,6491.94,101902239232,22734017536,1,0,0,0,0,1,1,3,333,807.0,Sort,0,1.84
DESKTOP-KQF03T0,Jashvanth,2026-06-30T11:40:02.615507,Q38_V012,Q_0437,3,0,0,1,1,0,139,2,0,0,1,27.6,6481.06,101902503936,22734742528,1,0,0,0,0,1,1,3,333,807.0,Sort,0,1.319
DESKTOP-KQF03T0,Jashvanth,2026-06-30T11:40:07.647852,Q39_V001,Q_0438,1,0,1,0,0,0,102,0,0,0,2,28.2,6480.0,101902794752,22735438848,1,0,0,0,0,0,0,1,1667,1666.0,Seq Scan,0,2.773
DESKTOP-KQF03T0,Jashvanth,2026-06-30T11:40:12.671038,Q39_V001,Q_0438,2,0,1,0,0,0,102,0,0,0,2,29.8,6472.02,101908828672,22746100736,1,0,0,0,0,0,0,1,1667,1666.0,Seq Scan,0,2.147
DESKTOP-KQF03T0,Jashvanth,2026-06-30T11:40:17.702499,Q39_V001,Q_0438,3,0,1,0,0,0,102,0,0,0,2,27.8,6493.05,101910591488,22747620352,1,0,0,0,0,0,0,1,1667,1666.0,Seq Scan,0,4.051
DESKTOP-KQF03T0,Jashvanth,2026-06-30T11:40:22.731006,Q39_V002,Q_0439,1,0,1,0,0,0,102,0,0,0,2,27.7,6526.54,101911054336,22749037568,1,0,0,0,0,0,0,1,1667,1628.0,Seq Scan,0,1.257
DESKTOP-KQF03T0,Jashvanth,2026-06-30T11:40:27.770053,Q39_V002,Q_0439,2,0,1,0,0,0,102,0,0,0,2,26.6,6520.83,101912947200,22749771264,1,0,0,0,0,0,0,1,1667,1628.0,Seq Scan,0,1.797
DESKTOP-KQF03T0,Jashvanth,2026-06-30T11:40:32.795893,Q39_V002,Q_0439,3,0,1,0,0,0,102,0,0,0,2,41.1,6519.29,101913258496,22750090752,1,0,0,0,0,0,0,1,1667,1628.0,Seq Scan,0,1.858
DESKTOP-KQF03T0,Jashvanth,2026-06-30T11:40:37.820290,Q39_V003,Q_0440,1,0,1,0,1,0,149,0,0,1,1,21.0,6525.21,101913754112,22750623232,0,1,0,0,0,1,0,3,850,857.0,Sort,0,1.634
DESKTOP-KQF03T0,Jashvanth,2026-06-30T11:40:42.843067,Q39_V003,Q_0440,2,0,1,0,1,0,149,0,0,1,1,17.0,6512.3,101913848320,22750828032,0,1,0,0,0,1,0,3,850,857.0,Sort,0,1.402
DESKTOP-KQF03T0,Jashvanth,2026-06-30T11:40:47.869967,Q39_V003,Q_0440,3,0,1,0,1,0,149,0,0,1,1,44.5,6524.71,101914380800,22751962624,0,1,0,0,0,1,0,3,850,857.0,Sort,0,1.01
DESKTOP-KQF03T0,Jashvanth,2026-06-30T11:40:52.893333,Q39_V004,Q_0441,1,0,1,0,0,0,125,0,0,1,2,31.4,6515.65,101914925568,22752847360,1,0,0,0,0,0,0,1,8,269.0,Seq Scan,0,0.959
DESKTOP-KQF03T0,Jashvanth,2026-06-30T11:40:57.919827,Q39_V004,Q_0441,2,0,1,0,0,0,125,0,0,1,2,26.8,6522.75,101915910656,22753400320,1,0,0,0,0,0,0,1,8,269.0,Seq Scan,0,1.247
DESKTOP-KQF03T0,Jashvanth,2026-06-30T11:41:02.937512,Q39_V004,Q_0441,3,0,1,0,0,0,125,0,0,1,2,25.1,6527.53,101916254720,22754256384,1,0,0,0,0,0,0,1,8,269.0,Seq Scan,0,0.84
DESKTOP-KQF03T0,Jashvanth,2026-06-30T11:41:07.956030,Q39_V005,Q_0442,1,0,1,0,0,0,125,0,0,1,2,29.2,6518.71,101916635648,22754645504,1,0,0,0,0,0,0,1,9,288.0,Seq Scan,0,0.934
DESKTOP-KQF03T0,Jashvanth,2026-06-30T11:41:12.983490,Q39_V005,Q_0442,2,0,1,0,0,0,125,0,0,1,2,39.0,6516.03,101917517824,22765295104,1,0,0,0,0,0,0,1,9,288.0,Seq Scan,0,0.961
DESKTOP-KQF03T0,Jashvanth,2026-06-30T11:41:18.010944,Q39_V005,Q_0442,3,0,1,0,0,0,125,0,0,1,2,20.0,6528.55,101917554688,22765753856,1,0,0,0,0,0,0,1,9,288.0,Seq Scan,0,2.345
DESKTOP-KQF03T0,Jashvanth,2026-06-30T11:41:23.036740,Q39_V006,Q_0443,1,0,1,1,1,0,213,2,0,0,3,25.0,6542.0,101931678208,22766564864,1,0,0,0,0,1,1,3,25,12.0,Aggregate,0,1.845
DESKTOP-KQF03T0,Jashvanth,2026-06-30T11:41:28.056547,Q39_V006,Q_0443,2,0,1,1,1,0,213,2,0,0,3,27.1,6535.49,101934650368,22768739840,1,0,0,0,0,1,1,3,25,12.0,Aggregate,0,1.623
DESKTOP-KQF03T0,Jashvanth,2026-06-30T11:41:33.087187,Q39_V006,Q_0443,3,0,1,1,1,0,213,2,0,0,3,28.3,6531.45,101935264768,22770263552,1,0,0,0,0,1,1,3,25,12.0,Aggregate,0,4.218
DESKTOP-KQF03T0,Jashvanth,2026-06-30T11:41:38.112385,Q39_V007,Q_0444,1,0,1,0,0,0,127,0,0,1,2,36.2,6537.67,101935444992,22770755072,1,0,0,0,0,0,0,1,15,525.0,Seq Scan,0,1.353
DESKTOP-KQF03T0,Jashvanth,2026-06-30T11:41:43.135219,Q39_V007,Q_0444,2,0,1,0,0,0,127,0,0,1,2,20.9,6540.81,101935518720,22771209728,1,0,0,0,0,0,0,1,15,525.0,Seq Scan,0,1.912
DESKTOP-KQF03T0,Jashvanth,2026-06-30T11:41:48.163979,Q39_V007,Q_0444,3,0,1,0,0,0,127,0,0,1,2,35.1,6550.87,101935907840,22771594752,1,0,0,0,0,0,0,1,15,525.0,Seq Scan,0,1.69
DESKTOP-KQF03T0,Jashvanth,2026-06-30T11:41:53.194569,Q39_V008,Q_0445,1,0,1,0,0,0,128,0,0,1,2,39.1,6543.2,101936313344,22772045312,1,0,0,0,0,0,0,1,5,177.0,Seq Scan,0,1.3
DESKTOP-KQF03T0,Jashvanth,2026-06-30T11:41:58.227046,Q39_V008,Q_0445,2,0,1,0,0,0,128,0,0,1,2,27.3,6549.13,101936526336,22772467200,1,0,0,0,0,0,0,1,5,177.0,Seq Scan,0,1.446
DESKTOP-KQF03T0,Jashvanth,2026-06-30T11:42:03.253207,Q39_V008,Q_0445,3,0,1,0,0,0,128,0,0,1,2,28.0,6477.63,101941847040,22773151232,1,0,0,0,0,0,0,1,5,177.0,Seq Scan,0,1.293
DESKTOP-KQF03T0,Jashvanth,2026-06-30T11:42:08.278870,Q39_V009,Q_0446,1,0,1,0,0,0,123,2,0,0,2,21.8,6520.33,101953718784,22774502912,1,0,0,0,0,0,1,2,1,1.0,Aggregate,0,1.291
DESKTOP-KQF03T0,Jashvanth,2026-06-30T11:42:13.300037,Q39_V009,Q_0446,2,0,1,0,0,0,123,2,0,0,2,26.9,6506.58,101954124288,22775313920,1,0,0,0,0,0,1,2,1,1.0,Aggregate,0,1.366
DESKTOP-KQF03T0,Jashvanth,2026-06-30T11:42:18.318650,Q39_V009,Q_0446,3,0,1,0,0,0,123,2,0,0,2,25.1,6517.5,101954271744,22775969280,1,0,0,0,0,0,1,2,1,1.0,Aggregate,0,1.17
DESKTOP-KQF03T0,Jashvanth,2026-06-30T11:42:23.357563,Q40_V001,Q_0447,1,0,1,0,0,0,82,0,0,0,1,20.5,6519.86,101954333184,22776210944,1,0,0,0,0,0,0,1,3041,3041.0,Seq Scan,0,4.634
DESKTOP-KQF03T0,Jashvanth,2026-06-30T11:42:28.394667,Q40_V001,Q_0447,2,0,1,0,0,0,82,0,0,0,1,37.9,6521.1,101955238400,22776887296,1,0,0,0,0,0,0,1,3041,3041.0,Seq Scan,0,5.569
DESKTOP-KQF03T0,Jashvanth,2026-06-30T11:42:33.423723,Q40_V001,Q_0447,3,0,1,0,0,0,82,0,0,0,1,26.3,6537.31,101955467776,22777325568,1,0,0,0,0,0,0,1,3041,3041.0,Seq Scan,0,5.754
DESKTOP-KQF03T0,Jashvanth,2026-06-30T11:42:38.484563,Q40_V002,Q_0448,1,0,1,0,0,0,83,0,0,0,1,37.9,6540.55,101956467200,22778169344,1,0,0,0,0,0,0,1,5031,5031.0,Seq Scan,0,9.893
DESKTOP-KQF03T0,Jashvanth,2026-06-30T11:42:43.517233,Q40_V002,Q_0448,2,0,1,0,0,0,83,0,0,0,1,37.5,6549.77,101956512256,22778681344,1,0,0,0,0,0,0,1,5031,5031.0,Seq Scan,0,8.128
DESKTOP-KQF03T0,Jashvanth,2026-06-30T11:42:48.564797,Q40_V002,Q_0448,3,0,1,0,0,0,83,0,0,0,1,29.6,6545.94,101957155328,22779709952,1,0,0,0,0,0,0,1,5031,5031.0,Seq Scan,0,5.41
DESKTOP-KQF03T0,Jashvanth,2026-06-30T11:42:53.593643,Q40_V003,Q_0449,1,0,1,0,0,0,83,0,0,0,1,18.8,6550.09,101957220864,22780131840,1,0,0,0,0,0,0,1,17058,17058.0,Seq Scan,0,5.626
DESKTOP-KQF03T0,Jashvanth,2026-06-30T11:42:58.619045,Q40_V003,Q_0449,2,0,1,0,0,0,83,0,0,0,1,38.9,6552.46,101957298688,22780963328,1,0,0,0,0,0,0,1,17058,17058.0,Seq Scan,0,6.051
DESKTOP-KQF03T0,Jashvanth,2026-06-30T11:43:03.642685,Q40_V003,Q_0449,3,0,1,0,0,0,83,0,0,0,1,22.7,6559.75,101957659136,22781225472,1,0,0,0,0,0,0,1,17058,17058.0,Seq Scan,0,5.579
DESKTOP-KQF03T0,Jashvanth,2026-06-30T11:43:08.665679,Q40_V004,Q_0450,1,0,1,0,1,0,107,0,0,0,1,33.0,6535.18,101958284288,22782245376,1,0,0,0,0,1,0,2,3041,3041.0,Sort,0,4.754
DESKTOP-KQF03T0,Jashvanth,2026-06-30T11:43:13.689153,Q40_V004,Q_0450,2,0,1,0,1,0,107,0,0,0,1,25.0,6506.24,101958620160,22792047104,1,0,0,0,0,1,0,2,3041,3041.0,Sort,0,5.856
DESKTOP-KQF03T0,Jashvanth,2026-06-30T11:43:18.714122,Q40_V004,Q_0450,3,0,1,0,1,0,107,0,0,0,1,23.5,6508.95,101958951936,22792972800,1,0,0,0,0,1,0,2,3041,3041.0,Sort,0,4.909
DESKTOP-KQF03T0,Jashvanth,2026-06-30T11:43:23.742589,Q40_V005,Q_0451,1,0,1,0,0,0,105,0,0,1,1,25.0,6516.57,101959029760,22793165312,1,0,0,0,0,0,0,1,1006,984.0,Seq Scan,0,5.23
DESKTOP-KQF03T0,Jashvanth,2026-06-30T11:43:28.797488,Q40_V005,Q_0451,2,0,1,0,0,0,105,0,0,1,1,28.4,6503.59,101959156736,22793746944,1,0,0,0,0,0,0,1,1006,984.0,Seq Scan,0,10.232
DESKTOP-KQF03T0,Jashvanth,2026-06-30T11:43:33.829568,Q40_V005,Q_0451,3,0,1,0,0,0,105,0,0,1,1,31.1,6488.23,101960213504,22794630144,1,0,0,0,0,0,0,1,1006,984.0,Seq Scan,0,8.12
DESKTOP-KQF03T0,Jashvanth,2026-06-30T11:43:38.859662,Q40_V006,Q_0452,1,0,1,0,0,0,106,0,0,1,1,21.7,6495.68,101960299520,22795150336,1,0,0,0,0,0,0,1,2035,2057.0,Seq Scan,0,6.587
DESKTOP-KQF03T0,Jashvanth,2026-06-30T11:43:43.885143,Q40_V006,Q_0452,2,0,1,0,0,0,106,0,0,1,1,38.3,6487.3,101960504320,22797476864,1,0,0,0,0,0,0,1,2035,2057.0,Seq Scan,0,3.235
DESKTOP-KQF03T0,Jashvanth,2026-06-30T11:43:48.909800,Q40_V006,Q_0452,3,0,1,0,0,0,106,0,0,1,1,49.7,6464.36,101961032704,22798144512,1,0,0,0,0,0,0,1,2035,2057.0,Seq Scan,0,5.168
DESKTOP-KQF03T0,Jashvanth,2026-06-30T11:43:53.947328,Q40_V007,Q_0453,1,0,1,0,0,0,97,0,0,1,1,17.9,6471.59,101962032128,22798705664,1,0,0,0,0,0,0,1,8024,8024.0,Seq Scan,0,7.963
DESKTOP-KQF03T0,Jashvanth,2026-06-30T11:43:58.977092,Q40_V007,Q_0453,2,0,1,0,0,0,97,0,0,1,1,25.8,6478.09,101962097664,22799504384,1,0,0,0,0,0,0,1,8024,8024.0,Seq Scan,0,7.283
DESKTOP-KQF03T0,Jashvanth,2026-06-30T11:44:04.013962,Q40_V007,Q_0453,3,0,1,0,0,0,97,0,0,1,1,37.1,6519.65,101962376192,22800798720,1,0,0,0,0,0,0,1,8024,8024.0,Seq Scan,0,11.472
DESKTOP-KQF03T0,Jashvanth,2026-06-30T11:44:09.054498,Q40_V008,Q_0454,1,0,1,1,1,0,153,2,0,0,1,26.4,6527.16,101962417152,22802301952,1,0,0,0,0,1,1,3,7,7.0,Sort,0,12.281
DESKTOP-KQF03T0,Jashvanth,2026-06-30T11:44:14.081579,Q40_V008,Q_0454,2,0,1,1,1,0,153,2,0,0,1,17.7,6506.93,101963001856,22802510848,1,0,0,0,0,1,1,3,7,7.0,Sort,0,5.052
DESKTOP-KQF03T0,Jashvanth,2026-06-30T11:44:19.107449,Q40_V008,Q_0454,3,0,1,1,1,0,153,2,0,0,1,34.0,6515.18,101963210752,22803297280,1,0,0,0,0,1,1,3,7,7.0,Sort,0,7.447
DESKTOP-KQF03T0,Jashvanth,2026-06-30T11:44:24.134177,Q40_V009,Q_0455,1,0,1,0,0,0,77,1,0,0,1,27.0,6513.55,101963640832,22804149248,1,0,0,0,0,0,1,2,1,1.0,Aggregate,0,5.533
DESKTOP-KQF03T0,Jashvanth,2026-06-30T11:44:29.175127,Q40_V009,Q_0455,2,0,1,0,0,0,77,1,0,0,1,23.2,6487.89,101965176832,22804844544,1,0,0,0,0,0,1,2,1,1.0,Aggregate,0,5.881
DESKTOP-KQF03T0,Jashvanth,2026-06-30T11:44:34.198619,Q40_V009,Q_0455,3,0,1,0,0,0,77,1,0,0,1,23.9,6496.26,101965189120,22805405696,1,0,0,0,0,0,1,2,1,1.0,Aggregate,0,4.782
DESKTOP-KQF03T0,Jashvanth,2026-06-30T11:44:39.225429,Q40_V011,Q_0456,1,0,1,0,0,0,112,0,0,1,1,22.3,6502.19,101965443072,22805921792,0,1,0,0,0,0,0,2,976,975.0,Bitmap Heap Scan,0,3.877
DESKTOP-KQF03T0,Jashvanth,2026-06-30T11:44:44.253690,Q40_V011,Q_0456,2,0,1,0,0,0,112,0,0,1,1,21.0,6508.12,101965574144,22806425600,0,1,0,0,0,0,0,2,976,975.0,Bitmap Heap Scan,0,4.22
DESKTOP-KQF03T0,Jashvanth,2026-06-30T11:44:49.296060,Q40_V011,Q_0456,3,0,1,0,0,0,112,0,0,1,1,26.9,6503.77,101965684736,22806872064,0,1,0,0,0,0,0,2,976,975.0,Bitmap Heap Scan,0,3.661
DESKTOP-KQF03T0,Jashvanth,2026-06-30T11:44:54.333928,Q41_V001,Q_0457,1,0,0,1,1,0,77,1,0,0,1,37.1,6512.3,101965688832,22807339008,1,0,0,0,0,1,1,3,25,25.0,Sort,0,1.121
DESKTOP-KQF03T0,Jashvanth,2026-06-30T11:44:59.356359,Q41_V001,Q_0457,2,0,0,1,1,0,77,1,0,0,1,30.2,6513.55,101966180352,22808125440,1,0,0,0,0,1,1,3,25,25.0,Sort,0,0.329
DESKTOP-KQF03T0,Jashvanth,2026-06-30T11:45:04.385526,Q41_V001,Q_0457,3,0,0,1,1,0,77,1,0,0,1,36.4,6524.65,101966398464,22808690688,1,0,0,0,0,1,1,3,25,25.0,Sort,0,0.71
DESKTOP-KQF03T0,Jashvanth,2026-06-30T11:45:09.411521,Q41_V002,Q_0458,1,0,0,1,1,0,76,1,0,0,1,46.5,6510.32,101966570496,22809378816,1,0,0,0,0,1,1,3,25,25.0,Sort,0,1.029
DESKTOP-KQF03T0,Jashvanth,2026-06-30T11:45:14.432467,Q41_V002,Q_0458,2,0,0,1,1,0,76,1,0,0,1,28.9,6511.41,101967137792,22810058752,1,0,0,0,0,1,1,3,25,25.0,Sort,0,0.468
DESKTOP-KQF03T0,Jashvanth,2026-06-30T11:45:19.458276,Q41_V002,Q_0458,3,0,0,1,1,0,76,1,0,0,1,21.8,6511.55,101967375872,22810497536,1,0,0,0,0,1,1,3,25,25.0,Sort,0,0.394
DESKTOP-KQF03T0,Jashvanth,2026-06-30T11:45:24.482974,Q41_V003,Q_0459,1,0,0,1,1,0,76,1,0,0,1,38.7,6553.36,101967543808,22811881984,1,0,0,0,0,1,1,3,25,25.0,Sort,0,0.835
DESKTOP-KQF03T0,Jashvanth,2026-06-30T11:45:29.503545,Q41_V003,Q_0459,2,0,0,1,1,0,76,1,0,0,1,41.1,6586.42,101968332288,22814045696,1,0,0,0,0,1,1,3,25,25.0,Sort,0,0.363
DESKTOP-KQF03T0,Jashvanth,2026-06-30T11:45:34.521584,Q41_V003,Q_0459,3,0,0,1,1,0,76,1,0,0,1,29.1,6554.3,101968336384,22814660096,1,0,0,0,0,1,1,3,25,25.0,Sort,0,0.552
DESKTOP-KQF03T0,Jashvanth,2026-06-30T11:45:39.548865,Q41_V004,Q_0460,1,0,0,1,1,0,99,1,0,0,1,32.9,6535.9,101968748032,22815311360,1,0,0,0,0,1,1,3,25,25.0,Sort,0,1.066
DESKTOP-KQF03T0,Jashvanth,2026-06-30T11:45:44.578220,Q41_V004,Q_0460,2,0,0,1,1,0,99,1,0,0,1,27.1,6521.69,101968956928,22815999488,1,0,0,0,0,1,1,3,25,25.0,Sort,0,1.255
DESKTOP-KQF03T0,Jashvanth,2026-06-30T11:45:49.600738,Q41_V004,Q_0460,3,0,0,1,1,0,99,1,0,0,1,20.8,6523.98,101969243648,22816314880,1,0,0,0,0,1,1,3,25,25.0,Sort,0,0.42
DESKTOP-KQF03T0,Jashvanth,2026-06-30T11:45:54.618947,Q41_V005,Q_0461,1,0,0,1,1,0,105,1,0,0,1,22.8,6540.21,101969550848,22816761344,1,0,0,0,0,1,1,3,25,25.0,Sort,0,0.643
DESKTOP-KQF03T0,Jashvanth,2026-06-30T11:45:59.635429,Q41_V005,Q_0461,2,0,0,1,1,0,105,1,0,0,1,36.9,6530.61,101969817088,22817248768,1,0,0,0,0,1,1,3,25,25.0,Sort,0,0.413
DESKTOP-KQF03T0,Jashvanth,2026-06-30T11:46:04.686353,Q41_V005,Q_0461,3,0,0,1,1,0,105,1,0,0,1,37.0,6537.36,101970140672,22826034688,1,0,0,0,0,1,1,3,25,25.0,Sort,0,2.253
DESKTOP-KQF03T0,Jashvanth,2026-06-30T11:46:09.718979,Q41_V006,Q_0462,1,0,1,1,1,0,104,1,0,0,1,28.5,6528.61,101970161152,22826694144,1,0,0,0,0,1,1,3,25,25.0,Sort,0,0.592
DESKTOP-KQF03T0,Jashvanth,2026-06-30T11:46:14.743514,Q41_V006,Q_0462,2,0,1,1,1,0,104,1,0,0,1,42.6,6534.81,101971017216,22828733952,1,0,0,0,0,1,1,3,25,25.0,Sort,0,0.745
DESKTOP-KQF03T0,Jashvanth,2026-06-30T11:46:19.794799,Q41_V006,Q_0462,3,0,1,1,1,0,104,1,0,0,1,39.2,6519.58,101971021312,22829463040,1,0,0,0,0,1,1,3,25,25.0,Sort,0,0.945
DESKTOP-KQF03T0,Jashvanth,2026-06-30T11:46:24.818599,Q41_V007,Q_0463,1,0,1,1,1,0,105,1,0,0,1,20.8,6532.29,101971058176,22830175744,1,0,0,0,0,1,1,3,25,25.0,Sort,0,0.304
DESKTOP-KQF03T0,Jashvanth,2026-06-30T11:46:29.858730,Q41_V007,Q_0463,2,0,1,1,1,0,105,1,0,0,1,24.7,6519.71,101971129856,22831818240,1,0,0,0,0,1,1,3,25,25.0,Sort,0,1.076
DESKTOP-KQF03T0,Jashvanth,2026-06-30T11:46:34.889503,Q41_V007,Q_0463,3,0,1,1,1,0,105,1,0,0,1,26.1,6531.9,101972153856,22834353664,1,0,0,0,0,1,1,3,25,25.0,Sort,0,0.405
DESKTOP-KQF03T0,Jashvanth,2026-06-30T11:46:39.914141,Q41_V008,Q_0464,1,0,0,1,1,0,98,2,0,0,1,34.4,6514.11,101972227584,22834595328,1,0,0,0,0,1,1,3,8,24.0,Sort,0,0.488
DESKTOP-KQF03T0,Jashvanth,2026-06-30T11:46:44.950349,Q41_V008,Q_0464,2,0,0,1,1,0,98,2,0,0,1,22.3,6508.78,101972395520,22836020736,1,0,0,0,0,1,1,3,8,24.0,Sort,0,0.936
DESKTOP-KQF03T0,Jashvanth,2026-06-30T11:46:49.977359,Q41_V008,Q_0464,3,0,0,1,1,0,98,2,0,0,1,19.7,6522.05,101972608512,22836385280,1,0,0,0,0,1,1,3,8,24.0,Sort,0,0.413
DESKTOP-KQF03T0,Jashvanth,2026-06-30T11:46:54.996810,Q41_V009,Q_0465,1,0,0,1,1,0,101,1,0,0,1,20.4,6526.06,101972731392,22836860416,1,0,0,0,0,1,1,3,100,125.0,Sort,0,0.542
DESKTOP-KQF03T0,Jashvanth,2026-06-30T11:47:00.022439,Q41_V009,Q_0465,2,0,0,1,1,0,101,1,0,0,1,39.4,6523.98,101972801024,22837257728,1,0,0,0,0,1,1,3,100,125.0,Sort,0,0.805
DESKTOP-KQF03T0,Jashvanth,2026-06-30T11:47:05.047621,Q41_V009,Q_0465,3,0,0,1,1,0,101,1,0,0,1,38.2,6550.79,101972817408,22838216192,1,0,0,0,0,1,1,3,100,125.0,Sort,0,1.31
DESKTOP-KQF03T0,Jashvanth,2026-06-30T11:47:10.073458,Q41_V010,Q_0466,1,0,0,1,1,0,125,2,0,0,1,33.9,6552.06,101972854272,22838470144,1,0,0,0,0,1,1,3,25,25.0,Sort,0,1.11
DESKTOP-KQF03T0,Jashvanth,2026-06-30T11:47:15.101727,Q41_V010,Q_0466,2,0,0,1,1,0,125,2,0,0,1,19.5,6540.35,101973145088,22839391744,1,0,0,0,0,1,1,3,25,25.0,Sort,0,0.552
DESKTOP-KQF03T0,Jashvanth,2026-06-30T11:47:20.121258,Q41_V010,Q_0466,3,0,0,1,1,0,125,2,0,0,1,35.7,6533.94,101973153280,22839801344,1,0,0,0,0,1,1,3,25,25.0,Sort,0,0.727
DESKTOP-KQF03T0,Jashvanth,2026-06-30T11:47:25.150478,Q41_V011,Q_0467,1,0,1,1,1,0,96,1,0,0,1,36.3,6472.23,101974013440,22842406400,1,0,0,0,0,1,1,3,25,25.0,Sort,0,0.272
DESKTOP-KQF03T0,Jashvanth,2026-06-30T11:47:30.171557,Q41_V011,Q_0467,2,0,1,1,1,0,96,1,0,0,1,24.7,6476.62,101974185472,22843647488,1,0,0,0,0,1,1,3,25,25.0,Sort,0,0.404
DESKTOP-KQF03T0,Jashvanth,2026-06-30T11:47:35.190080,Q41_V011,Q_0467,3,0,1,1,1,0,96,1,0,0,1,28.1,6477.1,101974189568,22844233216,1,0,0,0,0,1,1,3,25,25.0,Sort,0,0.284
DESKTOP-KQF03T0,Jashvanth,2026-06-30T11:47:40.219367,Q42_V001,Q_0468,1,0,0,1,1,0,107,1,0,0,1,24.2,6470.36,101974504960,22844663296,1,0,0,0,0,1,1,3,500,500.0,Sort,0,1.875
DESKTOP-KQF03T0,Jashvanth,2026-06-30T11:47:45.253034,Q42_V001,Q_0468,2,0,0,1,1,0,107,1,0,0,1,23.4,6480.32,101974738432,22845085184,1,0,0,0,0,1,1,3,500,500.0,Sort,0,1.97
DESKTOP-KQF03T0,Jashvanth,2026-06-30T11:47:50.271880,Q42_V001,Q_0468,3,0,0,1,1,0,107,1,0,0,1,26.9,6506.82,101975976960,22845972480,1,0,0,0,0,1,1,3,500,500.0,Sort,0,1.605
DESKTOP-KQF03T0,Jashvanth,2026-06-30T11:47:55.293427,Q42_V002,Q_0469,1,0,0,1,1,0,104,1,0,0,1,28.8,6507.55,101976186880,22846578688,1,0,0,0,0,1,1,3,500,500.0,Sort,0,1.775
DESKTOP-KQF03T0,Jashvanth,2026-06-30T11:48:00.321329,Q42_V002,Q_0469,2,0,0,1,1,0,104,1,0,0,1,23.7,6513.21,101976252416,22846955520,1,0,0,0,0,1,1,3,500,500.0,Sort,0,2.39
DESKTOP-KQF03T0,Jashvanth,2026-06-30T11:48:05.347789,Q42_V002,Q_0469,3,0,0,1,1,0,104,1,0,0,1,27.8,6516.25,101976662016,22870306816,1,0,0,0,0,1,1,3,500,500.0,Sort,0,2.389
DESKTOP-KQF03T0,Jashvanth,2026-06-30T11:48:10.392152,Q42_V003,Q_0470,1,0,0,1,1,0,107,1,0,0,1,33.7,6520.88,101978079232,22871044096,1,0,0,0,0,1,1,3,500,500.0,Sort,0,2.589
DESKTOP-KQF03T0,Jashvanth,2026-06-30T11:48:15.425938,Q42_V003,Q_0470,2,0,0,1,1,0,107,1,0,0,1,35.4,6518.22,101978214400,22872084480,1,0,0,0,0,1,1,3,500,500.0,Sort,0,3.515
DESKTOP-KQF03T0,Jashvanth,2026-06-30T11:48:20.462016,Q42_V003,Q_0470,3,0,0,1,1,0,107,1,0,0,1,67.3,6804.2,101985843712,22875201536,1,0,0,0,0,1,1,3,500,500.0,Sort,0,6.525
DESKTOP-KQF03T0,Jashvanth,2026-06-30T11:48:25.491156,Q42_V004,Q_0471,1,0,1,1,1,0,133,1,0,0,1,39.5,6608.97,101986540032,22908956672,1,0,0,0,0,1,1,3,498,489.0,Sort,0,3.153
DESKTOP-KQF03T0,Jashvanth,2026-06-30T11:48:30.515616,Q42_V004,Q_0471,2,0,1,1,1,0,133,1,0,0,1,45.3,6609.66,101986724352,22909602304,1,0,0,0,0,1,1,3,498,489.0,Sort,0,1.413
DESKTOP-KQF03T0,Jashvanth,2026-06-30T11:48:35.540382,Q42_V004,Q_0471,3,0,1,1,1,0,133,1,0,0,1,32.2,6609.27,101987449344,22910556672,1,0,0,0,0,1,1,3,498,489.0,Sort,0,2.74
DESKTOP-KQF03T0,Jashvanth,2026-06-30T11:48:40.565223,Q42_V005,Q_0472,1,0,1,1,1,0,134,1,0,0,1,37.5,6592.68,101987629568,22912080384,1,0,0,0,0,1,1,3,498,489.0,Sort,0,2.217
DESKTOP-KQF03T0,Jashvanth,2026-06-30T11:48:45.591267,Q42_V005,Q_0472,2,0,1,1,1,0,134,1,0,0,1,39.0,6660.29,101990554112,22913227264,1,0,0,0,0,1,1,3,498,489.0,Sort,0,1.793
DESKTOP-KQF03T0,Jashvanth,2026-06-30T11:48:50.611289,Q42_V005,Q_0472,3,0,1,1,1,0,134,1,0,0,1,16.2,6677.5,101991016960,22913346048,1,0,0,0,0,1,1,3,498,489.0,Sort,0,1.413
DESKTOP-KQF03T0,Jashvanth,2026-06-30T11:48:55.647543,Q42_V006,Q_0473,1,0,0,1,1,0,133,2,0,0,1,33.8,6671.84,101991410176,22914161152,1,0,0,0,0,1,1,3,500,500.0,Sort,0,2.79
DESKTOP-KQF03T0,Jashvanth,2026-06-30T11:49:00.667306,Q42_V006,Q_0473,2,0,0,1,1,0,133,2,0,0,1,22.5,6677.39,101991815680,22915267072,1,0,0,0,0,1,1,3,500,500.0,Sort,0,1.718
DESKTOP-KQF03T0,Jashvanth,2026-06-30T11:49:05.720166,Q42_V006,Q_0473,3,0,0,1,1,0,133,2,0,0,1,23.5,6686.78,101991975424,22915643904,1,0,0,0,0,1,1,3,500,500.0,Sort,0,9.222
DESKTOP-KQF03T0,Jashvanth,2026-06-30T11:49:10.752706,Q42_V007,Q_0474,1,0,0,1,1,0,139,2,0,0,1,33.2,6735.04,101992061440,22916393472,1,0,0,0,0,1,1,3,167,414.0,Sort,0,5.801
DESKTOP-KQF03T0,Jashvanth,2026-06-30T11:49:15.782329,Q42_V007,Q_0474,2,0,0,1,1,0,139,2,0,0,1,38.6,6694.27,101992139264,22918302208,1,0,0,0,0,1,1,3,167,414.0,Sort,0,3.972
DESKTOP-KQF03T0,Jashvanth,2026-06-30T11:49:20.809594,Q42_V007,Q_0474,3,0,0,1,1,0,139,2,0,0,1,27.7,6670.45,101992262144,22918629888,1,0,0,0,0,1,1,3,167,414.0,Sort,0,2.417
DESKTOP-KQF03T0,Jashvanth,2026-06-30T11:49:25.836796,Q42_V008,Q_0475,1,0,0,1,1,0,140,2,0,0,1,26.7,6665.98,101992389120,22919186944,1,0,0,0,0,1,1,3,167,86.0,Sort,0,2.69
DESKTOP-KQF03T0,Jashvanth,2026-06-30T11:49:30.881309,Q42_V008,Q_0475,2,0,0,1,1,0,140,2,0,0,1,23.4,6675.12,101992454656,22919744000,1,0,0,0,0,1,1,3,167,86.0,Sort,0,3.512
DESKTOP-KQF03T0,Jashvanth,2026-06-30T11:49:35.929262,Q42_V008,Q_0475,3,0,0,1,1,0,140,2,0,0,1,38.0,6674.81,101993016832,22920313344,1,0,0,0,0,1,1,3,167,86.0,Sort,0,4.613
DESKTOP-KQF03T0,Jashvanth,2026-06-30T11:49:40.962210,Q42_V009,Q_0476,1,0,0,1,1,0,147,2,0,0,1,19.0,6684.19,101994533888,22921157120,1,0,0,0,0,1,1,4,10,10.0,Limit,0,2.129
DESKTOP-KQF03T0,Jashvanth,2026-06-30T11:49:45.985401,Q42_V009,Q_0476,2,0,0,1,1,0,147,2,0,0,1,22.6,6687.79,101994882048,22921943552,1,0,0,0,0,1,1,4,10,10.0,Limit,0,1.644
DESKTOP-KQF03T0,Jashvanth,2026-06-30T11:49:51.020717,Q42_V009,Q_0476,3,0,0,1,1,0,147,2,0,0,1,24.1,6680.35,101995455488,22922488320,1,0,0,0,0,1,1,4,10,10.0,Limit,0,2.204
DESKTOP-KQF03T0,Jashvanth,2026-06-30T11:49:56.043287,Q43_V001,Q_0477,1,0,0,0,1,0,83,0,0,0,1,29.3,6694.05,101995619328,22923631104,1,0,0,0,0,1,0,3,10,10.0,Limit,0,0.941
DESKTOP-KQF03T0,Jashvanth,2026-06-30T11:50:01.068610,Q43_V001,Q_0477,2,0,0,0,1,0,83,0,0,0,1,21.3,6693.21,101995717632,22923926016,1,0,0,0,0,1,0,3,10,10.0,Limit,0,1.592
DESKTOP-KQF03T0,Jashvanth,2026-06-30T11:50:06.093993,Q43_V001,Q_0477,3,0,0,0,1,0,83,0,0,0,1,21.9,6690.31,101996119040,22924532224,1,0,0,0,0,1,0,3,10,10.0,Limit,0,0.694
DESKTOP-KQF03T0,Jashvanth,2026-06-30T11:50:11.150878,Q43_V002,Q_0478,1,0,0,0,1,0,82,0,0,0,1,32.9,6956.72,101996499968,22925314560,1,0,0,0,0,1,0,3,10,10.0,Limit,0,2.969
DESKTOP-KQF03T0,Jashvanth,2026-06-30T11:50:16.171754,Q43_V002,Q_0478,2,0,0,0,1,0,82,0,0,0,1,21.4,6970.11,101996761600,22925728256,1,0,0,0,0,1,0,3,10,10.0,Limit,0,0.648
DESKTOP-KQF03T0,Jashvanth,2026-06-30T11:50:21.195233,Q43_V002,Q_0478,3,0,0,0,1,0,82,0,0,0,1,32.7,6976.93,101996855808,22926170624,1,0,0,0,0,1,0,3,10,10.0,Limit,0,0.705
DESKTOP-KQF03T0,Jashvanth,2026-06-30T11:50:26.218661,Q43_V003,Q_0479,1,0,0,0,1,0,82,0,0,0,1,38.9,7022.96,101997174784,22926744064,1,0,0,0,0,1,0,3,5,5.0,Limit,0,0.707
DESKTOP-KQF03T0,Jashvanth,2026-06-30T11:50:31.238009,Q43_V003,Q_0479,2,0,0,0,1,0,82,0,0,0,1,33.7,6929.19,101998546944,23014382592,1,0,0,0,0,1,0,3,5,5.0,Limit,0,0.635
DESKTOP-KQF03T0,Jashvanth,2026-06-30T11:50:36.268028,Q43_V003,Q_0479,3,0,0,0,1,0,82,0,0,0,1,24.2,6930.41,101998931968,23015488512,1,0,0,0,0,1,0,3,5,5.0,Limit,0,0.934
DESKTOP-KQF03T0,Jashvanth,2026-06-30T11:50:41.302601,Q43_V004,Q_0480,1,0,0,0,1,0,97,0,0,0,1,32.6,6930.86,101999292416,23015885824,1,0,0,0,0,1,0,3,10,10.0,Limit,0,1.409
DESKTOP-KQF03T0,Jashvanth,2026-06-30T11:50:46.328763,Q43_V004,Q_0480,2,0,0,0,1,0,97,0,0,0,1,33.7,6939.11,101999366144,23016365056,1,0,0,0,0,1,0,3,10,10.0,Limit,0,1.808
DESKTOP-KQF03T0,Jashvanth,2026-06-30T11:50:51.351417,Q43_V004,Q_0480,3,0,0,0,1,0,97,0,0,0,1,25.0,6932.5,101999792128,23016594432,1,0,0,0,0,1,0,3,10,10.0,Limit,0,1.247
DESKTOP-KQF03T0,Jashvanth,2026-06-30T11:50:56.374786,Q43_V005,Q_0481,1,0,1,0,1,0,116,0,0,0,1,28.0,6543.48,101999976448,23017434112,0,1,0,0,0,1,0,4,10,10.0,Limit,0,1.86
DESKTOP-KQF03T0,Jashvanth,2026-06-30T11:51:01.404388,Q43_V005,Q_0481,2,0,1,0,1,0,116,0,0,0,1,20.8,6549.42,102000418816,23017757696,0,1,0,0,0,1,0,4,10,10.0,Limit,0,0.663
DESKTOP-KQF03T0,Jashvanth,2026-06-30T11:51:06.434145,Q43_V005,Q_0481,3,0,1,0,1,0,116,0,0,0,1,18.1,6555.97,102000422912,23018114048,0,1,0,0,0,1,0,4,10,10.0,Limit,0,0.63
DESKTOP-KQF03T0,Jashvanth,2026-06-30T11:51:11.459754,Q43_V006,Q_0482,1,0,1,0,1,0,117,0,0,0,1,20.5,6518.64,102000705536,23018437632,0,1,0,0,0,1,0,4,10,10.0,Limit,0,0.293
DESKTOP-KQF03T0,Jashvanth,2026-06-30T11:51:16.485827,Q43_V006,Q_0482,2,0,1,0,1,0,117,0,0,0,1,16.8,6521.7,102000934912,23019195392,0,1,0,0,0,1,0,4,10,10.0,Limit,0,0.531
DESKTOP-KQF03T0,Jashvanth,2026-06-30T11:51:21.506508,Q43_V006,Q_0482,3,0,1,0,1,0,117,0,0,0,1,26.6,6521.66,102001283072,23019584512,0,1,0,0,0,1,0,4,10,10.0,Limit,0,0.35
DESKTOP-KQF03T0,Jashvanth,2026-06-30T11:51:26.531874,Q43_V007,Q_0483,1,0,1,0,1,0,103,0,0,0,1,26.1,6526.18,102153790976,23020559360,1,0,0,0,0,1,0,3,10,10.0,Limit,0,1.87
DESKTOP-KQF03T0,Jashvanth,2026-06-30T11:51:31.584419,Q43_V007,Q_0483,2,0,1,0,1,0,103,0,0,0,1,43.6,6561.14,102154778112,23022906368,1,0,0,0,0,1,0,3,10,10.0,Limit,0,2.303
DESKTOP-KQF03T0,Jashvanth,2026-06-30T11:51:36.610132,Q43_V007,Q_0483,3,0,1,0,1,0,103,0,0,0,1,77.9,6768.21,102196257280,23040654336,1,0,0,0,0,1,0,3,10,10.0,Limit,0,1.752
DESKTOP-KQF03T0,Jashvanth,2026-06-30T11:51:41.630365,Q43_V008,Q_0484,1,0,1,0,1,0,107,0,0,0,1,61.4,6836.7,102205587968,23088548864,1,0,0,0,0,1,0,3,10,10.0,Limit,0,0.455
DESKTOP-KQF03T0,Jashvanth,2026-06-30T11:51:46.651005,Q43_V008,Q_0484,2,0,1,0,1,0,107,0,0,0,1,60.2,6886.2,102226166272,23092263936,1,0,0,0,0,1,0,3,10,10.0,Limit,0,0.723
DESKTOP-KQF03T0,Jashvanth,2026-06-30T11:51:51.691289,Q43_V008,Q_0484,3,0,1,0,1,0,107,0,0,0,1,56.5,6919.54,102247608320,23095331840,1,0,0,0,0,1,0,3,10,10.0,Limit,0,1.303
DESKTOP-KQF03T0,Jashvanth,2026-06-30T11:51:56.722849,Q43_V009,Q_0485,1,0,0,0,1,0,79,0,0,0,1,63.8,7004.49,102255120384,23099988992,1,0,0,0,0,1,0,3,10,10.0,Limit,0,2.344
DESKTOP-KQF03T0,Jashvanth,2026-06-30T11:52:01.751348,Q43_V009,Q_0485,2,0,0,0,1,0,79,0,0,0,1,65.6,7013.31,102274546176,23158901760,1,0,0,0,0,1,0,3,10,10.0,Limit,0,1.959
DESKTOP-KQF03T0,Jashvanth,2026-06-30T11:52:06.784016,Q43_V009,Q_0485,3,0,0,0,1,0,79,0,0,0,1,50.5,6828.75,102276286976,23161773056,1,0,0,0,0,1,0,3,10,10.0,Limit,0,2.888
DESKTOP-KQF03T0,Jashvanth,2026-06-30T11:52:11.812344,Q43_V010,Q_0486,1,0,0,0,1,0,96,0,0,0,1,28.7,6913.39,102280837632,23163853824,1,0,0,0,0,1,0,3,15,15.0,Limit,0,2.158
DESKTOP-KQF03T0,Jashvanth,2026-06-30T11:52:16.849302,Q43_V010,Q_0486,2,0,0,0,1,0,96,0,0,0,1,75.1,7116.77,102292916224,23166934016,1,0,0,0,0,1,0,3,15,15.0,Limit,0,1.538
DESKTOP-KQF03T0,Jashvanth,2026-06-30T11:52:21.898737,Q43_V010,Q_0486,3,0,0,0,1,0,96,0,0,0,1,65.0,7025.53,102298551296,23168650240,1,0,0,0,0,1,0,3,15,15.0,Limit,0,2.119
DESKTOP-KQF03T0,Jashvanth,2026-06-30T11:52:26.967865,Q44_V001,Q_0487,1,0,1,0,0,0,134,0,0,1,1,57.9,6943.68,102300493312,23170837504,0,1,0,0,0,0,0,2,283,288.0,Bitmap Heap Scan,0,0.501
DESKTOP-KQF03T0,Jashvanth,2026-06-30T11:52:32.000157,Q44_V001,Q_0487,2,0,1,0,0,0,134,0,0,1,1,70.2,7046.39,102324780032,23172082688,0,1,0,0,0,0,0,2,283,288.0,Bitmap Heap Scan,0,0.312
DESKTOP-KQF03T0,Jashvanth,2026-06-30T11:52:37.030934,Q44_V001,Q_0487,3,0,1,0,0,0,134,0,0,1,1,69.2,7109.69,102341629440,23174585344,0,1,0,0,0,0,0,2,283,288.0,Bitmap Heap Scan,0,0.389
DESKTOP-KQF03T0,Jashvanth,2026-06-30T11:52:42.062312,Q44_V002,Q_0488,1,0,1,0,0,0,134,0,0,1,1,83.2,7198.18,102375418368,23179123712,0,1,0,0,0,0,0,2,283,285.0,Bitmap Heap Scan,0,0.994
DESKTOP-KQF03T0,Jashvanth,2026-06-30T11:52:47.088728,Q44_V002,Q_0488,2,0,1,0,0,0,134,0,0,1,1,49.4,7203.89,102380313600,23180708864,0,1,0,0,0,0,0,2,283,285.0,Bitmap Heap Scan,0,0.187
DESKTOP-KQF03T0,Jashvanth,2026-06-30T11:52:52.107493,Q44_V002,Q_0488,3,0,1,0,0,0,134,0,0,1,1,43.5,7185.43,102382074880,23183196672,0,1,0,0,0,0,0,2,283,285.0,Bitmap Heap Scan,0,0.199
DESKTOP-KQF03T0,Jashvanth,2026-06-30T11:52:57.129772,Q44_V003,Q_0489,1,0,1,0,0,0,134,0,0,1,1,41.1,7192.97,102382369792,23184372224,0,1,0,0,0,0,0,2,313,303.0,Bitmap Heap Scan,0,0.189
DESKTOP-KQF03T0,Jashvanth,2026-06-30T11:53:02.154209,Q44_V003,Q_0489,2,0,1,0,0,0,134,0,0,1,1,38.5,7155.89,102383012864,23187685888,0,1,0,0,0,0,0,2,313,303.0,Bitmap Heap Scan,0,0.423
DESKTOP-KQF03T0,Jashvanth,2026-06-30T11:53:07.178059,Q44_V003,Q_0489,3,0,1,0,0,0,134,0,0,1,1,47.6,7150.45,102383664128,23188652544,0,1,0,0,0,0,0,2,313,303.0,Bitmap Heap Scan,0,0.437
DESKTOP-KQF03T0,Jashvanth,2026-06-30T11:53:12.205060,Q44_V004,Q_0490,1,0,1,0,0,0,134,0,0,1,1,49.6,7081.84,102383746048,23189029376,0,1,0,0,0,0,0,2,293,286.0,Bitmap Heap Scan,0,1.835
DESKTOP-KQF03T0,Jashvanth,2026-06-30T11:53:17.233716,Q44_V004,Q_0490,2,0,1,0,0,0,134,0,0,1,1,57.5,7084.18,102393703424,23234441728,0,1,0,0,0,0,0,2,293,286.0,Bitmap Heap Scan,0,0.413
DESKTOP-KQF03T0,Jashvanth,2026-06-30T11:53:22.278724,Q44_V004,Q_0490,3,0,1,0,0,0,134,0,0,1,1,33.9,7077.63,102394366976,23235392000,0,1,0,0,0,0,0,2,293,286.0,Bitmap Heap Scan,0,0.442
DESKTOP-KQF03T0,Jashvanth,2026-06-30T11:53:27.313303,Q44_V005,Q_0491,1,0,1,0,0,0,134,0,0,1,1,36.1,7056.26,102394907648,23237599744,0,1,0,0,0,0,0,2,215,220.0,Bitmap Heap Scan,0,1.442
DESKTOP-KQF03T0,Jashvanth,2026-06-30T11:53:32.340776,Q44_V005,Q_0491,2,0,1,0,0,0,134,0,0,1,1,53.6,7093.48,102395890688,23238465536,0,1,0,0,0,0,0,2,215,220.0,Bitmap Heap Scan,0,0.261
DESKTOP-KQF03T0,Jashvanth,2026-06-30T11:53:37.373164,Q44_V005,Q_0491,3,0,1,0,0,0,134,0,0,1,1,53.0,7220.04,102407444480,23239084032,0,1,0,0,0,0,0,2,215,220.0,Bitmap Heap Scan,0,0.351
DESKTOP-KQF03T0,Jashvanth,2026-06-30T11:53:42.410903,Q44_V006,Q_0492,1,0,1,0,0,0,134,0,0,1,1,62.8,7201.45,102413998080,23239706624,0,1,0,0,0,0,0,2,855,865.0,Bitmap Heap Scan,0,0.659
DESKTOP-KQF03T0,Jashvanth,2026-06-30T11:53:47.439195,Q44_V006,Q_0492,2,0,1,0,0,0,134,0,0,1,1,69.0,7154.91,102425725952,23244011520,0,1,0,0,0,0,0,2,855,865.0,Bitmap Heap Scan,0,0.917
DESKTOP-KQF03T0,Jashvanth,2026-06-30T11:53:52.462039,Q44_V006,Q_0492,3,0,1,0,0,0,134,0,0,1,1,55.4,7141.71,102429078528,23244568576,0,1,0,0,0,0,0,2,855,865.0,Bitmap Heap Scan,0,0.365
DESKTOP-KQF03T0,Jashvanth,2026-06-30T11:53:57.492810,Q44_V007,Q_0493,1,0,1,0,0,0,126,0,0,1,1,69.1,7146.79,102432618496,23245752320,0,1,0,0,0,0,0,2,284,288.0,Bitmap Heap Scan,0,0.445
DESKTOP-KQF03T0,Jashvanth,2026-06-30T11:54:02.526782,Q44_V007,Q_0493,2,0,1,0,0,0,126,0,0,1,1,70.5,7082.77,102435899392,23248136192,0,1,0,0,0,0,0,2,284,288.0,Bitmap Heap Scan,0,0.306
DESKTOP-KQF03T0,Jashvanth,2026-06-30T11:54:07.551825,Q44_V007,Q_0493,3,0,1,0,0,0,126,0,0,1,1,57.8,7138.72,102439569408,23248787456,0,1,0,0,0,0,0,2,284,288.0,Bitmap Heap Scan,0,0.254
DESKTOP-KQF03T0,Jashvanth,2026-06-30T11:54:12.576065,Q44_V008,Q_0494,1,0,1,0,0,0,134,0,0,1,1,39.6,7131.95,102439786496,23249172480,0,1,0,0,0,0,0,2,292,296.0,Bitmap Heap Scan,0,0.348
DESKTOP-KQF03T0,Jashvanth,2026-06-30T11:54:17.603404,Q44_V008,Q_0494,2,0,1,0,0,0,134,0,0,1,1,48.2,7102.07,102466738176,23250757632,0,1,0,0,0,0,0,2,292,296.0,Bitmap Heap Scan,0,0.178
DESKTOP-KQF03T0,Jashvanth,2026-06-30T11:54:22.631185,Q44_V008,Q_0494,3,0,1,0,0,0,134,0,0,1,1,35.0,7096.84,102466811904,23251048448,0,1,0,0,0,0,0,2,292,296.0,Bitmap Heap Scan,0,0.511
DESKTOP-KQF03T0,Jashvanth,2026-06-30T11:54:27.658478,Q44_V009,Q_0495,1,0,1,0,0,0,146,0,0,1,1,36.0,7075.67,102466852864,23251646464,0,1,0,0,0,0,0,2,283,288.0,Bitmap Heap Scan,0,0.347
DESKTOP-KQF03T0,Jashvanth,2026-06-30T11:54:32.679543,Q44_V009,Q_0495,2,0,1,0,0,0,146,0,0,1,1,39.6,7138.15,102467201536,23251998720,0,1,0,0,0,0,0,2,283,288.0,Bitmap Heap Scan,0,0.175
DESKTOP-KQF03T0,Jashvanth,2026-06-30T11:54:37.700983,Q44_V009,Q_0495,3,0,1,0,0,0,146,0,0,1,1,47.9,7143.81,102467435008,23252846592,0,1,0,0,0,0,0,2,283,288.0,Bitmap Heap Scan,0,0.21
DESKTOP-KQF03T0,Jashvanth,2026-06-30T11:54:42.728131,Q44_V010,Q_0496,1,0,1,0,1,0,164,0,0,1,1,36.7,7151.07,102467566080,23253129216,0,1,0,0,0,1,0,3,283,288.0,Sort,0,0.522
DESKTOP-KQF03T0,Jashvanth,2026-06-30T11:54:47.749010,Q44_V010,Q_0496,2,0,1,0,1,0,164,0,0,1,1,39.9,7139.65,102467947008,23253821440,0,1,0,0,0,1,0,3,283,288.0,Sort,0,0.31
DESKTOP-KQF03T0,Jashvanth,2026-06-30T11:54:52.776778,Q44_V010,Q_0496,3,0,1,0,1,0,164,0,0,1,1,38.5,7131.14,102467963392,23254226944,0,1,0,0,0,1,0,3,283,288.0,Sort,0,0.521
DESKTOP-KQF03T0,Jashvanth,2026-06-30T11:54:57.814862,Q44_V011,Q_0497,1,0,1,0,0,0,162,0,0,2,1,39.1,7123.34,102468147712,23254857728,0,1,0,0,0,0,0,2,1,0.0,Bitmap Heap Scan,0,0.322
DESKTOP-KQF03T0,Jashvanth,2026-06-30T11:55:02.839958,Q44_V011,Q_0497,2,0,1,0,0,0,162,0,0,2,1,38.7,7136.45,102468311552,23255459840,0,1,0,0,0,0,0,2,1,0.0,Bitmap Heap Scan,0,0.39
DESKTOP-KQF03T0,Jashvanth,2026-06-30T11:55:07.869472,Q44_V011,Q_0497,3,0,1,0,0,0,162,0,0,2,1,41.5,7137.67,102468598272,23256147968,0,1,0,0,0,0,0,2,1,0.0,Bitmap Heap Scan,0,0.238
DESKTOP-KQF03T0,Jashvanth,2026-06-30T11:55:12.890164,Q45_V001,Q_0498,1,0,0,1,1,0,85,1,0,0,1,42.2,7133.97,102470384128,23256504320,1,0,0,0,0,1,1,3,6,6.0,Sort,0,0.339
DESKTOP-KQF03T0,Jashvanth,2026-06-30T11:55:17.912771,Q45_V001,Q_0498,2,0,0,1,1,0,85,1,0,0,1,38.0,7161.83,102470650368,23257528320,1,0,0,0,0,1,1,3,6,6.0,Sort,0,1.113
DESKTOP-KQF03T0,Jashvanth,2026-06-30T11:55:22.942073,Q45_V001,Q_0498,3,0,0,1,1,0,85,1,0,0,1,39.9,7169.7,102470937088,23258425344,1,0,0,0,0,1,1,3,6,6.0,Sort,0,0.929
DESKTOP-KQF03T0,Jashvanth,2026-06-30T11:55:27.977453,Q45_V002,Q_0499,1,0,0,1,1,0,84,1,0,0,1,38.3,7167.67,102472680960,23259375616,1,0,0,0,0,1,1,3,6,6.0,Sort,0,0.516
DESKTOP-KQF03T0,Jashvanth,2026-06-30T11:55:32.997404,Q45_V002,Q_0499,2,0,0,1,1,0,84,1,0,0,1,41.8,7164.81,102473648128,23259990528,1,0,0,0,0,1,1,3,6,6.0,Sort,0,0.502
DESKTOP-KQF03T0,Jashvanth,2026-06-30T11:55:38.025086,Q45_V002,Q_0499,3,0,0,1,1,0,84,1,0,0,1,39.2,7158.79,102474008576,23260645888,1,0,0,0,0,1,1,3,6,6.0,Sort,0,0.774
DESKTOP-KQF03T0,Jashvanth,2026-06-30T11:56:50.170218,Q45_V003,Q_0500,1,0,0,1,1,0,88,1,0,0,1,71.2,7251.43,105370828800,23510461952,1,0,0,0,0,1,1,3,6,6.0,Sort,0,1.413
DESKTOP-KQF03T0,Jashvanth,2026-06-30T11:56:55.212561,Q45_V003,Q_0500,2,0,0,1,1,0,88,1,0,0,1,60.9,7305.65,105390008320,23511211520,1,0,0,0,0,1,1,3,6,6.0,Sort,0,0.74
DESKTOP-KQF03T0,Jashvanth,2026-06-30T11:57:00.271296,Q45_V003,Q_0500,3,0,0,1,1,0,88,1,0,0,1,53.6,7275.61,105448183808,23511674368,1,0,0,0,0,1,1,3,6,6.0,Sort,0,0.897
DESKTOP-KQF03T0,Jashvanth,2026-06-30T11:57:05.328034,Q45_V004,Q_0501,1,0,1,1,1,0,116,1,0,0,1,48.3,6914.9,105451159552,23512878592,1,0,0,0,0,1,1,3,6,2.0,Sort,0,0.838
DESKTOP-KQF03T0,Jashvanth,2026-06-30T11:57:10.352229,Q45_V004,Q_0501,2,0,1,1,1,0,116,1,0,0,1,22.3,6930.93,105452933120,23513091584,1,0,0,0,0,1,1,3,6,2.0,Sort,0,0.304
DESKTOP-KQF03T0,Jashvanth,2026-06-30T11:57:15.387897,Q45_V004,Q_0501,3,0,1,1,1,0,116,1,0,0,1,30.1,6913.43,105455095808,23513390592,1,0,0,0,0,1,1,3,6,2.0,Sort,0,0.351
DESKTOP-KQF03T0,Jashvanth,2026-06-30T11:57:20.413299,Q45_V005,Q_0502,1,0,0,1,1,0,107,2,0,0,1,29.0,6918.42,105455656960,23513501184,1,0,0,0,0,1,1,3,2,6.0,Sort,0,1.057
DESKTOP-KQF03T0,Jashvanth,2026-06-30T11:57:25.436475,Q45_V005,Q_0502,2,0,0,1,1,0,107,2,0,0,1,22.8,6887.4,105456453632,23514471936,1,0,0,0,0,1,1,3,2,6.0,Sort,0,0.34
DESKTOP-KQF03T0,Jashvanth,2026-06-30T11:57:30.458492,Q45_V005,Q_0502,3,0,0,1,1,0,107,2,0,0,1,27.4,6913.86,105461106176,23514791424,1,0,0,0,0,1,1,3,2,6.0,Sort,0,0.424
DESKTOP-KQF03T0,Jashvanth,2026-06-30T11:57:35.485358,Q45_V006,Q_0503,1,0,0,1,1,0,94,1,0,0,1,27.6,6950.9,105474652672,23515262464,1,0,0,0,0,1,1,4,6,6.0,Limit,0,0.757
DESKTOP-KQF03T0,Jashvanth,2026-06-30T11:57:40.523586,Q45_V006,Q_0503,2,0,0,1,1,0,94,1,0,0,1,26.9,6933.53,105481722368,23515569664,1,0,0,0,0,1,1,4,6,6.0,Limit,0,0.818
DESKTOP-KQF03T0,Jashvanth,2026-06-30T11:57:45.548699,Q45_V006,Q_0503,3,0,0,1,1,0,94,1,0,0,1,34.7,7028.44,105482242560,23515926016,1,0,0,0,0,1,1,4,6,6.0,Limit,0,1.038
DESKTOP-KQF03T0,Jashvanth,2026-06-30T11:57:50.601688,Q45_V007,Q_0504,1,0,0,1,1,0,118,2,0,0,1,47.1,7051.39,105492593664,23541963264,1,0,0,0,0,1,1,3,6,6.0,Sort,0,2.065
DESKTOP-KQF03T0,Jashvanth,2026-06-30T11:57:55.627420,Q45_V007,Q_0504,2,0,0,1,1,0,118,2,0,0,1,41.8,7060.17,105493158912,23542680064,1,0,0,0,0,1,1,3,6,6.0,Sort,0,0.98
DESKTOP-KQF03T0,Jashvanth,2026-06-30T11:58:00.665648,Q45_V007,Q_0504,3,0,0,1,1,0,118,2,0,0,1,41.5,7065.19,105494499328,23543347712,1,0,0,0,0,1,1,3,6,6.0,Sort,0,0.579
DESKTOP-KQF03T0,Jashvanth,2026-06-30T11:58:05.693022,Q45_V008,Q_0505,1,0,1,1,1,0,102,1,0,0,1,35.9,7062.27,105496209408,23543745024,1,0,0,0,0,1,1,3,6,6.0,Sort,0,0.544
DESKTOP-KQF03T0,Jashvanth,2026-06-30T11:58:10.721043,Q45_V008,Q_0505,2,0,1,1,1,0,102,1,0,0,1,37.0,7059.74,105496811008,23544228352,1,0,0,0,0,1,1,3,6,6.0,Sort,0,0.848
DESKTOP-KQF03T0,Jashvanth,2026-06-30T11:58:15.744887,Q45_V008,Q_0505,3,0,1,1,1,0,102,1,0,0,1,38.1,7017.07,105497687552,23586249216,1,0,0,0,0,1,1,3,6,6.0,Sort,0,0.469
DESKTOP-KQF03T0,Jashvanth,2026-06-30T11:58:20.785283,Q45_V009,Q_0506,1,0,0,1,1,0,116,1,1,0,1,23.7,7038.06,105498461696,23586818560,1,0,0,0,0,2,1,4,6,6.0,Sort,0,5.405
DESKTOP-KQF03T0,Jashvanth,2026-06-30T11:58:25.819925,Q45_V009,Q_0506,2,0,0,1,1,0,116,1,1,0,1,45.0,7017.93,105498740224,23587875328,1,0,0,0,0,2,1,4,6,6.0,Sort,0,2.073
DESKTOP-KQF03T0,Jashvanth,2026-06-30T11:58:30.847493,Q45_V009,Q_0506,3,0,0,1,1,0,116,1,1,0,1,40.4,7039.19,105499842048,23588328960,1,0,0,0,0,2,1,4,6,6.0,Sort,0,3.659
DESKTOP-KQF03T0,Jashvanth,2026-06-30T11:58:35.874053,Q45_V010,Q_0507,1,0,1,1,1,0,111,1,0,0,1,51.9,7046.0,105501467648,23588955648,1,0,0,0,0,1,1,3,6,6.0,Sort,0,1.259
DESKTOP-KQF03T0,Jashvanth,2026-06-30T11:58:40.898861,Q45_V010,Q_0507,2,0,1,1,1,0,111,1,0,0,1,35.0,7050.63,105502049280,23589602816,1,0,0,0,0,1,1,3,6,6.0,Sort,0,1.048
DESKTOP-KQF03T0,Jashvanth,2026-06-30T11:58:45.925411,Q45_V010,Q_0507,3,0,1,1,1,0,111,1,0,0,1,43.0,7053.82,105502331904,23589983744,1,0,0,0,0,1,1,3,6,6.0,Sort,0,1.27
DESKTOP-KQF03T0,Jashvanth,2026-06-30T11:58:50.950739,Q45_V011,Q_0508,1,0,0,1,1,0,151,3,0,0,1,44.3,7105.38,105502688256,23590491648,1,0,0,0,0,1,1,3,6,6.0,Sort,0,0.469
DESKTOP-KQF03T0,Jashvanth,2026-06-30T11:58:55.974306,Q45_V011,Q_0508,2,0,0,1,1,0,151,3,0,0,1,34.3,6976.61,105506883584,23591007744,1,0,0,0,0,1,1,3,6,6.0,Sort,0,1.03
DESKTOP-KQF03T0,Jashvanth,2026-06-30T11:59:00.997466,Q45_V011,Q_0508,3,0,0,1,1,0,151,3,0,0,1,22.2,6955.48,105509367296,23591478784,1,0,0,0,0,1,1,3,6,6.0,Sort,0,1.159
DESKTOP-KQF03T0,Jashvanth,2026-06-30T11:59:06.024771,Q46_V001,Q_0509,1,0,1,0,0,0,73,0,0,0,1,26.1,6959.03,105516588544,23600784896,1,0,0,0,0,0,0,1,44,44.0,Seq Scan,0,0.607
DESKTOP-KQF03T0,Jashvanth,2026-06-30T11:59:11.044670,Q46_V001,Q_0509,2,0,1,0,0,0,73,0,0,0,1,41.5,6943.71,105517104640,23601280512,1,0,0,0,0,0,0,1,44,44.0,Seq Scan,0,0.101
DESKTOP-KQF03T0,Jashvanth,2026-06-30T11:59:16.069513,Q46_V001,Q_0509,3,0,1,0,0,0,73,0,0,0,1,29.0,6829.69,105517383168,23601612288,1,0,0,0,0,0,0,1,44,44.0,Seq Scan,0,0.135
DESKTOP-KQF03T0,Jashvanth,2026-06-30T11:59:21.097355,Q46_V002,Q_0510,1,0,1,0,0,0,73,0,0,0,1,22.1,6845.57,105517452800,23602103808,1,0,0,0,0,0,0,1,94,94.0,Seq Scan,0,0.111
DESKTOP-KQF03T0,Jashvanth,2026-06-30T11:59:26.116229,Q46_V002,Q_0510,2,0,1,0,0,0,73,0,0,0,1,24.4,6838.9,105517719040,23603414528,1,0,0,0,0,0,0,1,94,94.0,Seq Scan,0,0.106
DESKTOP-KQF03T0,Jashvanth,2026-06-30T11:59:31.156965,Q46_V002,Q_0510,3,0,1,0,0,0,73,0,0,0,1,28.1,6853.72,105519738368,23604499968,1,0,0,0,0,0,0,1,94,94.0,Seq Scan,0,0.23
DESKTOP-KQF03T0,Jashvanth,2026-06-30T11:59:36.176927,Q46_V003,Q_0511,1,0,1,0,0,0,73,0,0,0,1,43.2,6879.53,105520868864,23605016064,1,0,0,0,0,0,0,1,21,21.0,Seq Scan,0,0.091
DESKTOP-KQF03T0,Jashvanth,2026-06-30T11:59:41.197597,Q46_V003,Q_0511,2,0,1,0,0,0,73,0,0,0,1,25.5,6885.54,105521147392,23605437952,1,0,0,0,0,0,0,1,21,21.0,Seq Scan,0,0.257
DESKTOP-KQF03T0,Jashvanth,2026-06-30T11:59:46.232159,Q46_V003,Q_0511,3,0,1,0,0,0,73,0,0,0,1,33.9,6809.26,105521663488,23641634304,1,0,0,0,0,0,0,1,21,21.0,Seq Scan,0,0.261
DESKTOP-KQF03T0,Jashvanth,2026-06-30T11:59:51.267206,Q46_V004,Q_0512,1,0,1,0,0,0,88,0,0,1,1,29.6,6806.57,105522097664,23642105344,1,0,0,0,0,0,0,1,174,173.0,Seq Scan,0,0.304
DESKTOP-KQF03T0,Jashvanth,2026-06-30T11:59:56.286041,Q46_V004,Q_0512,2,0,1,0,0,0,88,0,0,1,1,25.9,6855.89,105524178432,23643837952,1,0,0,0,0,0,0,1,174,173.0,Seq Scan,0,0.379
DESKTOP-KQF03T0,Jashvanth,2026-06-30T12:00:01.308877,Q46_V004,Q_0512,3,0,1,0,0,0,88,0,0,1,1,24.1,6830.52,105524555264,23644218880,1,0,0,0,0,0,0,1,174,173.0,Seq Scan,0,0.137
DESKTOP-KQF03T0,Jashvanth,2026-06-30T12:00:06.365874,Q46_V005,Q_0513,1,0,1,0,1,0,97,0,0,0,1,32.4,6819.04,105525502464,23644501504,1,0,0,0,0,1,0,2,44,44.0,Sort,0,0.662
DESKTOP-KQF03T0,Jashvanth,2026-06-30T12:00:11.392895,Q46_V005,Q_0513,2,0,1,0,1,0,97,0,0,0,1,33.0,6817.34,105526004736,23644993024,1,0,0,0,0,1,0,2,44,44.0,Sort,0,0.142
DESKTOP-KQF03T0,Jashvanth,2026-06-30T12:00:16.425474,Q46_V005,Q_0513,3,0,1,0,1,0,97,0,0,0,1,38.3,6817.37,105526496256,23645521408,1,0,0,0,0,1,0,2,44,44.0,Sort,0,0.166
DESKTOP-KQF03T0,Jashvanth,2026-06-30T12:00:21.444598,Q46_V006,Q_0514,1,0,1,0,0,0,86,0,0,0,1,26.3,6819.11,105527525888,23645885952,1,0,0,0,0,0,0,1,44,44.0,Seq Scan,0,0.141
DESKTOP-KQF03T0,Jashvanth,2026-06-30T12:00:26.470019,Q46_V006,Q_0514,2,0,1,0,0,0,86,0,0,0,1,33.7,6850.65,105529044480,23647065600,1,0,0,0,0,0,0,1,44,44.0,Seq Scan,0,0.361
DESKTOP-KQF03T0,Jashvanth,2026-06-30T12:00:31.495152,Q46_V006,Q_0514,3,0,1,0,0,0,86,0,0,0,1,14.9,6844.91,105529605632,23647704064,1,0,0,0,0,0,0,1,44,44.0,Seq Scan,0,0.131
DESKTOP-KQF03T0,Jashvanth,2026-06-30T12:00:36.529995,Q46_V007,Q_0515,1,0,1,0,0,0,93,0,0,1,1,25.7,6881.38,105530105344,23648154624,0,1,0,0,0,0,0,2,2,1.0,Bitmap Heap Scan,0,0.621
DESKTOP-KQF03T0,Jashvanth,2026-06-30T12:00:41.576371,Q46_V007,Q_0515,2,0,1,0,0,0,93,0,0,1,1,36.1,6853.24,105530994176,23648781312,0,1,0,0,0,0,0,2,2,1.0,Bitmap Heap Scan,0,0.106
DESKTOP-KQF03T0,Jashvanth,2026-06-30T12:00:46.610646,Q46_V007,Q_0515,3,0,1,0,0,0,93,0,0,1,1,27.0,6861.96,105531174400,23649137664,0,1,0,0,0,0,0,2,2,1.0,Bitmap Heap Scan,0,0.04
DESKTOP-KQF03T0,Jashvanth,2026-06-30T12:00:51.630907,Q46_V008,Q_0516,1,0,1,0,0,0,70,0,0,0,1,21.4,6864.24,105531497984,23649428480,1,0,0,0,0,0,0,1,41,40.0,Seq Scan,0,0.132
DESKTOP-KQF03T0,Jashvanth,2026-06-30T12:00:56.649761,Q46_V008,Q_0516,2,0,1,0,0,0,70,0,0,0,1,26.4,6821.65,105531846144,23650083840,1,0,0,0,0,0,0,1,41,40.0,Seq Scan,0,0.098
DESKTOP-KQF03T0,Jashvanth,2026-06-30T12:01:01.691841,Q46_V008,Q_0516,3,0,1,0,0,0,70,0,0,0,1,24.7,6768.78,105533270528,23650620416,1,0,0,0,0,0,0,1,41,40.0,Seq Scan,0,0.131
DESKTOP-KQF03T0,Jashvanth,2026-06-30T12:01:06.744677,Q46_V009,Q_0517,1,0,1,0,0,0,75,1,0,0,1,28.9,6767.43,105534183936,23651042304,1,0,0,0,0,0,1,2,1,1.0,Aggregate,0,0.127
DESKTOP-KQF03T0,Jashvanth,2026-06-30T12:01:11.767513,Q46_V009,Q_0517,2,0,1,0,0,0,75,1,0,0,1,22.9,6797.96,105540928000,23651968000,1,0,0,0,0,0,1,2,1,1.0,Aggregate,0,0.301
DESKTOP-KQF03T0,Jashvanth,2026-06-30T12:01:16.788471,Q46_V009,Q_0517,3,0,1,0,0,0,75,1,0,0,1,26.4,6782.46,105541666816,23652348928,1,0,0,0,0,0,1,2,1,1.0,Aggregate,0,0.095
DESKTOP-KQF03T0,Jashvanth,2026-06-30T12:01:21.811437,Q46_V010,Q_0518,1,0,1,0,0,0,82,0,0,0,1,32.5,6810.71,105556154368,23652803584,1,0,0,0,0,0,0,2,44,44.0,Limit,0,0.13
DESKTOP-KQF03T0,Jashvanth,2026-06-30T12:01:26.834598,Q46_V010,Q_0518,2,0,1,0,0,0,82,0,0,0,1,34.1,6835.86,105867555840,23654093824,1,0,0,0,0,0,0,2,44,44.0,Limit,0,0.138
DESKTOP-KQF03T0,Jashvanth,2026-06-30T12:01:31.861947,Q46_V010,Q_0518,3,0,1,0,0,0,82,0,0,0,1,27.6,6797.61,105868186624,23656276992,1,0,0,0,0,0,0,2,44,44.0,Limit,0,0.14
DESKTOP-KQF03T0,Jashvanth,2026-06-30T12:01:36.883685,Q46_V011,Q_0519,1,0,1,0,0,1,106,1,0,0,2,25.5,6777.38,105869374464,23656584192,2,0,0,0,0,0,1,3,167,241.0,Seq Scan,0,0.658
DESKTOP-KQF03T0,Jashvanth,2026-06-30T12:01:41.911537,Q46_V011,Q_0519,2,0,1,0,0,1,106,1,0,0,2,22.4,6784.63,105869886464,23657026560,2,0,0,0,0,0,1,3,167,241.0,Seq Scan,0,0.326
DESKTOP-KQF03T0,Jashvanth,2026-06-30T12:01:46.931180,Q46_V011,Q_0519,3,0,1,0,0,1,106,1,0,0,2,33.4,6788.11,105870062592,23657387008,2,0,0,0,0,0,1,3,167,241.0,Seq Scan,0,0.324
DESKTOP-KQF03T0,Jashvanth,2026-06-30T12:01:52.001413,Q47_V001,Q_0520,1,0,0,0,0,0,59,1,0,0,1,37.3,6809.68,105898383872,23658206208,1,0,0,0,0,0,1,2,1,1.0,Aggregate,0,13.776
DESKTOP-KQF03T0,Jashvanth,2026-06-30T12:01:57.028778,Q47_V001,Q_0520,2,0,0,0,0,0,59,1,0,0,1,62.7,7088.36,105965826048,23663138816,1,0,0,0,0,0,1,2,1,1.0,Aggregate,0,8.452
DESKTOP-KQF03T0,Jashvanth,2026-06-30T12:02:02.066311,Q47_V001,Q_0520,3,0,0,0,0,0,59,1,0,0,1,43.7,6708.38,105967596032,23698118656,1,0,0,0,0,0,1,2,1,1.0,Aggregate,0,10.518
DESKTOP-KQF03T0,Jashvanth,2026-06-30T12:02:07.105443,Q47_V002,Q_0521,1,0,1,0,0,0,97,1,0,0,1,16.4,6733.34,105968046592,23698618368,1,0,0,0,0,0,1,2,1,1.0,Aggregate,0,9.88
DESKTOP-KQF03T0,Jashvanth,2026-06-30T12:02:12.141263,Q47_V002,Q_0521,2,0,1,0,0,0,97,1,0,0,1,20.4,6722.41,105968738816,23699027968,1,0,0,0,0,0,1,2,1,1.0,Aggregate,0,6.569
DESKTOP-KQF03T0,Jashvanth,2026-06-30T12:02:17.192531,Q47_V002,Q_0521,3,0,1,0,0,0,97,1,0,0,1,35.4,6758.48,105990119936,23723677696,1,0,0,0,0,0,1,2,1,1.0,Aggregate,0,6.113
DESKTOP-KQF03T0,Jashvanth,2026-06-30T12:02:22.227688,Q47_V003,Q_0522,1,0,0,0,0,0,78,1,0,0,1,25.4,6769.45,105990726144,23725078528,1,0,0,0,0,0,1,2,1,1.0,Aggregate,0,12.66
DESKTOP-KQF03T0,Jashvanth,2026-06-30T12:02:27.253868,Q47_V003,Q_0522,2,0,0,0,0,0,78,1,0,0,1,43.7,6606.02,105992155648,23763359744,1,0,0,0,0,0,1,2,1,1.0,Aggregate,0,8.764
DESKTOP-KQF03T0,Jashvanth,2026-06-30T12:02:32.284683,Q47_V003,Q_0522,3,0,0,0,0,0,78,1,0,0,1,27.0,6623.89,105997722112,23765134336,1,0,0,0,0,0,1,2,1,1.0,Aggregate,0,11.93
DESKTOP-KQF03T0,Jashvanth,2026-06-30T12:02:37.307315,Q47_V004,Q_0523,1,0,1,0,0,0,84,1,0,0,1,19.6,6651.84,105998393856,23765670912,1,0,0,0,0,0,1,2,1,1.0,Aggregate,0,4.771
DESKTOP-KQF03T0,Jashvanth,2026-06-30T12:02:42.329362,Q47_V004,Q_0523,2,0,1,0,0,0,84,1,0,0,1,27.3,6656.29,105999315456,23766113280,1,0,0,0,0,0,1,2,1,1.0,Aggregate,0,3.368
DESKTOP-KQF03T0,Jashvanth,2026-06-30T12:02:47.350617,Q47_V004,Q_0523,3,0,1,0,0,0,84,1,0,0,1,21.9,6664.71,105999458816,23766494208,1,0,0,0,0,0,1,2,1,1.0,Aggregate,0,3.681
DESKTOP-KQF03T0,Jashvanth,2026-06-30T12:02:52.417865,Q47_V005,Q_0524,1,0,0,0,0,0,83,2,0,0,1,39.1,6685.48,106000232960,23767236096,1,0,0,0,0,0,1,2,1,1.0,Aggregate,0,14.367
DESKTOP-KQF03T0,Jashvanth,2026-06-30T12:02:57.455393,Q47_V005,Q_0524,2,0,0,0,0,0,83,2,0,0,1,34.8,6611.61,106001445888,23781856768,1,0,0,0,0,0,1,2,1,1.0,Aggregate,0,7.353
DESKTOP-KQF03T0,Jashvanth,2026-06-30T12:03:02.514382,Q47_V005,Q_0524,3,0,0,0,0,0,83,2,0,0,1,33.8,6623.76,106005070848,23782323712,1,0,0,0,0,0,1,2,1,1.0,Aggregate,0,8.652
DESKTOP-KQF03T0,Jashvanth,2026-06-30T12:03:07.541699,Q47_V006,Q_0525,1,0,1,0,0,0,84,1,0,0,1,33.5,6625.71,106005271552,23782741504,1,0,0,0,0,0,1,2,1,1.0,Aggregate,0,6.087
DESKTOP-KQF03T0,Jashvanth,2026-06-30T12:03:12.582987,Q47_V006,Q_0525,2,0,1,0,0,0,84,1,0,0,1,35.3,6523.08,106006057984,23783241216,1,0,0,0,0,0,1,2,1,1.0,Aggregate,0,7.202
DESKTOP-KQF03T0,Jashvanth,2026-06-30T12:03:17.616210,Q47_V006,Q_0525,3,0,1,0,0,0,84,1,0,0,1,24.8,6538.67,106006381568,23784003072,1,0,0,0,0,0,1,2,1,1.0,Aggregate,0,10.138
DESKTOP-KQF03T0,Jashvanth,2026-06-30T12:03:22.672942,Q47_V007,Q_0526,1,0,1,0,0,0,83,1,0,0,1,25.6,6556.82,106006777344,23784879616,1,0,0,0,0,0,1,2,1,1.0,Aggregate,0,7.27
DESKTOP-KQF03T0,Jashvanth,2026-06-30T12:03:27.697573,Q47_V007,Q_0526,2,0,1,0,0,0,83,1,0,0,1,23.9,6531.06,106007109120,23785899520,1,0,0,0,0,0,1,2,1,1.0,Aggregate,0,4.847
DESKTOP-KQF03T0,Jashvanth,2026-06-30T12:03:32.731966,Q47_V007,Q_0526,3,0,1,0,0,0,83,1,0,0,1,31.9,6528.61,106007498240,23786296832,1,0,0,0,0,0,1,2,1,1.0,Aggregate,0,14.524
DESKTOP-KQF03T0,Jashvanth,2026-06-30T12:03:37.758397,Q47_V008,Q_0527,1,0,0,0,0,0,57,1,0,0,1,32.0,6594.08,106008444416,23787028480,1,0,0,0,0,0,1,2,1,1.0,Aggregate,0,6.341
DESKTOP-KQF03T0,Jashvanth,2026-06-30T12:03:42.783755,Q47_V008,Q_0527,2,0,0,0,0,0,57,1,0,0,1,35.9,6593.46,106015827456,23787470848,1,0,0,0,0,0,1,2,1,1.0,Aggregate,0,4.441
DESKTOP-KQF03T0,Jashvanth,2026-06-30T12:03:47.809257,Q47_V008,Q_0527,3,0,0,0,0,0,57,1,0,0,1,27.8,6612.28,106097449984,23791099904,1,0,0,0,0,0,1,2,1,1.0,Aggregate,0,5.755
DESKTOP-KQF03T0,Jashvanth,2026-06-30T12:03:52.828737,Q47_V009,Q_0528,1,0,1,0,0,0,124,1,0,1,1,28.4,6617.61,106097908736,23794184192,0,1,0,0,0,0,1,3,1,1.0,Aggregate,0,3.329
DESKTOP-KQF03T0,Jashvanth,2026-06-30T12:03:57.853873,Q47_V009,Q_0528,2,0,1,0,0,0,124,1,0,1,1,37.8,6658.53,106100205568,23795441664,0,1,0,0,0,0,1,3,1,1.0,Aggregate,0,2.562
DESKTOP-KQF03T0,Jashvanth,2026-06-30T12:04:02.906563,Q47_V009,Q_0528,3,0,1,0,0,0,124,1,0,1,1,62.9,6837.63,106105446912,23796760576,0,1,0,0,0,0,1,3,1,1.0,Aggregate,0,3.554
DESKTOP-KQF03T0,Jashvanth,2026-06-30T12:04:07.934435,Q47_V010,Q_0529,1,0,1,0,0,0,81,1,0,0,1,50.3,6741.4,106106548736,23830675456,1,0,0,0,0,0,1,2,1,1.0,Aggregate,0,3.975
DESKTOP-KQF03T0,Jashvanth,2026-06-30T12:04:12.965996,Q47_V010,Q_0529,2,0,1,0,0,0,81,1,0,0,1,57.5,6912.41,106114344960,23830974464,1,0,0,0,0,0,1,2,1,1.0,Aggregate,0,10.72
DESKTOP-KQF03T0,Jashvanth,2026-06-30T12:04:17.997568,Q47_V010,Q_0529,3,0,1,0,0,0,81,1,0,0,1,56.0,6936.73,106115843584,23831277568,1,0,0,0,0,0,1,2,1,1.0,Aggregate,0,10.036
DESKTOP-KQF03T0,Jashvanth,2026-06-30T12:04:23.033823,Q47_V011,Q_0530,1,0,1,0,0,0,85,1,0,0,1,28.9,6890.27,106116232704,23831506944,1,0,0,0,0,0,1,2,1,1.0,Aggregate,0,8.763
DESKTOP-KQF03T0,Jashvanth,2026-06-30T12:04:28.060560,Q47_V011,Q_0530,2,0,1,0,0,0,85,1,0,0,1,26.5,6861.68,106116781568,23832140288,1,0,0,0,0,0,1,2,1,1.0,Aggregate,0,7.895
DESKTOP-KQF03T0,Jashvanth,2026-06-30T12:04:33.090687,Q47_V011,Q_0530,3,0,1,0,0,0,85,1,0,0,1,23.7,6866.43,106117211648,23833258496,1,0,0,0,0,0,1,2,1,1.0,Aggregate,0,9.524
DESKTOP-KQF03T0,Jashvanth,2026-06-30T12:04:38.126357,Q48_V001,Q_0531,1,0,0,1,1,0,129,1,0,0,2,27.2,6872.36,106117707264,23833815552,0,1,0,0,0,1,1,3,1960,6.0,Sort,0,7.202
DESKTOP-KQF03T0,Jashvanth,2026-06-30T12:04:43.159797,Q48_V001,Q_0531,2,0,0,1,1,0,129,1,0,0,2,29.4,6876.21,106120893952,23834253824,0,1,0,0,0,1,1,3,1960,6.0,Sort,0,2.053
DESKTOP-KQF03T0,Jashvanth,2026-06-30T12:04:48.182863,Q48_V001,Q_0531,3,0,0,1,1,0,129,1,0,0,2,20.6,6876.65,106121352704,23835232768,0,1,0,0,0,1,1,3,1960,6.0,Sort,0,2.748
DESKTOP-KQF03T0,Jashvanth,2026-06-30T12:04:53.207265,Q48_V002,Q_0532,1,0,0,1,1,0,135,1,0,0,2,18.7,6885.59,106121434624,23835515392,0,1,0,0,0,1,1,3,1960,6.0,Sort,0,4.293
DESKTOP-KQF03T0,Jashvanth,2026-06-30T12:04:58.234968,Q48_V002,Q_0532,2,0,0,1,1,0,135,1,0,0,2,18.8,6900.98,106121635328,23836146176,0,1,0,0,0,1,1,3,1960,6.0,Sort,0,4.987
DESKTOP-KQF03T0,Jashvanth,2026-06-30T12:05:03.307297,Q48_V002,Q_0532,3,0,0,1,1,0,135,1,0,0,2,39.2,6890.56,106123821568,23843281408,0,1,0,0,0,1,1,3,1960,6.0,Sort,0,11.564
DESKTOP-KQF03T0,Jashvanth,2026-06-30T12:05:08.333573,Q48_V003,Q_0533,1,0,0,1,1,0,140,1,0,0,2,33.5,6890.14,106124136960,23844534784,1,0,0,0,0,1,1,3,1960,6.0,Sort,0,5.227
DESKTOP-KQF03T0,Jashvanth,2026-06-30T12:05:13.366021,Q48_V003,Q_0533,2,0,0,1,1,0,140,1,0,0,2,30.8,6896.48,106124632576,23845050880,1,0,0,0,0,1,1,3,1960,6.0,Sort,0,3.963
DESKTOP-KQF03T0,Jashvanth,2026-06-30T12:05:18.388122,Q48_V003,Q_0533,3,0,0,1,1,0,140,1,0,0,2,27.2,6887.25,106124673536,23845616128,1,0,0,0,0,1,1,3,1960,6.0,Sort,0,3.325
DESKTOP-KQF03T0,Jashvanth,2026-06-30T12:05:23.408487,Q48_V004,Q_0534,1,0,1,1,1,0,155,1,0,0,2,24.4,6790.27,106125074944,23845919232,1,0,0,0,0,1,1,3,1231,6.0,Sort,0,1.142
DESKTOP-KQF03T0,Jashvanth,2026-06-30T12:05:28.431926,Q48_V004,Q_0534,2,0,1,1,1,0,155,1,0,0,2,26.6,6797.61,106125226496,23846627840,1,0,0,0,0,1,1,3,1231,6.0,Sort,0,2.155
DESKTOP-KQF03T0,Jashvanth,2026-06-30T12:05:33.470280,Q48_V004,Q_0534,3,0,1,1,1,0,155,1,0,0,2,26.4,6804.71,106126148096,23847045632,1,0,0,0,0,1,1,3,1231,6.0,Sort,0,3.236
DESKTOP-KQF03T0,Jashvanth,2026-06-30T12:05:38.497469,Q48_V005,Q_0535,1,0,0,1,1,0,136,1,0,0,2,23.4,6743.12,106127593984,23849515520,1,0,0,0,0,1,1,3,1960,6.0,Sort,0,2.5
DESKTOP-KQF03T0,Jashvanth,2026-06-30T12:05:43.526175,Q48_V005,Q_0535,2,0,0,1,1,0,136,1,0,0,2,40.8,6813.11,106213789184,23853746688,1,0,0,0,0,1,1,3,1960,6.0,Sort,0,7.351
DESKTOP-KQF03T0,Jashvanth,2026-06-30T12:05:48.562117,Q48_V005,Q_0535,3,0,0,1,1,0,136,1,0,0,2,43.7,6807.65,106283638784,23854782976,1,0,0,0,0,1,1,3,1960,6.0,Sort,0,7.611
DESKTOP-KQF03T0,Jashvanth,2026-06-30T12:05:53.593323,Q48_V006,Q_0536,1,0,1,1,1,0,168,1,0,0,2,36.9,6845.17,106316721152,23856015872,0,1,0,0,0,1,1,3,1960,6.0,Sort,0,5.453
DESKTOP-KQF03T0,Jashvanth,2026-06-30T12:05:58.617936,Q48_V006,Q_0536,2,0,1,1,1,0,168,1,0,0,2,39.1,6830.92,106327887872,23857048064,0,1,0,0,0,1,1,3,1960,6.0,Sort,0,2.191
DESKTOP-KQF03T0,Jashvanth,2026-06-30T12:06:03.650100,Q48_V006,Q_0536,3,0,1,1,1,0,168,1,0,0,2,30.8,6885.24,106354153984,23882746368,0,1,0,0,0,1,1,3,1960,6.0,Sort,0,6.447
DESKTOP-KQF03T0,Jashvanth,2026-06-30T12:06:08.700212,Q48_V007,Q_0537,1,0,0,1,1,0,151,1,1,0,2,33.2,6900.24,106354749952,23883733504,1,0,0,0,0,1,1,3,1960,6.0,Aggregate,0,17.858
DESKTOP-KQF03T0,Jashvanth,2026-06-30T12:06:13.739519,Q48_V007,Q_0537,2,0,0,1,1,0,151,1,1,0,2,24.2,6893.59,106354975744,23884315136,1,0,0,0,0,1,1,3,1960,6.0,Aggregate,0,15.867
DESKTOP-KQF03T0,Jashvanth,2026-06-30T12:06:18.767164,Q48_V007,Q_0537,3,0,0,1,1,0,151,1,1,0,2,23.8,6888.39,106355348480,23884851712,1,0,0,0,0,1,1,3,1960,6.0,Aggregate,0,8.764
DESKTOP-KQF03T0,Jashvanth,2026-06-30T12:06:23.790827,Q48_V008,Q_0538,1,0,0,1,1,0,136,1,0,0,2,21.1,6888.97,106355573760,23885273600,1,0,0,0,0,1,1,3,1960,6.0,Sort,0,2.377
DESKTOP-KQF03T0,Jashvanth,2026-06-30T12:06:28.823358,Q48_V008,Q_0538,2,0,0,1,1,0,136,1,0,0,2,18.6,6877.65,106355966976,23885861376,1,0,0,0,0,1,1,3,1960,6.0,Sort,0,2.88
DESKTOP-KQF03T0,Jashvanth,2026-06-30T12:06:33.849605,Q48_V008,Q_0538,3,0,0,1,1,0,136,1,0,0,2,24.5,6896.29,106356724736,23887839744,1,0,0,0,0,1,1,3,1960,6.0,Sort,0,4.125
DESKTOP-KQF03T0,Jashvanth,2026-06-30T12:06:38.870527,Q48_V009,Q_0539,1,0,0,1,1,0,154,2,0,0,2,27.3,6894.14,106357380096,23888085504,0,1,0,0,0,1,1,3,653,0.0,Sort,0,2.106
DESKTOP-KQF03T0,Jashvanth,2026-06-30T12:06:43.891288,Q48_V009,Q_0539,2,0,0,1,1,0,154,2,0,0,2,28.9,6889.31,106358047744,23888589312,0,1,0,0,0,1,1,3,653,0.0,Sort,0,1.981
DESKTOP-KQF03T0,Jashvanth,2026-06-30T12:06:48.915164,Q48_V009,Q_0539,3,0,0,1,1,0,154,2,0,0,2,28.9,6897.56,106358400000,23889417216,0,1,0,0,0,1,1,3,653,0.0,Sort,0,3.993
DESKTOP-KQF03T0,Jashvanth,2026-06-30T12:06:53.946525,Q48_V010,Q_0540,1,0,0,1,1,0,173,2,0,0,2,30.7,6933.65,106441696256,23889732608,1,0,0,0,0,1,1,3,1960,6.0,Sort,0,4.33
DESKTOP-KQF03T0,Jashvanth,2026-06-30T12:06:58.969008,Q48_V010,Q_0540,2,0,0,1,1,0,173,2,0,0,2,22.3,6937.61,106441905152,23890170880,1,0,0,0,0,1,1,3,1960,6.0,Sort,0,3.631
DESKTOP-KQF03T0,Jashvanth,2026-06-30T12:07:03.991276,Q48_V010,Q_0540,3,0,0,1,1,0,173,2,0,0,2,20.3,6946.98,106442153984,23890813952,1,0,0,0,0,1,1,3,1960,6.0,Sort,0,2.959
DESKTOP-KQF03T0,Jashvanth,2026-06-30T12:07:09.014811,Q48_V011,Q_0541,1,0,0,1,1,0,168,2,0,0,2,25.6,6948.02,106442211328,23891305472,1,0,0,0,0,1,1,3,1960,6.0,Sort,0,4.806
DESKTOP-KQF03T0,Jashvanth,2026-06-30T12:07:14.048996,Q48_V011,Q_0541,2,0,0,1,1,0,168,2,0,0,2,31.5,6964.81,106442705920,23891648512,1,0,0,0,0,1,1,3,1960,6.0,Sort,0,7.268
DESKTOP-KQF03T0,Jashvanth,2026-06-30T12:07:19.090684,Q48_V011,Q_0541,3,0,0,1,1,0,168,2,0,0,2,35.3,6949.41,106442750976,23892283392,1,0,0,0,0,1,1,3,1960,6.0,Sort,0,8.257
DESKTOP-KQF03T0,Jashvanth,2026-06-30T12:07:24.109758,Q49_V001,Q_0542,1,0,1,0,0,0,63,0,0,0,1,33.4,6946.56,106443070464,23892480000,1,0,0,0,0,0,0,1,1,1.0,Seq Scan,0,0.15
DESKTOP-KQF03T0,Jashvanth,2026-06-30T12:07:29.130329,Q49_V001,Q_0542,2,0,1,0,0,0,63,0,0,0,1,25.7,6800.97,106443615232,23926652928,1,0,0,0,0,0,0,1,1,1.0,Seq Scan,0,0.14
DESKTOP-KQF03T0,Jashvanth,2026-06-30T12:07:34.148320,Q49_V001,Q_0542,3,0,1,0,0,0,63,0,0,0,1,20.0,6786.23,106444045312,23927177216,1,0,0,0,0,0,0,1,1,1.0,Seq Scan,0,0.14
DESKTOP-KQF03T0,Jashvanth,2026-06-30T12:07:39.178235,Q49_V002,Q_0543,1,0,1,0,0,0,62,0,0,0,1,29.9,6782.51,106444069888,23928651776,1,0,0,0,0,0,0,1,1,1.0,Seq Scan,0,0.166
DESKTOP-KQF03T0,Jashvanth,2026-06-30T12:07:44.201736,Q49_V002,Q_0543,2,0,1,0,0,0,62,0,0,0,1,25.3,6771.41,106444614656,23929880576,1,0,0,0,0,0,0,1,1,1.0,Seq Scan,0,0.335
DESKTOP-KQF03T0,Jashvanth,2026-06-30T12:07:49.241486,Q49_V002,Q_0543,3,0,1,0,0,0,62,0,0,0,1,25.0,6731.61,106445151232,23930956288,1,0,0,0,0,0,0,1,1,1.0,Seq Scan,0,0.444
DESKTOP-KQF03T0,Jashvanth,2026-06-30T12:07:54.278346,Q49_V003,Q_0544,1,0,1,0,0,0,61,0,0,0,1,26.0,6731.72,106445175808,23932115456,1,0,0,0,0,0,0,1,1,2.0,Seq Scan,0,0.223
DESKTOP-KQF03T0,Jashvanth,2026-06-30T12:07:59.302230,Q49_V003,Q_0544,2,0,1,0,0,0,61,0,0,0,1,31.8,6750.53,106446790656,23944362496,1,0,0,0,0,0,0,1,1,2.0,Seq Scan,0,0.362
DESKTOP-KQF03T0,Jashvanth,2026-06-30T12:08:04.327245,Q49_V003,Q_0544,3,0,1,0,0,0,61,0,0,0,1,29.2,6744.39,106458441728,23945300480,1,0,0,0,0,0,0,1,1,2.0,Seq Scan,0,0.233
DESKTOP-KQF03T0,Jashvanth,2026-06-30T12:08:09.348016,Q49_V004,Q_0545,1,0,1,0,0,0,78,0,0,0,1,22.2,6743.59,106458564608,23945824768,1,0,0,0,0,0,0,1,1,1.0,Seq Scan,0,0.154
DESKTOP-KQF03T0,Jashvanth,2026-06-30T12:08:14.371146,Q49_V004,Q_0545,2,0,1,0,0,0,78,0,0,0,1,16.2,6766.08,106459084800,23946177024,1,0,0,0,0,0,0,1,1,1.0,Seq Scan,0,0.203
DESKTOP-KQF03T0,Jashvanth,2026-06-30T12:08:19.390212,Q49_V004,Q_0545,3,0,1,0,0,0,78,0,0,0,1,28.9,6764.37,106459494400,23946689024,1,0,0,0,0,0,0,1,1,1.0,Seq Scan,0,0.172
DESKTOP-KQF03T0,Jashvanth,2026-06-30T12:08:24.429884,Q49_V005,Q_0546,1,0,1,0,0,0,62,0,0,0,1,37.5,6741.67,106459596800,23947311616,1,0,0,0,0,0,0,1,1,1.0,Seq Scan,0,0.208
DESKTOP-KQF03T0,Jashvanth,2026-06-30T12:08:29.461128,Q49_V005,Q_0546,2,0,1,0,0,0,62,0,0,0,1,27.8,6732.2,106459645952,23947712512,1,0,0,0,0,0,0,1,1,1.0,Seq Scan,0,0.273
DESKTOP-KQF03T0,Jashvanth,2026-06-30T12:08:34.478373,Q49_V005,Q_0546,3,0,1,0,0,0,62,0,0,0,1,23.8,6758.82,106461871104,23948847104,1,0,0,0,0,0,0,1,1,1.0,Seq Scan,0,0.276
DESKTOP-KQF03T0,Jashvanth,2026-06-30T12:08:39.500322,Q49_V006,Q_0547,1,0,1,0,1,0,79,0,0,0,1,23.4,6788.89,106461932544,23949449216,1,0,0,0,0,1,0,2,1,1.0,Sort,0,0.215
DESKTOP-KQF03T0,Jashvanth,2026-06-30T12:08:44.528069,Q49_V006,Q_0547,2,0,1,0,1,0,79,0,0,0,1,31.8,6842.58,106462075904,23951169536,1,0,0,0,0,1,0,2,1,1.0,Sort,0,0.36
DESKTOP-KQF03T0,Jashvanth,2026-06-30T12:08:49.549969,Q49_V006,Q_0547,3,0,1,0,1,0,79,0,0,0,1,24.7,6844.7,106462190592,23951636480,1,0,0,0,0,1,0,2,1,1.0,Sort,0,0.189
DESKTOP-KQF03T0,Jashvanth,2026-06-30T12:08:54.576318,Q49_V007,Q_0548,1,0,1,0,0,0,79,0,0,1,1,17.7,6780.54,106462325760,23952054272,1,0,0,0,0,0,0,1,1,0.0,Seq Scan,0,0.189
DESKTOP-KQF03T0,Jashvanth,2026-06-30T12:08:59.607673,Q49_V007,Q_0548,2,0,1,0,0,0,79,0,0,1,1,37.1,6786.47,106462605824,23952709632,1,0,0,0,0,0,0,1,1,0.0,Seq Scan,0,0.27
DESKTOP-KQF03T0,Jashvanth,2026-06-30T12:09:04.632410,Q49_V007,Q_0548,3,0,1,0,0,0,79,0,0,1,1,28.0,6770.5,106462814720,23953717248,1,0,0,0,0,0,0,1,1,0.0,Seq Scan,0,0.32
DESKTOP-KQF03T0,Jashvanth,2026-06-30T12:09:09.653590,Q49_V008,Q_0549,1,0,1,0,0,0,64,0,0,0,1,17.6,6779.85,106462933504,23954409472,1,0,0,0,0,0,0,1,1,0.0,Seq Scan,0,0.138
DESKTOP-KQF03T0,Jashvanth,2026-06-30T12:09:14.671925,Q49_V008,Q_0549,2,0,1,0,0,0,64,0,0,0,1,19.6,6765.82,106462986752,23954790400,1,0,0,0,0,0,0,1,1,0.0,Seq Scan,0,0.2
DESKTOP-KQF03T0,Jashvanth,2026-06-30T12:09:19.697507,Q49_V008,Q_0549,3,0,1,0,0,0,64,0,0,0,1,22.2,6770.53,106463187456,23955171328,1,0,0,0,0,0,0,1,1,0.0,Seq Scan,0,0.196
DESKTOP-KQF03T0,Jashvanth,2026-06-30T12:09:24.722891,Q49_V009,Q_0550,1,0,1,0,0,0,74,1,0,0,1,17.0,6756.49,106463195648,23955544064,1,0,0,0,0,0,1,2,1,1.0,Aggregate,0,0.349
DESKTOP-KQF03T0,Jashvanth,2026-06-30T12:09:29.743852,Q49_V009,Q_0550,2,0,1,0,0,0,74,1,0,0,1,27.8,6744.95,106463298048,23956224000,1,0,0,0,0,0,1,2,1,1.0,Aggregate,0,0.197
DESKTOP-KQF03T0,Jashvanth,2026-06-30T12:09:34.784131,Q49_V009,Q_0550,3,0,1,0,0,0,74,1,0,0,1,20.2,6745.81,106463400448,23956543488,1,0,0,0,0,0,1,2,1,1.0,Aggregate,0,0.203
DESKTOP-KQF03T0,Jashvanth,2026-06-30T12:09:39.816158,Q49_V010,Q_0551,1,0,1,0,1,0,89,0,0,0,1,28.0,6741.98,106463588864,23956797440,1,0,0,0,0,1,0,2,1,1.0,Sort,0,0.182
DESKTOP-KQF03T0,Jashvanth,2026-06-30T12:09:44.834137,Q49_V010,Q_0551,2,0,1,0,1,0,89,0,0,0,1,37.4,6748.86,106464178688,23958194176,1,0,0,0,0,1,0,2,1,1.0,Sort,0,0.169
DESKTOP-KQF03T0,Jashvanth,2026-06-30T12:09:49.894901,Q49_V010,Q_0551,3,0,1,0,1,0,89,0,0,0,1,23.2,6755.52,106464354816,23958706176,1,0,0,0,0,1,0,2,1,1.0,Sort,0,1.17
DESKTOP-KQF03T0,Jashvanth,2026-06-30T12:09:54.925275,Q49_V011,Q_0552,1,0,1,0,0,0,88,0,0,1,1,23.7,6752.71,106464656384,23959193600,1,0,0,0,0,0,0,1,1,1.0,Seq Scan,0,0.429
DESKTOP-KQF03T0,Jashvanth,2026-06-30T12:09:59.956093,Q49_V011,Q_0552,2,0,1,0,0,0,88,0,0,1,1,15.5,6757.08,106464988160,23959803904,1,0,0,0,0,0,0,1,1,1.0,Seq Scan,0,0.187
DESKTOP-KQF03T0,Jashvanth,2026-06-30T12:10:04.976432,Q49_V011,Q_0552,3,0,1,0,0,0,88,0,0,1,1,29.8,6775.28,106465398784,23961066496,1,0,0,0,0,0,0,1,1,1.0,Seq Scan,0,0.251
DESKTOP-KQF03T0,Jashvanth,2026-06-30T12:10:10.032182,Q50_V001,Q_0553,1,0,0,0,0,0,43,0,1,0,1,36.2,6780.06,106467803136,23961779200,0,1,0,0,0,0,0,2,5,5.0,Unique,0,1.484
DESKTOP-KQF03T0,Jashvanth,2026-06-30T12:10:15.052914,Q50_V001,Q_0553,2,0,0,0,0,0,43,0,1,0,1,23.8,6775.93,106469679104,23963032576,0,1,0,0,0,0,0,2,5,5.0,Unique,0,0.488
DESKTOP-KQF03T0,Jashvanth,2026-06-30T12:10:20.075223,Q50_V001,Q_0553,3,0,0,0,0,0,43,0,1,0,1,20.0,6825.89,106469900288,23963872256,0,1,0,0,0,0,0,2,5,5.0,Unique,0,0.6
DESKTOP-KQF03T0,Jashvanth,2026-06-30T12:10:25.099372,Q50_V002,Q_0554,1,0,0,0,0,0,99,1,1,0,1,30.4,6829.12,106470494720,23964380160,0,1,0,0,0,0,1,3,5,5.0,Aggregate,0,1.294
DESKTOP-KQF03T0,Jashvanth,2026-06-30T12:10:30.121682,Q50_V002,Q_0554,2,0,0,0,0,0,99,1,1,0,1,32.2,6689.05,106470662656,23964994048,0,1,0,0,0,0,1,3,5,5.0,Aggregate,0,2.096
DESKTOP-KQF03T0,Jashvanth,2026-06-30T12:10:35.164409,Q50_V002,Q_0554,3,0,0,0,0,0,99,1,1,0,1,31.9,6706.02,106470887936,23966124544,0,1,0,0,0,0,1,3,5,5.0,Aggregate,0,4.701
DESKTOP-KQF03T0,Jashvanth,2026-06-30T12:10:40.195421,Q50_V003,Q_0555,1,0,0,1,1,0,113,1,0,0,1,26.0,6722.75,106470896128,23966550528,0,1,0,0,0,1,1,3,5,5.0,Sort,0,1.118
DESKTOP-KQF03T0,Jashvanth,2026-06-30T12:10:45.217886,Q50_V003,Q_0555,2,0,0,1,1,0,113,1,0,0,1,28.0,6690.7,106470990336,23966804480,0,1,0,0,0,1,1,3,5,5.0,Sort,0,0.353
DESKTOP-KQF03T0,Jashvanth,2026-06-30T12:10:50.236795,Q50_V003,Q_0555,3,0,0,1,1,0,113,1,0,0,1,29.7,6694.16,106471113216,23967361536,0,1,0,0,0,1,1,3,5,5.0,Sort,0,0.876
DESKTOP-KQF03T0,Jashvanth,2026-06-30T12:10:55.257871,Q50_V004,Q_0556,1,0,0,0,1,0,65,0,1,0,1,22.8,6647.97,106471232000,23967709696,0,1,0,0,0,0,0,2,5,5.0,Unique,0,0.355
DESKTOP-KQF03T0,Jashvanth,2026-06-30T12:11:00.280920,Q50_V004,Q_0556,2,0,0,0,1,0,65,0,1,0,1,37.9,6828.91,106473847808,23969053184,0,1,0,0,0,0,0,2,5,5.0,Unique,0,1.061
DESKTOP-KQF03T0,Jashvanth,2026-06-30T12:11:05.305253,Q50_V004,Q_0556,3,0,0,0,1,0,65,0,1,0,1,34.9,6845.98,106475708416,23970713088,0,1,0,0,0,0,0,2,5,5.0,Unique,0,0.717
DESKTOP-KQF03T0,Jashvanth,2026-06-30T12:11:10.332212,Q50_V005,Q_0557,1,0,0,0,0,0,42,0,1,0,1,38.1,6746.35,106476007424,23971569152,1,0,0,0,0,0,1,2,25,25.0,Aggregate,0,1.869
DESKTOP-KQF03T0,Jashvanth,2026-06-30T12:11:15.355978,Q50_V005,Q_0557,2,0,0,0,0,0,42,0,1,0,1,59.0,6782.11,106476953600,23971855872,1,0,0,0,0,0,1,2,25,25.0,Aggregate,0,0.548
DESKTOP-KQF03T0,Jashvanth,2026-06-30T12:11:20.391634,Q50_V005,Q_0557,3,0,0,0,0,0,42,0,1,0,1,82.2,7066.5,106478570496,23972306432,1,0,0,0,0,0,1,2,25,25.0,Aggregate,0,1.451
DESKTOP-KQF03T0,Jashvanth,2026-06-30T12:11:25.415175,Q50_V006,Q_0558,1,0,1,0,0,0,63,0,1,0,1,59.6,6879.38,106527132672,24128351744,1,0,0,0,0,0,1,2,5,5.0,Aggregate,0,1.229
DESKTOP-KQF03T0,Jashvanth,2026-06-30T12:11:30.437057,Q50_V006,Q_0558,2,0,1,0,0,0,63,0,1,0,1,59.5,6873.11,106531244544,24128900608,1,0,0,0,0,0,1,2,5,5.0,Aggregate,0,1.43
DESKTOP-KQF03T0,Jashvanth,2026-06-30T12:11:35.481735,Q50_V006,Q_0558,3,0,1,0,0,0,63,0,1,0,1,25.3,6808.2,106532481536,24130084352,1,0,0,0,0,0,1,2,5,5.0,Aggregate,0,1.669
DESKTOP-KQF03T0,Jashvanth,2026-06-30T12:11:40.528727,Q50_V007,Q_0559,1,0,1,0,0,0,66,0,1,0,1,28.0,6776.77,106532502016,24130735616,1,0,0,0,0,0,1,2,5,5.0,Aggregate,0,1.984
DESKTOP-KQF03T0,Jashvanth,2026-06-30T12:11:45.560195,Q50_V007,Q_0559,2,0,1,0,0,0,66,0,1,0,1,36.4,6804.2,106532518400,24131726848,1,0,0,0,0,0,1,2,5,5.0,Aggregate,0,0.64
DESKTOP-KQF03T0,Jashvanth,2026-06-30T12:11:50.590072,Q50_V007,Q_0559,3,0,1,0,0,0,66,0,1,0,1,30.0,6821.68,106532780544,24136420864,1,0,0,0,0,0,1,2,5,5.0,Aggregate,0,0.951
DESKTOP-KQF03T0,Jashvanth,2026-06-30T12:11:55.617947,Q50_V008,Q_0560,1,0,0,1,0,0,87,1,0,0,1,17.0,6762.02,106532911616,24138448384,1,0,0,0,0,0,1,2,5,5.0,Aggregate,0,1.52
DESKTOP-KQF03T0,Jashvanth,2026-06-30T12:12:00.645183,Q50_V008,Q_0560,2,0,0,1,0,0,87,1,0,0,1,24.7,6743.32,106534705152,24151040512,1,0,0,0,0,0,1,2,5,5.0,Aggregate,0,2.271
DESKTOP-KQF03T0,Jashvanth,2026-06-30T12:12:05.672635,Q50_V008,Q_0560,3,0,0,1,0,0,87,1,0,0,1,27.8,6748.59,106535487488,24151650816,1,0,0,0,0,0,1,2,5,5.0,Aggregate,0,2.093
DESKTOP-KQF03T0,Jashvanth,2026-06-30T12:12:10.709083,Q50_V009,Q_0561,1,0,0,0,1,0,70,0,1,0,1,19.4,6759.93,106535917568,24152371712,0,1,0,0,0,0,0,2,5,5.0,Unique,0,1.178
DESKTOP-KQF03T0,Jashvanth,2026-06-30T12:12:15.734557,Q50_V009,Q_0561,2,0,0,0,1,0,70,0,1,0,1,45.7,6833.51,106655521280,24153653760,0,1,0,0,0,0,0,2,5,5.0,Unique,0,0.578
DESKTOP-KQF03T0,Jashvanth,2026-06-30T12:12:20.761977,Q50_V009,Q_0561,3,0,0,0,1,0,70,0,1,0,1,56.0,6856.32,106673693184,24155517440,0,1,0,0,0,0,0,2,5,5.0,Unique,0,0.768
DESKTOP-KQF03T0,Jashvanth,2026-06-30T12:12:25.787909,Q50_V010,Q_0562,1,0,1,0,0,0,66,0,1,0,1,34.1,6815.95,106679875072,24157315584,1,0,0,0,0,0,1,2,5,5.0,Aggregate,0,1.24
DESKTOP-KQF03T0,Jashvanth,2026-06-30T12:12:30.822693,Q50_V010,Q_0562,2,0,1,0,0,0,66,0,1,0,1,31.5,6721.72,106680864256,24158272000,1,0,0,0,0,0,1,2,5,5.0,Aggregate,0,1.278
DESKTOP-KQF03T0,Jashvanth,2026-06-30T12:12:35.849518,Q50_V010,Q_0562,3,0,1,0,0,0,66,0,1,0,1,29.3,6719.8,106681007616,24158628352,1,0,0,0,0,0,1,2,5,5.0,Aggregate,0,1.652
DESKTOP-KQF03T0,Jashvanth,2026-06-30T12:12:40.873747,Q50_V011,Q_0563,1,0,0,1,0,0,110,2,0,0,1,30.1,6716.72,106681347584,24159115776,1,0,0,0,0,0,1,2,5,5.0,Aggregate,0,1.52
DESKTOP-KQF03T0,Jashvanth,2026-06-30T12:12:45.899511,Q50_V011,Q_0563,2,0,0,1,0,0,110,2,0,0,1,33.9,6736.89,106681703936,24159468032,1,0,0,0,0,0,1,2,5,5.0,Aggregate,0,2.064
DESKTOP-KQF03T0,Jashvanth,2026-06-30T12:12:50.939904,Q50_V011,Q_0563,3,0,0,1,0,0,110,2,0,0,1,47.7,6832.88,106682174976,24161853440,1,0,0,0,0,0,1,2,5,5.0,Aggregate,0,3.43
DESKTOP-KQF03T0,Jashvanth,2026-06-30T12:12:56.000909,Q51_V001,Q_0564,1,0,0,1,1,0,89,1,0,0,1,26.7,6828.23,106682506752,24162447360,1,0,0,0,0,1,1,3,50,50.0,Sort,0,0.758
DESKTOP-KQF03T0,Jashvanth,2026-06-30T12:13:01.030393,Q51_V001,Q_0564,2,0,0,1,1,0,89,1,0,0,1,21.5,6792.54,106682908160,24162897920,1,0,0,0,0,1,1,3,50,50.0,Sort,0,1.117
DESKTOP-KQF03T0,Jashvanth,2026-06-30T12:13:06.056745,Q51_V001,Q_0564,3,0,0,1,1,0,89,1,0,0,1,30.9,6800.5,106682977792,24163201024,1,0,0,0,0,1,1,3,50,50.0,Sort,0,0.825
DESKTOP-KQF03T0,Jashvanth,2026-06-30T12:13:11.080013,Q51_V002,Q_0565,1,0,0,1,1,0,97,1,0,0,1,26.7,6839.14,106683010560,24163647488,1,0,0,0,0,1,1,3,50,50.0,Sort,0,0.903
DESKTOP-KQF03T0,Jashvanth,2026-06-30T12:13:16.102864,Q51_V002,Q_0565,2,0,0,1,1,0,97,1,0,0,1,26.5,6790.95,106683117056,24164913152,1,0,0,0,0,1,1,3,50,50.0,Sort,0,0.939
DESKTOP-KQF03T0,Jashvanth,2026-06-30T12:13:21.129537,Q51_V002,Q_0565,3,0,0,1,1,0,97,1,0,0,1,21.8,6795.25,106683141632,24165273600,1,0,0,0,0,1,1,3,50,50.0,Sort,0,0.954
DESKTOP-KQF03T0,Jashvanth,2026-06-30T12:13:26.160377,Q51_V003,Q_0566,1,0,1,1,1,0,107,1,0,0,1,33.4,6786.55,106683375104,24165670912,1,0,0,0,0,1,1,3,50,40.0,Sort,0,0.895
DESKTOP-KQF03T0,Jashvanth,2026-06-30T12:13:31.186547,Q51_V003,Q_0566,2,0,1,1,1,0,107,1,0,0,1,23.9,6755.69,106683543040,24166981632,1,0,0,0,0,1,1,3,50,40.0,Sort,0,0.952
DESKTOP-KQF03T0,Jashvanth,2026-06-30T12:13:36.223666,Q51_V003,Q_0566,3,0,1,1,1,0,107,1,0,0,1,24.0,6696.5,106684255744,24167705088,1,0,0,0,0,1,1,3,50,40.0,Sort,0,1.329
DESKTOP-KQF03T0,Jashvanth,2026-06-30T12:13:41.255384,Q51_V004,Q_0567,1,0,0,1,1,0,113,2,0,0,1,22.7,6687.5,106684558848,24168200704,1,0,0,0,0,1,1,3,50,50.0,Sort,0,0.615
DESKTOP-KQF03T0,Jashvanth,2026-06-30T12:13:46.279980,Q51_V004,Q_0567,2,0,0,1,1,0,113,2,0,0,1,23.6,6702.63,106685222400,24169036288,1,0,0,0,0,1,1,3,50,50.0,Sort,0,0.683
DESKTOP-KQF03T0,Jashvanth,2026-06-30T12:13:51.305169,Q51_V004,Q_0567,3,0,0,1,1,0,113,2,0,0,1,32.0,6708.45,106686029312,24169462272,1,0,0,0,0,1,1,3,50,50.0,Sort,0,0.629
DESKTOP-KQF03T0,Jashvanth,2026-06-30T12:13:56.341590,Q51_V005,Q_0568,1,0,0,1,1,0,122,2,0,0,1,42.1,6729.26,106692246016,24169953792,1,0,0,0,0,1,1,3,50,50.0,Sort,0,0.984
DESKTOP-KQF03T0,Jashvanth,2026-06-30T12:14:01.374098,Q51_V005,Q_0568,2,0,0,1,1,0,122,2,0,0,1,30.0,6750.61,106692565504,24170310144,1,0,0,0,0,1,1,3,50,50.0,Sort,0,1.099
DESKTOP-KQF03T0,Jashvanth,2026-06-30T12:14:06.399159,Q51_V005,Q_0568,3,0,0,1,1,0,122,2,0,0,1,30.1,6745.71,106692876800,24170838528,1,0,0,0,0,1,1,3,50,50.0,Sort,0,0.426
DESKTOP-KQF03T0,Jashvanth,2026-06-30T12:14:11.421436,Q51_V006,Q_0569,1,0,0,1,1,0,122,2,0,0,1,24.9,6793.49,106693118464,24171432448,1,0,0,0,0,1,1,3,17,33.0,Sort,0,0.524
DESKTOP-KQF03T0,Jashvanth,2026-06-30T12:14:16.452187,Q51_V006,Q_0569,2,0,0,1,1,0,122,2,0,0,1,23.0,6734.48,106693821952,24171727360,1,0,0,0,0,1,1,3,17,33.0,Sort,0,1.538
DESKTOP-KQF03T0,Jashvanth,2026-06-30T12:14:21.496633,Q51_V006,Q_0569,3,0,0,1,1,0,122,2,0,0,1,29.0,6781.72,106695046656,24172177920,1,0,0,0,0,1,1,3,17,33.0,Sort,0,1.036
DESKTOP-KQF03T0,Jashvanth,2026-06-30T12:14:26.526793,Q51_V007,Q_0570,1,0,0,1,1,0,91,1,0,0,1,19.7,6767.02,106695202304,24172775936,1,0,0,0,0,1,1,3,50,50.0,Sort,0,1.509
DESKTOP-KQF03T0,Jashvanth,2026-06-30T12:14:31.573163,Q51_V007,Q_0570,2,0,0,1,1,0,91,1,0,0,1,32.9,6756.83,106695267840,24173199360,1,0,0,0,0,1,1,3,50,50.0,Sort,0,1.006
DESKTOP-KQF03T0,Jashvanth,2026-06-30T12:14:36.597940,Q51_V007,Q_0570,3,0,0,1,1,0,91,1,0,0,1,23.4,6771.91,106695267840,24173809664,1,0,0,0,0,1,1,3,50,50.0,Sort,0,0.905
DESKTOP-KQF03T0,Jashvanth,2026-06-30T12:14:41.624076,Q51_V008,Q_0571,1,0,0,1,1,0,94,1,0,0,1,29.6,6729.43,106695505408,24174350336,1,0,0,0,0,1,1,3,50,50.0,Sort,0,0.935
DESKTOP-KQF03T0,Jashvanth,2026-06-30T12:14:46.673468,Q51_V008,Q_0571,2,0,0,1,1,0,94,1,0,0,1,20.6,6726.08,106695509504,24175149056,1,0,0,0,0,1,1,3,50,50.0,Sort,0,0.562
DESKTOP-KQF03T0,Jashvanth,2026-06-30T12:14:51.699510,Q51_V008,Q_0571,3,0,0,1,1,0,94,1,0,0,1,24.9,6762.26,106695747072,24176197632,1,0,0,0,0,1,1,3,50,50.0,Sort,0,0.947
DESKTOP-KQF03T0,Jashvanth,2026-06-30T12:14:56.724333,Q51_V009,Q_0572,1,0,1,1,1,0,116,1,0,0,1,26.1,6734.23,106695968256,24176672768,1,0,0,0,0,1,1,3,30,27.0,Sort,0,0.238
DESKTOP-KQF03T0,Jashvanth,2026-06-30T12:15:01.749050,Q51_V009,Q_0572,2,0,1,1,1,0,116,1,0,0,1,34.5,6744.9,106696521216,24177954816,1,0,0,0,0,1,1,3,30,27.0,Sort,0,0.41
DESKTOP-KQF03T0,Jashvanth,2026-06-30T12:15:06.766217,Q51_V009,Q_0572,3,0,1,1,1,0,116,1,0,0,1,19.8,6747.53,106696779264,24178278400,1,0,0,0,0,1,1,3,30,27.0,Sort,0,0.22
DESKTOP-KQF03T0,Jashvanth,2026-06-30T12:15:11.789918,Q51_V010,Q_0573,1,0,0,1,1,0,124,2,1,0,1,17.0,6755.24,106696812032,24178954240,1,0,0,0,0,1,1,3,50,50.0,Aggregate,0,4.186
DESKTOP-KQF03T0,Jashvanth,2026-06-30T12:15:16.828637,Q51_V010,Q_0573,2,0,0,1,1,0,124,2,1,0,1,28.0,6790.7,106697168384,24179388416,1,0,0,0,0,1,1,3,50,50.0,Aggregate,0,3.3
DESKTOP-KQF03T0,Jashvanth,2026-06-30T12:15:21.858547,Q51_V010,Q_0573,3,0,0,1,1,0,124,2,1,0,1,30.9,6764.45,106697246208,24179642368,1,0,0,0,0,1,1,3,50,50.0,Aggregate,0,3.628
DESKTOP-KQF03T0,Jashvanth,2026-06-30T12:15:26.915169,Q51_V011,Q_0574,1,0,1,1,1,0,115,1,0,0,1,45.6,6758.5,106698847744,24181284864,1,0,0,0,0,1,1,3,50,50.0,Sort,0,0.921
DESKTOP-KQF03T0,Jashvanth,2026-06-30T12:15:31.948510,Q51_V011,Q_0574,2,0,1,1,1,0,115,1,0,0,1,35.2,6714.67,106699929088,24182329344,1,0,0,0,0,1,1,3,50,50.0,Sort,0,0.674
DESKTOP-KQF03T0,Jashvanth,2026-06-30T12:15:36.972560,Q51_V011,Q_0574,3,0,1,1,1,0,115,1,0,0,1,62.0,6905.43,106708408320,24183537664,1,0,0,0,0,1,1,3,50,50.0,Sort,0,0.395
DESKTOP-KQF03T0,Jashvanth,2026-06-30T12:15:42.029189,Q52_V001,Q_0575,1,0,0,1,1,0,101,1,0,0,1,47.4,6940.32,106711148544,24184426496,1,0,0,0,0,1,1,3,500,500.0,Sort,0,1.564
DESKTOP-KQF03T0,Jashvanth,2026-06-30T12:15:47.058146,Q52_V001,Q_0575,2,0,0,1,1,0,101,1,0,0,1,73.2,7022.96,106753252352,24186482688,1,0,0,0,0,1,1,3,500,500.0,Sort,0,1.3
DESKTOP-KQF03T0,Jashvanth,2026-06-30T12:15:52.082281,Q52_V001,Q_0575,3,0,0,1,1,0,101,1,0,0,1,34.1,6998.75,106753874944,24190414848,1,0,0,0,0,1,1,3,500,500.0,Sort,0,2.087
DESKTOP-KQF03T0,Jashvanth,2026-06-30T12:15:57.107165,Q52_V002,Q_0576,1,0,0,1,1,0,100,1,0,0,1,28.5,7007.66,106757151744,24191991808,1,0,0,0,0,1,1,3,500,500.0,Sort,0,2.61
DESKTOP-KQF03T0,Jashvanth,2026-06-30T12:16:02.129660,Q52_V002,Q_0576,2,0,0,1,1,0,100,1,0,0,1,27.4,6981.28,106758736896,24195608576,1,0,0,0,0,1,1,3,500,500.0,Sort,0,1.213
DESKTOP-KQF03T0,Jashvanth,2026-06-30T12:16:07.156450,Q52_V002,Q_0576,3,0,0,1,1,0,100,1,0,0,1,46.5,6930.03,106761628672,24196562944,1,0,0,0,0,1,1,3,500,500.0,Sort,0,2.646
DESKTOP-KQF03T0,Jashvanth,2026-06-30T12:16:12.188798,Q52_V003,Q_0577,1,0,0,1,1,0,122,2,0,0,1,73.3,7051.55,106778827776,24200732672,1,0,0,0,0,1,1,3,167,0.0,Sort,0,3.209
DESKTOP-KQF03T0,Jashvanth,2026-06-30T12:16:17.221415,Q52_V003,Q_0577,2,0,0,1,1,0,122,2,0,0,1,44.8,7116.37,106780056576,24203001856,1,0,0,0,0,1,1,3,167,0.0,Sort,0,3.244
DESKTOP-KQF03T0,Jashvanth,2026-06-30T12:16:22.245772,Q52_V003,Q_0577,3,0,0,1,1,0,122,2,0,0,1,35.4,7062.0,106780494848,24206721024,1,0,0,0,0,1,1,3,167,0.0,Sort,0,1.841
DESKTOP-KQF03T0,Jashvanth,2026-06-30T12:16:27.285267,Q52_V004,Q_0578,1,0,0,1,1,0,132,2,0,0,1,23.1,6920.49,106780707840,24211959808,1,0,0,0,0,1,1,3,500,500.0,Sort,0,1.796
DESKTOP-KQF03T0,Jashvanth,2026-06-30T12:16:32.313485,Q52_V004,Q_0578,2,0,0,1,1,0,132,2,0,0,1,16.1,6921.31,106781006848,24214756352,1,0,0,0,0,1,1,3,500,500.0,Sort,0,1.383
DESKTOP-KQF03T0,Jashvanth,2026-06-30T12:16:37.333568,Q52_V004,Q_0578,3,0,0,1,1,0,132,2,0,0,1,25.1,6936.72,106781293568,24219716608,1,0,0,0,0,1,1,3,500,500.0,Sort,0,1.2
DESKTOP-KQF03T0,Jashvanth,2026-06-30T12:16:42.357886,Q52_V005,Q_0579,1,0,0,1,1,0,110,1,0,0,1,29.9,6931.55,106781334528,24221215744,1,0,0,0,0,1,1,4,20,20.0,Limit,0,2.771
DESKTOP-KQF03T0,Jashvanth,2026-06-30T12:16:47.393152,Q52_V005,Q_0579,2,0,0,1,1,0,110,1,0,0,1,18.2,6934.19,106781350912,24221699072,1,0,0,0,0,1,1,4,20,20.0,Limit,0,1.91
DESKTOP-KQF03T0,Jashvanth,2026-06-30T12:16:52.437387,Q52_V005,Q_0579,3,0,0,1,1,0,110,1,0,0,1,14.7,6940.16,106781801472,24221957120,1,0,0,0,0,1,1,4,20,20.0,Limit,0,1.782
DESKTOP-KQF03T0,Jashvanth,2026-06-30T12:16:57.464307,Q52_V006,Q_0580,1,0,0,1,1,0,131,2,0,0,1,15.7,6947.95,106781932544,24222383104,1,0,0,0,0,1,1,3,500,500.0,Sort,0,3.462
DESKTOP-KQF03T0,Jashvanth,2026-06-30T12:17:02.490178,Q52_V006,Q_0580,2,0,0,1,1,0,131,2,0,0,1,16.8,6930.77,106782149632,24222653440,1,0,0,0,0,1,1,3,500,500.0,Sort,0,2.966
DESKTOP-KQF03T0,Jashvanth,2026-06-30T12:17:07.555244,Q52_V006,Q_0580,3,0,0,1,1,0,131,2,0,0,1,25.5,6932.15,106782415872,24223161344,1,0,0,0,0,1,1,3,500,500.0,Sort,0,9.075
DESKTOP-KQF03T0,Jashvanth,2026-06-30T12:17:12.584356,Q52_V007,Q_0581,1,0,1,1,1,0,126,1,0,0,1,18.2,6956.14,106782776320,24223575040,1,0,0,0,0,1,1,3,500,500.0,Sort,0,1.496
DESKTOP-KQF03T0,Jashvanth,2026-06-30T12:17:17.612291,Q52_V007,Q_0581,2,0,1,1,1,0,126,1,0,0,1,27.1,6945.7,106782874624,24224103424,1,0,0,0,0,1,1,3,500,500.0,Sort,0,1.356
DESKTOP-KQF03T0,Jashvanth,2026-06-30T12:17:22.633968,Q52_V007,Q_0581,3,0,1,1,1,0,126,1,0,0,1,23.7,6992.12,106782972928,24224345088,1,0,0,0,0,1,1,3,500,500.0,Sort,0,1.721
DESKTOP-KQF03T0,Jashvanth,2026-06-30T12:17:27.673196,Q52_V008,Q_0582,1,0,0,1,1,0,109,1,0,0,1,25.5,6898.89,106785745920,24239012864,1,0,0,0,0,1,1,3,1000,1000.0,Sort,0,1.745
DESKTOP-KQF03T0,Jashvanth,2026-06-30T12:17:32.701836,Q52_V008,Q_0582,2,0,0,1,1,0,109,1,0,0,1,59.3,7004.78,106787675136,24243543040,1,0,0,0,0,1,1,3,1000,1000.0,Sort,0,3.755
DESKTOP-KQF03T0,Jashvanth,2026-06-30T12:17:37.734306,Q52_V008,Q_0582,3,0,0,1,1,0,109,1,0,0,1,60.5,7040.66,106789772288,24268790784,1,0,0,0,0,1,1,3,1000,1000.0,Sort,0,3.712
DESKTOP-KQF03T0,Jashvanth,2026-06-30T12:17:42.766084,Q52_V009,Q_0583,1,0,0,1,1,0,129,1,0,0,1,69.7,7075.61,106790583296,24283618304,1,0,0,0,0,1,1,3,500,500.0,Sort,0,3.253
DESKTOP-KQF03T0,Jashvanth,2026-06-30T12:17:47.796001,Q52_V009,Q_0583,2,0,0,1,1,0,129,1,0,0,1,60.8,7145.93,106803145728,24285010944,1,0,0,0,0,1,1,3,500,500.0,Sort,0,5.627
DESKTOP-KQF03T0,Jashvanth,2026-06-30T12:17:52.828794,Q52_V009,Q_0583,3,0,0,1,1,0,129,1,0,0,1,94.3,7241.01,106805558784,24286135296,1,0,0,0,0,1,1,3,500,500.0,Sort,0,5.859
DESKTOP-KQF03T0,Jashvanth,2026-06-30T12:17:57.857790,Q52_V010,Q_0584,1,0,1,1,1,0,127,1,0,0,1,86.0,7359.37,106808891392,24289580032,1,0,0,0,0,1,1,3,286,273.0,Sort,0,1.382
DESKTOP-KQF03T0,Jashvanth,2026-06-30T12:18:02.882571,Q52_V010,Q_0584,2,0,1,1,1,0,127,1,0,0,1,53.3,7261.82,106811172352,24292160512,1,0,0,0,0,1,1,3,286,273.0,Sort,0,1.695
DESKTOP-KQF03T0,Jashvanth,2026-06-30T12:18:07.907319,Q52_V010,Q_0584,3,0,1,1,1,0,127,1,0,0,1,29.6,7206.19,106815510016,24301028352,1,0,0,0,0,1,1,3,286,273.0,Sort,0,1.548
DESKTOP-KQF03T0,Jashvanth,2026-06-30T12:18:12.933186,Q52_V011,Q_0585,1,0,0,1,1,0,127,2,0,0,1,35.2,7200.05,106816869888,24302736384,1,0,0,0,0,1,1,3,500,500.0,Sort,0,3.218
DESKTOP-KQF03T0,Jashvanth,2026-06-30T12:18:17.960208,Q52_V011,Q_0585,2,0,0,1,1,0,127,2,0,0,1,41.1,7190.75,106817340928,24304477184,1,0,0,0,0,1,1,3,500,500.0,Sort,0,4.272
DESKTOP-KQF03T0,Jashvanth,2026-06-30T12:18:23.007468,Q52_V011,Q_0585,3,0,0,1,1,0,127,2,0,0,1,40.0,7225.3,106817616384,24305529856,1,0,0,0,0,1,1,3,500,500.0,Sort,0,2.608
DESKTOP-KQF03T0,Jashvanth,2026-06-30T12:18:28.034187,Q53_V001,Q_0586,1,0,1,0,0,0,83,0,0,0,1,35.8,7161.25,106817772032,24306189312,1,0,0,0,0,0,0,1,3043,3046.0,Seq Scan,0,1.346
DESKTOP-KQF03T0,Jashvanth,2026-06-30T12:18:33.068924,Q53_V001,Q_0586,2,0,1,0,0,0,83,0,0,0,1,45.8,7168.0,106818079232,24306652160,1,0,0,0,0,0,0,1,3043,3046.0,Seq Scan,0,2.841
DESKTOP-KQF03T0,Jashvanth,2026-06-30T12:18:38.090985,Q53_V001,Q_0586,3,0,1,0,0,0,83,0,0,0,1,46.3,7176.56,106818607616,24307274752,1,0,0,0,0,0,0,1,3043,3046.0,Seq Scan,0,1.079
DESKTOP-KQF03T0,Jashvanth,2026-06-30T12:18:43.151954,Q53_V002,Q_0587,1,0,1,0,0,0,83,0,0,0,1,34.8,7175.42,106818742784,24307553280,1,0,0,0,0,0,0,1,2009,2015.0,Seq Scan,0,9.113
DESKTOP-KQF03T0,Jashvanth,2026-06-30T12:18:48.191172,Q53_V002,Q_0587,2,0,1,0,0,0,83,0,0,0,1,40.3,7182.95,106818841088,24308950016,1,0,0,0,0,0,0,1,2009,2015.0,Seq Scan,0,1.351
DESKTOP-KQF03T0,Jashvanth,2026-06-30T12:18:53.235322,Q53_V002,Q_0587,3,0,1,0,0,0,83,0,0,0,1,39.7,7189.14,106818984448,24309289984,1,0,0,0,0,0,0,1,2009,2015.0,Seq Scan,0,0.782
DESKTOP-KQF03T0,Jashvanth,2026-06-30T12:18:58.254242,Q53_V003,Q_0588,1,0,1,0,0,0,83,0,0,0,1,35.4,7186.79,106819884544,24309789696,1,0,0,0,0,0,0,1,3524,3518.0,Seq Scan,0,0.819
DESKTOP-KQF03T0,Jashvanth,2026-06-30T12:19:03.278410,Q53_V003,Q_0588,2,0,1,0,0,0,83,0,0,0,1,44.2,7180.7,106820097536,24310277120,1,0,0,0,0,0,0,1,3524,3518.0,Seq Scan,0,2.188
DESKTOP-KQF03T0,Jashvanth,2026-06-30T12:19:08.308084,Q53_V003,Q_0588,3,0,1,0,0,0,83,0,0,0,1,30.7,7193.47,106820490752,24311010304,1,0,0,0,0,0,0,1,3524,3518.0,Seq Scan,0,2.956
DESKTOP-KQF03T0,Jashvanth,2026-06-30T12:19:13.337531,Q53_V004,Q_0589,1,0,1,0,0,0,100,0,0,1,1,33.7,7198.64,106820658688,24311313408,1,0,0,0,0,0,0,1,1035,1031.0,Seq Scan,0,1.614
DESKTOP-KQF03T0,Jashvanth,2026-06-30T12:19:18.377712,Q53_V004,Q_0589,2,0,1,0,0,0,100,0,0,1,1,42.5,7160.32,106821498368,24311772160,1,0,0,0,0,0,0,1,1035,1031.0,Seq Scan,0,1.093
DESKTOP-KQF03T0,Jashvanth,2026-06-30T12:19:23.401880,Q53_V004,Q_0589,3,0,1,0,0,0,100,0,0,1,1,38.3,7162.98,106837034496,24313426944,1,0,0,0,0,0,0,1,1035,1031.0,Seq Scan,0,1.229
DESKTOP-KQF03T0,Jashvanth,2026-06-30T12:19:28.424377,Q53_V005,Q_0590,1,0,1,0,1,0,110,0,0,0,1,37.7,7165.32,106837850112,24313889792,1,0,0,0,0,1,0,2,3043,3046.0,Sort,0,2.297
DESKTOP-KQF03T0,Jashvanth,2026-06-30T12:19:33.456575,Q53_V005,Q_0590,2,0,1,0,1,0,110,0,0,0,1,40.8,7187.09,106837915648,24315286528,1,0,0,0,0,1,0,2,3043,3046.0,Sort,0,4.634
DESKTOP-KQF03T0,Jashvanth,2026-06-30T12:19:38.477323,Q53_V005,Q_0590,3,0,1,0,1,0,110,0,0,0,1,45.8,7171.21,106838013952,24316027904,1,0,0,0,0,1,0,2,3043,3046.0,Sort,0,1.874
DESKTOP-KQF03T0,Jashvanth,2026-06-30T12:19:43.508539,Q53_V006,Q_0591,1,0,1,0,0,0,96,0,0,0,1,40.2,7163.81,106838797312,24316519424,1,0,0,0,0,0,0,1,3043,3046.0,Seq Scan,0,2.541
DESKTOP-KQF03T0,Jashvanth,2026-06-30T12:19:48.534155,Q53_V006,Q_0591,2,0,1,0,0,0,96,0,0,0,1,53.0,7170.97,106855877632,24337126400,1,0,0,0,0,0,0,1,3043,3046.0,Seq Scan,0,2.383
DESKTOP-KQF03T0,Jashvanth,2026-06-30T12:19:53.559492,Q53_V006,Q_0591,3,0,1,0,0,0,96,0,0,0,1,42.7,7159.14,106855951360,24337622016,1,0,0,0,0,0,0,1,3043,3046.0,Seq Scan,0,1.039
DESKTOP-KQF03T0,Jashvanth,2026-06-30T12:19:58.582702,Q53_V007,Q_0592,1,0,1,0,0,0,107,0,0,1,1,37.4,7162.77,106856127488,24338383872,1,0,0,0,0,0,0,1,978,966.0,Seq Scan,0,1.974
DESKTOP-KQF03T0,Jashvanth,2026-06-30T12:20:03.606762,Q53_V007,Q_0592,2,0,1,0,0,0,107,0,0,1,1,42.6,7105.16,106856282112,24338646016,1,0,0,0,0,0,0,1,978,966.0,Seq Scan,0,1.393
DESKTOP-KQF03T0,Jashvanth,2026-06-30T12:20:08.626750,Q53_V007,Q_0592,3,0,1,0,0,0,107,0,0,1,1,45.5,7060.21,106856331264,24339112960,1,0,0,0,0,0,0,1,978,966.0,Seq Scan,0,0.864
DESKTOP-KQF03T0,Jashvanth,2026-06-30T12:20:13.654357,Q53_V008,Q_0593,1,0,1,0,0,0,77,1,0,0,1,31.7,7069.02,106856675328,24339166208,1,0,0,0,0,0,1,2,1,1.0,Aggregate,0,2.216
DESKTOP-KQF03T0,Jashvanth,2026-06-30T12:20:18.684793,Q53_V008,Q_0593,2,0,1,0,0,0,77,1,0,0,1,33.9,7072.11,106856970240,24340141056,1,0,0,0,0,0,1,2,1,1.0,Aggregate,0,2.205
DESKTOP-KQF03T0,Jashvanth,2026-06-30T12:20:23.721370,Q53_V008,Q_0593,3,0,1,0,0,0,77,1,0,0,1,38.5,7056.83,106857117696,24340517888,1,0,0,0,0,0,1,2,1,1.0,Aggregate,0,1.995
DESKTOP-KQF03T0,Jashvanth,2026-06-30T12:20:28.746985,Q53_V009,Q_0594,1,0,1,0,0,0,93,0,0,0,1,40.4,7063.33,106857228288,24340982272,1,0,0,0,0,0,0,2,100,100.0,Limit,0,0.118
DESKTOP-KQF03T0,Jashvanth,2026-06-30T12:20:33.805560,Q53_V009,Q_0594,2,0,1,0,0,0,93,0,0,0,1,37.5,7032.17,106857523200,24342546944,1,0,0,0,0,0,0,2,100,100.0,Limit,0,0.224
DESKTOP-KQF03T0,Jashvanth,2026-06-30T12:20:38.835279,Q53_V009,Q_0594,3,0,1,0,0,0,93,0,0,0,1,44.4,7044.55,106857838592,24343669248,1,0,0,0,0,0,0,2,100,100.0,Limit,0,0.108
DESKTOP-KQF03T0,Jashvanth,2026-06-30T12:20:43.864960,Q53_V010,Q_0595,1,0,1,0,0,0,120,0,0,1,1,31.5,6966.02,106858391552,24380836352,1,0,0,0,0,0,0,1,2026,2059.0,Seq Scan,0,0.893
DESKTOP-KQF03T0,Jashvanth,2026-06-30T12:20:48.888758,Q53_V010,Q_0595,2,0,1,0,0,0,120,0,0,1,1,22.7,6970.53,106858448896,24381274624,1,0,0,0,0,0,0,1,2026,2059.0,Seq Scan,0,1.228
DESKTOP-KQF03T0,Jashvanth,2026-06-30T12:20:53.919328,Q53_V010,Q_0595,3,0,1,0,0,0,120,0,0,1,1,42.1,7029.13,107178164736,24381610496,1,0,0,0,0,0,0,1,2026,2059.0,Seq Scan,0,1.58
DESKTOP-KQF03T0,Jashvanth,2026-06-30T12:20:58.960061,Q53_V011,Q_0596,1,0,1,1,1,0,150,2,0,0,1,49.4,7086.68,107186381312,24382634496,1,0,0,0,0,1,1,3,1696,1536.0,Sort,0,12.596
DESKTOP-KQF03T0,Jashvanth,2026-06-30T12:21:03.994151,Q53_V011,Q_0596,2,0,1,1,1,0,150,2,0,0,1,43.0,7085.66,107187464192,24383118336,1,0,0,0,0,1,1,3,1696,1536.0,Sort,0,5.51
DESKTOP-KQF03T0,Jashvanth,2026-06-30T12:21:09.019720,Q53_V011,Q_0596,3,0,1,1,1,0,150,2,0,0,1,42.6,7052.46,107187570688,24383986688,1,0,0,0,0,1,1,3,1696,1536.0,Sort,0,2.93
DESKTOP-KQF03T0,Jashvanth,2026-06-30T12:21:14.042642,Q54_V001,Q_0597,1,0,1,0,0,0,72,0,0,0,1,41.5,7035.92,107187928576,24384629760,1,0,0,0,0,0,0,1,1175,1175.0,Seq Scan,0,4.359
DESKTOP-KQF03T0,Jashvanth,2026-06-30T12:21:19.071979,Q54_V001,Q_0597,2,0,1,0,0,0,72,0,0,0,1,41.9,7062.66,107188952576,24384855040,1,0,0,0,0,0,0,1,1175,1175.0,Seq Scan,0,7.0
DESKTOP-KQF03T0,Jashvanth,2026-06-30T12:21:24.096076,Q54_V001,Q_0597,3,0,1,0,0,0,72,0,0,0,1,40.9,7044.19,107190055936,24385518592,1,0,0,0,0,0,0,1,1175,1175.0,Seq Scan,0,3.526
DESKTOP-KQF03T0,Jashvanth,2026-06-30T12:21:29.119530,Q54_V002,Q_0598,1,0,1,0,0,0,72,0,0,0,1,35.3,7013.18,107190400000,24386354176,1,0,0,0,0,0,0,1,2642,2642.0,Seq Scan,0,4.339
DESKTOP-KQF03T0,Jashvanth,2026-06-30T12:21:34.155777,Q54_V002,Q_0598,2,0,1,0,0,0,72,0,0,0,1,37.5,7048.62,107190522880,24387480576,1,0,0,0,0,0,0,1,2642,2642.0,Seq Scan,0,10.696
DESKTOP-KQF03T0,Jashvanth,2026-06-30T12:21:39.182130,Q54_V002,Q_0598,3,0,1,0,0,0,72,0,0,0,1,41.7,7020.85,107190969344,24387873792,1,0,0,0,0,0,0,1,2642,2642.0,Seq Scan,0,4.994
DESKTOP-KQF03T0,Jashvanth,2026-06-30T12:21:44.207976,Q54_V003,Q_0599,1,0,1,0,0,0,72,0,0,0,1,36.0,6959.7,107191043072,24389012480,1,0,0,0,0,0,0,1,2543,2543.0,Seq Scan,0,6.808
DESKTOP-KQF03T0,Jashvanth,2026-06-30T12:21:49.236720,Q54_V003,Q_0599,2,0,1,0,0,0,72,0,0,0,1,20.4,6964.5,107191145472,24389348352,1,0,0,0,0,0,0,1,2543,2543.0,Seq Scan,0,5.7
DESKTOP-KQF03T0,Jashvanth,2026-06-30T12:21:54.259273,Q54_V003,Q_0599,3,0,1,0,0,0,72,0,0,0,1,27.7,6971.71,107191407616,24389696512,1,0,0,0,0,0,0,1,2543,2543.0,Seq Scan,0,4.624
DESKTOP-KQF03T0,Jashvanth,2026-06-30T12:22:18.692274,Q54_V004,Q_0600,1,0,1,0,0,0,72,0,0,0,1,95.1,7477.3,107249408512,24393378816,1,0,0,0,0,0,0,1,6158,6158.0,Seq Scan,0,10.281
DESKTOP-KQF03T0,Jashvanth,2026-06-30T12:22:23.765314,Q54_V004,Q_0600,2,0,1,0,0,0,72,0,0,0,1,89.3,7592.37,107275418112,24393681920,1,0,0,0,0,0,0,1,6158,6158.0,Seq Scan,0,8.891
DESKTOP-KQF03T0,Jashvanth,2026-06-30T12:22:28.800176,Q54_V004,Q_0600,3,0,1,0,0,0,72,0,0,0,1,100.0,7557.52,107299247616,24423086080,1,0,0,0,0,0,0,1,6158,6158.0,Seq Scan,0,9.169
DESKTOP-KQF03T0,Jashvanth,2026-06-30T12:22:33.834546,Q54_V005,Q_0601,1,0,1,0,1,0,92,0,0,0,1,94.5,7436.76,107304976384,24455219200,1,0,0,0,0,1,0,2,1175,1175.0,Sort,0,8.505
DESKTOP-KQF03T0,Jashvanth,2026-06-30T12:22:38.893862,Q54_V005,Q_0601,2,0,1,0,1,0,92,0,0,0,1,59.4,7339.08,107306820608,24456402944,1,0,0,0,0,1,0,2,1175,1175.0,Sort,0,10.264
DESKTOP-KQF03T0,Jashvanth,2026-06-30T12:22:43.934857,Q54_V005,Q_0601,3,0,1,0,1,0,92,0,0,0,1,43.1,6821.39,107307791360,24456747008,1,0,0,0,0,1,0,2,1175,1175.0,Sort,0,9.176
DESKTOP-KQF03T0,Jashvanth,2026-06-30T12:22:48.968662,Q54_V006,Q_0602,1,0,1,0,0,0,94,0,0,1,1,29.3,6837.85,107312348672,24456927232,1,0,0,0,0,0,0,1,530,524.0,Seq Scan,0,9.421
DESKTOP-KQF03T0,Jashvanth,2026-06-30T12:22:54.038569,Q54_V006,Q_0602,2,0,1,0,0,0,94,0,0,1,1,29.8,6806.52,107315577344,24458657280,1,0,0,0,0,0,0,1,530,524.0,Seq Scan,0,6.412
DESKTOP-KQF03T0,Jashvanth,2026-06-30T12:22:59.062224,Q54_V006,Q_0602,3,0,1,0,0,0,94,0,0,1,1,27.4,6804.62,107315823104,24460299776,1,0,0,0,0,0,0,1,530,524.0,Seq Scan,0,4.865
DESKTOP-KQF03T0,Jashvanth,2026-06-30T12:23:04.098502,Q54_V007,Q_0603,1,0,0,1,1,0,74,1,0,0,1,24.6,6788.12,107316187648,24460963328,1,0,0,0,0,1,1,3,9,9.0,Sort,0,12.994
DESKTOP-KQF03T0,Jashvanth,2026-06-30T12:23:09.128092,Q54_V007,Q_0603,2,0,0,1,1,0,74,1,0,0,1,31.3,6659.72,107316650496,24479313408,1,0,0,0,0,1,1,3,9,9.0,Sort,0,8.525
DESKTOP-KQF03T0,Jashvanth,2026-06-30T12:23:14.195068,Q54_V007,Q_0603,3,0,0,1,1,0,74,1,0,0,1,33.8,6643.1,107317199360,24480079360,1,0,0,0,0,1,1,3,9,9.0,Sort,0,15.464
DESKTOP-KQF03T0,Jashvanth,2026-06-30T12:23:19.219518,Q54_V008,Q_0604,1,0,1,0,0,0,89,0,0,0,1,30.2,6670.86,107317477888,24481631744,1,0,0,0,0,0,0,1,1175,1175.0,Seq Scan,0,4.082
DESKTOP-KQF03T0,Jashvanth,2026-06-30T12:23:24.242905,Q54_V008,Q_0604,2,0,1,0,0,0,89,0,0,0,1,23.0,6684.11,107317613056,24486063616,1,0,0,0,0,0,0,1,1175,1175.0,Seq Scan,0,5.304
DESKTOP-KQF03T0,Jashvanth,2026-06-30T12:23:29.274263,Q54_V008,Q_0604,3,0,1,0,0,0,89,0,0,0,1,29.2,6677.57,107317780992,24488693248,1,0,0,0,0,0,0,1,1175,1175.0,Seq Scan,0,6.88
DESKTOP-KQF03T0,Jashvanth,2026-06-30T12:23:34.307200,Q54_V009,Q_0605,1,0,1,0,0,0,82,0,0,0,1,19.8,6723.94,107319726080,24489040896,1,0,0,0,0,0,0,2,100,100.0,Limit,0,0.727
DESKTOP-KQF03T0,Jashvanth,2026-06-30T12:23:39.329694,Q54_V009,Q_0605,2,0,1,0,0,0,82,0,0,0,1,37.5,6804.51,107422910976,24490359808,1,0,0,0,0,0,0,2,100,100.0,Limit,0,0.283
DESKTOP-KQF03T0,Jashvanth,2026-06-30T12:23:44.354738,Q54_V009,Q_0605,3,0,1,0,0,0,82,0,0,0,1,24.0,6754.29,107433465856,24491170816,1,0,0,0,0,0,0,2,100,100.0,Limit,0,1.408
DESKTOP-KQF03T0,Jashvanth,2026-06-30T12:23:49.393494,Q54_V010,Q_0606,1,0,1,0,0,0,87,0,0,1,1,24.3,6767.25,107433846784,24491871232,1,0,0,0,0,0,0,1,6158,6158.0,Seq Scan,0,9.431
DESKTOP-KQF03T0,Jashvanth,2026-06-30T12:23:54.417989,Q54_V010,Q_0606,2,0,1,0,0,0,87,0,0,1,1,44.3,6773.02,107452270592,24492137472,1,0,0,0,0,0,0,1,6158,6158.0,Seq Scan,0,4.044
DESKTOP-KQF03T0,Jashvanth,2026-06-30T12:23:59.444477,Q54_V010,Q_0606,3,0,1,0,0,0,87,0,0,1,1,29.0,6777.91,107530972672,24492846080,1,0,0,0,0,0,0,1,6158,6158.0,Seq Scan,0,5.162
DESKTOP-KQF03T0,Jashvanth,2026-06-30T12:24:04.482383,Q54_V011,Q_0607,1,0,1,1,0,0,114,1,0,0,1,29.9,6786.89,107531517440,24493169664,1,0,0,0,0,0,1,2,1075,1055.0,Aggregate,0,7.99
DESKTOP-KQF03T0,Jashvanth,2026-06-30T12:24:09.505184,Q54_V011,Q_0607,2,0,1,1,0,0,114,1,0,0,1,23.4,6806.09,107531623936,24493837312,1,0,0,0,0,0,1,2,1075,1055.0,Aggregate,0,5.274
DESKTOP-KQF03T0,Jashvanth,2026-06-30T12:24:14.533105,Q54_V011,Q_0607,3,0,1,1,0,0,114,1,0,0,1,20.7,6824.87,107532004864,24494025728,1,0,0,0,0,0,1,2,1075,1055.0,Aggregate,0,5.842
DESKTOP-KQF03T0,Jashvanth,2026-06-30T12:24:19.560396,Q55_V001,Q_0608,1,0,1,0,0,0,87,0,0,0,1,25.9,6809.47,107532152320,24494414848,0,1,0,0,0,0,0,2,397,397.0,Bitmap Heap Scan,0,0.365
DESKTOP-KQF03T0,Jashvanth,2026-06-30T12:24:24.589386,Q55_V001,Q_0608,2,0,1,0,0,0,87,0,0,0,1,33.7,6836.48,107532361216,24495033344,0,1,0,0,0,0,0,2,397,397.0,Bitmap Heap Scan,0,0.273
DESKTOP-KQF03T0,Jashvanth,2026-06-30T12:24:29.616743,Q55_V001,Q_0608,3,0,1,0,0,0,87,0,0,0,1,20.2,6805.91,107532639744,24495415296,0,1,0,0,0,0,0,2,397,397.0,Bitmap Heap Scan,0,0.206
DESKTOP-KQF03T0,Jashvanth,2026-06-30T12:24:34.641284,Q55_V002,Q_0609,1,0,1,0,0,0,85,0,0,0,1,22.6,6834.07,107539586560,24495972352,0,1,0,0,0,0,0,2,386,386.0,Bitmap Heap Scan,0,0.211
DESKTOP-KQF03T0,Jashvanth,2026-06-30T12:24:39.662371,Q55_V002,Q_0609,2,0,1,0,0,0,85,0,0,0,1,29.0,6663.96,107539607040,24496431104,0,1,0,0,0,0,0,2,386,386.0,Bitmap Heap Scan,0,0.153
DESKTOP-KQF03T0,Jashvanth,2026-06-30T12:24:44.692711,Q55_V002,Q_0609,3,0,1,0,0,0,85,0,0,0,1,24.5,6586.07,107540086272,24497164288,0,1,0,0,0,0,0,2,386,386.0,Bitmap Heap Scan,0,0.403
DESKTOP-KQF03T0,Jashvanth,2026-06-30T12:24:49.716505,Q55_V003,Q_0610,1,0,1,0,0,0,86,0,0,0,1,31.8,6578.42,107540360704,24498184192,0,1,0,0,0,0,0,2,398,398.0,Bitmap Heap Scan,0,0.182
DESKTOP-KQF03T0,Jashvanth,2026-06-30T12:24:54.739883,Q55_V003,Q_0610,2,0,1,0,0,0,86,0,0,0,1,26.6,6598.46,107542265344,24499134464,0,1,0,0,0,0,0,2,398,398.0,Bitmap Heap Scan,0,0.342
DESKTOP-KQF03T0,Jashvanth,2026-06-30T12:24:59.767908,Q55_V003,Q_0610,3,0,1,0,0,0,86,0,0,0,1,28.5,6585.87,107542384128,24499511296,0,1,0,0,0,0,0,2,398,398.0,Bitmap Heap Scan,0,0.194
DESKTOP-KQF03T0,Jashvanth,2026-06-30T12:25:04.790791,Q55_V004,Q_0611,1,0,1,0,0,0,86,0,0,0,1,28.3,6611.62,107542912512,24500752384,0,1,0,0,0,0,0,2,424,424.0,Bitmap Heap Scan,0,0.185
DESKTOP-KQF03T0,Jashvanth,2026-06-30T12:25:09.809195,Q55_V004,Q_0611,2,0,1,0,0,0,86,0,0,0,1,23.2,6637.63,107588368384,24503439360,0,1,0,0,0,0,0,2,424,424.0,Bitmap Heap Scan,0,0.199
DESKTOP-KQF03T0,Jashvanth,2026-06-30T12:25:14.846089,Q55_V004,Q_0611,3,0,1,0,0,0,86,0,0,0,1,19.3,6626.91,107598094336,24525799424,0,1,0,0,0,0,0,2,424,424.0,Bitmap Heap Scan,0,0.324
DESKTOP-KQF03T0,Jashvanth,2026-06-30T12:25:19.869718,Q55_V005,Q_0612,1,0,1,0,0,0,98,0,0,0,1,31.6,6618.11,107598331904,24526340096,0,1,0,0,0,0,0,2,397,397.0,Bitmap Heap Scan,0,0.228
DESKTOP-KQF03T0,Jashvanth,2026-06-30T12:25:24.892968,Q55_V005,Q_0612,2,0,1,0,0,0,98,0,0,0,1,21.4,6635.5,107598692352,24526934016,0,1,0,0,0,0,0,2,397,397.0,Bitmap Heap Scan,0,0.187
DESKTOP-KQF03T0,Jashvanth,2026-06-30T12:25:29.918367,Q55_V005,Q_0612,3,0,1,0,0,0,98,0,0,0,1,35.3,6613.67,107598930432,24527400960,0,1,0,0,0,0,0,2,397,397.0,Bitmap Heap Scan,0,0.303
DESKTOP-KQF03T0,Jashvanth,2026-06-30T12:25:34.963595,Q55_V006,Q_0613,1,0,1,0,1,0,103,0,0,0,1,25.3,6631.3,107601183232,24528269312,0,1,0,0,0,1,0,3,397,397.0,Sort,0,0.513
DESKTOP-KQF03T0,Jashvanth,2026-06-30T12:25:39.994987,Q55_V006,Q_0613,2,0,1,0,1,0,103,0,0,0,1,20.1,6636.61,107601195520,24528842752,0,1,0,0,0,1,0,3,397,397.0,Sort,0,0.395
DESKTOP-KQF03T0,Jashvanth,2026-06-30T12:25:45.017365,Q55_V006,Q_0613,3,0,1,0,1,0,103,0,0,0,1,21.9,6645.63,107601400320,24529395712,0,1,0,0,0,1,0,3,397,397.0,Sort,0,0.66
DESKTOP-KQF03T0,Jashvanth,2026-06-30T12:25:50.065059,Q55_V007,Q_0614,1,0,1,0,0,0,108,0,0,1,1,20.8,6642.17,107601457664,24529723392,0,1,0,0,0,0,0,2,186,175.0,Bitmap Heap Scan,0,0.638
DESKTOP-KQF03T0,Jashvanth,2026-06-30T12:25:55.102705,Q55_V007,Q_0614,2,0,1,0,0,0,108,0,0,1,1,28.3,6634.95,107601949184,24529989632,0,1,0,0,0,0,0,2,186,175.0,Bitmap Heap Scan,0,0.297
DESKTOP-KQF03T0,Jashvanth,2026-06-30T12:26:00.129520,Q55_V007,Q_0614,3,0,1,0,0,0,108,0,0,1,1,31.2,6648.49,107602424320,24531075072,0,1,0,0,0,0,0,2,186,175.0,Bitmap Heap Scan,0,0.308
DESKTOP-KQF03T0,Jashvanth,2026-06-30T12:26:05.154862,Q55_V008,Q_0615,1,0,1,0,0,0,82,1,0,0,1,38.5,6661.28,107602493952,24532336640,0,1,0,0,0,0,1,2,1,1.0,Aggregate,0,0.255
DESKTOP-KQF03T0,Jashvanth,2026-06-30T12:26:10.174472,Q55_V008,Q_0615,2,0,1,0,0,0,82,1,0,0,1,28.3,6673.1,107603030528,24532996096,0,1,0,0,0,0,1,2,1,1.0,Aggregate,0,0.072
DESKTOP-KQF03T0,Jashvanth,2026-06-30T12:26:15.195799,Q55_V008,Q_0615,3,0,1,0,0,0,82,1,0,0,1,21.7,6686.45,107603631104,24533278720,0,1,0,0,0,0,1,2,1,1.0,Aggregate,0,0.162
DESKTOP-KQF03T0,Jashvanth,2026-06-30T12:26:20.218416,Q55_V009,Q_0616,1,0,1,0,0,0,102,0,0,0,1,16.8,6691.82,107604649472,24533839872,1,0,0,0,0,0,0,1,783,783.0,Seq Scan,0,0.599
DESKTOP-KQF03T0,Jashvanth,2026-06-30T12:26:25.239513,Q55_V009,Q_0616,2,0,1,0,0,0,102,0,0,0,1,21.5,6687.39,107605009920,24534396928,1,0,0,0,0,0,0,1,783,783.0,Seq Scan,0,0.554
DESKTOP-KQF03T0,Jashvanth,2026-06-30T12:26:30.276995,Q55_V009,Q_0616,3,0,1,0,0,0,102,0,0,0,1,27.8,6687.26,107605358080,24535215616,1,0,0,0,0,0,0,1,783,783.0,Seq Scan,0,1.466
DESKTOP-KQF03T0,Jashvanth,2026-06-30T12:26:35.302698,Q55_V010,Q_0617,1,0,1,0,0,0,86,0,0,0,1,37.3,6696.08,107606357504,24537918976,0,1,0,0,0,0,0,2,395,395.0,Bitmap Heap Scan,0,0.175
DESKTOP-KQF03T0,Jashvanth,2026-06-30T12:26:40.325538,Q55_V010,Q_0617,2,0,1,0,0,0,86,0,0,0,1,34.0,6650.29,107618478592,24539341312,0,1,0,0,0,0,0,2,395,395.0,Bitmap Heap Scan,0,0.21
DESKTOP-KQF03T0,Jashvanth,2026-06-30T12:26:45.347516,Q55_V010,Q_0617,3,0,1,0,0,0,86,0,0,0,1,17.5,6656.02,107618519552,24539800064,0,1,0,0,0,0,0,2,395,395.0,Bitmap Heap Scan,0,0.219
DESKTOP-KQF03T0,Jashvanth,2026-06-30T12:26:50.375807,Q55_V011,Q_0618,1,0,1,0,0,0,96,0,0,0,1,23.8,6662.82,107618855424,24540779008,1,0,0,0,0,0,0,2,50,50.0,Limit,0,0.141
DESKTOP-KQF03T0,Jashvanth,2026-06-30T12:26:55.394119,Q55_V011,Q_0618,2,0,1,0,0,0,96,0,0,0,1,29.5,6669.44,107619428864,24541123072,1,0,0,0,0,0,0,2,50,50.0,Limit,0,0.059
DESKTOP-KQF03T0,Jashvanth,2026-06-30T12:27:00.413830,Q55_V011,Q_0618,3,0,1,0,0,0,96,0,0,0,1,18.2,6674.07,107619641856,24541598208,1,0,0,0,0,0,0,2,50,50.0,Limit,0,0.057
DESKTOP-KQF03T0,Jashvanth,2026-06-30T12:27:05.438868,Q56_V001,Q_0619,1,0,0,1,1,0,113,1,0,0,1,35.2,6441.92,107619715584,24542040576,1,0,0,0,0,1,1,3,5,5.0,Sort,0,2.118
DESKTOP-KQF03T0,Jashvanth,2026-06-30T12:27:10.471940,Q56_V001,Q_0619,2,0,0,1,1,0,113,1,0,0,1,28.5,6475.71,107619830272,24542446080,1,0,0,0,0,1,1,3,5,5.0,Sort,0,4.22
DESKTOP-KQF03T0,Jashvanth,2026-06-30T12:27:15.497230,Q56_V001,Q_0619,3,0,0,1,1,0,113,1,0,0,1,20.8,6470.26,107619957248,24542990848,1,0,0,0,0,1,1,3,5,5.0,Sort,0,1.863
DESKTOP-KQF03T0,Jashvanth,2026-06-30T12:27:20.522460,Q56_V002,Q_0620,1,0,0,1,1,0,108,1,0,0,1,25.1,6468.98,107619969536,24543347200,1,0,0,0,0,1,1,3,5,5.0,Sort,0,3.643
DESKTOP-KQF03T0,Jashvanth,2026-06-30T12:27:25.545665,Q56_V002,Q_0620,2,0,0,1,1,0,108,1,0,0,1,16.7,6481.59,107620108800,24543834624,1,0,0,0,0,1,1,3,5,5.0,Sort,0,3.638
DESKTOP-KQF03T0,Jashvanth,2026-06-30T12:27:30.571382,Q56_V002,Q_0620,3,0,0,1,1,0,108,1,0,0,1,18.5,6481.84,107620375040,24544354816,1,0,0,0,0,1,1,3,5,5.0,Sort,0,2.99
DESKTOP-KQF03T0,Jashvanth,2026-06-30T12:27:35.607617,Q56_V003,Q_0621,1,0,0,1,1,0,110,1,0,0,1,32.2,6425.25,107621300736,24544629248,1,0,0,0,0,1,1,3,5,5.0,Sort,0,4.92
DESKTOP-KQF03T0,Jashvanth,2026-06-30T12:27:40.640976,Q56_V003,Q_0621,2,0,0,1,1,0,110,1,0,0,1,37.3,6418.51,107621789184,24545376768,1,0,0,0,0,1,1,3,5,5.0,Sort,0,3.798
DESKTOP-KQF03T0,Jashvanth,2026-06-30T12:27:45.666901,Q56_V003,Q_0621,3,0,0,1,1,0,110,1,0,0,1,22.5,6376.54,107622563328,24545782272,1,0,0,0,0,1,1,3,5,5.0,Sort,0,1.936
DESKTOP-KQF03T0,Jashvanth,2026-06-30T12:27:50.694998,Q56_V004,Q_0622,1,0,0,1,1,0,117,1,0,0,1,29.2,6394.0,107622764032,24546245120,1,0,0,0,0,1,1,3,5,5.0,Sort,0,3.966
DESKTOP-KQF03T0,Jashvanth,2026-06-30T12:27:55.734964,Q56_V004,Q_0622,2,0,0,1,1,0,117,1,0,0,1,28.6,6427.75,107629080064,24547206144,1,0,0,0,0,1,1,3,5,5.0,Sort,0,5.73
DESKTOP-KQF03T0,Jashvanth,2026-06-30T12:28:00.766367,Q56_V004,Q_0622,3,0,0,1,1,0,117,1,0,0,1,34.2,6423.04,107630222848,24548738048,1,0,0,0,0,1,1,3,5,5.0,Sort,0,2.385
DESKTOP-KQF03T0,Jashvanth,2026-06-30T12:28:05.803440,Q56_V005,Q_0623,1,0,1,1,1,0,139,1,0,0,1,30.6,6414.38,107630263808,24549417984,1,0,0,0,0,1,1,3,5,5.0,Sort,0,3.444
DESKTOP-KQF03T0,Jashvanth,2026-06-30T12:28:10.834482,Q56_V005,Q_0623,2,0,1,1,1,0,139,1,0,0,1,22.8,6400.35,107630728704,24549975040,1,0,0,0,0,1,1,3,5,5.0,Sort,0,2.689
DESKTOP-KQF03T0,Jashvanth,2026-06-30T12:28:15.856704,Q56_V005,Q_0623,3,0,1,1,1,0,139,1,0,0,1,32.2,6396.11,107631126016,24550458368,1,0,0,0,0,1,1,3,5,5.0,Sort,0,1.667
DESKTOP-KQF03T0,Jashvanth,2026-06-30T12:28:20.884858,Q56_V006,Q_0624,1,0,0,1,1,0,130,2,0,0,1,30.2,6407.59,107631330816,24551343104,1,0,0,0,0,1,1,3,5,5.0,Sort,0,3.004
DESKTOP-KQF03T0,Jashvanth,2026-06-30T12:28:25.920139,Q56_V006,Q_0624,2,0,0,1,1,0,130,2,0,0,1,22.7,6416.02,107631498752,24551674880,1,0,0,0,0,1,1,3,5,5.0,Sort,0,3.178
DESKTOP-KQF03T0,Jashvanth,2026-06-30T12:28:30.942766,Q56_V006,Q_0624,3,0,0,1,1,0,130,2,0,0,1,33.0,6461.35,107638181888,24570012160,1,0,0,0,0,1,1,3,5,5.0,Sort,0,4.287
DESKTOP-KQF03T0,Jashvanth,2026-06-30T12:28:35.966656,Q56_V007,Q_0625,1,0,0,1,1,0,117,1,0,0,1,34.5,6436.15,107638673408,24572998144,1,0,0,0,0,1,1,3,5,5.0,Sort,0,2.478
DESKTOP-KQF03T0,Jashvanth,2026-06-30T12:28:40.988246,Q56_V007,Q_0625,2,0,0,1,1,0,117,1,0,0,1,26.5,6411.62,107638943744,24574009856,1,0,0,0,0,1,1,3,5,5.0,Sort,0,1.899
DESKTOP-KQF03T0,Jashvanth,2026-06-30T12:28:46.017680,Q56_V007,Q_0625,3,0,0,1,1,0,117,1,0,0,1,36.4,6395.13,107639173120,24574575104,1,0,0,0,0,1,1,3,5,5.0,Sort,0,4.431
DESKTOP-KQF03T0,Jashvanth,2026-06-30T12:28:51.041952,Q56_V008,Q_0626,1,0,1,1,1,0,152,1,0,0,1,18.8,6392.4,107639279616,24575062528,1,0,0,0,0,1,1,3,5,5.0,Sort,0,2.139
DESKTOP-KQF03T0,Jashvanth,2026-06-30T12:28:56.073925,Q56_V008,Q_0626,2,0,1,1,1,0,152,1,0,0,1,24.4,6409.8,107639291904,24575713792,1,0,0,0,0,1,1,3,5,5.0,Sort,0,4.097
DESKTOP-KQF03T0,Jashvanth,2026-06-30T12:29:01.103345,Q56_V008,Q_0626,3,0,1,1,1,0,152,1,0,0,1,22.2,6406.89,107639689216,24576483840,1,0,0,0,0,1,1,3,5,5.0,Sort,0,1.505
DESKTOP-KQF03T0,Jashvanth,2026-06-30T12:29:06.144320,Q56_V009,Q_0627,1,0,0,1,1,0,149,2,0,0,1,25.7,6414.68,107639762944,24576819712,1,0,0,0,0,1,1,3,5,5.0,Sort,0,8.565
DESKTOP-KQF03T0,Jashvanth,2026-06-30T12:29:11.168142,Q56_V009,Q_0627,2,0,0,1,1,0,149,2,0,0,1,25.4,6415.76,107640123392,24577888768,1,0,0,0,0,1,1,3,5,5.0,Sort,0,3.334
DESKTOP-KQF03T0,Jashvanth,2026-06-30T12:29:16.189244,Q56_V009,Q_0627,3,0,0,1,1,0,149,2,0,0,1,26.7,6427.75,107640287232,24578376192,1,0,0,0,0,1,1,3,5,5.0,Sort,0,2.84
DESKTOP-KQF03T0,Jashvanth,2026-06-30T12:29:21.234671,Q56_V010,Q_0628,1,0,0,1,1,0,148,2,0,0,1,41.7,6468.81,107640393728,24579248640,1,0,0,0,0,1,1,3,2,5.0,Sort,0,3.53
DESKTOP-KQF03T0,Jashvanth,2026-06-30T12:29:26.265502,Q56_V010,Q_0628,2,0,0,1,1,0,148,2,0,0,1,27.7,6463.46,107640463360,24579699200,1,0,0,0,0,1,1,3,2,5.0,Sort,0,5.385
DESKTOP-KQF03T0,Jashvanth,2026-06-30T12:29:31.289372,Q56_V010,Q_0628,3,0,0,1,1,0,148,2,0,0,1,20.3,6470.47,107641958400,24580878848,1,0,0,0,0,1,1,3,2,5.0,Sort,0,2.691
DESKTOP-KQF03T0,Jashvanth,2026-06-30T12:29:36.325022,Q56_V011,Q_0629,1,0,0,1,1,0,132,1,1,0,1,20.7,6489.71,107642216448,24581100032,1,0,0,0,0,1,1,3,5,5.0,Aggregate,0,9.387
DESKTOP-KQF03T0,Jashvanth,2026-06-30T12:29:41.360435,Q56_V011,Q_0629,2,0,0,1,1,0,132,1,1,0,1,27.3,6463.34,107642507264,24581685760,1,0,0,0,0,1,1,3,5,5.0,Aggregate,0,9.771
DESKTOP-KQF03T0,Jashvanth,2026-06-30T12:29:46.388599,Q56_V011,Q_0629,3,0,0,1,1,0,132,1,1,0,1,26.0,6476.64,107642605568,24582140416,1,0,0,0,0,1,1,3,5,5.0,Aggregate,0,7.917
DESKTOP-KQF03T0,Jashvanth,2026-06-30T12:29:51.423327,Q57_V001,Q_0630,1,0,1,0,0,0,74,0,0,1,1,34.7,6481.16,107643072512,24582418944,1,0,0,0,0,0,0,1,195,195.0,Seq Scan,0,0.344
DESKTOP-KQF03T0,Jashvanth,2026-06-30T12:29:56.448918,Q57_V001,Q_0630,2,0,1,0,0,0,74,0,0,1,1,30.1,6479.09,107644473344,24583000576,1,0,0,0,0,0,0,1,195,195.0,Seq Scan,0,0.283
DESKTOP-KQF03T0,Jashvanth,2026-06-30T12:30:01.477257,Q57_V001,Q_0630,3,0,1,0,0,0,74,0,0,1,1,27.3,6500.93,107645186048,24583717376,1,0,0,0,0,0,0,1,195,195.0,Seq Scan,0,0.338
DESKTOP-KQF03T0,Jashvanth,2026-06-30T12:30:06.502378,Q57_V002,Q_0631,1,0,1,0,0,0,73,0,0,1,1,25.7,6555.72,107647281152,24584147456,1,0,0,0,0,0,0,1,225,225.0,Seq Scan,0,0.396
DESKTOP-KQF03T0,Jashvanth,2026-06-30T12:30:11.539211,Q57_V002,Q_0631,2,0,1,0,0,0,73,0,0,1,1,61.1,6815.03,107743791616,24586260992,1,0,0,0,0,0,0,1,225,225.0,Seq Scan,0,0.449
DESKTOP-KQF03T0,Jashvanth,2026-06-30T12:30:16.578614,Q57_V002,Q_0631,3,0,1,0,0,0,73,0,0,1,1,43.0,6665.79,107746128896,24587399680,1,0,0,0,0,0,0,1,225,225.0,Seq Scan,0,0.185
DESKTOP-KQF03T0,Jashvanth,2026-06-30T12:30:21.603730,Q57_V003,Q_0632,1,0,1,0,0,0,74,0,0,1,1,30.4,6673.78,107747880448,24587883008,1,0,0,0,0,0,0,1,244,244.0,Seq Scan,0,0.358
DESKTOP-KQF03T0,Jashvanth,2026-06-30T12:30:26.629747,Q57_V003,Q_0632,2,0,1,0,0,0,74,0,0,1,1,44.9,6679.68,107748265472,24588800512,1,0,0,0,0,0,0,1,244,244.0,Seq Scan,0,0.271
DESKTOP-KQF03T0,Jashvanth,2026-06-30T12:30:31.679212,Q57_V003,Q_0632,3,0,1,0,0,0,74,0,0,1,1,26.2,6704.8,107794262528,24589482496,1,0,0,0,0,0,0,1,244,244.0,Seq Scan,0,0.256
DESKTOP-KQF03T0,Jashvanth,2026-06-30T12:30:36.708046,Q57_V004,Q_0633,1,0,1,0,1,0,90,0,0,1,1,33.0,6710.73,107813896704,24616167936,1,0,0,0,0,1,0,2,195,195.0,Sort,0,0.296
DESKTOP-KQF03T0,Jashvanth,2026-06-30T12:30:41.736756,Q57_V004,Q_0633,2,0,1,0,1,0,90,0,0,1,1,17.2,6712.04,107813990912,24616675840,1,0,0,0,0,1,0,2,195,195.0,Sort,0,0.563
DESKTOP-KQF03T0,Jashvanth,2026-06-30T12:30:46.769051,Q57_V004,Q_0633,3,0,1,0,1,0,90,0,0,1,1,22.2,6719.14,107814179328,24617449984,1,0,0,0,0,1,0,2,195,195.0,Sort,0,1.399
DESKTOP-KQF03T0,Jashvanth,2026-06-30T12:30:51.791585,Q57_V005,Q_0634,1,0,1,0,0,0,89,0,0,1,1,31.3,6721.82,107814183424,24618215936,1,0,0,0,0,0,0,1,195,195.0,Seq Scan,0,0.244
DESKTOP-KQF03T0,Jashvanth,2026-06-30T12:30:56.824718,Q57_V005,Q_0634,2,0,1,0,0,0,89,0,0,1,1,32.2,6720.39,107814892032,24620915200,1,0,0,0,0,0,0,1,195,195.0,Seq Scan,0,0.216
DESKTOP-KQF03T0,Jashvanth,2026-06-30T12:31:01.847264,Q57_V005,Q_0634,3,0,1,0,0,0,89,0,0,1,1,30.8,6743.25,107814949376,24621455872,1,0,0,0,0,0,0,1,195,195.0,Seq Scan,0,0.39
DESKTOP-KQF03T0,Jashvanth,2026-06-30T12:31:06.874049,Q57_V006,Q_0635,1,0,1,0,0,0,78,0,0,1,1,33.2,6753.08,107825167872,24623536640,1,0,0,0,0,0,0,1,210,210.0,Seq Scan,0,0.323
DESKTOP-KQF03T0,Jashvanth,2026-06-30T12:31:11.898317,Q57_V006,Q_0635,2,0,1,0,0,0,78,0,0,1,1,39.6,6674.83,107830240768,24659970560,1,0,0,0,0,0,0,1,210,210.0,Seq Scan,0,0.144
DESKTOP-KQF03T0,Jashvanth,2026-06-30T12:31:16.920851,Q57_V006,Q_0635,3,0,1,0,0,0,78,0,0,1,1,27.3,6705.38,107831824384,24661031424,1,0,0,0,0,0,0,1,210,210.0,Seq Scan,0,0.224
DESKTOP-KQF03T0,Jashvanth,2026-06-30T12:31:21.945129,Q57_V007,Q_0636,1,0,1,0,0,0,99,0,0,2,1,27.1,6723.64,107835495424,24666900992,1,0,0,0,0,0,0,1,9,8.0,Seq Scan,0,0.305
DESKTOP-KQF03T0,Jashvanth,2026-06-30T12:31:26.973994,Q57_V007,Q_0636,2,0,1,0,0,0,99,0,0,2,1,36.7,6664.82,108051085312,24667818496,1,0,0,0,0,0,0,1,9,8.0,Seq Scan,0,0.421
DESKTOP-KQF03T0,Jashvanth,2026-06-30T12:31:32.001176,Q57_V007,Q_0636,3,0,1,0,0,0,99,0,0,2,1,36.1,6688.93,108052239360,24669477376,1,0,0,0,0,0,0,1,9,8.0,Seq Scan,0,0.228
DESKTOP-KQF03T0,Jashvanth,2026-06-30T12:31:37.023136,Q57_V008,Q_0637,1,0,1,0,0,0,71,1,0,1,1,23.9,6696.25,108053136384,24669944320,1,0,0,0,0,0,1,2,1,1.0,Aggregate,0,0.148
DESKTOP-KQF03T0,Jashvanth,2026-06-30T12:31:42.041603,Q57_V008,Q_0637,2,0,1,0,0,0,71,1,0,1,1,24.5,6682.87,108053239808,24670382592,1,0,0,0,0,0,1,2,1,1.0,Aggregate,0,0.157
DESKTOP-KQF03T0,Jashvanth,2026-06-30T12:31:47.061797,Q57_V008,Q_0637,3,0,1,0,0,0,71,1,0,1,1,17.9,6693.29,108053309440,24670714368,1,0,0,0,0,0,1,2,1,1.0,Aggregate,0,0.147
DESKTOP-KQF03T0,Jashvanth,2026-06-30T12:31:52.086839,Q57_V009,Q_0638,1,0,1,0,1,0,102,0,0,1,1,17.2,6700.76,108054845440,24671115776,1,0,0,0,0,1,0,2,195,195.0,Sort,0,0.344
DESKTOP-KQF03T0,Jashvanth,2026-06-30T12:31:57.113172,Q57_V009,Q_0638,2,0,1,0,1,0,102,0,0,1,1,25.3,6691.89,108055734272,24671521280,1,0,0,0,0,1,0,2,195,195.0,Sort,0,0.452
DESKTOP-KQF03T0,Jashvanth,2026-06-30T12:32:02.131553,Q57_V009,Q_0638,3,0,1,0,1,0,102,0,0,1,1,31.4,6698.17,108056680448,24672107008,1,0,0,0,0,1,0,2,195,195.0,Sort,0,0.225
DESKTOP-KQF03T0,Jashvanth,2026-06-30T12:32:07.154049,Q57_V010,Q_0639,1,0,1,0,0,0,73,0,0,1,1,37.2,6692.82,108056848384,24672864768,1,0,0,0,0,0,0,1,221,221.0,Seq Scan,0,0.208
DESKTOP-KQF03T0,Jashvanth,2026-06-30T12:32:12.176074,Q57_V010,Q_0639,2,0,1,0,0,0,73,0,0,1,1,24.9,6689.35,108056877056,24673192448,1,0,0,0,0,0,0,1,221,221.0,Seq Scan,0,0.511
DESKTOP-KQF03T0,Jashvanth,2026-06-30T12:32:17.234554,Q57_V010,Q_0639,3,0,1,0,0,0,73,0,0,1,1,27.6,6705.2,108057018368,24673495552,1,0,0,0,0,0,0,1,221,221.0,Seq Scan,0,0.84
DESKTOP-KQF03T0,Jashvanth,2026-06-30T12:32:22.273652,Q57_V011,Q_0640,1,0,1,1,1,0,104,1,0,1,1,29.8,6693.56,108057235456,24673933824,1,0,0,0,0,1,1,3,49,11.0,Sort,0,0.383
DESKTOP-KQF03T0,Jashvanth,2026-06-30T12:32:27.315180,Q57_V011,Q_0640,2,0,1,1,1,0,104,1,0,1,1,29.8,6665.82,108057243648,24674372096,1,0,0,0,0,1,1,3,49,11.0,Sort,0,0.545
DESKTOP-KQF03T0,Jashvanth,2026-06-30T12:32:32.337680,Q57_V011,Q_0640,3,0,1,1,1,0,104,1,0,1,1,32.2,6677.5,108057251840,24674715648,1,0,0,0,0,1,1,3,49,11.0,Sort,0,0.172
DESKTOP-KQF03T0,Jashvanth,2026-06-30T12:32:37.401409,Q58_V001,Q_0641,1,0,0,1,0,0,73,1,0,0,1,43.1,6562.27,108059230208,24708495360,1,0,0,0,0,0,1,2,2,2.0,Aggregate,0,12.534
DESKTOP-KQF03T0,Jashvanth,2026-06-30T12:32:42.430676,Q58_V001,Q_0641,2,0,0,1,0,0,73,1,0,0,1,41.1,6566.4,108059369472,24709023744,1,0,0,0,0,0,1,2,2,2.0,Aggregate,0,8.678
DESKTOP-KQF03T0,Jashvanth,2026-06-30T12:32:47.473935,Q58_V001,Q_0641,3,0,0,1,0,0,73,1,0,0,1,32.4,6564.71,108059446784,24709642240,1,0,0,0,0,0,1,2,2,2.0,Aggregate,0,14.819
DESKTOP-KQF03T0,Jashvanth,2026-06-30T12:32:52.502419,Q58_V002,Q_0642,1,0,0,1,1,0,95,1,0,0,1,21.5,6577.76,108060106240,24710795776,1,0,0,0,0,1,1,3,2,2.0,Sort,0,6.748
DESKTOP-KQF03T0,Jashvanth,2026-06-30T12:32:57.534421,Q58_V002,Q_0642,2,0,0,1,1,0,95,1,0,0,1,40.8,6615.35,108060405248,24711152128,1,0,0,0,0,1,1,3,2,2.0,Sort,0,14.171
DESKTOP-KQF03T0,Jashvanth,2026-06-30T12:33:02.558721,Q58_V002,Q_0642,3,0,0,1,1,0,95,1,0,0,1,29.7,6602.83,108060626432,24711688704,1,0,0,0,0,1,1,3,2,2.0,Sort,0,6.3
DESKTOP-KQF03T0,Jashvanth,2026-06-30T12:33:07.585168,Q58_V003,Q_0643,1,0,0,1,0,0,73,1,0,0,1,34.0,6594.56,108060801536,24711971328,1,0,0,0,0,0,1,2,3,3.0,Aggregate,0,7.367
DESKTOP-KQF03T0,Jashvanth,2026-06-30T12:33:12.610850,Q58_V003,Q_0643,2,0,0,1,0,0,73,1,0,0,1,35.0,6574.85,108069366272,24712270336,1,0,0,0,0,0,1,2,3,3.0,Aggregate,0,8.197
DESKTOP-KQF03T0,Jashvanth,2026-06-30T12:33:17.641909,Q58_V003,Q_0643,3,0,0,1,0,0,73,1,0,0,1,29.2,6623.68,108093955072,24712897024,1,0,0,0,0,0,1,2,3,3.0,Aggregate,0,6.894
DESKTOP-KQF03T0,Jashvanth,2026-06-30T12:33:22.682762,Q58_V004,Q_0644,1,0,0,1,0,0,110,2,0,0,1,40.6,6644.5,108096967168,24714007040,1,0,0,0,0,0,1,2,2,2.0,Aggregate,0,16.491
DESKTOP-KQF03T0,Jashvanth,2026-06-30T12:33:27.717775,Q58_V004,Q_0644,2,0,0,1,0,0,110,2,0,0,1,23.4,6600.8,108097348096,24714543616,1,0,0,0,0,0,1,2,2,2.0,Aggregate,0,12.137
DESKTOP-KQF03T0,Jashvanth,2026-06-30T12:33:32.746354,Q58_V004,Q_0644,3,0,0,1,0,0,110,2,0,0,1,24.0,6604.35,108097570304,24715264512,1,0,0,0,0,0,1,2,2,2.0,Aggregate,0,9.391
DESKTOP-KQF03T0,Jashvanth,2026-06-30T12:33:37.775052,Q58_V005,Q_0645,1,0,1,1,0,0,111,1,0,0,1,27.5,6618.6,108097660416,24716987392,1,0,0,0,0,0,1,2,2,2.0,Aggregate,0,5.871
DESKTOP-KQF03T0,Jashvanth,2026-06-30T12:33:42.800323,Q58_V005,Q_0645,2,0,1,1,0,0,111,1,0,0,1,38.9,6598.19,108097791488,24718294016,1,0,0,0,0,0,1,2,2,2.0,Aggregate,0,6.944
DESKTOP-KQF03T0,Jashvanth,2026-06-30T12:33:47.824295,Q58_V005,Q_0645,3,0,1,1,0,0,111,1,0,0,1,30.4,6609.18,108097861120,24718498816,1,0,0,0,0,0,1,2,2,2.0,Aggregate,0,6.666
DESKTOP-KQF03T0,Jashvanth,2026-06-30T12:33:52.889332,Q58_V006,Q_0646,1,0,0,1,0,0,91,1,0,0,1,26.0,6611.61,108098201088,24719277056,1,0,0,0,0,0,1,2,2,2.0,Aggregate,0,21.236
DESKTOP-KQF03T0,Jashvanth,2026-06-30T12:33:57.949019,Q58_V006,Q_0646,2,0,0,1,0,0,91,1,0,0,1,31.7,6614.34,108105745920,24742308864,1,0,0,0,0,0,1,2,2,2.0,Aggregate,0,14.168
DESKTOP-KQF03T0,Jashvanth,2026-06-30T12:34:02.977383,Q58_V006,Q_0646,3,0,0,1,0,0,91,1,0,0,1,37.7,6638.52,108123418624,24749964288,1,0,0,0,0,0,1,2,2,2.0,Aggregate,0,10.226
DESKTOP-KQF03T0,Jashvanth,2026-06-30T12:34:08.020586,Q58_V007,Q_0647,1,0,0,1,0,0,101,1,0,0,1,24.6,6645.53,108124123136,24751733760,1,0,0,0,0,0,1,2,6,6.0,Aggregate,0,20.015
DESKTOP-KQF03T0,Jashvanth,2026-06-30T12:34:13.052642,Q58_V007,Q_0647,2,0,0,1,0,0,101,1,0,0,1,37.4,6629.37,108128288768,24752245760,1,0,0,0,0,0,1,2,6,6.0,Aggregate,0,9.934
DESKTOP-KQF03T0,Jashvanth,2026-06-30T12:34:18.097717,Q58_V007,Q_0647,3,0,0,1,0,0,101,1,0,0,1,38.2,6566.48,108128620544,24752487424,1,0,0,0,0,0,1,2,6,6.0,Aggregate,0,19.73
DESKTOP-KQF03T0,Jashvanth,2026-06-30T12:34:23.130276,Q58_V008,Q_0648,1,0,1,1,0,0,94,1,0,0,1,25.7,6588.45,108132780032,24753671680,1,0,0,0,0,0,1,2,2,2.0,Aggregate,0,13.259
DESKTOP-KQF03T0,Jashvanth,2026-06-30T12:34:28.180730,Q58_V008,Q_0648,2,0,1,1,0,0,94,1,0,0,1,27.4,6556.02,108132804608,24754143744,1,0,0,0,0,0,1,2,2,2.0,Aggregate,0,10.979
DESKTOP-KQF03T0,Jashvanth,2026-06-30T12:34:33.215008,Q58_V008,Q_0648,3,0,1,1,0,0,94,1,0,0,1,28.5,6572.89,108132902912,24754639360,1,0,0,0,0,0,1,2,2,2.0,Aggregate,0,11.651
DESKTOP-KQF03T0,Jashvanth,2026-06-30T12:34:38.247428,Q58_V009,Q_0649,1,0,0,1,0,0,86,1,0,0,1,28.9,6576.26,108132935680,24755196416,1,0,0,0,0,0,1,2,2,2.0,Aggregate,0,10.696
DESKTOP-KQF03T0,Jashvanth,2026-06-30T12:34:43.277624,Q58_V009,Q_0649,2,0,0,1,0,0,86,1,0,0,1,25.7,6594.34,108133865472,24755970560,1,0,0,0,0,0,1,2,2,2.0,Aggregate,0,10.609
DESKTOP-KQF03T0,Jashvanth,2026-06-30T12:34:48.319325,Q58_V009,Q_0649,3,0,0,1,0,0,86,1,0,0,1,35.9,6585.73,108133947392,24756470272,1,0,0,0,0,0,1,2,2,2.0,Aggregate,0,20.675
DESKTOP-KQF03T0,Jashvanth,2026-06-30T12:34:53.350673,Q58_V010,Q_0650,1,0,0,1,1,0,87,1,0,0,1,33.4,6595.88,108151465984,24776983040,1,0,0,0,0,1,1,3,7,7.0,Sort,0,8.176
DESKTOP-KQF03T0,Jashvanth,2026-06-30T12:34:58.390040,Q58_V010,Q_0650,2,0,0,1,1,0,87,1,0,0,1,33.8,6592.59,108151539712,24777777664,1,0,0,0,0,1,1,3,7,7.0,Sort,0,14.406
DESKTOP-KQF03T0,Jashvanth,2026-06-30T12:35:03.427341,Q58_V010,Q_0650,3,0,0,1,1,0,87,1,0,0,1,37.2,6644.5,108155289088,24803578368,1,0,0,0,0,1,1,3,7,7.0,Sort,0,11.202
DESKTOP-KQF03T0,Jashvanth,2026-06-30T12:35:08.457475,Q58_V011,Q_0651,1,0,0,1,0,0,126,2,0,0,1,33.2,6626.64,108155833856,24804205056,1,0,0,0,0,0,1,2,2,2.0,Aggregate,0,11.956
DESKTOP-KQF03T0,Jashvanth,2026-06-30T12:35:13.489644,Q58_V011,Q_0651,2,0,0,1,0,0,126,2,0,0,1,26.9,6606.08,108156284416,24805343744,1,0,0,0,0,0,1,2,2,2.0,Aggregate,0,12.333
DESKTOP-KQF03T0,Jashvanth,2026-06-30T12:35:18.522479,Q58_V011,Q_0651,3,0,0,1,0,0,126,2,0,0,1,32.0,6604.26,108156440064,24805958144,1,0,0,0,0,0,1,2,2,2.0,Aggregate,0,12.443
DESKTOP-KQF03T0,Jashvanth,2026-06-30T12:35:23.562875,Q59_V001,Q_0652,1,0,0,1,1,0,112,1,0,0,1,33.1,6615.27,108157443584,24806552064,1,0,0,0,0,1,1,4,100,100.0,Limit,0,12.943
DESKTOP-KQF03T0,Jashvanth,2026-06-30T12:35:28.597466,Q59_V001,Q_0652,2,0,0,1,1,0,112,1,0,0,1,29.1,6627.5,108157550080,24807227904,1,0,0,0,0,1,1,4,100,100.0,Limit,0,15.049
DESKTOP-KQF03T0,Jashvanth,2026-06-30T12:35:33.636871,Q59_V001,Q_0652,3,0,0,1,1,0,112,1,0,0,1,22.6,6651.29,108161773056,24807584256,1,0,0,0,0,1,1,4,100,100.0,Limit,0,19.291
DESKTOP-KQF03T0,Jashvanth,2026-06-30T12:35:38.670919,Q59_V002,Q_0653,1,0,0,1,1,0,111,1,0,0,1,28.2,6664.04,108161801728,24807854592,1,0,0,0,0,1,1,4,100,100.0,Limit,0,14.283
DESKTOP-KQF03T0,Jashvanth,2026-06-30T12:35:43.715218,Q59_V002,Q_0653,2,0,0,1,1,0,111,1,0,0,1,20.2,6655.76,108161822208,24808518144,1,0,0,0,0,1,1,4,100,100.0,Limit,0,23.505
DESKTOP-KQF03T0,Jashvanth,2026-06-30T12:35:48.787850,Q59_V002,Q_0653,3,0,0,1,1,0,111,1,0,0,1,26.2,6649.07,108161842688,24809144832,1,0,0,0,0,1,1,4,100,100.0,Limit,0,27.659
DESKTOP-KQF03T0,Jashvanth,2026-06-30T12:35:53.836753,Q59_V003,Q_0654,1,0,0,1,1,0,111,1,0,0,1,31.9,6657.0,108162952704,24809718272,1,0,0,0,0,1,1,4,50,50.0,Limit,0,20.744
DESKTOP-KQF03T0,Jashvanth,2026-06-30T12:35:58.886881,Q59_V003,Q_0654,2,0,0,1,1,0,111,1,0,0,1,33.5,6683.46,108163377152,24810385920,1,0,0,0,0,1,1,4,50,50.0,Limit,0,13.982
DESKTOP-KQF03T0,Jashvanth,2026-06-30T12:36:03.961239,Q59_V003,Q_0654,3,0,0,1,1,0,111,1,0,0,1,41.1,6684.47,108163909632,24812487168,1,0,0,0,0,1,1,4,50,50.0,Limit,0,30.176
DESKTOP-KQF03T0,Jashvanth,2026-06-30T12:36:09.025723,Q59_V004,Q_0655,1,0,0,1,1,0,116,1,0,0,1,29.6,6672.36,108163921920,24813154816,1,0,0,0,0,1,1,4,100,100.0,Limit,0,24.982
DESKTOP-KQF03T0,Jashvanth,2026-06-30T12:36:14.068550,Q59_V004,Q_0655,2,0,0,1,1,0,116,1,0,0,1,34.7,6725.84,108164012032,24813859328,1,0,0,0,0,1,1,4,100,100.0,Limit,0,23.391
DESKTOP-KQF03T0,Jashvanth,2026-06-30T12:36:19.110397,Q59_V004,Q_0655,3,0,0,1,1,0,116,1,0,0,1,22.7,6659.8,108164298752,24815976960,1,0,0,0,0,1,1,4,100,100.0,Limit,0,20.18
DESKTOP-KQF03T0,Jashvanth,2026-06-30T12:36:24.146986,Q59_V005,Q_0656,1,0,1,1,1,0,150,1,0,0,1,31.7,6663.39,108165603328,24816427520,1,0,0,0,0,1,1,4,100,100.0,Limit,0,13.693
DESKTOP-KQF03T0,Jashvanth,2026-06-30T12:36:29.180646,Q59_V005,Q_0656,2,0,1,1,1,0,150,1,0,0,1,37.0,6684.41,108165708288,24817072640,1,0,0,0,0,1,1,4,100,100.0,Limit,0,9.174
DESKTOP-KQF03T0,Jashvanth,2026-06-30T12:36:34.221867,Q59_V005,Q_0656,3,0,1,1,1,0,150,1,0,0,1,26.5,6665.02,108165855744,24818604544,1,0,0,0,0,1,1,4,100,100.0,Limit,0,10.829
DESKTOP-KQF03T0,Jashvanth,2026-06-30T12:36:39.252029,Q59_V006,Q_0657,1,0,0,1,1,0,140,2,0,0,1,25.6,6667.83,108165859840,24819059200,1,0,0,0,0,1,1,4,100,100.0,Limit,0,10.594
DESKTOP-KQF03T0,Jashvanth,2026-06-30T12:36:44.302851,Q59_V006,Q_0657,2,0,0,1,1,0,140,2,0,0,1,27.1,6660.75,108165893120,24819461120,1,0,0,0,0,1,1,4,100,100.0,Limit,0,24.551
DESKTOP-KQF03T0,Jashvanth,2026-06-30T12:36:49.334984,Q59_V006,Q_0657,3,0,0,1,1,0,140,2,0,0,1,35.1,6682.85,108166681088,24821067776,1,0,0,0,0,1,1,4,100,100.0,Limit,0,11.182
DESKTOP-KQF03T0,Jashvanth,2026-06-30T12:36:54.375120,Q59_V007,Q_0658,1,0,0,1,1,0,136,2,0,0,1,26.3,6686.86,108166705664,24821567488,1,0,0,0,0,1,1,4,100,100.0,Limit,0,16.837
DESKTOP-KQF03T0,Jashvanth,2026-06-30T12:36:59.420364,Q59_V007,Q_0658,2,0,0,1,1,0,136,2,0,0,1,32.9,6686.3,108166783488,24822296576,1,0,0,0,0,1,1,4,100,100.0,Limit,0,21.626
DESKTOP-KQF03T0,Jashvanth,2026-06-30T12:37:04.454881,Q59_V007,Q_0658,3,0,0,1,1,0,136,2,0,0,1,26.6,6699.25,108166955520,24822534144,1,0,0,0,0,1,1,4,100,100.0,Limit,0,13.706
DESKTOP-KQF03T0,Jashvanth,2026-06-30T12:37:09.499194,Q59_V008,Q_0659,1,0,0,1,1,0,112,1,0,0,1,28.4,6710.79,108166992384,24823599104,1,0,0,0,0,1,1,4,100,100.0,Limit,0,22.867
DESKTOP-KQF03T0,Jashvanth,2026-06-30T12:37:14.538387,Q59_V008,Q_0659,2,0,0,1,1,0,112,1,0,0,1,25.6,6930.83,108167328256,24824213504,1,0,0,0,0,1,1,4,100,100.0,Limit,0,14.644
DESKTOP-KQF03T0,Jashvanth,2026-06-30T12:37:19.572634,Q59_V008,Q_0659,3,0,0,1,1,0,112,1,0,0,1,29.6,7002.28,108170373632,24825823232,1,0,0,0,0,1,1,4,100,100.0,Limit,0,11.132
DESKTOP-KQF03T0,Jashvanth,2026-06-30T12:37:24.609545,Q59_V009,Q_0660,1,0,0,1,1,0,121,1,0,0,1,25.8,7033.57,108191794688,24826318848,1,0,0,0,0,1,1,4,100,100.0,Limit,0,16.282
DESKTOP-KQF03T0,Jashvanth,2026-06-30T12:37:29.644088,Q59_V009,Q_0660,2,0,0,1,1,0,121,1,0,0,1,58.5,6900.57,108212278272,24944955392,1,0,0,0,0,1,1,4,100,100.0,Limit,0,13.962
DESKTOP-KQF03T0,Jashvanth,2026-06-30T12:37:34.706492,Q59_V009,Q_0660,3,0,0,1,1,0,121,1,0,0,1,39.0,6826.57,108215047168,24977715200,1,0,0,0,0,1,1,4,100,100.0,Limit,0,22.048
DESKTOP-KQF03T0,Jashvanth,2026-06-30T12:37:39.739214,Q59_V010,Q_0661,1,0,0,1,1,0,102,1,0,0,1,23.4,6811.74,108215112704,24978501632,1,0,0,0,0,1,1,3,5000,5000.0,Sort,0,13.684
DESKTOP-KQF03T0,Jashvanth,2026-06-30T12:37:44.771583,Q59_V010,Q_0661,2,0,0,1,1,0,102,1,0,0,1,21.8,6798.87,108215158784,24978949120,1,0,0,0,0,1,1,3,5000,5000.0,Sort,0,12.756
DESKTOP-KQF03T0,Jashvanth,2026-06-30T12:37:49.803869,Q59_V010,Q_0661,3,0,0,1,1,0,102,1,0,0,1,23.9,6812.55,108215216128,24979186688,1,0,0,0,0,1,1,3,5000,5000.0,Sort,0,14.871
DESKTOP-KQF03T0,Jashvanth,2026-06-30T12:37:54.848537,Q59_V011,Q_0662,1,0,1,1,1,0,136,1,0,0,1,33.8,6859.76,108216055808,24980416512,1,0,0,0,0,1,1,4,100,100.0,Limit,0,16.61
DESKTOP-KQF03T0,Jashvanth,2026-06-30T12:37:59.877568,Q59_V011,Q_0662,2,0,1,1,1,0,136,1,0,0,1,29.3,6460.59,108217686016,24981252096,1,0,0,0,0,1,1,4,100,100.0,Limit,0,9.736
DESKTOP-KQF03T0,Jashvanth,2026-06-30T12:38:04.910979,Q59_V011,Q_0662,3,0,1,1,1,0,136,1,0,0,1,38.0,6499.42,108233367552,24982362112,1,0,0,0,0,1,1,4,100,100.0,Limit,0,13.369
DESKTOP-KQF03T0,Jashvanth,2026-06-30T12:38:09.936004,Q60_V001,Q_0663,1,0,1,0,0,0,61,0,0,0,1,33.1,6438.12,108233752576,24983726080,1,0,0,0,0,0,0,1,1,5.0,Seq Scan,0,0.026
DESKTOP-KQF03T0,Jashvanth,2026-06-30T12:38:14.955871,Q60_V001,Q_0663,2,0,1,0,0,0,61,0,0,0,1,36.7,6418.49,108234006528,24984238080,1,0,0,0,0,0,0,1,1,5.0,Seq Scan,0,0.016
DESKTOP-KQF03T0,Jashvanth,2026-06-30T12:38:19.978019,Q60_V001,Q_0663,3,0,1,0,0,0,61,0,0,0,1,23.5,6415.84,108234814464,24985143296,1,0,0,0,0,0,0,1,1,5.0,Seq Scan,0,0.017
DESKTOP-KQF03T0,Jashvanth,2026-06-30T12:38:24.995474,Q60_V002,Q_0664,1,0,1,0,0,0,61,0,0,0,1,19.7,6448.48,108234912768,24985561088,1,0,0,0,0,0,0,1,1,5.0,Seq Scan,0,0.016
DESKTOP-KQF03T0,Jashvanth,2026-06-30T12:38:30.022673,Q60_V002,Q_0664,2,0,1,0,0,0,61,0,0,0,1,30.4,6438.27,108235426816,24986927104,1,0,0,0,0,0,0,1,1,5.0,Seq Scan,0,0.024
DESKTOP-KQF03T0,Jashvanth,2026-06-30T12:38:35.045155,Q60_V002,Q_0664,3,0,1,0,0,0,61,0,0,0,1,33.7,6486.0,108236729344,24990425088,1,0,0,0,0,0,0,1,1,5.0,Seq Scan,0,0.023
DESKTOP-KQF03T0,Jashvanth,2026-06-30T12:38:40.070446,Q60_V003,Q_0665,1,0,1,0,0,0,61,0,0,0,1,35.2,6488.86,108270111744,24991270400,1,0,0,0,0,0,0,1,1,5.0,Seq Scan,0,0.026
DESKTOP-KQF03T0,Jashvanth,2026-06-30T12:38:45.106140,Q60_V003,Q_0665,2,0,1,0,0,0,61,0,0,0,1,24.7,6482.52,108270345216,24991593984,1,0,0,0,0,0,0,1,1,5.0,Seq Scan,0,0.03
DESKTOP-KQF03T0,Jashvanth,2026-06-30T12:38:50.126831,Q60_V003,Q_0665,3,0,1,0,0,0,61,0,0,0,1,27.0,6492.32,108495668736,26086471168,1,0,0,0,0,0,0,1,1,5.0,Seq Scan,0,0.016
DESKTOP-KQF03T0,Jashvanth,2026-06-30T12:38:55.158098,Q60_V004,Q_0666,1,0,1,0,0,0,61,0,0,0,1,25.6,6443.51,110593553920,26269328896,1,0,0,0,0,0,0,1,1,0.0,Seq Scan,0,0.027
DESKTOP-KQF03T0,Jashvanth,2026-06-30T12:39:00.193922,Q60_V004,Q_0666,2,0,1,0,0,0,61,0,0,0,1,42.9,6510.11,110621582336,26273932800,1,0,0,0,0,0,0,1,1,0.0,Seq Scan,0,0.023
DESKTOP-KQF03T0,Jashvanth,2026-06-30T12:39:05.218702,Q60_V004,Q_0666,3,0,1,0,0,0,61,0,0,0,1,62.7,6589.38,110713992192,26309723648,1,0,0,0,0,0,0,1,1,0.0,Seq Scan,0,0.026
DESKTOP-KQF03T0,Jashvanth,2026-06-30T12:39:10.239474,Q60_V005,Q_0667,1,0,1,0,0,0,74,0,0,0,1,33.1,6645.02,110773107200,26342004224,1,0,0,0,0,0,0,1,1,5.0,Seq Scan,0,0.017
DESKTOP-KQF03T0,Jashvanth,2026-06-30T12:39:15.266883,Q60_V005,Q_0667,2,0,1,0,0,0,74,0,0,0,1,39.5,6615.66,110773410304,26368431616,1,0,0,0,0,0,0,1,1,5.0,Seq Scan,0,0.018
DESKTOP-KQF03T0,Jashvanth,2026-06-30T12:39:20.285463,Q60_V005,Q_0667,3,0,1,0,0,0,74,0,0,0,1,27.9,6623.7,110773577728,26370156032,1,0,0,0,0,0,0,1,1,5.0,Seq Scan,0,0.026
DESKTOP-KQF03T0,Jashvanth,2026-06-30T12:39:25.316009,Q60_V006,Q_0668,1,0,1,0,1,0,77,0,0,0,1,21.6,6628.59,110773839872,26370483712,1,0,0,0,0,1,0,2,1,5.0,Sort,0,0.04
DESKTOP-KQF03T0,Jashvanth,2026-06-30T12:39:30.339935,Q60_V006,Q_0668,2,0,1,0,1,0,77,0,0,0,1,26.4,6605.05,110773905408,26371450368,1,0,0,0,0,1,0,2,1,5.0,Sort,0,0.039
DESKTOP-KQF03T0,Jashvanth,2026-06-30T12:39:35.360251,Q60_V006,Q_0668,3,0,1,0,1,0,77,0,0,0,1,21.9,6634.21,110774183936,26371876352,1,0,0,0,0,1,0,2,1,5.0,Sort,0,0.029
DESKTOP-KQF03T0,Jashvanth,2026-06-30T12:39:40.382582,Q60_V007,Q_0669,1,0,0,0,1,0,55,0,0,0,1,34.5,6683.1,110774376448,26372597248,1,0,0,0,0,1,0,2,170,25.0,Sort,0,0.129
DESKTOP-KQF03T0,Jashvanth,2026-06-30T12:39:45.408807,Q60_V007,Q_0669,2,0,0,0,1,0,55,0,0,0,1,30.5,6647.64,110774450176,26373486080,1,0,0,0,0,1,0,2,170,25.0,Sort,0,0.084
DESKTOP-KQF03T0,Jashvanth,2026-06-30T12:39:50.436098,Q60_V007,Q_0669,3,0,0,0,1,0,55,0,0,0,1,21.5,6654.79,110774638592,26373928448,1,0,0,0,0,1,0,2,170,25.0,Sort,0,0.076
DESKTOP-KQF03T0,Jashvanth,2026-06-30T12:39:55.466697,Q60_V008,Q_0670,1,0,1,0,0,0,67,0,0,0,1,21.9,6664.83,110774872064,26374563328,1,0,0,0,0,0,0,1,2,10.0,Seq Scan,0,0.024
DESKTOP-KQF03T0,Jashvanth,2026-06-30T12:40:00.490977,Q60_V008,Q_0670,2,0,1,0,0,0,67,0,0,0,1,24.7,6649.73,110775207936,26375173632,1,0,0,0,0,0,0,1,2,10.0,Seq Scan,0,0.018
DESKTOP-KQF03T0,Jashvanth,2026-06-30T12:40:05.518177,Q60_V008,Q_0670,3,0,1,0,0,0,67,0,0,0,1,22.7,6656.39,110775273472,26375878144,1,0,0,0,0,0,0,1,2,10.0,Seq Scan,0,0.031
DESKTOP-KQF03T0,Jashvanth,2026-06-30T12:40:10.538588,Q60_V009,Q_0671,1,0,1,0,0,0,66,1,0,0,1,22.9,6668.88,110777690112,26376570368,1,0,0,0,0,0,1,2,1,1.0,Aggregate,0,0.019
DESKTOP-KQF03T0,Jashvanth,2026-06-30T12:40:15.564593,Q60_V009,Q_0671,2,0,1,0,0,0,66,1,0,0,1,37.7,6667.94,110784271872,26378368512,1,0,0,0,0,0,1,2,1,1.0,Aggregate,0,0.033
DESKTOP-KQF03T0,Jashvanth,2026-06-30T12:40:20.590403,Q60_V009,Q_0671,3,0,1,0,0,0,66,1,0,0,1,70.7,6880.66,110785910272,26380432896,1,0,0,0,0,0,1,2,1,1.0,Aggregate,0,0.019
DESKTOP-KQF03T0,Jashvanth,2026-06-30T12:40:25.617628,Q60_V010,Q_0672,1,0,1,0,0,0,61,0,0,0,1,37.7,6743.29,110786680320,26415572480,1,0,0,0,0,0,0,1,1,5.0,Seq Scan,0,0.023
DESKTOP-KQF03T0,Jashvanth,2026-06-30T12:40:30.638116,Q60_V010,Q_0672,2,0,1,0,0,0,61,0,0,0,1,24.1,6744.72,110788498944,26416716288,1,0,0,0,0,0,0,1,1,5.0,Seq Scan,0,0.016
DESKTOP-KQF03T0,Jashvanth,2026-06-30T12:40:35.661225,Q60_V010,Q_0672,3,0,1,0,0,0,61,0,0,0,1,20.3,6767.0,110788912640,26418682368,1,0,0,0,0,0,0,1,1,5.0,Seq Scan,0,0.02
DESKTOP-KQF03T0,Jashvanth,2026-06-30T12:40:40.680453,Q60_V011,Q_0673,1,0,0,1,1,0,99,1,0,0,1,27.6,6728.8,110788912640,26419239424,1,0,0,0,0,1,1,3,170,5.0,Aggregate,0,0.039
DESKTOP-KQF03T0,Jashvanth,2026-06-30T12:40:45.704474,Q60_V011,Q_0673,2,0,0,1,1,0,99,1,0,0,1,24.6,6726.5,110789015040,26419710464,1,0,0,0,0,1,1,3,170,5.0,Aggregate,0,0.044
DESKTOP-KQF03T0,Jashvanth,2026-06-30T12:40:50.729739,Q60_V011,Q_0673,3,0,0,1,1,0,99,1,0,0,1,33.5,6735.79,110789051904,26420337152,1,0,0,0,0,1,1,3,170,5.0,Aggregate,0,0.037
DESKTOP-KQF03T0,Jashvanth,2026-06-30T12:40:55.752296,Q61_V001,Q_0674,1,0,0,1,1,0,104,1,0,0,1,23.4,6733.5,110789121536,26420877824,1,0,0,0,0,1,1,4,20,20.0,Limit,0,2.566
DESKTOP-KQF03T0,Jashvanth,2026-06-30T12:41:00.778454,Q61_V001,Q_0674,2,0,0,1,1,0,104,1,0,0,1,19.8,6739.52,110789334528,26421361152,1,0,0,0,0,1,1,4,20,20.0,Limit,0,2.982
DESKTOP-KQF03T0,Jashvanth,2026-06-30T12:41:05.799567,Q61_V001,Q_0674,3,0,0,1,1,0,104,1,0,0,1,22.7,6755.27,110789473792,26421742080,1,0,0,0,0,1,1,4,20,20.0,Limit,0,1.705
DESKTOP-KQF03T0,Jashvanth,2026-06-30T12:41:10.863351,Q61_V002,Q_0675,1,0,0,1,1,0,103,1,0,0,1,24.3,6754.8,110790469120,26422471168,1,0,0,0,0,1,1,4,20,20.0,Limit,0,2.955
DESKTOP-KQF03T0,Jashvanth,2026-06-30T12:41:15.895323,Q61_V002,Q_0675,2,0,0,1,1,0,103,1,0,0,1,28.1,6767.37,110790628864,26422766080,1,0,0,0,0,1,1,4,20,20.0,Limit,0,2.391
DESKTOP-KQF03T0,Jashvanth,2026-06-30T12:41:20.929102,Q61_V002,Q_0675,3,0,0,1,1,0,103,1,0,0,1,31.0,6786.67,110791364608,26424224256,1,0,0,0,0,1,1,4,20,20.0,Limit,0,3.445
DESKTOP-KQF03T0,Jashvanth,2026-06-30T12:41:25.956298,Q61_V003,Q_0676,1,0,0,1,1,0,104,1,0,0,1,36.1,6732.93,110793920512,26438334976,1,0,0,0,0,1,1,4,10,10.0,Limit,0,4.509
DESKTOP-KQF03T0,Jashvanth,2026-06-30T12:41:30.979198,Q61_V003,Q_0676,2,0,0,1,1,0,104,1,0,0,1,33.9,6726.21,110794448896,26440722944,1,0,0,0,0,1,1,4,10,10.0,Limit,0,1.699
DESKTOP-KQF03T0,Jashvanth,2026-06-30T12:41:36.002356,Q61_V003,Q_0676,3,0,0,1,1,0,104,1,0,0,1,28.2,6744.74,110795079680,26442181120,1,0,0,0,0,1,1,4,10,10.0,Limit,0,3.164
DESKTOP-KQF03T0,Jashvanth,2026-06-30T12:41:41.055273,Q61_V004,Q_0677,1,0,0,1,1,0,117,1,0,0,1,22.3,6735.2,110795083776,26442869248,1,0,0,0,0,1,1,4,20,20.0,Limit,0,6.82
DESKTOP-KQF03T0,Jashvanth,2026-06-30T12:41:46.084631,Q61_V004,Q_0677,2,0,0,1,1,0,117,1,0,0,1,20.9,6730.93,110795153408,26443213312,1,0,0,0,0,1,1,4,20,20.0,Limit,0,4.57
DESKTOP-KQF03T0,Jashvanth,2026-06-30T12:41:51.122477,Q61_V004,Q_0677,3,0,0,1,1,0,117,1,0,0,1,20.2,6735.06,110795218944,26443483648,1,0,0,0,0,1,1,4,20,20.0,Limit,0,3.996
DESKTOP-KQF03T0,Jashvanth,2026-06-30T12:41:56.144179,Q61_V005,Q_0678,1,0,1,1,1,0,130,1,0,0,1,39.3,6732.89,110795223040,26444286464,1,0,0,0,0,1,1,4,20,20.0,Limit,0,1.195
DESKTOP-KQF03T0,Jashvanth,2026-06-30T12:42:01.166210,Q61_V005,Q_0678,2,0,1,1,1,0,130,1,0,0,1,29.2,6770.9,110795636736,26444876288,1,0,0,0,0,1,1,4,20,20.0,Limit,0,1.572
DESKTOP-KQF03T0,Jashvanth,2026-06-30T12:42:06.189520,Q61_V005,Q_0678,3,0,1,1,1,0,130,1,0,0,1,34.0,6767.26,110795821056,26445445632,1,0,0,0,0,1,1,4,20,20.0,Limit,0,1.181
DESKTOP-KQF03T0,Jashvanth,2026-06-30T12:42:11.221099,Q61_V006,Q_0679,1,0,0,1,1,0,136,2,0,0,1,20.6,6782.41,110796263424,26445871616,1,0,0,0,0,1,1,4,20,20.0,Limit,0,3.989
DESKTOP-KQF03T0,Jashvanth,2026-06-30T12:42:16.252733,Q61_V006,Q_0679,2,0,0,1,1,0,136,2,0,0,1,22.0,6793.29,110796304384,26446395904,1,0,0,0,0,1,1,4,20,20.0,Limit,0,6.698
DESKTOP-KQF03T0,Jashvanth,2026-06-30T12:42:21.280840,Q61_V006,Q_0679,3,0,0,1,1,0,136,2,0,0,1,27.7,6680.46,110796693504,26447256064,1,0,0,0,0,1,1,4,20,20.0,Limit,0,4.005
DESKTOP-KQF03T0,Jashvanth,2026-06-30T12:42:26.303282,Q61_V007,Q_0680,1,0,1,1,1,0,143,1,0,0,1,21.2,6724.05,110797107200,26447698432,1,0,0,0,0,1,1,4,20,20.0,Limit,0,1.52
DESKTOP-KQF03T0,Jashvanth,2026-06-30T12:42:31.340146,Q61_V007,Q_0680,2,0,1,1,1,0,143,1,0,0,1,32.8,6700.82,110797370880,26449160192,1,0,0,0,0,1,1,4,20,20.0,Limit,0,4.083
DESKTOP-KQF03T0,Jashvanth,2026-06-30T12:42:36.376574,Q61_V007,Q_0680,3,0,1,1,1,0,143,1,0,0,1,50.4,6514.44,110797448704,26449766400,1,0,0,0,0,1,1,4,20,20.0,Limit,0,4.555
DESKTOP-KQF03T0,Jashvanth,2026-06-30T12:42:41.402464,Q61_V008,Q_0681,1,0,0,1,1,0,109,1,0,0,1,26.1,6516.01,110797448704,26450102272,1,0,0,0,0,1,1,4,20,20.0,Limit,0,5.219
DESKTOP-KQF03T0,Jashvanth,2026-06-30T12:42:46.436375,Q61_V008,Q_0681,2,0,0,1,1,0,109,1,0,0,1,56.5,6706.46,110798296576,26450556928,1,0,0,0,0,1,1,4,20,20.0,Limit,0,5.409
DESKTOP-KQF03T0,Jashvanth,2026-06-30T12:42:51.474717,Q61_V008,Q_0681,3,0,0,1,1,0,109,1,0,0,1,55.1,6784.51,110798497280,26450774016,1,0,0,0,0,1,1,4,20,20.0,Limit,0,4.157
DESKTOP-KQF03T0,Jashvanth,2026-06-30T12:42:56.510248,Q61_V009,Q_0682,1,0,0,1,1,0,126,2,0,0,1,35.2,6796.0,110798820864,26452468224,1,0,0,0,0,1,1,4,20,0.0,Limit,0,5.077
DESKTOP-KQF03T0,Jashvanth,2026-06-30T12:43:01.533425,Q61_V009,Q_0682,2,0,0,1,1,0,126,2,0,0,1,39.2,6786.87,110799275520,26452746752,1,0,0,0,0,1,1,4,20,0.0,Limit,0,1.984
DESKTOP-KQF03T0,Jashvanth,2026-06-30T12:43:06.552536,Q61_V009,Q_0682,3,0,0,1,1,0,126,2,0,0,1,25.3,6788.71,110799279616,26453541376,1,0,0,0,0,1,1,4,20,0.0,Limit,0,1.547
DESKTOP-KQF03T0,Jashvanth,2026-06-30T12:43:11.607609,Q61_V010,Q_0683,1,0,0,1,1,0,131,1,1,0,1,15.7,6690.73,110799291904,26453959168,1,0,0,0,0,2,1,5,20,20.0,Limit,0,29.308
DESKTOP-KQF03T0,Jashvanth,2026-06-30T12:43:16.669498,Q61_V010,Q_0683,2,0,0,1,1,0,131,1,1,0,1,27.4,6606.27,110799488512,26454168064,1,0,0,0,0,2,1,5,20,20.0,Limit,0,37.007
DESKTOP-KQF03T0,Jashvanth,2026-06-30T12:43:21.755545,Q61_V010,Q_0683,3,0,0,1,1,0,131,1,1,0,1,24.7,6651.53,110799740416,26455233024,1,0,0,0,0,2,1,5,20,20.0,Limit,0,47.713
DESKTOP-KQF03T0,Jashvanth,2026-06-30T12:43:26.794186,Q61_V011,Q_0684,1,0,0,1,1,0,95,1,0,0,1,16.0,6611.94,110799912448,26455998976,1,0,0,0,0,1,1,4,20,20.0,Limit,0,3.7
DESKTOP-KQF03T0,Jashvanth,2026-06-30T12:43:31.823282,Q61_V011,Q_0684,2,0,0,1,1,0,95,1,0,0,1,34.1,6637.17,110800096768,26456723968,1,0,0,0,0,1,1,4,20,20.0,Limit,0,4.172
DESKTOP-KQF03T0,Jashvanth,2026-06-30T12:43:36.847097,Q61_V011,Q_0684,3,0,0,1,1,0,95,1,0,0,1,25.3,6635.54,110800121344,26457652224,1,0,0,0,0,1,1,4,20,20.0,Limit,0,4.04
DESKTOP-KQF03T0,Jashvanth,2026-06-30T12:43:41.872537,Q62_V001,Q_0685,1,0,1,0,0,0,86,0,0,0,1,37.1,6636.01,110800231936,26458573824,1,0,0,0,0,0,0,1,44,44.0,Seq Scan,0,0.393
DESKTOP-KQF03T0,Jashvanth,2026-06-30T12:43:46.892894,Q62_V001,Q_0685,2,0,1,0,0,0,86,0,0,0,1,25.2,6631.75,110800236032,26458782720,1,0,0,0,0,0,0,1,44,44.0,Seq Scan,0,0.155
DESKTOP-KQF03T0,Jashvanth,2026-06-30T12:43:51.919207,Q62_V001,Q_0685,3,0,1,0,0,0,86,0,0,0,1,23.5,6638.03,110800514048,26459384832,1,0,0,0,0,0,0,1,44,44.0,Seq Scan,0,0.732
DESKTOP-KQF03T0,Jashvanth,2026-06-30T12:43:56.946236,Q62_V002,Q_0686,1,0,1,0,0,0,86,0,0,0,1,30.7,6626.3,110800747520,26460269568,1,0,0,0,0,0,0,1,31,31.0,Seq Scan,0,0.153
DESKTOP-KQF03T0,Jashvanth,2026-06-30T12:44:01.964255,Q62_V002,Q_0686,2,0,1,0,0,0,86,0,0,0,1,21.9,6637.85,110801034240,26461555712,1,0,0,0,0,0,0,1,31,31.0,Seq Scan,0,0.153
DESKTOP-KQF03T0,Jashvanth,2026-06-30T12:44:06.986783,Q62_V002,Q_0686,3,0,1,0,0,0,86,0,0,0,1,38.0,6655.52,110801335296,26461821952,1,0,0,0,0,0,0,1,31,31.0,Seq Scan,0,0.333
DESKTOP-KQF03T0,Jashvanth,2026-06-30T12:44:12.014221,Q62_V003,Q_0687,1,0,1,0,0,0,86,0,0,0,1,29.0,6643.63,110801429504,26462616576,1,0,0,0,0,0,0,1,38,38.0,Seq Scan,0,0.476
DESKTOP-KQF03T0,Jashvanth,2026-06-30T12:44:17.045911,Q62_V003,Q_0687,2,0,1,0,0,0,86,0,0,0,1,25.6,6627.9,110801654784,26462977024,1,0,0,0,0,0,0,1,38,38.0,Seq Scan,0,0.181
DESKTOP-KQF03T0,Jashvanth,2026-06-30T12:44:22.075535,Q62_V003,Q_0687,3,0,1,0,0,0,86,0,0,0,1,29.0,6642.03,110801724416,26463185920,1,0,0,0,0,0,0,1,38,38.0,Seq Scan,0,0.602
DESKTOP-KQF03T0,Jashvanth,2026-06-30T12:44:27.135648,Q62_V004,Q_0688,1,0,1,0,1,0,114,0,0,0,1,27.7,6623.47,110801806336,26463661056,1,0,0,0,0,1,0,2,44,44.0,Sort,0,0.557
DESKTOP-KQF03T0,Jashvanth,2026-06-30T12:44:32.169197,Q62_V004,Q_0688,2,0,1,0,1,0,114,0,0,0,1,23.9,6655.28,110802146304,26464309248,1,0,0,0,0,1,0,2,44,44.0,Sort,0,0.503
DESKTOP-KQF03T0,Jashvanth,2026-06-30T12:44:37.190349,Q62_V004,Q_0688,3,0,1,0,1,0,114,0,0,0,1,19.1,6661.14,110802236416,26464694272,1,0,0,0,0,1,0,2,44,44.0,Sort,0,0.172
DESKTOP-KQF03T0,Jashvanth,2026-06-30T12:44:42.209590,Q62_V005,Q_0689,1,0,1,0,0,0,94,0,0,0,1,18.4,6649.6,110802306048,26465017856,1,0,0,0,0,0,0,1,44,44.0,Seq Scan,0,0.325
DESKTOP-KQF03T0,Jashvanth,2026-06-30T12:44:47.237761,Q62_V005,Q_0689,2,0,1,0,0,0,94,0,0,0,1,34.7,6639.85,110802318336,26465517568,1,0,0,0,0,0,0,1,44,44.0,Seq Scan,0,0.376
DESKTOP-KQF03T0,Jashvanth,2026-06-30T12:44:52.259362,Q62_V005,Q_0689,3,0,1,0,0,0,94,0,0,0,1,26.3,6580.61,110802322432,26465845248,1,0,0,0,0,0,0,1,44,44.0,Seq Scan,0,0.16
DESKTOP-KQF03T0,Jashvanth,2026-06-30T12:44:57.280791,Q62_V006,Q_0690,1,0,1,0,0,0,89,0,0,0,1,19.7,6595.29,110803932160,26466287616,1,0,0,0,0,0,0,1,199,199.0,Seq Scan,0,0.201
DESKTOP-KQF03T0,Jashvanth,2026-06-30T12:45:02.299354,Q62_V006,Q_0690,2,0,1,0,0,0,89,0,0,0,1,33.3,6628.47,110804378624,26466844672,1,0,0,0,0,0,0,1,199,199.0,Seq Scan,0,0.165
DESKTOP-KQF03T0,Jashvanth,2026-06-30T12:45:07.334672,Q62_V006,Q_0690,3,0,1,0,0,0,89,0,0,0,1,23.8,6614.89,110804399104,26467610624,1,0,0,0,0,0,0,1,199,199.0,Seq Scan,0,0.587
DESKTOP-KQF03T0,Jashvanth,2026-06-30T12:45:12.383434,Q62_V007,Q_0691,1,0,1,0,0,0,102,0,0,1,1,41.9,6555.53,110804403200,26467942400,1,0,0,0,0,0,0,1,34,32.0,Seq Scan,0,0.428
DESKTOP-KQF03T0,Jashvanth,2026-06-30T12:45:17.410745,Q62_V007,Q_0691,2,0,1,0,0,0,102,0,0,1,1,23.6,6555.49,110805094400,26468814848,1,0,0,0,0,0,0,1,34,32.0,Seq Scan,0,0.195
DESKTOP-KQF03T0,Jashvanth,2026-06-30T12:45:22.431566,Q62_V007,Q_0691,3,0,1,0,0,0,102,0,0,1,1,24.6,6556.23,110805512192,26469175296,1,0,0,0,0,0,0,1,34,32.0,Seq Scan,0,0.31
DESKTOP-KQF03T0,Jashvanth,2026-06-30T12:45:27.457720,Q62_V008,Q_0692,1,0,1,0,0,0,68,1,0,0,1,27.9,6546.73,110805901312,26469617664,1,0,0,0,0,0,1,2,1,1.0,Aggregate,0,0.156
DESKTOP-KQF03T0,Jashvanth,2026-06-30T12:45:32.480332,Q62_V008,Q_0692,2,0,1,0,0,0,68,1,0,0,1,20.1,6574.3,110806114304,26470883328,1,0,0,0,0,0,1,2,1,1.0,Aggregate,0,0.368
DESKTOP-KQF03T0,Jashvanth,2026-06-30T12:45:37.508560,Q62_V008,Q_0692,3,0,1,0,0,0,68,1,0,0,1,20.8,6624.21,110806147072,26471346176,1,0,0,0,0,0,1,2,1,1.0,Aggregate,0,0.264
DESKTOP-KQF03T0,Jashvanth,2026-06-30T12:45:42.530991,Q62_V009,Q_0693,1,0,1,1,0,0,102,1,0,0,1,27.4,6587.83,110806278144,26471657472,1,0,0,0,0,0,1,2,1,1.0,Aggregate,0,0.216
DESKTOP-KQF03T0,Jashvanth,2026-06-30T12:45:47.550451,Q62_V009,Q_0693,2,0,1,1,0,0,102,1,0,0,1,25.8,6640.11,110806663168,26472153088,1,0,0,0,0,0,1,2,1,1.0,Aggregate,0,0.228
DESKTOP-KQF03T0,Jashvanth,2026-06-30T12:45:52.577394,Q62_V009,Q_0693,3,0,1,1,0,0,102,1,0,0,1,32.6,6633.41,110806671360,26472669184,1,0,0,0,0,0,1,2,1,1.0,Aggregate,0,0.189
DESKTOP-KQF03T0,Jashvanth,2026-06-30T12:45:57.604614,Q62_V010,Q_0694,1,0,1,0,0,0,86,0,0,0,1,25.9,6624.1,110806773760,26473771008,1,0,0,0,0,0,0,1,37,37.0,Seq Scan,0,0.194
DESKTOP-KQF03T0,Jashvanth,2026-06-30T12:46:02.625211,Q62_V010,Q_0694,2,0,1,0,0,0,86,0,0,0,1,20.9,6653.49,110807072768,26474098688,1,0,0,0,0,0,0,1,37,37.0,Seq Scan,0,0.148
DESKTOP-KQF03T0,Jashvanth,2026-06-30T12:46:07.646199,Q62_V010,Q_0694,3,0,1,0,0,0,86,0,0,0,1,40.2,6649.06,110807130112,26474881024,1,0,0,0,0,0,0,1,37,37.0,Seq Scan,0,0.192
DESKTOP-KQF03T0,Jashvanth,2026-06-30T12:46:12.672243,Q62_V011,Q_0695,1,0,1,0,0,0,111,0,0,1,1,45.1,6713.5,110813173248,26475196416,1,0,0,0,0,0,0,1,25,26.0,Seq Scan,0,0.488
DESKTOP-KQF03T0,Jashvanth,2026-06-30T12:46:17.704405,Q62_V011,Q_0695,2,0,1,0,0,0,111,0,0,1,1,46.7,6717.8,110819118592,26476044288,1,0,0,0,0,0,0,1,25,26.0,Seq Scan,0,0.474
DESKTOP-KQF03T0,Jashvanth,2026-06-30T12:46:22.729370,Q62_V011,Q_0695,3,0,1,0,0,0,111,0,0,1,1,31.1,6712.52,110819130880,26476793856,1,0,0,0,0,0,0,1,25,26.0,Seq Scan,0,0.228
DESKTOP-KQF03T0,Jashvanth,2026-06-30T12:46:27.783988,Q63_V001,Q_0696,1,0,0,0,0,0,73,1,0,0,1,37.6,6712.44,110819229184,26477897728,1,0,0,0,0,0,1,2,1,1.0,Aggregate,0,14.483
DESKTOP-KQF03T0,Jashvanth,2026-06-30T12:46:32.845167,Q63_V001,Q_0696,2,0,0,0,0,0,73,1,0,0,1,34.2,6704.14,110820093440,26479421440,1,0,0,0,0,0,1,2,1,1.0,Aggregate,0,19.425
DESKTOP-KQF03T0,Jashvanth,2026-06-30T12:46:37.882708,Q63_V001,Q_0696,3,0,0,0,0,0,73,1,0,0,1,43.6,6760.84,110820302336,26480838656,1,0,0,0,0,0,1,2,1,1.0,Aggregate,0,12.894
DESKTOP-KQF03T0,Jashvanth,2026-06-30T12:46:42.916081,Q63_V002,Q_0697,1,0,1,0,0,0,97,1,0,0,1,53.9,6765.8,110820638208,26481772544,1,0,0,0,0,0,1,2,1,1.0,Aggregate,0,7.761
DESKTOP-KQF03T0,Jashvanth,2026-06-30T12:46:47.941570,Q63_V002,Q_0697,2,0,1,0,0,0,97,1,0,0,1,51.0,6736.73,110821015040,26482022400,1,0,0,0,0,0,1,2,1,1.0,Aggregate,0,4.921
DESKTOP-KQF03T0,Jashvanth,2026-06-30T12:46:52.968128,Q63_V002,Q_0697,3,0,1,0,0,0,97,1,0,0,1,34.3,6724.33,110821207552,26482587648,1,0,0,0,0,0,1,2,1,1.0,Aggregate,0,5.203
DESKTOP-KQF03T0,Jashvanth,2026-06-30T12:46:58.000793,Q63_V003,Q_0698,1,0,1,0,0,0,111,1,0,0,1,58.7,6746.53,110852615168,26483574784,1,0,0,0,0,0,1,2,1,1.0,Aggregate,0,10.211
DESKTOP-KQF03T0,Jashvanth,2026-06-30T12:47:03.052553,Q63_V003,Q_0698,2,0,1,0,0,0,111,1,0,0,1,43.4,6772.79,110855897600,26483939328,1,0,0,0,0,0,1,2,1,1.0,Aggregate,0,13.092
DESKTOP-KQF03T0,Jashvanth,2026-06-30T12:47:08.089010,Q63_V003,Q_0698,3,0,1,0,0,0,111,1,0,0,1,58.5,6802.54,110859873792,26484729856,1,0,0,0,0,0,1,2,1,1.0,Aggregate,0,7.436
DESKTOP-KQF03T0,Jashvanth,2026-06-30T12:47:13.119099,Q63_V004,Q_0699,1,0,0,0,0,0,71,1,0,0,1,49.5,6826.42,110865857536,26484803584,1,0,0,0,0,0,1,2,1,1.0,Aggregate,0,9.183
DESKTOP-KQF03T0,Jashvanth,2026-06-30T12:47:18.189729,Q63_V004,Q_0699,2,0,0,0,0,0,71,1,0,0,1,51.7,6888.43,110866554880,26485774336,1,0,0,0,0,0,1,2,1,1.0,Aggregate,0,13.333
DESKTOP-KQF03T0,Jashvanth,2026-06-30T12:47:23.223552,Q63_V004,Q_0699,3,0,0,0,0,0,71,1,0,0,1,68.8,6919.79,110869399040,26486601728,1,0,0,0,0,0,1,2,1,1.0,Aggregate,0,7.682
DESKTOP-KQF03T0,Jashvanth,2026-06-30T12:47:49.809352,Q63_V005,Q_0700,1,0,1,0,0,0,98,1,0,0,1,69.0,6951.65,110921613312,26691811840,1,0,0,0,0,0,1,2,1,1.0,Aggregate,0,8.539
DESKTOP-KQF03T0,Jashvanth,2026-06-30T12:47:54.871884,Q63_V005,Q_0700,2,0,1,0,0,0,98,1,0,0,1,85.1,7118.45,110934986752,26692688384,1,0,0,0,0,0,1,2,1,1.0,Aggregate,0,14.345
DESKTOP-KQF03T0,Jashvanth,2026-06-30T12:47:59.948961,Q63_V005,Q_0700,3,0,1,0,0,0,98,1,0,0,1,91.3,7241.29,110972279296,26696860160,1,0,0,0,0,0,1,2,1,1.0,Aggregate,0,28.326
DESKTOP-KQF03T0,Jashvanth,2026-06-30T12:48:05.010705,Q63_V006,Q_0701,1,0,0,1,1,0,143,1,0,0,1,68.3,7224.07,110973820416,26697425408,1,0,0,0,0,1,1,4,20,20.0,Limit,0,32.278
DESKTOP-KQF03T0,Jashvanth,2026-06-30T12:48:10.089627,Q63_V006,Q_0701,2,0,0,1,1,0,143,1,0,0,1,60.4,7153.09,110973898240,26697978368,1,0,0,0,0,1,1,4,20,20.0,Limit,0,27.561
DESKTOP-KQF03T0,Jashvanth,2026-06-30T12:48:15.152712,Q63_V006,Q_0701,3,0,0,1,1,0,143,1,0,0,1,85.8,7160.03,110976325632,26698912256,1,0,0,0,0,1,1,4,20,20.0,Limit,0,32.144
DESKTOP-KQF03T0,Jashvanth,2026-06-30T12:48:20.200231,Q63_V007,Q_0702,1,0,0,0,0,0,97,2,0,0,1,98.5,7261.65,110980815872,26699313664,1,0,0,0,0,0,1,2,1,1.0,Aggregate,0,16.827
DESKTOP-KQF03T0,Jashvanth,2026-06-30T12:48:25.246030,Q63_V007,Q_0702,2,0,0,0,0,0,97,2,0,0,1,79.8,7135.68,110981384704,26700583424,1,0,0,0,0,0,1,2,1,1.0,Aggregate,0,14.278
DESKTOP-KQF03T0,Jashvanth,2026-06-30T12:48:30.286144,Q63_V007,Q_0702,3,0,0,0,0,0,97,2,0,0,1,50.0,7328.69,110981416960,26701160960,1,0,0,0,0,0,1,2,1,1.0,Aggregate,0,13.223
DESKTOP-KQF03T0,Jashvanth,2026-06-30T12:48:35.350828,Q63_V008,Q_0703,1,0,1,0,0,0,98,1,0,0,1,44.9,7297.25,110982006784,26737426944,1,0,0,0,0,0,1,2,1,1.0,Aggregate,0,10.907
DESKTOP-KQF03T0,Jashvanth,2026-06-30T12:48:40.380904,Q63_V008,Q_0703,2,0,1,0,0,0,98,1,0,0,1,44.9,7307.15,110982764544,26739790336,1,0,0,0,0,0,1,2,1,1.0,Aggregate,0,7.655
DESKTOP-KQF03T0,Jashvanth,2026-06-30T12:48:45.424527,Q63_V008,Q_0703,3,0,1,0,0,0,98,1,0,0,1,50.1,7327.77,110983018496,26740306432,1,0,0,0,0,0,1,2,1,1.0,Aggregate,0,6.19
DESKTOP-KQF03T0,Jashvanth,2026-06-30T12:48:50.473099,Q63_V009,Q_0704,1,0,1,0,0,0,112,1,0,1,1,35.2,7313.54,110983296512,26740670976,1,0,0,0,0,0,1,2,1,1.0,Aggregate,0,20.44
DESKTOP-KQF03T0,Jashvanth,2026-06-30T12:48:55.513714,Q63_V009,Q_0704,2,0,1,0,0,0,112,1,0,1,1,42.8,7342.36,110983374336,26741268992,1,0,0,0,0,0,1,2,1,1.0,Aggregate,0,15.117
DESKTOP-KQF03T0,Jashvanth,2026-06-30T12:49:00.551472,Q63_V009,Q_0704,3,0,1,0,0,0,112,1,0,1,1,31.8,7318.48,110983951872,26742264320,1,0,0,0,0,0,1,2,1,1.0,Aggregate,0,9.013
DESKTOP-KQF03T0,Jashvanth,2026-06-30T12:49:05.585856,Q63_V010,Q_0705,1,0,1,0,0,0,95,1,0,0,1,44.7,7319.73,110984001024,26742546944,1,0,0,0,0,0,1,2,1,1.0,Aggregate,0,11.494
DESKTOP-KQF03T0,Jashvanth,2026-06-30T12:49:10.623793,Q63_V010,Q_0705,2,0,1,0,0,0,95,1,0,0,1,40.1,7326.14,110984340992,26743149056,1,0,0,0,0,0,1,2,1,1.0,Aggregate,0,8.865
DESKTOP-KQF03T0,Jashvanth,2026-06-30T12:49:15.657719,Q63_V010,Q_0705,3,0,1,0,0,0,95,1,0,0,1,32.6,6932.89,110984476160,26743366144,1,0,0,0,0,0,1,2,1,1.0,Aggregate,0,6.899
DESKTOP-KQF03T0,Jashvanth,2026-06-30T12:49:20.713319,Q63_V011,Q_0706,1,0,0,1,1,0,140,1,0,0,2,28.1,6952.85,110984730112,26744381952,1,0,0,0,0,1,1,3,2235,7.0,Sort,0,19.692
DESKTOP-KQF03T0,Jashvanth,2026-06-30T12:49:25.750421,Q63_V011,Q_0706,2,0,0,1,1,0,140,1,0,0,2,19.0,6919.98,110985197056,26744680960,1,0,0,0,0,1,1,3,2235,7.0,Sort,0,14.825
DESKTOP-KQF03T0,Jashvanth,2026-06-30T12:49:30.813131,Q63_V011,Q_0706,3,0,0,1,1,0,140,1,0,0,2,27.5,6915.09,110985315840,26746237440,1,0,0,0,0,1,1,3,2235,7.0,Sort,0,19.782
DESKTOP-KQF03T0,Jashvanth,2026-06-30T12:49:35.851159,Q64_V001,Q_0707,1,0,1,0,0,0,88,0,0,0,1,32.8,6945.83,110986003968,26747445760,1,0,0,0,0,0,0,1,101,100.0,Seq Scan,0,0.621
DESKTOP-KQF03T0,Jashvanth,2026-06-30T12:49:40.892204,Q64_V001,Q_0707,2,0,1,0,0,0,88,0,0,0,1,35.0,6960.59,110986868224,26747994624,1,0,0,0,0,0,0,1,101,100.0,Seq Scan,0,0.485
DESKTOP-KQF03T0,Jashvanth,2026-06-30T12:49:45.919080,Q64_V001,Q_0707,3,0,1,0,0,0,88,0,0,0,1,26.6,6968.01,110986876416,26748264960,1,0,0,0,0,0,0,1,101,100.0,Seq Scan,0,0.451
DESKTOP-KQF03T0,Jashvanth,2026-06-30T12:49:50.951960,Q64_V002,Q_0708,1,0,1,0,0,0,88,0,0,0,1,26.8,7009.35,110987019776,26748826112,1,0,0,0,0,0,0,1,101,100.0,Seq Scan,0,0.477
DESKTOP-KQF03T0,Jashvanth,2026-06-30T12:49:55.992481,Q64_V002,Q_0708,2,0,1,0,0,0,88,0,0,0,1,23.0,6980.41,110987040256,26749260288,1,0,0,0,0,0,0,1,101,100.0,Seq Scan,0,1.034
DESKTOP-KQF03T0,Jashvanth,2026-06-30T12:50:01.021668,Q64_V002,Q_0708,3,0,1,0,0,0,88,0,0,0,1,22.1,7001.91,110987396608,26749858304,1,0,0,0,0,0,0,1,101,100.0,Seq Scan,0,0.403
DESKTOP-KQF03T0,Jashvanth,2026-06-30T12:50:06.048136,Q64_V003,Q_0709,1,0,1,0,0,0,87,0,0,0,1,31.1,6983.71,110988064256,26750259712,1,0,0,0,0,0,0,1,1010,1000.0,Seq Scan,0,0.681
DESKTOP-KQF03T0,Jashvanth,2026-06-30T12:50:11.066540,Q64_V003,Q_0709,2,0,1,0,0,0,87,0,0,0,1,22.7,6998.7,110988186112,26750808576,1,0,0,0,0,0,0,1,1010,1000.0,Seq Scan,0,0.54
DESKTOP-KQF03T0,Jashvanth,2026-06-30T12:50:16.085708,Q64_V003,Q_0709,3,0,1,0,0,0,87,0,0,0,1,36.0,7003.62,110988948480,26751472128,1,0,0,0,0,0,0,1,1010,1000.0,Seq Scan,0,0.624
DESKTOP-KQF03T0,Jashvanth,2026-06-30T12:50:21.106593,Q64_V004,Q_0710,1,0,1,0,0,0,99,0,0,0,1,21.5,7011.4,110989153280,26751902208,1,0,0,0,0,0,0,1,101,100.0,Seq Scan,0,0.311
DESKTOP-KQF03T0,Jashvanth,2026-06-30T12:50:26.136550,Q64_V004,Q_0710,2,0,1,0,0,0,99,0,0,0,1,23.5,6948.0,110989304832,26752803328,1,0,0,0,0,0,0,1,101,100.0,Seq Scan,0,0.32
DESKTOP-KQF03T0,Jashvanth,2026-06-30T12:50:31.161296,Q64_V004,Q_0710,3,0,1,0,0,0,99,0,0,0,1,21.0,7116.01,110989370368,26753576960,1,0,0,0,0,0,0,1,101,100.0,Seq Scan,0,0.727
DESKTOP-KQF03T0,Jashvanth,2026-06-30T12:50:36.187453,Q64_V005,Q_0711,1,0,1,0,1,0,104,0,0,0,1,46.5,7155.05,110989460480,26754387968,1,0,0,0,0,1,0,2,101,100.0,Sort,0,0.933
DESKTOP-KQF03T0,Jashvanth,2026-06-30T12:50:41.207007,Q64_V005,Q_0711,2,0,1,0,1,0,104,0,0,0,1,37.6,7165.12,110989661184,26755039232,1,0,0,0,0,1,0,2,101,100.0,Sort,0,0.383
DESKTOP-KQF03T0,Jashvanth,2026-06-30T12:50:46.225404,Q64_V005,Q_0711,3,0,1,0,1,0,104,0,0,0,1,47.8,7169.71,110989669376,26755383296,1,0,0,0,0,1,0,2,101,100.0,Sort,0,0.389
DESKTOP-KQF03T0,Jashvanth,2026-06-30T12:50:51.247935,Q64_V006,Q_0712,1,0,1,0,0,0,80,0,0,0,1,33.5,7217.96,110989718528,26755678208,1,0,0,0,0,0,0,1,101,111.0,Seq Scan,0,0.657
DESKTOP-KQF03T0,Jashvanth,2026-06-30T12:50:56.270568,Q64_V006,Q_0712,2,0,1,0,0,0,80,0,0,0,1,40.2,7202.53,110989833216,26757398528,1,0,0,0,0,0,0,1,101,111.0,Seq Scan,0,1.361
DESKTOP-KQF03T0,Jashvanth,2026-06-30T12:51:01.291590,Q64_V006,Q_0712,3,0,1,0,0,0,80,0,0,0,1,40.8,7194.37,110990317568,26758283264,1,0,0,0,0,0,0,1,101,111.0,Seq Scan,0,0.76
DESKTOP-KQF03T0,Jashvanth,2026-06-30T12:51:06.318245,Q64_V007,Q_0713,1,0,1,0,0,0,82,1,0,0,1,47.8,7217.72,110990321664,26758512640,1,0,0,0,0,0,1,2,1,1.0,Aggregate,0,0.72
DESKTOP-KQF03T0,Jashvanth,2026-06-30T12:51:11.371439,Q64_V007,Q_0713,2,0,1,0,0,0,82,1,0,0,1,30.0,6791.45,110990419968,26759049216,1,0,0,0,0,0,1,2,1,1.0,Aggregate,0,1.745
DESKTOP-KQF03T0,Jashvanth,2026-06-30T12:51:16.403073,Q64_V007,Q_0713,3,0,1,0,0,0,82,1,0,0,1,31.0,6784.59,110990470656,26759761920,1,0,0,0,0,0,1,2,1,1.0,Aggregate,0,0.357
DESKTOP-KQF03T0,Jashvanth,2026-06-30T12:51:21.434728,Q64_V008,Q_0714,1,0,1,0,0,0,106,0,0,1,1,24.9,6781.77,110990665728,26760851456,1,0,0,0,0,0,0,1,93,92.0,Seq Scan,0,0.525
DESKTOP-KQF03T0,Jashvanth,2026-06-30T12:51:26.467020,Q64_V008,Q_0714,2,0,1,0,0,0,106,0,0,1,1,43.3,6768.98,111299665920,26761625600,1,0,0,0,0,0,0,1,93,92.0,Seq Scan,0,0.49
DESKTOP-KQF03T0,Jashvanth,2026-06-30T12:51:31.490507,Q64_V008,Q_0714,3,0,1,0,0,0,106,0,0,1,1,25.6,6798.89,111299706880,26763186176,1,0,0,0,0,0,0,1,93,92.0,Seq Scan,0,0.58
DESKTOP-KQF03T0,Jashvanth,2026-06-30T12:51:36.517989,Q64_V009,Q_0715,1,0,1,0,0,0,102,0,0,0,1,20.7,6814.77,111299842048,26763845632,1,0,0,0,0,0,0,1,101,100.0,Seq Scan,0,0.532
DESKTOP-KQF03T0,Jashvanth,2026-06-30T12:51:41.543344,Q64_V009,Q_0715,2,0,1,0,0,0,102,0,0,0,1,23.3,6810.73,111300075520,26764181504,1,0,0,0,0,0,0,1,101,100.0,Seq Scan,0,0.58
DESKTOP-KQF03T0,Jashvanth,2026-06-30T12:51:46.562106,Q64_V009,Q_0715,3,0,1,0,0,0,102,0,0,0,1,17.3,6824.65,111300210688,26764726272,1,0,0,0,0,0,0,1,101,100.0,Seq Scan,0,0.368
DESKTOP-KQF03T0,Jashvanth,2026-06-30T12:51:51.584027,Q64_V010,Q_0716,1,0,1,0,0,0,89,0,0,0,1,37.9,6818.94,111300243456,26765148160,1,0,0,0,0,0,0,1,1,10.0,Seq Scan,0,0.5
DESKTOP-KQF03T0,Jashvanth,2026-06-30T12:51:56.608973,Q64_V010,Q_0716,2,0,1,0,0,0,89,0,0,0,1,31.4,6816.39,111300318208,26765885440,1,0,0,0,0,0,0,1,1,10.0,Seq Scan,0,0.445
DESKTOP-KQF03T0,Jashvanth,2026-06-30T12:52:01.632815,Q64_V010,Q_0716,3,0,1,0,0,0,89,0,0,0,1,24.4,6823.7,111300604928,26766409728,1,0,0,0,0,0,0,1,1,10.0,Seq Scan,0,0.35
DESKTOP-KQF03T0,Jashvanth,2026-06-30T12:52:06.662714,Q64_V011,Q_0717,1,0,1,0,0,0,84,0,0,1,1,26.2,6822.78,111300797440,26767896576,0,1,0,0,0,0,0,1,100,100.0,Index Scan,0,0.049
DESKTOP-KQF03T0,Jashvanth,2026-06-30T12:52:11.688611,Q64_V011,Q_0717,2,0,1,0,0,0,84,0,0,1,1,27.5,6828.41,111300871168,26768330752,0,1,0,0,0,0,0,1,100,100.0,Index Scan,0,0.075
DESKTOP-KQF03T0,Jashvanth,2026-06-30T12:52:16.724971,Q64_V011,Q_0717,3,0,1,0,0,0,84,0,0,1,1,28.8,6841.96,111301067776,26768961536,0,1,0,0,0,0,0,1,100,100.0,Index Scan,0,0.052
DESKTOP-KQF03T0,Jashvanth,2026-06-30T12:52:21.756992,Q65_V001,Q_0718,1,0,0,1,0,0,77,1,0,0,1,25.0,6838.84,111301166080,26769928192,1,0,0,0,0,0,1,2,1,1.0,Aggregate,0,12.77
DESKTOP-KQF03T0,Jashvanth,2026-06-30T12:52:26.781841,Q65_V001,Q_0718,2,0,0,1,0,0,77,1,0,0,1,27.8,6773.55,111302509056,26771821568,1,0,0,0,0,0,1,2,1,1.0,Aggregate,0,7.002
DESKTOP-KQF03T0,Jashvanth,2026-06-30T12:52:31.823151,Q65_V001,Q_0718,3,0,0,1,0,0,77,1,0,0,1,30.9,6751.31,111302623744,26772257792,1,0,0,0,0,0,1,2,1,1.0,Aggregate,0,16.8
DESKTOP-KQF03T0,Jashvanth,2026-06-30T12:52:36.872539,Q65_V002,Q_0719,1,0,0,1,1,0,95,1,0,0,1,34.7,6747.69,111302627840,26773167104,1,0,0,0,0,1,1,3,1,1.0,Sort,0,16.557
DESKTOP-KQF03T0,Jashvanth,2026-06-30T12:52:41.905213,Q65_V002,Q_0719,2,0,0,1,1,0,95,1,0,0,1,22.7,6762.01,111302840832,26773568512,1,0,0,0,0,1,1,3,1,1.0,Sort,0,9.021
DESKTOP-KQF03T0,Jashvanth,2026-06-30T12:52:46.939976,Q65_V002,Q_0719,3,0,0,1,1,0,95,1,0,0,1,18.6,6771.39,111302922752,26773904384,1,0,0,0,0,1,1,3,1,1.0,Sort,0,8.972
DESKTOP-KQF03T0,Jashvanth,2026-06-30T12:52:51.965507,Q65_V003,Q_0720,1,0,1,1,0,0,115,1,0,0,1,31.5,6776.94,111303021056,26774510592,1,0,0,0,0,0,1,2,1,1.0,Aggregate,0,5.662
DESKTOP-KQF03T0,Jashvanth,2026-06-30T12:52:57.000418,Q65_V003,Q_0720,2,0,1,1,0,0,115,1,0,0,1,40.6,6810.48,111303164416,26775161856,1,0,0,0,0,0,1,2,1,1.0,Aggregate,0,9.491
DESKTOP-KQF03T0,Jashvanth,2026-06-30T12:53:02.031063,Q65_V003,Q_0720,3,0,1,1,0,0,115,1,0,0,1,30.9,6828.92,111304747520,26776876544,1,0,0,0,0,0,1,2,1,1.0,Aggregate,0,8.432
DESKTOP-KQF03T0,Jashvanth,2026-06-30T12:53:07.063731,Q65_V004,Q_0721,1,0,0,1,0,0,99,1,0,0,1,20.0,6841.64,111304759808,26777384448,1,0,0,0,0,0,1,2,1,1.0,Aggregate,0,9.296
DESKTOP-KQF03T0,Jashvanth,2026-06-30T12:53:12.094077,Q65_V004,Q_0721,2,0,0,1,0,0,99,1,0,0,1,35.1,6604.31,111304763904,26777822720,1,0,0,0,0,0,1,2,1,1.0,Aggregate,0,11.326
DESKTOP-KQF03T0,Jashvanth,2026-06-30T12:53:17.130678,Q65_V004,Q_0721,3,0,0,1,0,0,99,1,0,0,1,28.0,6575.71,111304894976,26778576384,1,0,0,0,0,0,1,2,1,1.0,Aggregate,0,12.499
DESKTOP-KQF03T0,Jashvanth,2026-06-30T12:53:22.161164,Q65_V005,Q_0722,1,0,0,1,0,0,88,1,0,0,1,30.8,6591.53,111304935936,26778912256,1,0,0,0,0,0,1,2,1,1.0,Aggregate,0,9.147
DESKTOP-KQF03T0,Jashvanth,2026-06-30T12:53:27.192056,Q65_V005,Q_0722,2,0,0,1,0,0,88,1,0,0,1,27.7,6594.88,111305044480,26779831808,1,0,0,0,0,0,1,2,1,1.0,Aggregate,0,8.867
DESKTOP-KQF03T0,Jashvanth,2026-06-30T12:53:32.222659,Q65_V005,Q_0722,3,0,0,1,0,0,88,1,0,0,1,23.8,6607.82,111305318912,26780777984,1,0,0,0,0,0,1,2,1,1.0,Aggregate,0,10.323
DESKTOP-KQF03T0,Jashvanth,2026-06-30T12:53:37.251576,Q65_V006,Q_0723,1,0,1,1,0,0,102,1,0,0,1,35.6,6623.37,111305486848,26781779968,1,0,0,0,0,0,1,2,1,1.0,Aggregate,0,8.086
DESKTOP-KQF03T0,Jashvanth,2026-06-30T12:53:42.281399,Q65_V006,Q_0723,2,0,1,1,0,0,102,1,0,0,1,29.3,6605.43,111305671168,26782529536,1,0,0,0,0,0,1,2,1,1.0,Aggregate,0,8.237
DESKTOP-KQF03T0,Jashvanth,2026-06-30T12:53:47.317272,Q65_V006,Q_0723,3,0,1,1,0,0,102,1,0,0,1,17.0,6619.65,111305671168,26782955520,1,0,0,0,0,0,1,2,1,1.0,Aggregate,0,6.953
DESKTOP-KQF03T0,Jashvanth,2026-06-30T12:53:52.352121,Q65_V007,Q_0724,1,0,0,1,0,0,112,2,0,0,1,22.6,6623.15,111305753088,26783254528,1,0,0,0,0,0,1,2,1,1.0,Aggregate,0,11.977
DESKTOP-KQF03T0,Jashvanth,2026-06-30T12:53:57.385612,Q65_V007,Q_0724,2,0,0,1,0,0,112,2,0,0,1,22.9,6609.87,111305888256,26784073728,1,0,0,0,0,0,1,2,1,1.0,Aggregate,0,13.378
DESKTOP-KQF03T0,Jashvanth,2026-06-30T12:54:02.437592,Q65_V007,Q_0724,3,0,0,1,0,0,112,2,0,0,1,32.2,6635.8,111306027520,26784450560,1,0,0,0,0,0,1,2,1,1.0,Aggregate,0,24.059
DESKTOP-KQF03T0,Jashvanth,2026-06-30T12:54:07.490445,Q65_V008,Q_0725,1,0,0,1,0,0,103,1,1,0,1,26.3,6623.74,111306232320,26784749568,1,0,0,0,0,1,1,3,1,1.0,Aggregate,0,24.088
DESKTOP-KQF03T0,Jashvanth,2026-06-30T12:54:12.549711,Q65_V008,Q_0725,2,0,0,1,0,0,103,1,1,0,1,37.5,6664.71,111306607616,26786027520,1,0,0,0,0,1,1,3,1,1.0,Aggregate,0,35.469
DESKTOP-KQF03T0,Jashvanth,2026-06-30T12:54:17.592064,Q65_V008,Q_0725,3,0,0,1,0,0,103,1,1,0,1,32.8,6668.28,111312124928,26786904064,1,0,0,0,0,1,1,3,1,1.0,Aggregate,0,21.739
DESKTOP-KQF03T0,Jashvanth,2026-06-30T12:54:22.622532,Q65_V009,Q_0726,1,0,0,1,1,0,119,1,0,0,1,29.2,6648.77,111312378880,26787276800,1,0,0,0,0,1,1,3,1,1.0,Sort,0,11.445
DESKTOP-KQF03T0,Jashvanth,2026-06-30T12:54:27.652144,Q65_V009,Q_0726,2,0,0,1,1,0,119,1,0,0,1,20.2,6625.0,111312768000,26788078080,1,0,0,0,0,1,1,3,1,1.0,Sort,0,11.154
DESKTOP-KQF03T0,Jashvanth,2026-06-30T12:54:32.681279,Q65_V009,Q_0726,3,0,0,1,1,0,119,1,0,0,1,31.0,6595.71,111313128448,26789207040,1,0,0,0,0,1,1,3,1,1.0,Sort,0,8.923
DESKTOP-KQF03T0,Jashvanth,2026-06-30T12:54:37.714261,Q65_V010,Q_0727,1,0,1,1,0,0,101,1,0,0,1,29.4,6691.74,111313349632,26790988800,1,0,0,0,0,0,1,2,1,1.0,Aggregate,0,6.387
DESKTOP-KQF03T0,Jashvanth,2026-06-30T12:54:42.760427,Q65_V010,Q_0727,2,0,1,1,0,0,101,1,0,0,1,41.1,6692.43,111315221504,26792680448,1,0,0,0,0,0,1,2,1,1.0,Aggregate,0,14.083
DESKTOP-KQF03T0,Jashvanth,2026-06-30T12:54:47.790986,Q65_V010,Q_0727,3,0,1,1,0,0,101,1,0,0,1,38.0,6840.16,111316581888,26830449664,1,0,0,0,0,0,1,2,1,1.0,Aggregate,0,8.929
DESKTOP-KQF03T0,Jashvanth,2026-06-30T12:54:52.825455,Q65_V011,Q_0728,1,0,0,1,0,0,130,2,0,0,1,35.1,6727.5,111316676096,26870930432,1,0,0,0,0,0,1,2,1,1.0,Aggregate,0,13.335
DESKTOP-KQF03T0,Jashvanth,2026-06-30T12:54:57.875489,Q65_V011,Q_0728,2,0,0,1,0,0,130,2,0,0,1,35.2,6720.04,111316700672,26871700480,1,0,0,0,0,0,1,2,1,1.0,Aggregate,0,19.17
DESKTOP-KQF03T0,Jashvanth,2026-06-30T12:55:02.904227,Q65_V011,Q_0728,3,0,0,1,0,0,130,2,0,0,1,28.6,6724.6,111317089792,26872560640,1,0,0,0,0,0,1,2,1,1.0,Aggregate,0,9.338
DESKTOP-KQF03T0,Jashvanth,2026-06-30T12:55:07.950755,Q66_V001,Q_0729,1,0,1,0,0,0,74,0,0,0,1,36.8,6727.48,111317114368,26873101312,0,1,0,0,0,0,0,2,18,18.0,Bitmap Heap Scan,0,0.283
DESKTOP-KQF03T0,Jashvanth,2026-06-30T12:55:12.970039,Q66_V001,Q_0729,2,0,1,0,0,0,74,0,0,0,1,27.6,6739.07,111317270016,26874735616,0,1,0,0,0,0,0,2,18,18.0,Bitmap Heap Scan,0,0.033
DESKTOP-KQF03T0,Jashvanth,2026-06-30T12:55:17.990345,Q66_V001,Q_0729,3,0,1,0,0,0,74,0,0,0,1,27.4,6739.88,111317388800,26875530240,0,1,0,0,0,0,0,2,18,18.0,Bitmap Heap Scan,0,0.034
DESKTOP-KQF03T0,Jashvanth,2026-06-30T12:55:23.016228,Q66_V002,Q_0730,1,0,1,0,0,0,75,0,0,0,1,22.5,6752.68,111317392896,26876267520,0,1,0,0,0,0,0,2,17,17.0,Bitmap Heap Scan,0,0.125
DESKTOP-KQF03T0,Jashvanth,2026-06-30T12:55:28.037630,Q66_V002,Q_0730,2,0,1,0,0,0,75,0,0,0,1,23.3,6720.35,111317487104,26876693504,0,1,0,0,0,0,0,2,17,17.0,Bitmap Heap Scan,0,0.046
DESKTOP-KQF03T0,Jashvanth,2026-06-30T12:55:33.059521,Q66_V002,Q_0730,3,0,1,0,0,0,75,0,0,0,1,26.1,6735.95,111317917184,26877328384,0,1,0,0,0,0,0,2,17,17.0,Bitmap Heap Scan,0,0.034
DESKTOP-KQF03T0,Jashvanth,2026-06-30T12:55:38.084020,Q66_V003,Q_0731,1,0,1,0,0,0,74,0,0,0,1,26.3,6770.76,111317966336,26877778944,0,1,0,0,0,0,0,2,21,21.0,Bitmap Heap Scan,0,0.065
DESKTOP-KQF03T0,Jashvanth,2026-06-30T12:55:43.103648,Q66_V003,Q_0731,2,0,1,0,0,0,74,0,0,0,1,24.1,6778.62,111318150656,26878524416,0,1,0,0,0,0,0,2,21,21.0,Bitmap Heap Scan,0,0.034
DESKTOP-KQF03T0,Jashvanth,2026-06-30T12:55:48.129461,Q66_V003,Q_0731,3,0,1,0,0,0,74,0,0,0,1,31.2,6690.38,111318298112,26890079232,0,1,0,0,0,0,0,2,21,21.0,Bitmap Heap Scan,0,0.057
DESKTOP-KQF03T0,Jashvanth,2026-06-30T12:55:53.157332,Q66_V004,Q_0732,1,0,1,0,0,0,85,0,0,0,1,32.2,6687.16,111318375936,26890669056,0,1,0,0,0,0,0,2,18,18.0,Bitmap Heap Scan,0,0.044
DESKTOP-KQF03T0,Jashvanth,2026-06-30T12:55:58.207890,Q66_V004,Q_0732,2,0,1,0,0,0,85,0,0,0,1,25.4,6701.23,111318445568,26891185152,0,1,0,0,0,0,0,2,18,18.0,Bitmap Heap Scan,0,0.086
DESKTOP-KQF03T0,Jashvanth,2026-06-30T12:56:03.230305,Q66_V004,Q_0732,3,0,1,0,0,0,85,0,0,0,1,65.8,6762.12,111739802624,26900564992,0,1,0,0,0,0,0,2,18,18.0,Bitmap Heap Scan,0,0.034
DESKTOP-KQF03T0,Jashvanth,2026-06-30T12:56:08.249849,Q66_V005,Q_0733,1,0,1,0,1,0,90,0,0,0,1,42.4,6758.54,112273107456,26901580800,0,1,0,0,0,1,0,3,18,18.0,Sort,0,0.061
DESKTOP-KQF03T0,Jashvanth,2026-06-30T12:56:13.272788,Q66_V005,Q_0733,2,0,1,0,1,0,90,0,0,0,1,43.8,6763.75,112696338432,26902596608,0,1,0,0,0,1,0,3,18,18.0,Sort,0,0.053
DESKTOP-KQF03T0,Jashvanth,2026-06-30T12:56:18.292148,Q66_V005,Q_0733,3,0,1,0,1,0,90,0,0,0,1,59.6,6769.74,113047799808,26903747584,0,1,0,0,0,1,0,3,18,18.0,Sort,0,0.053
DESKTOP-KQF03T0,Jashvanth,2026-06-30T12:56:23.314054,Q66_V006,Q_0734,1,0,1,0,0,0,85,0,0,0,1,48.1,6772.52,113536417792,26905476096,0,1,0,0,0,0,0,2,59,59.0,Bitmap Heap Scan,0,0.078
DESKTOP-KQF03T0,Jashvanth,2026-06-30T12:56:28.365832,Q66_V006,Q_0734,2,0,1,0,0,0,85,0,0,0,1,44.8,6711.84,113876946944,26919146496,0,1,0,0,0,0,0,2,59,59.0,Bitmap Heap Scan,0,0.141
DESKTOP-KQF03T0,Jashvanth,2026-06-30T12:56:33.414015,Q66_V006,Q_0734,3,0,1,0,0,0,85,0,0,0,1,49.2,6831.58,113914199552,26921653248,0,1,0,0,0,0,0,2,59,59.0,Bitmap Heap Scan,0,0.069
DESKTOP-KQF03T0,Jashvanth,2026-06-30T12:56:38.444447,Q66_V007,Q_0735,1,0,1,0,0,0,70,1,0,0,1,20.6,6853.49,113930196480,26922189824,0,1,0,0,0,0,1,3,1,1.0,Aggregate,0,0.059
DESKTOP-KQF03T0,Jashvanth,2026-06-30T12:56:43.469818,Q66_V007,Q_0735,2,0,1,0,0,0,70,1,0,0,1,51.0,7099.69,113930352128,26923000832,0,1,0,0,0,0,1,3,1,1.0,Aggregate,0,0.058
DESKTOP-KQF03T0,Jashvanth,2026-06-30T12:56:48.495367,Q66_V007,Q_0735,3,0,1,0,0,0,70,1,0,0,1,43.1,7045.16,113931209728,26923430912,0,1,0,0,0,0,1,3,1,1.0,Aggregate,0,0.047
DESKTOP-KQF03T0,Jashvanth,2026-06-30T12:56:53.529550,Q66_V008,Q_0736,1,0,1,0,0,0,92,0,0,1,1,38.4,7094.36,113932352512,26923783168,0,1,0,0,0,0,0,2,16,17.0,Bitmap Heap Scan,0,0.054
DESKTOP-KQF03T0,Jashvanth,2026-06-30T12:56:58.550927,Q66_V008,Q_0736,2,0,1,0,0,0,92,0,0,1,1,44.4,7065.9,113932402688,26924368896,0,1,0,0,0,0,0,2,16,17.0,Bitmap Heap Scan,0,0.069
DESKTOP-KQF03T0,Jashvanth,2026-06-30T12:57:03.571063,Q66_V008,Q_0736,3,0,1,0,0,0,92,0,0,1,1,40.0,7065.57,113933285376,26925085696,0,1,0,0,0,0,0,2,16,17.0,Bitmap Heap Scan,0,0.036
DESKTOP-KQF03T0,Jashvanth,2026-06-30T12:57:08.596349,Q66_V009,Q_0737,1,0,1,0,0,0,74,0,0,0,1,44.4,7060.87,113934462976,26926769152,0,1,0,0,0,0,0,2,23,23.0,Bitmap Heap Scan,0,0.076
DESKTOP-KQF03T0,Jashvanth,2026-06-30T12:57:13.633375,Q66_V009,Q_0737,2,0,1,0,0,0,74,0,0,0,1,44.1,7082.27,113948008960,26927076352,0,1,0,0,0,0,0,2,23,23.0,Bitmap Heap Scan,0,0.052
DESKTOP-KQF03T0,Jashvanth,2026-06-30T12:57:18.658326,Q66_V009,Q_0737,3,0,1,0,0,0,74,0,0,0,1,45.0,7072.89,113948625920,26927883264,0,1,0,0,0,0,0,2,23,23.0,Bitmap Heap Scan,0,0.06
DESKTOP-KQF03T0,Jashvanth,2026-06-30T12:57:23.690472,Q66_V010,Q_0738,1,0,1,0,0,0,95,0,0,1,1,40.7,7083.1,113948966912,26928305152,0,1,0,0,0,0,0,2,8,4.0,Bitmap Heap Scan,0,0.051
DESKTOP-KQF03T0,Jashvanth,2026-06-30T12:57:28.715153,Q66_V010,Q_0738,2,0,1,0,0,0,95,0,0,1,1,34.5,6655.99,113949605888,26928735232,0,1,0,0,0,0,0,2,8,4.0,Bitmap Heap Scan,0,0.034
DESKTOP-KQF03T0,Jashvanth,2026-06-30T12:57:33.759455,Q66_V010,Q_0738,3,0,1,0,0,0,95,0,0,1,1,32.7,6659.33,113950998528,26929529856,0,1,0,0,0,0,0,2,8,4.0,Bitmap Heap Scan,0,0.066
DESKTOP-KQF03T0,Jashvanth,2026-06-30T12:57:38.785851,Q66_V011,Q_0739,1,0,0,1,1,0,111,1,0,0,1,22.1,6634.21,113951375360,26929943552,1,0,0,0,0,1,1,3,25,25.0,Sort,0,0.238
DESKTOP-KQF03T0,Jashvanth,2026-06-30T12:57:43.825550,Q66_V011,Q_0739,2,0,0,1,1,0,111,1,0,0,1,32.2,6809.03,113951723520,26930627584,1,0,0,0,0,1,1,3,25,25.0,Sort,0,0.223
DESKTOP-KQF03T0,Jashvanth,2026-06-30T12:57:48.857257,Q66_V011,Q_0739,3,0,0,1,1,0,111,1,0,0,1,23.9,6796.86,113951879168,26931176448,1,0,0,0,0,1,1,3,25,25.0,Sort,0,0.374
DESKTOP-KQF03T0,Jashvanth,2026-06-30T12:57:53.917246,Q67_V001,Q_0740,1,0,1,0,0,0,84,0,0,0,1,32.2,6731.52,113954181120,26931721216,1,0,0,0,0,0,0,1,5000,5000.0,Seq Scan,0,1.998
DESKTOP-KQF03T0,Jashvanth,2026-06-30T12:57:58.937555,Q67_V001,Q_0740,2,0,1,0,0,0,84,0,0,0,1,29.2,6747.42,113957766144,26932229120,1,0,0,0,0,0,0,1,5000,5000.0,Seq Scan,0,0.759
DESKTOP-KQF03T0,Jashvanth,2026-06-30T12:58:03.963337,Q67_V001,Q_0740,3,0,1,0,0,0,84,0,0,0,1,41.6,6716.61,113960010240,26933010944,1,0,0,0,0,0,0,1,5000,5000.0,Seq Scan,0,1.275
DESKTOP-KQF03T0,Jashvanth,2026-06-30T12:58:08.995774,Q67_V002,Q_0741,1,0,1,0,0,0,84,0,0,0,1,22.4,6729.32,113960559104,26933404160,1,0,0,0,0,0,0,1,1,0.0,Seq Scan,0,0.555
DESKTOP-KQF03T0,Jashvanth,2026-06-30T12:58:14.020589,Q67_V002,Q_0741,2,0,1,0,0,0,84,0,0,0,1,28.9,6723.2,113960825344,26933690880,1,0,0,0,0,0,0,1,1,0.0,Seq Scan,0,0.496
DESKTOP-KQF03T0,Jashvanth,2026-06-30T12:58:19.043795,Q67_V002,Q_0741,3,0,1,0,0,0,84,0,0,0,1,27.1,6731.49,114008491520,26934153728,1,0,0,0,0,0,0,1,1,0.0,Seq Scan,0,0.515
DESKTOP-KQF03T0,Jashvanth,2026-06-30T12:58:24.067202,Q67_V003,Q_0742,1,0,1,0,1,0,105,0,0,0,1,23.4,6699.12,114009060864,26935157248,0,1,0,0,0,0,0,1,5000,5000.0,Index Scan,0,4.05
DESKTOP-KQF03T0,Jashvanth,2026-06-30T12:58:29.095761,Q67_V003,Q_0742,2,0,1,0,1,0,105,0,0,0,1,39.2,6668.04,114009282048,26935510528,0,1,0,0,0,0,0,1,5000,5000.0,Index Scan,0,2.708
DESKTOP-KQF03T0,Jashvanth,2026-06-30T12:58:34.144991,Q67_V003,Q_0742,3,0,1,0,1,0,105,0,0,0,1,24.7,6693.91,114009916928,26936690176,0,1,0,0,0,0,0,1,5000,5000.0,Index Scan,0,3.103
DESKTOP-KQF03T0,Jashvanth,2026-06-30T12:58:39.169745,Q67_V004,Q_0743,1,0,1,0,0,0,98,0,0,0,1,34.3,6706.87,114019062784,26941856768,1,0,0,0,0,0,0,1,5000,5000.0,Seq Scan,0,0.789
DESKTOP-KQF03T0,Jashvanth,2026-06-30T12:58:44.199280,Q67_V004,Q_0743,2,0,1,0,0,0,98,0,0,0,1,20.5,6724.34,114019353600,26942430208,1,0,0,0,0,0,0,1,5000,5000.0,Seq Scan,0,2.435
DESKTOP-KQF03T0,Jashvanth,2026-06-30T12:58:49.228246,Q67_V004,Q_0743,3,0,1,0,0,0,98,0,0,0,1,29.0,6722.78,114019456000,26942729216,1,0,0,0,0,0,0,1,5000,5000.0,Seq Scan,0,1.85
DESKTOP-KQF03T0,Jashvanth,2026-06-30T12:58:54.250649,Q67_V005,Q_0744,1,0,0,1,1,0,107,1,0,0,1,20.2,6743.22,114021883904,26943237120,1,0,0,0,0,1,1,3,1,1.0,Sort,0,1.219
DESKTOP-KQF03T0,Jashvanth,2026-06-30T12:58:59.276781,Q67_V005,Q_0744,2,0,0,1,1,0,107,1,0,0,1,22.4,6802.81,114022232064,26943855616,1,0,0,0,0,1,1,3,1,1.0,Sort,0,1.302
DESKTOP-KQF03T0,Jashvanth,2026-06-30T12:59:04.311251,Q67_V005,Q_0744,3,0,0,1,1,0,107,1,0,0,1,26.9,6763.57,114022793216,26944637952,1,0,0,0,0,1,1,3,1,1.0,Sort,0,1.935
DESKTOP-KQF03T0,Jashvanth,2026-06-30T12:59:09.342694,Q67_V006,Q_0745,1,0,1,0,0,0,108,0,0,1,1,34.0,6766.23,114023022592,26945174528,1,0,0,0,0,0,0,1,1607,1607.0,Seq Scan,0,1.751
DESKTOP-KQF03T0,Jashvanth,2026-06-30T12:59:14.374906,Q67_V006,Q_0745,2,0,1,0,0,0,108,0,0,1,1,21.0,6793.16,114023452672,26945649664,1,0,0,0,0,0,0,1,1607,1607.0,Seq Scan,0,2.016
DESKTOP-KQF03T0,Jashvanth,2026-06-30T12:59:19.398018,Q67_V006,Q_0745,3,0,1,0,0,0,108,0,0,1,1,31.1,6765.71,114023739392,26946153472,1,0,0,0,0,0,0,1,1607,1607.0,Seq Scan,0,0.803
DESKTOP-KQF03T0,Jashvanth,2026-06-30T12:59:24.437169,Q67_V007,Q_0746,1,0,1,0,0,0,76,1,0,0,1,22.5,6782.85,114023923712,26946632704,1,0,0,0,0,0,1,2,1,1.0,Aggregate,0,4.516
DESKTOP-KQF03T0,Jashvanth,2026-06-30T12:59:29.472524,Q67_V007,Q_0746,2,0,1,0,0,0,76,1,0,0,1,27.6,6641.75,114024194048,26947308544,1,0,0,0,0,0,1,2,1,1.0,Aggregate,0,1.268
DESKTOP-KQF03T0,Jashvanth,2026-06-30T12:59:34.496724,Q67_V007,Q_0746,3,0,1,0,0,0,76,1,0,0,1,35.8,6649.72,114024895488,26947795968,1,0,0,0,0,0,1,2,1,1.0,Aggregate,0,1.816
DESKTOP-KQF03T0,Jashvanth,2026-06-30T12:59:39.530620,Q67_V008,Q_0747,1,0,1,0,1,0,121,0,0,0,1,28.6,6659.66,114025067520,26948062208,1,0,0,0,0,1,0,3,100,100.0,Limit,0,2.943
DESKTOP-KQF03T0,Jashvanth,2026-06-30T12:59:44.556790,Q67_V008,Q_0747,2,0,1,0,1,0,121,0,0,0,1,27.5,6615.19,114027920896,26955488256,1,0,0,0,0,1,0,3,100,100.0,Limit,0,3.165
DESKTOP-KQF03T0,Jashvanth,2026-06-30T12:59:49.591903,Q67_V008,Q_0747,3,0,1,0,1,0,121,0,0,0,1,41.6,6729.48,114028199424,26957392896,1,0,0,0,0,1,0,3,100,100.0,Limit,0,7.056
DESKTOP-KQF03T0,Jashvanth,2026-06-30T12:59:54.641081,Q67_V009,Q_0748,1,0,1,0,0,0,121,0,0,1,1,34.4,6716.98,114028748288,26961644544,1,0,0,0,0,0,0,1,3329,3334.0,Seq Scan,0,1.867
DESKTOP-KQF03T0,Jashvanth,2026-06-30T12:59:59.662195,Q67_V009,Q_0748,2,0,1,0,0,0,121,0,0,1,1,23.3,6735.16,114028826112,26964265984,1,0,0,0,0,0,0,1,3329,3334.0,Seq Scan,0,1.366
DESKTOP-KQF03T0,Jashvanth,2026-06-30T13:00:04.697637,Q67_V009,Q_0748,3,0,1,0,0,0,121,0,0,1,1,20.6,6740.83,114029121024,26964864000,1,0,0,0,0,0,0,1,3329,3334.0,Seq Scan,0,0.729
DESKTOP-KQF03T0,Jashvanth,2026-06-30T13:00:09.715592,Q67_V010,Q_0749,1,0,1,0,0,0,93,0,0,0,1,26.1,6700.46,114029338112,26965433344,1,0,0,0,0,0,0,2,50,50.0,Limit,0,0.024
DESKTOP-KQF03T0,Jashvanth,2026-06-30T13:00:14.737764,Q67_V010,Q_0749,2,0,1,0,0,0,93,0,0,0,1,43.7,6704.27,114029477376,26966051840,1,0,0,0,0,0,0,2,50,50.0,Limit,0,0.026
DESKTOP-KQF03T0,Jashvanth,2026-06-30T13:00:19.760397,Q67_V010,Q_0749,3,0,1,0,0,0,93,0,0,0,1,29.8,6715.06,114030691328,26967145472,1,0,0,0,0,0,0,2,50,50.0,Limit,0,0.028
DESKTOP-KQF03T0,Jashvanth,2026-06-30T13:00:24.784092,Q67_V011,Q_0750,1,0,1,0,0,0,117,0,0,1,1,25.3,6700.91,114032054272,26967645184,1,0,0,0,0,0,0,1,989,989.0,Seq Scan,0,0.838
DESKTOP-KQF03T0,Jashvanth,2026-06-30T13:00:29.810478,Q67_V011,Q_0750,2,0,1,0,0,0,117,0,0,1,1,24.5,6676.18,114032910336,26968177152,1,0,0,0,0,0,0,1,989,989.0,Seq Scan,0,1.39
DESKTOP-KQF03T0,Jashvanth,2026-06-30T13:00:34.832797,Q67_V011,Q_0750,3,0,1,0,0,0,117,0,0,1,1,21.7,6692.3,114033172480,26969651712,1,0,0,0,0,0,0,1,989,989.0,Seq Scan,0,0.752
DESKTOP-KQF03T0,Jashvanth,2026-06-30T13:00:39.860816,Q68_V001,Q_0751,1,0,0,0,0,0,78,2,0,0,1,37.2,6676.21,114033471488,26970057216,1,0,0,0,0,0,1,2,1,1.0,Aggregate,0,1.972
DESKTOP-KQF03T0,Jashvanth,2026-06-30T13:00:44.896585,Q68_V001,Q_0751,2,0,0,0,0,0,78,2,0,0,1,25.8,6663.27,114033541120,26970307072,1,0,0,0,0,0,1,2,1,1.0,Aggregate,0,2.09
DESKTOP-KQF03T0,Jashvanth,2026-06-30T13:00:49.926658,Q68_V001,Q_0751,3,0,0,0,0,0,78,2,0,0,1,23.5,6638.01,114033647616,26970855936,1,0,0,0,0,0,1,2,1,1.0,Aggregate,0,0.714
DESKTOP-KQF03T0,Jashvanth,2026-06-30T13:00:54.962749,Q68_V002,Q_0752,1,0,1,0,0,0,104,2,0,0,1,23.3,6649.96,114034151424,26971404800,1,0,0,0,0,0,1,2,1,1.0,Aggregate,0,1.107
DESKTOP-KQF03T0,Jashvanth,2026-06-30T13:00:59.982688,Q68_V002,Q_0752,2,0,1,0,0,0,104,2,0,0,1,24.1,6625.82,114035176448,26971896320,1,0,0,0,0,0,1,2,1,1.0,Aggregate,0,0.548
DESKTOP-KQF03T0,Jashvanth,2026-06-30T13:01:05.016551,Q68_V002,Q_0752,3,0,1,0,0,0,104,2,0,0,1,22.7,6675.13,114035586048,26972379648,1,0,0,0,0,0,1,2,1,1.0,Aggregate,0,1.036
DESKTOP-KQF03T0,Jashvanth,2026-06-30T13:01:10.041842,Q68_V003,Q_0753,1,0,0,0,0,0,84,2,0,0,1,29.1,6633.74,114035960320,26973149696,1,0,0,0,0,0,1,2,1,1.0,Aggregate,0,1.897
DESKTOP-KQF03T0,Jashvanth,2026-06-30T13:01:15.066867,Q68_V003,Q_0753,2,0,0,0,0,0,84,2,0,0,1,22.4,6654.93,114042554880,26973370880,1,0,0,0,0,0,1,2,1,1.0,Aggregate,0,1.879
DESKTOP-KQF03T0,Jashvanth,2026-06-30T13:01:20.092957,Q68_V003,Q_0753,3,0,0,0,0,0,84,2,0,0,1,39.3,6668.4,114057377792,26974501376,1,0,0,0,0,0,1,2,1,1.0,Aggregate,0,3.343
DESKTOP-KQF03T0,Jashvanth,2026-06-30T13:01:25.132368,Q68_V004,Q_0754,1,0,0,0,0,0,107,3,0,0,1,35.9,6680.67,114380017152,26989599232,1,0,0,0,0,0,1,2,1,1.0,Aggregate,0,2.121
DESKTOP-KQF03T0,Jashvanth,2026-06-30T13:01:30.155703,Q68_V004,Q_0754,2,0,0,0,0,0,107,3,0,0,1,27.8,6642.66,114382319104,26990705152,1,0,0,0,0,0,1,2,1,1.0,Aggregate,0,1.198
DESKTOP-KQF03T0,Jashvanth,2026-06-30T13:01:35.184466,Q68_V004,Q_0754,3,0,0,0,0,0,107,3,0,0,1,28.7,6643.25,114383068672,26992048640,1,0,0,0,0,0,1,2,1,1.0,Aggregate,0,1.105
DESKTOP-KQF03T0,Jashvanth,2026-06-30T13:01:40.206337,Q68_V005,Q_0755,1,0,1,0,0,0,99,2,0,0,1,23.7,6647.86,114383142400,26992458240,1,0,0,0,0,0,1,2,1,1.0,Aggregate,0,0.549
DESKTOP-KQF03T0,Jashvanth,2026-06-30T13:01:45.241757,Q68_V005,Q_0755,2,0,1,0,0,0,99,2,0,0,1,34.0,6645.22,114383396352,26992785920,1,0,0,0,0,0,1,2,1,1.0,Aggregate,0,0.739
DESKTOP-KQF03T0,Jashvanth,2026-06-30T13:01:50.306735,Q68_V005,Q_0755,3,0,1,0,0,0,99,2,0,0,1,45.2,6675.18,114383872000,26993383936,1,0,0,0,0,0,1,2,1,1.0,Aggregate,0,0.51
DESKTOP-KQF03T0,Jashvanth,2026-06-30T13:01:55.338358,Q68_V006,Q_0756,1,0,0,1,1,0,141,2,0,0,1,30.0,6698.12,114430909952,27016900096,1,0,0,0,0,1,1,4,10,10.0,Limit,0,1.15
DESKTOP-KQF03T0,Jashvanth,2026-06-30T13:02:00.362187,Q68_V006,Q_0756,2,0,0,1,1,0,141,2,0,0,1,32.6,6677.06,114432036352,27019857408,1,0,0,0,0,1,1,4,10,10.0,Limit,0,3.076
DESKTOP-KQF03T0,Jashvanth,2026-06-30T13:02:05.414507,Q68_V006,Q_0756,3,0,0,1,1,0,141,2,0,0,1,24.2,6682.48,114432056832,27020381696,1,0,0,0,0,1,1,4,10,10.0,Limit,0,4.382
DESKTOP-KQF03T0,Jashvanth,2026-06-30T13:02:10.446661,Q68_V007,Q_0757,1,0,1,0,0,0,100,2,0,0,1,22.1,6709.5,114432373248,27021041152,1,0,0,0,0,0,1,2,1,1.0,Aggregate,0,2.738
DESKTOP-KQF03T0,Jashvanth,2026-06-30T13:02:15.475364,Q68_V007,Q_0757,2,0,1,0,0,0,100,2,0,0,1,30.3,6718.24,114432651776,27025931776,1,0,0,0,0,0,1,2,1,1.0,Aggregate,0,1.36
DESKTOP-KQF03T0,Jashvanth,2026-06-30T13:02:20.496019,Q68_V007,Q_0757,3,0,1,0,0,0,100,2,0,0,1,23.4,6726.5,114433249792,27029020160,1,0,0,0,0,0,1,2,1,1.0,Aggregate,0,1.041
DESKTOP-KQF03T0,Jashvanth,2026-06-30T13:02:25.519396,Q68_V008,Q_0758,1,0,1,0,0,0,104,2,0,0,1,32.5,6705.22,114433491456,27029478912,1,0,0,0,0,0,1,2,1,1.0,Aggregate,0,0.913
DESKTOP-KQF03T0,Jashvanth,2026-06-30T13:02:30.541175,Q68_V008,Q_0758,2,0,1,0,0,0,104,2,0,0,1,31.2,6685.55,114433901056,27030220800,1,0,0,0,0,0,1,2,1,1.0,Aggregate,0,1.217
DESKTOP-KQF03T0,Jashvanth,2026-06-30T13:02:35.565201,Q68_V008,Q_0758,3,0,1,0,0,0,104,2,0,0,1,27.2,6701.42,114434331136,27031023616,1,0,0,0,0,0,1,2,1,1.0,Aggregate,0,1.882
DESKTOP-KQF03T0,Jashvanth,2026-06-30T13:02:40.590845,Q68_V009,Q_0759,1,0,0,0,0,0,109,3,0,0,1,25.4,6699.22,114434564608,27031547904,1,0,0,0,0,0,1,2,1,1.0,Aggregate,0,1.405
DESKTOP-KQF03T0,Jashvanth,2026-06-30T13:02:45.613640,Q68_V009,Q_0759,2,0,0,0,0,0,109,3,0,0,1,17.5,6702.23,114434662912,27031875584,1,0,0,0,0,0,1,2,1,1.0,Aggregate,0,0.625
DESKTOP-KQF03T0,Jashvanth,2026-06-30T13:02:50.638873,Q68_V009,Q_0759,3,0,0,0,0,0,109,3,0,0,1,31.0,6685.57,114434916864,27032244224,1,0,0,0,0,0,1,2,1,1.0,Aggregate,0,1.226
DESKTOP-KQF03T0,Jashvanth,2026-06-30T13:02:55.685402,Q68_V010,Q_0760,1,0,1,0,0,0,118,2,0,1,1,36.1,6650.76,114435641856,27032623104,1,0,0,0,0,0,1,2,1,1.0,Aggregate,0,0.895
DESKTOP-KQF03T0,Jashvanth,2026-06-30T13:03:00.719014,Q68_V010,Q_0760,2,0,1,0,0,0,118,2,0,1,1,36.9,6706.29,114436687360,27033894400,1,0,0,0,0,0,1,2,1,1.0,Aggregate,0,1.582
DESKTOP-KQF03T0,Jashvanth,2026-06-30T13:03:05.746897,Q68_V010,Q_0760,3,0,1,0,0,0,118,2,0,1,1,29.6,6690.4,114436695552,27035078144,1,0,0,0,0,0,1,2,1,1.0,Aggregate,0,0.649
DESKTOP-KQF03T0,Jashvanth,2026-06-30T13:03:10.773230,Q68_V011,Q_0761,1,0,0,1,1,0,141,2,0,0,1,22.7,6689.74,114436867584,27035483648,1,0,0,0,0,1,1,4,20,20.0,Limit,0,2.689
DESKTOP-KQF03T0,Jashvanth,2026-06-30T13:03:15.793089,Q68_V011,Q_0761,2,0,0,1,1,0,141,2,0,0,1,33.5,6683.59,114437445120,27036032512,1,0,0,0,0,1,1,4,20,20.0,Limit,0,1.352
DESKTOP-KQF03T0,Jashvanth,2026-06-30T13:03:20.826960,Q68_V011,Q_0761,3,0,0,1,1,0,141,2,0,0,1,24.5,6677.26,114437527040,27037187584,1,0,0,0,0,1,1,4,20,20.0,Limit,0,1.333
DESKTOP-KQF03T0,Jashvanth,2026-06-30T13:03:25.847369,Q69_V001,Q_0762,1,0,0,1,1,0,103,1,0,0,1,21.5,6682.86,114437707264,27038535168,1,0,0,0,0,1,1,3,25,25.0,Sort,0,0.515
DESKTOP-KQF03T0,Jashvanth,2026-06-30T13:03:30.877598,Q69_V001,Q_0762,2,0,0,1,1,0,103,1,0,0,1,49.0,6756.36,114490707968,27044314624,1,0,0,0,0,1,1,3,25,25.0,Sort,0,1.142
DESKTOP-KQF03T0,Jashvanth,2026-06-30T13:03:35.912277,Q69_V001,Q_0762,3,0,0,1,1,0,103,1,0,0,1,42.0,6871.49,114494722048,27046788608,1,0,0,0,0,1,1,3,25,25.0,Sort,0,1.43
DESKTOP-KQF03T0,Jashvanth,2026-06-30T13:03:40.947263,Q69_V002,Q_0763,1,0,0,1,1,0,102,1,0,0,1,36.6,6738.81,114495709184,27074521088,1,0,0,0,0,1,1,3,25,25.0,Sort,0,0.652
DESKTOP-KQF03T0,Jashvanth,2026-06-30T13:03:45.983705,Q69_V002,Q_0763,2,0,0,1,1,0,102,1,0,0,1,28.4,6711.96,114502377472,27097794560,1,0,0,0,0,1,1,3,25,25.0,Sort,0,1.596
DESKTOP-KQF03T0,Jashvanth,2026-06-30T13:03:51.010387,Q69_V002,Q_0763,3,0,0,1,1,0,102,1,0,0,1,22.6,6732.07,114502471680,27098335232,1,0,0,0,0,1,1,3,25,25.0,Sort,0,1.533
DESKTOP-KQF03T0,Jashvanth,2026-06-30T13:03:56.033023,Q69_V003,Q_0764,1,0,0,1,1,0,125,2,0,0,1,34.9,6707.3,114502676480,27099265024,1,0,0,0,0,1,1,3,8,0.0,Sort,0,0.752
DESKTOP-KQF03T0,Jashvanth,2026-06-30T13:04:01.054202,Q69_V003,Q_0764,2,0,0,1,1,0,125,2,0,0,1,34.3,6753.73,114520228864,27099928576,1,0,0,0,0,1,1,3,8,0.0,Sort,0,0.546
DESKTOP-KQF03T0,Jashvanth,2026-06-30T13:04:06.081648,Q69_V003,Q_0764,3,0,0,1,1,0,125,2,0,0,1,17.7,6764.27,114520581120,27100370944,1,0,0,0,0,1,1,3,8,0.0,Sort,0,0.585
DESKTOP-KQF03T0,Jashvanth,2026-06-30T13:04:11.106454,Q69_V004,Q_0765,1,0,0,1,1,0,134,2,0,0,1,35.4,6768.82,114521170944,27100932096,1,0,0,0,0,1,1,3,25,25.0,Sort,0,0.89
DESKTOP-KQF03T0,Jashvanth,2026-06-30T13:04:16.142657,Q69_V004,Q_0765,2,0,0,1,1,0,134,2,0,0,1,26.0,6780.5,114527746560,27101145088,1,0,0,0,0,1,1,3,25,25.0,Sort,0,1.341
DESKTOP-KQF03T0,Jashvanth,2026-06-30T13:04:21.162291,Q69_V004,Q_0765,3,0,0,1,1,0,134,2,0,0,1,38.2,6775.2,114606305280,27102201856,1,0,0,0,0,1,1,3,25,25.0,Sort,0,1.377
DESKTOP-KQF03T0,Jashvanth,2026-06-30T13:04:26.185107,Q69_V005,Q_0766,1,0,1,1,1,0,123,1,0,0,1,19.9,6742.85,114606653440,27102611456,1,0,0,0,0,1,1,3,25,25.0,Sort,0,1.221
DESKTOP-KQF03T0,Jashvanth,2026-06-30T13:04:31.220215,Q69_V005,Q_0766,2,0,1,1,1,0,123,1,0,0,1,28.2,6704.43,114607366144,27103128576,1,0,0,0,0,1,1,3,25,25.0,Sort,0,1.86
DESKTOP-KQF03T0,Jashvanth,2026-06-30T13:04:36.242731,Q69_V005,Q_0766,3,0,1,1,1,0,123,1,0,0,1,39.5,6654.89,114607912960,27122064384,1,0,0,0,0,1,1,3,25,25.0,Sort,0,0.619
DESKTOP-KQF03T0,Jashvanth,2026-06-30T13:04:41.261955,Q69_V006,Q_0767,1,0,0,1,1,0,99,1,0,0,1,28.7,6671.05,114610931712,27122560000,1,0,0,0,0,1,1,3,25,25.0,Sort,0,0.583
DESKTOP-KQF03T0,Jashvanth,2026-06-30T13:04:46.288365,Q69_V006,Q_0767,2,0,0,1,1,0,99,1,0,0,1,22.1,6674.65,114611013632,27124079616,1,0,0,0,0,1,1,3,25,25.0,Sort,0,1.158
DESKTOP-KQF03T0,Jashvanth,2026-06-30T13:04:51.312106,Q69_V006,Q_0767,3,0,0,1,1,0,99,1,0,0,1,33.3,6661.68,114611337216,27124653056,1,0,0,0,0,1,1,3,25,25.0,Sort,0,0.513
DESKTOP-KQF03T0,Jashvanth,2026-06-30T13:04:56.335169,Q69_V007,Q_0768,1,0,0,1,1,0,115,1,0,0,1,18.4,6659.64,114611607552,27126209536,1,0,0,0,0,1,1,3,25,25.0,Sort,0,1.553
DESKTOP-KQF03T0,Jashvanth,2026-06-30T13:05:01.366382,Q69_V007,Q_0768,2,0,0,1,1,0,115,1,0,0,1,40.3,6657.8,114612406272,27126733824,1,0,0,0,0,1,1,3,25,25.0,Sort,0,1.051
DESKTOP-KQF03T0,Jashvanth,2026-06-30T13:05:06.396947,Q69_V007,Q_0768,3,0,0,1,1,0,115,1,0,0,1,34.3,6669.14,114612491264,27127061504,1,0,0,0,0,1,1,3,25,25.0,Sort,0,1.169
DESKTOP-KQF03T0,Jashvanth,2026-06-30T13:05:11.424533,Q69_V008,Q_0769,1,0,0,1,1,0,117,1,1,0,1,23.6,6675.66,114612634624,27128183808,1,0,0,0,0,1,1,3,25,25.0,Aggregate,0,2.552
DESKTOP-KQF03T0,Jashvanth,2026-06-30T13:05:16.459229,Q69_V008,Q_0769,2,0,0,1,1,0,117,1,1,0,1,31.1,6675.43,114612839424,27128699904,1,0,0,0,0,1,1,3,25,25.0,Aggregate,0,2.372
DESKTOP-KQF03T0,Jashvanth,2026-06-30T13:05:21.500431,Q69_V008,Q_0769,3,0,0,1,1,0,117,1,1,0,1,26.5,6696.95,114613890560,27129170944,1,0,0,0,0,1,1,3,25,25.0,Aggregate,0,2.098
DESKTOP-KQF03T0,Jashvanth,2026-06-30T13:05:26.522974,Q69_V009,Q_0770,1,0,0,1,1,0,140,1,0,0,1,29.4,6660.3,114614070784,27129797632,1,0,0,0,0,1,1,4,20,20.0,Limit,0,0.91
DESKTOP-KQF03T0,Jashvanth,2026-06-30T13:05:31.561423,Q69_V009,Q_0770,2,0,0,1,1,0,140,1,0,0,1,27.6,6661.77,114614427136,27130346496,1,0,0,0,0,1,1,4,20,20.0,Limit,0,2.933
DESKTOP-KQF03T0,Jashvanth,2026-06-30T13:05:36.592757,Q69_V009,Q_0770,3,0,0,1,1,0,140,1,0,0,1,26.9,6680.98,114614431232,27130616832,1,0,0,0,0,1,1,4,20,20.0,Limit,0,1.908
DESKTOP-KQF03T0,Jashvanth,2026-06-30T13:05:41.627703,Q69_V010,Q_0771,1,0,0,1,1,0,129,2,0,0,1,39.7,6699.17,114614785536,27131112448,1,0,0,0,0,1,1,3,25,25.0,Sort,0,0.918
DESKTOP-KQF03T0,Jashvanth,2026-06-30T13:05:46.651884,Q69_V010,Q_0771,2,0,0,1,1,0,129,2,0,0,1,32.3,6689.11,114615170560,27131575296,1,0,0,0,0,1,1,3,25,25.0,Sort,0,1.988
DESKTOP-KQF03T0,Jashvanth,2026-06-30T13:05:51.684938,Q69_V010,Q_0771,3,0,0,1,1,0,129,2,0,0,1,28.3,6700.85,114615334400,27138616320,1,0,0,0,0,1,1,3,25,25.0,Sort,0,2.74
DESKTOP-KQF03T0,Jashvanth,2026-06-30T13:05:56.726020,Q69_V011,Q_0772,1,0,0,1,1,0,112,1,0,0,1,28.2,6698.87,114615518720,27139173376,1,0,0,0,0,1,1,4,10,10.0,Limit,0,1.515
DESKTOP-KQF03T0,Jashvanth,2026-06-30T13:06:01.757008,Q69_V011,Q_0772,2,0,0,1,1,0,112,1,0,0,1,29.1,6705.4,114616247808,27140148224,1,0,0,0,0,1,1,4,10,10.0,Limit,0,0.77
DESKTOP-KQF03T0,Jashvanth,2026-06-30T13:06:06.777887,Q69_V011,Q_0772,3,0,0,1,1,0,112,1,0,0,1,29.2,6709.88,114616546816,27140402176,1,0,0,0,0,1,1,4,10,10.0,Limit,0,0.758
DESKTOP-KQF03T0,Jashvanth,2026-06-30T13:06:11.799836,Q70_V001,Q_0773,1,0,1,0,0,0,100,0,0,0,1,34.9,6713.49,114616813056,27140787200,1,0,0,0,0,0,0,2,100,100.0,Limit,0,0.051
DESKTOP-KQF03T0,Jashvanth,2026-06-30T13:06:16.825618,Q70_V001,Q_0773,2,0,1,0,0,0,100,0,0,0,1,31.9,6717.75,114617632256,27141487616,1,0,0,0,0,0,0,2,100,100.0,Limit,0,0.104
DESKTOP-KQF03T0,Jashvanth,2026-06-30T13:06:21.852278,Q70_V001,Q_0773,3,0,1,0,0,0,100,0,0,0,1,29.2,6702.73,114617988608,27142331392,1,0,0,0,0,0,0,2,100,100.0,Limit,0,0.093
DESKTOP-KQF03T0,Jashvanth,2026-06-30T13:06:26.874507,Q70_V002,Q_0774,1,0,1,0,0,0,99,0,0,0,1,22.3,6680.68,114618230272,27142810624,1,0,0,0,0,0,0,2,50,50.0,Limit,0,0.045
DESKTOP-KQF03T0,Jashvanth,2026-06-30T13:06:31.933020,Q70_V002,Q_0774,2,0,1,0,0,0,99,0,0,0,1,34.9,6664.7,114618623488,27144942592,1,0,0,0,0,0,0,2,50,50.0,Limit,0,0.1
DESKTOP-KQF03T0,Jashvanth,2026-06-30T13:06:36.965611,Q70_V002,Q_0774,3,0,1,0,0,0,99,0,0,0,1,24.0,6692.2,114619090432,27145745408,1,0,0,0,0,0,0,2,50,50.0,Limit,0,0.067
DESKTOP-KQF03T0,Jashvanth,2026-06-30T13:06:41.988191,Q70_V003,Q_0775,1,0,1,0,1,0,120,0,0,0,1,28.5,6705.12,114619373056,27146060800,0,1,0,0,0,0,0,2,100,100.0,Limit,0,0.828
DESKTOP-KQF03T0,Jashvanth,2026-06-30T13:06:47.016846,Q70_V003,Q_0775,2,0,1,0,1,0,120,0,0,0,1,31.9,6712.44,114619606528,27146667008,0,1,0,0,0,0,0,2,100,100.0,Limit,0,0.104
DESKTOP-KQF03T0,Jashvanth,2026-06-30T13:06:52.055567,Q70_V003,Q_0775,3,0,1,0,1,0,120,0,0,0,1,51.9,6761.94,114647805952,27172930560,0,1,0,0,0,0,0,2,100,100.0,Limit,0,0.254
DESKTOP-KQF03T0,Jashvanth,2026-06-30T13:06:57.119935,Q70_V004,Q_0776,1,0,1,0,0,0,100,0,0,0,1,38.5,6809.06,114649509376,27173184512,1,0,0,0,0,0,0,2,100,100.0,Limit,0,0.112
DESKTOP-KQF03T0,Jashvanth,2026-06-30T13:07:02.141872,Q70_V004,Q_0776,2,0,1,0,0,0,100,0,0,0,1,27.4,6759.89,114650311680,27175375872,1,0,0,0,0,0,0,2,100,100.0,Limit,0,0.129
DESKTOP-KQF03T0,Jashvanth,2026-06-30T13:07:07.174019,Q70_V004,Q_0776,3,0,1,0,0,0,100,0,0,0,1,34.9,6750.23,114650442752,27176190976,1,0,0,0,0,0,0,2,100,100.0,Limit,0,0.188
DESKTOP-KQF03T0,Jashvanth,2026-06-30T13:07:12.199234,Q70_V005,Q_0777,1,0,1,0,0,0,103,0,0,0,1,44.9,6824.97,114653825536,27177014272,1,0,0,0,0,0,0,2,100,100.0,Limit,0,0.11
DESKTOP-KQF03T0,Jashvanth,2026-06-30T13:07:17.244950,Q70_V005,Q_0777,2,0,1,0,0,0,103,0,0,0,1,63.3,6956.67,114719893504,27177370624,1,0,0,0,0,0,0,2,100,100.0,Limit,0,0.059
DESKTOP-KQF03T0,Jashvanth,2026-06-30T13:07:22.280250,Q70_V005,Q_0777,3,0,1,0,0,0,103,0,0,0,1,70.2,7051.07,114875461120,27178480640,1,0,0,0,0,0,0,2,100,100.0,Limit,0,0.081
DESKTOP-KQF03T0,Jashvanth,2026-06-30T13:07:27.354362,Q70_V006,Q_0778,1,0,1,0,0,0,117,0,0,0,1,60.4,7073.56,114902209536,27182216192,1,0,0,0,0,0,0,2,100,100.0,Limit,0,0.16
DESKTOP-KQF03T0,Jashvanth,2026-06-30T13:07:32.382146,Q70_V006,Q_0778,2,0,1,0,0,0,117,0,0,0,1,65.4,7100.43,114914685952,27186045952,1,0,0,0,0,0,0,2,100,100.0,Limit,0,0.098
DESKTOP-KQF03T0,Jashvanth,2026-06-30T13:07:37.409538,Q70_V006,Q_0778,3,0,1,0,0,0,117,0,0,0,1,61.3,7136.21,114944543232,27188286464,1,0,0,0,0,0,0,2,100,100.0,Limit,0,0.078
DESKTOP-KQF03T0,Jashvanth,2026-06-30T13:07:42.443979,Q70_V007,Q_0779,1,0,1,0,0,0,76,1,0,0,1,43.6,7076.83,114953965056,27198985216,1,0,0,0,0,0,1,2,1,1.0,Aggregate,0,5.715
DESKTOP-KQF03T0,Jashvanth,2026-06-30T13:07:47.484460,Q70_V007,Q_0779,2,0,1,0,0,0,76,1,0,0,1,43.2,7085.46,114954591744,27199566848,1,0,0,0,0,0,1,2,1,1.0,Aggregate,0,10.95
DESKTOP-KQF03T0,Jashvanth,2026-06-30T13:07:52.520380,Q70_V007,Q_0779,3,0,1,0,0,0,76,1,0,0,1,46.2,7062.4,114955054592,27200254976,1,0,0,0,0,0,1,2,1,1.0,Aggregate,0,11.153
DESKTOP-KQF03T0,Jashvanth,2026-06-30T13:07:57.546323,Q70_V008,Q_0780,1,0,1,0,0,0,136,0,0,1,1,50.3,7294.12,114959244288,27241931776,1,0,0,0,0,0,0,2,100,100.0,Limit,0,0.067
DESKTOP-KQF03T0,Jashvanth,2026-06-30T13:08:02.576505,Q70_V008,Q_0780,2,0,1,0,0,0,136,0,0,1,1,56.3,7319.45,114972788736,27243232256,1,0,0,0,0,0,0,2,100,100.0,Limit,0,0.14
DESKTOP-KQF03T0,Jashvanth,2026-06-30T13:08:07.625629,Q70_V008,Q_0780,3,0,1,0,0,0,136,0,0,1,1,43.1,7323.54,114983967232,27244047360,1,0,0,0,0,0,0,2,100,100.0,Limit,0,0.099
DESKTOP-KQF03T0,Jashvanth,2026-06-30T13:08:12.654974,Q70_V009,Q_0781,1,0,1,0,1,0,125,0,0,0,1,34.4,7340.03,114984868352,27244653568,0,1,0,0,0,0,0,2,100,100.0,Limit,0,2.603
DESKTOP-KQF03T0,Jashvanth,2026-06-30T13:08:17.689445,Q70_V009,Q_0781,2,0,1,0,1,0,125,0,0,0,1,39.4,7339.11,114985130496,27245067264,0,1,0,0,0,0,0,2,100,100.0,Limit,0,0.127
DESKTOP-KQF03T0,Jashvanth,2026-06-30T13:08:22.721117,Q70_V009,Q_0781,3,0,1,0,1,0,125,0,0,0,1,45.4,7359.52,114986575872,27245394944,0,1,0,0,0,0,0,2,100,100.0,Limit,0,0.103
DESKTOP-KQF03T0,Jashvanth,2026-06-30T13:08:27.748943,Q70_V010,Q_0782,1,0,1,0,0,0,103,0,0,0,1,43.2,7358.88,114988308480,27245764096,1,0,0,0,0,0,0,2,100,100.0,Limit,0,0.047
DESKTOP-KQF03T0,Jashvanth,2026-06-30T13:08:32.771293,Q70_V010,Q_0782,2,0,1,0,0,0,103,0,0,0,1,39.5,7358.35,114992271360,27247343104,1,0,0,0,0,0,0,2,100,100.0,Limit,0,0.052
DESKTOP-KQF03T0,Jashvanth,2026-06-30T13:08:37.799971,Q70_V010,Q_0782,3,0,1,0,0,0,103,0,0,0,1,46.6,7378.73,114992517120,27248133632,1,0,0,0,0,0,0,2,100,100.0,Limit,0,0.05
DESKTOP-KQF03T0,Jashvanth,2026-06-30T13:08:42.835676,Q70_V011,Q_0783,1,0,1,1,1,0,133,1,0,0,1,41.8,6967.43,114993901056,27249223168,1,0,0,0,0,1,1,3,7,7.0,Sort,0,6.608
DESKTOP-KQF03T0,Jashvanth,2026-06-30T13:08:47.871475,Q70_V011,Q_0783,2,0,1,1,1,0,133,1,0,0,1,25.4,7004.96,114994265600,27250062848,1,0,0,0,0,1,1,3,7,7.0,Sort,0,5.625
DESKTOP-KQF03T0,Jashvanth,2026-06-30T13:08:52.906500,Q70_V011,Q_0783,3,0,1,1,1,0,133,1,0,0,1,24.6,6991.97,114994482688,27250361856,1,0,0,0,0,1,1,3,7,7.0,Sort,0,9.18
DESKTOP-KQF03T0,Jashvanth,2026-06-30T13:08:57.932847,Q71_V001,Q_0784,1,0,0,0,1,0,86,0,0,0,1,23.3,6945.47,114994761216,27250857472,1,0,0,0,0,1,0,3,5,5.0,Limit,0,1.125
DESKTOP-KQF03T0,Jashvanth,2026-06-30T13:09:02.956922,Q71_V001,Q_0784,2,0,0,0,1,0,86,0,0,0,1,32.0,6982.11,114995506688,27251226112,1,0,0,0,0,1,0,3,5,5.0,Limit,0,0.601
DESKTOP-KQF03T0,Jashvanth,2026-06-30T13:09:07.976826,Q71_V001,Q_0784,3,0,0,0,1,0,86,0,0,0,1,31.9,6987.21,114998915072,27251910144,1,0,0,0,0,1,0,3,5,5.0,Limit,0,0.506
DESKTOP-KQF03T0,Jashvanth,2026-06-30T13:09:12.999278,Q71_V002,Q_0785,1,0,0,0,1,0,85,0,0,0,1,18.6,6983.2,114999245312,27252200960,1,0,0,0,0,1,0,3,5,5.0,Limit,0,0.626
DESKTOP-KQF03T0,Jashvanth,2026-06-30T13:09:18.025761,Q71_V002,Q_0785,2,0,0,0,1,0,85,0,0,0,1,25.8,6909.9,114999577600,27252717056,1,0,0,0,0,1,0,3,5,5.0,Limit,0,0.821
DESKTOP-KQF03T0,Jashvanth,2026-06-30T13:09:23.051590,Q71_V002,Q_0785,3,0,0,0,1,0,85,0,0,0,1,33.3,6911.68,115000388608,27253958144,1,0,0,0,0,1,0,3,5,5.0,Limit,0,0.459
DESKTOP-KQF03T0,Jashvanth,2026-06-30T13:09:28.115689,Q71_V003,Q_0786,1,0,0,0,1,0,87,0,0,0,1,36.4,6901.29,115000470528,27254343168,1,0,0,0,0,1,0,3,10,10.0,Limit,0,1.18
DESKTOP-KQF03T0,Jashvanth,2026-06-30T13:09:33.182248,Q71_V003,Q_0786,2,0,0,0,1,0,87,0,0,0,1,40.9,6918.25,115001326592,27255006720,1,0,0,0,0,1,0,3,10,10.0,Limit,0,0.942
DESKTOP-KQF03T0,Jashvanth,2026-06-30T13:09:38.203369,Q71_V003,Q_0786,3,0,0,0,1,0,87,0,0,0,1,24.4,6937.42,115001613312,27255580160,1,0,0,0,0,1,0,3,10,10.0,Limit,0,0.437
DESKTOP-KQF03T0,Jashvanth,2026-06-30T13:09:43.225564,Q71_V004,Q_0787,1,0,0,0,1,0,87,0,0,0,1,26.2,6932.45,115001781248,27255969280,1,0,0,0,0,1,0,3,20,20.0,Limit,0,0.632
DESKTOP-KQF03T0,Jashvanth,2026-06-30T13:09:48.256583,Q71_V004,Q_0787,2,0,0,0,1,0,87,0,0,0,1,21.7,6946.66,115002166272,27256628736,1,0,0,0,0,1,0,3,20,20.0,Limit,0,0.439
DESKTOP-KQF03T0,Jashvanth,2026-06-30T13:09:53.274827,Q71_V004,Q_0787,3,0,0,0,1,0,87,0,0,0,1,31.9,7013.45,115002750464,27260896768,1,0,0,0,0,1,0,3,20,20.0,Limit,0,0.38
DESKTOP-KQF03T0,Jashvanth,2026-06-30T13:09:58.302140,Q71_V005,Q_0788,1,0,0,0,1,0,95,0,0,0,1,33.3,6973.36,115004925440,27278808576,1,0,0,0,0,1,0,3,5,5.0,Limit,0,0.733
DESKTOP-KQF03T0,Jashvanth,2026-06-30T13:10:03.328325,Q71_V005,Q_0788,2,0,0,0,1,0,95,0,0,0,1,35.6,6987.31,115005236736,27279406592,1,0,0,0,0,1,0,3,5,5.0,Limit,0,0.78
DESKTOP-KQF03T0,Jashvanth,2026-06-30T13:10:08.350320,Q71_V005,Q_0788,3,0,0,0,1,0,95,0,0,0,1,33.7,6980.41,115007088128,27280066048,1,0,0,0,0,1,0,3,5,5.0,Limit,0,0.67
DESKTOP-KQF03T0,Jashvanth,2026-06-30T13:10:13.392703,Q71_V006,Q_0789,1,0,1,0,1,0,113,0,0,0,1,34.7,6999.85,115010064384,27280324096,1,0,0,0,0,1,0,3,5,5.0,Limit,0,0.353
DESKTOP-KQF03T0,Jashvanth,2026-06-30T13:10:18.429075,Q71_V006,Q_0789,2,0,1,0,1,0,113,0,0,0,1,33.4,7003.05,115010342912,27280946688,1,0,0,0,0,1,0,3,5,5.0,Limit,0,0.416
DESKTOP-KQF03T0,Jashvanth,2026-06-30T13:10:23.453383,Q71_V006,Q_0789,3,0,1,0,1,0,113,0,0,0,1,34.5,7013.76,115010543616,27282433536,1,0,0,0,0,1,0,3,5,5.0,Limit,0,0.169
DESKTOP-KQF03T0,Jashvanth,2026-06-30T13:10:28.474537,Q71_V007,Q_0790,1,0,1,0,1,0,104,0,0,0,1,27.2,7021.76,115010863104,27282869760,1,0,0,0,0,1,0,3,5,5.0,Limit,0,0.668
DESKTOP-KQF03T0,Jashvanth,2026-06-30T13:10:33.502215,Q71_V007,Q_0790,2,0,1,0,1,0,104,0,0,0,1,44.9,7030.92,115011031040,27283189248,1,0,0,0,0,1,0,3,5,5.0,Limit,0,0.64
DESKTOP-KQF03T0,Jashvanth,2026-06-30T13:10:38.533226,Q71_V007,Q_0790,3,0,1,0,1,0,104,0,0,0,1,34.9,6910.01,115011055616,27283836416,1,0,0,0,0,1,0,3,5,5.0,Limit,0,0.84
DESKTOP-KQF03T0,Jashvanth,2026-06-30T13:10:43.574469,Q71_V008,Q_0791,1,0,0,0,1,0,79,0,0,0,1,27.0,6913.27,115011252224,27284618752,1,0,0,0,0,1,0,3,5,5.0,Limit,0,1.396
DESKTOP-KQF03T0,Jashvanth,2026-06-30T13:10:48.613064,Q71_V008,Q_0791,2,0,0,0,1,0,79,0,0,0,1,27.5,6891.07,115011903488,27285069312,1,0,0,0,0,1,0,3,5,5.0,Limit,0,1.254
DESKTOP-KQF03T0,Jashvanth,2026-06-30T13:10:53.640674,Q71_V008,Q_0791,3,0,0,0,1,0,79,0,0,0,1,29.9,6906.33,115012091904,27285601792,1,0,0,0,0,1,0,3,5,5.0,Limit,0,0.657
DESKTOP-KQF03T0,Jashvanth,2026-06-30T13:10:58.665295,Q71_V009,Q_0792,1,0,0,1,1,0,107,1,0,0,1,26.3,6965.56,115012774912,27286437376,1,0,0,0,0,1,1,4,5,5.0,Limit,0,0.979
DESKTOP-KQF03T0,Jashvanth,2026-06-30T13:11:03.697353,Q71_V009,Q_0792,2,0,0,1,1,0,107,1,0,0,1,32.5,7000.74,115013159936,27287182848,1,0,0,0,0,1,1,4,5,5.0,Limit,0,1.266
DESKTOP-KQF03T0,Jashvanth,2026-06-30T13:11:08.728813,Q71_V009,Q_0792,3,0,0,1,1,0,107,1,0,0,1,27.5,7042.64,115035499520,27287698944,1,0,0,0,0,1,1,4,5,5.0,Limit,0,0.947
DESKTOP-KQF03T0,Jashvanth,2026-06-30T13:11:13.801006,Q71_V010,Q_0793,1,0,1,0,1,0,105,0,0,0,1,38.1,6989.44,115035663360,27287924224,1,0,0,0,0,1,0,2,120,121.0,Sort,0,0.78
DESKTOP-KQF03T0,Jashvanth,2026-06-30T13:11:18.832870,Q71_V010,Q_0793,2,0,1,0,1,0,105,0,0,0,1,35.5,6991.14,115036921856,27289177600,1,0,0,0,0,1,0,2,120,121.0,Sort,0,0.723
DESKTOP-KQF03T0,Jashvanth,2026-06-30T13:11:23.854110,Q71_V010,Q_0793,3,0,1,0,1,0,105,0,0,0,1,37.9,6984.49,115237052416,27290189312,1,0,0,0,0,1,0,2,120,121.0,Sort,0,0.34
DESKTOP-KQF03T0,Jashvanth,2026-06-30T13:11:28.888704,Q71_V011,Q_0794,1,0,0,0,1,0,86,0,0,0,1,27.6,6960.13,115237412864,27291004416,1,0,0,0,0,1,0,3,1,1.0,Limit,0,0.759
DESKTOP-KQF03T0,Jashvanth,2026-06-30T13:11:33.933248,Q71_V011,Q_0794,2,0,0,0,1,0,86,0,0,0,1,28.8,6995.02,115238736896,27294999040,1,0,0,0,0,1,0,3,1,1.0,Limit,0,0.529
DESKTOP-KQF03T0,Jashvanth,2026-06-30T13:11:38.952366,Q71_V011,Q_0794,3,0,0,0,1,0,86,0,0,0,1,40.8,6999.06,115239105536,27295429120,1,0,0,0,0,1,0,3,1,1.0,Limit,0,0.365
DESKTOP-KQF03T0,Jashvanth,2026-06-30T13:11:43.978559,Q72_V001,Q_0795,1,0,1,1,1,0,177,1,0,0,3,36.1,7010.62,115239433216,27295777280,0,1,0,0,0,1,1,3,25,12.0,Aggregate,0,3.848
DESKTOP-KQF03T0,Jashvanth,2026-06-30T13:11:49.018078,Q72_V001,Q_0795,2,0,1,1,1,0,177,1,0,0,3,28.6,7017.97,115239588864,27296637440,0,1,0,0,0,1,1,3,25,12.0,Aggregate,0,2.622
DESKTOP-KQF03T0,Jashvanth,2026-06-30T13:11:54.045306,Q72_V001,Q_0795,3,0,1,1,1,0,177,1,0,0,3,29.4,6998.15,115240694784,27309617664,0,1,0,0,0,1,1,3,25,12.0,Aggregate,0,2.036
DESKTOP-KQF03T0,Jashvanth,2026-06-30T13:11:59.076315,Q72_V002,Q_0796,1,0,1,1,1,0,177,1,0,0,3,31.6,7033.02,115250668544,27319702016,0,1,0,0,0,1,1,3,25,12.0,Aggregate,0,3.511
DESKTOP-KQF03T0,Jashvanth,2026-06-30T13:12:04.102736,Q72_V002,Q_0796,2,0,1,1,1,0,177,1,0,0,3,45.8,7013.1,115257967616,27330576896,0,1,0,0,0,1,1,3,25,12.0,Aggregate,0,1.946
DESKTOP-KQF03T0,Jashvanth,2026-06-30T13:12:09.124630,Q72_V002,Q_0796,3,0,1,1,1,0,177,1,0,0,3,32.9,7021.66,115258377216,27331387904,0,1,0,0,0,1,1,3,25,12.0,Aggregate,0,2.021
DESKTOP-KQF03T0,Jashvanth,2026-06-30T13:12:14.146026,Q72_V003,Q_0797,1,0,1,1,1,0,177,1,0,0,3,47.0,6842.1,115258553344,27332059648,0,1,0,0,0,1,1,3,25,12.0,Aggregate,0,1.64
DESKTOP-KQF03T0,Jashvanth,2026-06-30T13:12:19.179711,Q72_V003,Q_0797,2,0,1,1,1,0,177,1,0,0,3,32.6,6813.57,115259225088,27332502016,0,1,0,0,0,1,1,3,25,12.0,Aggregate,0,3.612
DESKTOP-KQF03T0,Jashvanth,2026-06-30T13:12:24.211179,Q72_V003,Q_0797,3,0,1,1,1,0,177,1,0,0,3,37.7,6800.14,115266835456,27332891136,0,1,0,0,0,1,1,3,25,12.0,Aggregate,0,2.401
DESKTOP-KQF03T0,Jashvanth,2026-06-30T13:12:29.254241,Q72_V004,Q_0798,1,0,1,1,1,0,188,1,0,0,3,41.2,6796.21,115266970624,27333454336,1,0,0,0,0,1,1,3,25,12.0,Aggregate,0,4.035
DESKTOP-KQF03T0,Jashvanth,2026-06-30T13:12:34.292584,Q72_V004,Q_0798,2,0,1,1,1,0,188,1,0,0,3,50.5,7064.69,115271031296,27336602112,1,0,0,0,0,1,1,3,25,12.0,Aggregate,0,4.477
DESKTOP-KQF03T0,Jashvanth,2026-06-30T13:12:39.325533,Q72_V004,Q_0798,3,0,1,1,1,0,188,1,0,0,3,85.7,7229.69,115298025984,27338691072,1,0,0,0,0,1,1,3,25,12.0,Aggregate,0,3.971
DESKTOP-KQF03T0,Jashvanth,2026-06-30T13:12:44.356229,Q72_V005,Q_0799,1,0,1,1,1,0,182,1,0,0,3,62.7,7045.59,115310077440,27358990848,0,1,0,0,0,2,1,4,25,12.0,Sort,0,2.393
DESKTOP-KQF03T0,Jashvanth,2026-06-30T13:12:49.397391,Q72_V005,Q_0799,2,0,1,1,1,0,182,1,0,0,3,27.5,6932.0,115310265856,27419275776,0,1,0,0,0,2,1,4,25,12.0,Sort,0,2.836
DESKTOP-KQF03T0,Jashvanth,2026-06-30T13:12:54.421193,Q72_V005,Q_0799,3,0,1,1,1,0,182,1,0,0,3,16.0,6946.94,115310319104,27419869696,0,1,0,0,0,2,1,4,25,12.0,Sort,0,1.349
DESKTOP-KQF03T0,Jashvanth,2026-06-30T13:41:18.567434,Q72_V006,Q_0800,1,0,1,1,1,0,184,1,0,0,3,100.0,7791.75,120171375104,29098576896,1,0,0,0,0,1,1,3,25,12.0,Aggregate,0,6.2
DESKTOP-KQF03T0,Jashvanth,2026-06-30T13:41:23.638162,Q72_V006,Q_0800,2,0,1,1,1,0,184,1,0,0,3,100.0,7776.2,120695501312,29229042688,1,0,0,0,0,1,1,3,25,12.0,Aggregate,0,3.673
DESKTOP-KQF03T0,Jashvanth,2026-06-30T13:41:28.677046,Q72_V006,Q_0800,3,0,1,1,1,0,184,1,0,0,3,100.0,7798.92,121161261568,29513980928,1,0,0,0,0,1,1,3,25,12.0,Aggregate,0,4.424
DESKTOP-KQF03T0,Jashvanth,2026-06-30T13:41:33.715312,Q72_V007,Q_0801,1,0,1,1,1,0,201,1,0,1,3,100.0,7722.71,121697020928,29706570752,1,0,0,0,0,1,1,3,8,12.0,Aggregate,0,2.378
DESKTOP-KQF03T0,Jashvanth,2026-06-30T13:41:38.747545,Q72_V007,Q_0801,2,0,1,1,1,0,201,1,0,1,3,100.0,7814.4,122154416640,29726784512,1,0,0,0,0,1,1,3,8,12.0,Aggregate,0,2.365
DESKTOP-KQF03T0,Jashvanth,2026-06-30T13:41:43.783193,Q72_V007,Q_0801,3,0,1,1,1,0,201,1,0,1,3,100.0,7571.34,122311927808,29775150080,1,0,0,0,0,1,1,3,8,12.0,Aggregate,0,2.922
DESKTOP-KQF03T0,Jashvanth,2026-06-30T13:41:48.819985,Q72_V008,Q_0802,1,0,1,1,1,0,205,2,0,0,3,99.7,7083.34,122848417792,29833821184,1,0,0,0,0,1,1,3,25,12.0,Aggregate,0,5.269
DESKTOP-KQF03T0,Jashvanth,2026-06-30T13:41:53.872247,Q72_V008,Q_0802,2,0,1,1,1,0,205,2,0,0,3,97.2,7136.49,123099564032,29841624064,1,0,0,0,0,1,1,3,25,12.0,Aggregate,0,3.975
DESKTOP-KQF03T0,Jashvanth,2026-06-30T13:41:58.907841,Q72_V008,Q_0802,3,0,1,1,1,0,205,2,0,0,3,84.5,7119.74,123167785984,29862108160,1,0,0,0,0,1,1,3,25,12.0,Aggregate,0,4.295
DESKTOP-KQF03T0,Jashvanth,2026-06-30T13:42:03.948587,Q72_V009,Q_0803,1,0,1,1,1,0,199,1,1,0,3,73.8,7028.43,123350195200,29954771968,1,0,0,0,0,1,1,3,25,12.0,Aggregate,0,6.104
DESKTOP-KQF03T0,Jashvanth,2026-06-30T13:42:08.981266,Q72_V009,Q_0803,2,0,1,1,1,0,199,1,1,0,3,84.3,7094.68,123380017664,29956496384,1,0,0,0,0,1,1,3,25,12.0,Aggregate,0,4.972
DESKTOP-KQF03T0,Jashvanth,2026-06-30T13:42:14.009819,Q72_V009,Q_0803,3,0,1,1,1,0,199,1,1,0,3,75.8,7065.45,123423251456,29985909760,1,0,0,0,0,1,1,3,25,12.0,Aggregate,0,2.1
DESKTOP-KQF03T0,Jashvanth,2026-06-30T13:42:19.044246,Q72_V010,Q_0804,1,0,1,1,1,0,184,1,0,0,3,60.3,7059.82,123437858816,29987507200,1,0,0,0,0,1,1,3,25,12.0,Aggregate,0,3.558
DESKTOP-KQF03T0,Jashvanth,2026-06-30T13:42:24.073675,Q72_V010,Q_0804,2,0,1,1,1,0,184,1,0,0,3,58.2,7085.3,123479241216,29989309440,1,0,0,0,0,1,1,3,25,12.0,Aggregate,0,3.803
DESKTOP-KQF03T0,Jashvanth,2026-06-30T13:42:29.109821,Q72_V010,Q_0804,3,0,1,1,1,0,184,1,0,0,3,67.8,7059.36,123499139072,29990223872,1,0,0,0,0,1,1,3,25,12.0,Aggregate,0,3.064
DESKTOP-KQF03T0,Jashvanth,2026-06-30T13:42:34.140000,Q72_V011,Q_0805,1,0,1,1,1,0,184,1,0,0,3,67.0,7070.28,123510317056,29990985728,1,0,0,0,0,1,1,3,25,12.0,Aggregate,0,2.549
DESKTOP-KQF03T0,Jashvanth,2026-06-30T13:42:39.171173,Q72_V011,Q_0805,2,0,1,1,1,0,184,1,0,0,3,63.1,7187.03,123526453248,29991804928,1,0,0,0,0,1,1,3,25,12.0,Aggregate,0,4.541
DESKTOP-KQF03T0,Jashvanth,2026-06-30T13:42:44.201705,Q72_V011,Q_0805,3,0,1,1,1,0,184,1,0,0,3,68.6,7045.74,123540583424,30044389376,1,0,0,0,0,1,1,3,25,12.0,Aggregate,0,4.712
DESKTOP-KQF03T0,Jashvanth,2026-06-30T13:42:49.261947,Q73_V001,Q_0806,1,1,0,1,1,0,172,1,0,0,2,56.0,6989.16,123550283264,30046187520,2,0,1,0,0,1,1,7,20,20.0,Limit,0,5.665
DESKTOP-KQF03T0,Jashvanth,2026-06-30T13:42:54.297382,Q73_V001,Q_0806,2,1,0,1,1,0,172,1,0,0,2,44.4,6967.23,123573533696,30046953472,2,0,1,0,0,1,1,7,20,20.0,Limit,0,7.136
DESKTOP-KQF03T0,Jashvanth,2026-06-30T13:42:59.326058,Q73_V001,Q_0806,3,1,0,1,1,0,172,1,0,0,2,48.1,6971.18,123579260416,30047547392,2,0,1,0,0,1,1,7,20,20.0,Limit,0,5.601
DESKTOP-KQF03T0,Jashvanth,2026-06-30T13:43:04.356696,Q73_V002,Q_0807,1,1,0,1,1,0,171,1,0,0,2,45.4,6993.26,123587516416,30048560640,2,0,1,0,0,1,1,7,20,20.0,Limit,0,5.601
DESKTOP-KQF03T0,Jashvanth,2026-06-30T13:43:09.387332,Q73_V002,Q_0807,2,1,0,1,1,0,171,1,0,0,2,48.7,6998.46,123594554880,30049359360,2,0,1,0,0,1,1,7,20,20.0,Limit,0,6.191
DESKTOP-KQF03T0,Jashvanth,2026-06-30T13:43:14.421706,Q73_V002,Q_0807,3,1,0,1,1,0,171,1,0,0,2,45.3,7014.28,123599612416,30049846784,2,0,1,0,0,1,1,7,20,20.0,Limit,0,8.104
DESKTOP-KQF03T0,Jashvanth,2026-06-30T13:43:19.453576,Q73_V003,Q_0808,1,1,0,1,1,0,172,1,0,0,2,55.9,7009.18,123604756992,30050981376,2,0,1,0,0,1,1,7,10,10.0,Limit,0,5.941
DESKTOP-KQF03T0,Jashvanth,2026-06-30T13:43:24.500346,Q73_V003,Q_0808,2,1,0,1,1,0,172,1,0,0,2,45.8,7013.41,123608783360,30051657216,2,0,1,0,0,1,1,7,10,10.0,Limit,0,14.515
DESKTOP-KQF03T0,Jashvanth,2026-06-30T13:43:29.542649,Q73_V003,Q_0808,3,1,0,1,1,0,172,1,0,0,2,59.5,7023.97,123611996160,30052279808,2,0,1,0,0,1,1,7,10,10.0,Limit,0,12.103
DESKTOP-KQF03T0,Jashvanth,2026-06-30T13:43:34.587146,Q73_V004,Q_0809,1,1,1,1,1,0,211,1,0,0,2,78.8,7158.23,123649510912,30056396288,2,0,1,0,0,1,1,7,20,20.0,Limit,0,11.455
DESKTOP-KQF03T0,Jashvanth,2026-06-30T13:43:39.619302,Q73_V004,Q_0809,2,1,1,1,1,0,211,1,0,0,2,64.1,7146.44,123653309440,30056969728,2,0,1,0,0,1,1,7,20,20.0,Limit,0,5.185
DESKTOP-KQF03T0,Jashvanth,2026-06-30T13:43:44.654529,Q73_V004,Q_0809,3,1,1,1,1,0,211,1,0,0,2,71.5,7377.68,123665377280,30085833216,2,0,1,0,0,1,1,7,20,20.0,Limit,0,10.96
DESKTOP-KQF03T0,Jashvanth,2026-06-30T13:43:49.687913,Q73_V005,Q_0810,1,1,0,1,1,0,197,2,0,0,2,54.3,7307.59,123669099520,30086230528,2,0,1,0,0,1,1,7,20,20.0,Limit,0,7.605
DESKTOP-KQF03T0,Jashvanth,2026-06-30T13:43:54.731648,Q73_V005,Q_0810,2,1,0,1,1,0,197,2,0,0,2,53.5,7234.89,123677079040,30086750720,2,0,1,0,0,1,1,7,20,20.0,Limit,0,12.991
DESKTOP-KQF03T0,Jashvanth,2026-06-30T13:43:59.762028,Q73_V005,Q_0810,3,1,0,1,1,0,197,2,0,0,2,56.4,7195.48,123684481536,30087389696,2,0,1,0,0,1,1,7,20,20.0,Limit,0,7.893
DESKTOP-KQF03T0,Jashvanth,2026-06-30T13:44:04.798094,Q73_V006,Q_0811,1,1,0,1,1,0,168,1,0,0,2,56.3,7206.42,123695389696,30087905792,2,0,1,0,0,1,1,7,20,20.0,Limit,0,12.713
DESKTOP-KQF03T0,Jashvanth,2026-06-30T13:44:09.845032,Q73_V006,Q_0811,2,1,0,1,1,0,168,1,0,0,2,58.7,7221.71,123700750848,30088872448,2,0,1,0,0,1,1,7,20,20.0,Limit,0,15.287
DESKTOP-KQF03T0,Jashvanth,2026-06-30T13:44:14.875563,Q73_V006,Q_0811,3,1,0,1,1,0,168,1,0,0,2,55.3,7212.71,123708924928,30089527808,2,0,1,0,0,1,1,7,20,20.0,Limit,0,7.379
DESKTOP-KQF03T0,Jashvanth,2026-06-30T13:44:19.910520,Q73_V007,Q_0812,1,1,0,1,1,0,153,1,0,0,2,59.4,7227.61,123717500928,30090924544,2,0,1,0,0,1,1,6,5,5.0,Sort,0,7.899
DESKTOP-KQF03T0,Jashvanth,2026-06-30T13:44:24.941927,Q73_V007,Q_0812,2,1,0,1,1,0,153,1,0,0,2,56.7,7261.14,123723339776,30091878912,2,0,1,0,0,1,1,6,5,5.0,Sort,0,6.264
DESKTOP-KQF03T0,Jashvanth,2026-06-30T13:44:29.964284,Q73_V007,Q_0812,3,1,0,1,1,0,153,1,0,0,2,54.8,6824.75,123731337728,30093072896,2,0,1,0,0,1,1,6,5,5.0,Sort,0,3.22
DESKTOP-KQF03T0,Jashvanth,2026-06-30T13:44:34.994473,Q73_V008,Q_0813,1,1,1,1,1,0,198,1,0,0,2,51.1,6867.09,123746627072,30094178816,2,0,1,0,0,1,1,7,20,20.0,Limit,0,3.901
DESKTOP-KQF03T0,Jashvanth,2026-06-30T13:44:40.025392,Q73_V008,Q_0813,2,1,1,1,1,0,198,1,0,0,2,49.5,6869.05,123756949504,30095141376,2,0,1,0,0,1,1,7,20,20.0,Limit,0,3.314
DESKTOP-KQF03T0,Jashvanth,2026-06-30T13:44:45.048971,Q73_V008,Q_0813,3,1,1,1,1,0,198,1,0,0,2,54.0,6869.78,123844048896,30097476096,2,0,1,0,0,1,1,7,20,20.0,Limit,0,3.276
DESKTOP-KQF03T0,Jashvanth,2026-06-30T13:44:50.083651,Q73_V009,Q_0814,1,1,0,1,1,0,168,1,0,0,2,41.0,6869.08,123849595392,30098446848,2,0,1,0,0,1,1,7,20,20.0,Limit,0,10.234
DESKTOP-KQF03T0,Jashvanth,2026-06-30T13:44:55.115766,Q73_V009,Q_0814,2,1,0,1,1,0,168,1,0,0,2,44.2,6875.96,123857576448,30099806720,2,0,1,0,0,1,1,7,20,20.0,Limit,0,8.914
DESKTOP-KQF03T0,Jashvanth,2026-06-30T13:45:00.142809,Q73_V009,Q_0814,3,1,0,1,1,0,168,1,0,0,2,42.6,6902.34,123888268800,30100617728,2,0,1,0,0,1,1,7,20,20.0,Limit,0,5.096
DESKTOP-KQF03T0,Jashvanth,2026-06-30T14:06:31.275997,Q73_V010,Q_0815,1,1,0,1,1,0,197,2,0,0,2,72.6,7069.88,129353816064,31067271680,2,0,1,0,0,1,1,6,667,397.0,Sort,0,7.389
DESKTOP-KQF03T0,Jashvanth,2026-06-30T14:06:36.321571,Q73_V010,Q_0815,2,1,0,1,1,0,197,2,0,0,2,71.3,7149.37,129382740992,31067554304,2,0,1,0,0,1,1,6,667,397.0,Sort,0,12.686
DESKTOP-KQF03T0,Jashvanth,2026-06-30T14:06:41.364290,Q73_V010,Q_0815,3,1,0,1,1,0,197,2,0,0,2,100.0,7389.38,129387295744,31067795968,2,0,1,0,0,1,1,6,667,397.0,Sort,0,11.92
DESKTOP-KQF03T0,Jashvanth,2026-06-30T14:06:46.403232,Q73_V011,Q_0816,1,1,0,1,1,0,172,1,0,0,2,100.0,7415.0,129389979136,31068283392,2,0,1,0,0,1,1,7,20,20.0,Limit,0,8.979
DESKTOP-KQF03T0,Jashvanth,2026-06-30T14:06:51.444159,Q73_V011,Q_0816,2,1,0,1,1,0,172,1,0,0,2,100.0,7469.24,129392088576,31068856832,2,0,1,0,0,1,1,7,20,20.0,Limit,0,10.845
DESKTOP-KQF03T0,Jashvanth,2026-06-30T14:06:56.482141,Q73_V011,Q_0816,3,1,0,1,1,0,172,1,0,0,2,100.0,7422.61,129393157632,31069602304,2,0,1,0,0,1,1,7,20,20.0,Limit,0,8.754
DESKTOP-KQF03T0,Jashvanth,2026-06-30T14:07:01.529085,Q74_V001,Q_0817,1,2,0,1,1,0,182,1,0,0,3,97.8,7445.51,129395561984,31069630976,3,0,2,0,0,1,1,9,170,25.0,Sort,0,11.824
DESKTOP-KQF03T0,Jashvanth,2026-06-30T14:07:06.569278,Q74_V001,Q_0817,2,2,0,1,1,0,182,1,0,0,3,99.8,7450.34,129395926528,31071805952,3,0,2,0,0,1,1,9,170,25.0,Sort,0,10.872
DESKTOP-KQF03T0,Jashvanth,2026-06-30T14:07:11.612277,Q74_V001,Q_0817,3,2,0,1,1,0,182,1,0,0,3,66.3,7378.01,129397085696,31072428544,3,0,2,0,0,1,1,9,170,25.0,Sort,0,13.778
DESKTOP-KQF03T0,Jashvanth,2026-06-30T14:07:16.649618,Q74_V002,Q_0818,1,2,0,1,1,0,181,1,0,0,3,97.2,7430.96,129398621696,31072887296,3,0,2,0,0,1,1,9,170,25.0,Sort,0,10.548
DESKTOP-KQF03T0,Jashvanth,2026-06-30T14:07:21.679093,Q74_V002,Q_0818,2,2,0,1,1,0,181,1,0,0,3,50.7,7389.34,129399240704,31074390528,3,0,2,0,0,1,1,9,170,25.0,Sort,0,5.487
DESKTOP-KQF03T0,Jashvanth,2026-06-30T14:07:26.705996,Q74_V002,Q_0818,3,2,0,1,1,0,181,1,0,0,3,36.2,7306.97,129399851008,31075086848,3,0,2,0,0,1,1,9,170,25.0,Sort,0,7.896
DESKTOP-KQF03T0,Jashvanth,2026-06-30T14:07:31.745625,Q74_V003,Q_0819,1,2,0,1,1,0,186,1,0,0,3,36.7,7283.89,129401144320,31075967488,3,0,2,0,0,1,1,9,170,25.0,Sort,0,11.854
DESKTOP-KQF03T0,Jashvanth,2026-06-30T14:07:36.794112,Q74_V003,Q_0819,2,2,0,1,1,0,186,1,0,0,3,42.1,7167.98,129406722048,31076991488,3,0,2,0,0,1,1,9,170,25.0,Sort,0,8.663
DESKTOP-KQF03T0,Jashvanth,2026-06-30T14:07:41.842548,Q74_V003,Q_0819,3,2,0,1,1,0,186,1,0,0,3,49.2,7177.13,129409334784,31077761536,3,0,2,0,0,1,1,9,170,25.0,Sort,0,14.147
DESKTOP-KQF03T0,Jashvanth,2026-06-30T14:07:46.879315,Q74_V004,Q_0820,1,2,1,1,1,0,221,1,0,0,3,59.5,6915.01,129411026432,31145927168,3,0,2,0,0,1,1,9,170,25.0,Sort,0,8.055
DESKTOP-KQF03T0,Jashvanth,2026-06-30T14:07:51.907299,Q74_V004,Q_0820,2,2,1,1,1,0,221,1,0,0,3,28.7,6819.57,129411776000,31146508800,3,0,2,0,0,1,1,9,170,25.0,Sort,0,4.13
DESKTOP-KQF03T0,Jashvanth,2026-06-30T14:07:56.935768,Q74_V004,Q_0820,3,2,1,1,1,0,221,1,0,0,3,32.4,6820.35,129412627968,31148823040,3,0,2,0,0,1,1,9,170,25.0,Sort,0,3.609
DESKTOP-KQF03T0,Jashvanth,2026-06-30T14:08:01.973128,Q74_V005,Q_0821,1,2,0,1,1,0,178,1,0,0,3,23.3,6843.82,129414237696,31149089280,3,0,2,0,0,1,1,9,170,25.0,Sort,0,7.316
DESKTOP-KQF03T0,Jashvanth,2026-06-30T14:08:07.011439,Q74_V005,Q_0821,2,2,0,1,1,0,178,1,0,0,3,25.8,6885.8,129438878720,31150495744,3,0,2,0,0,1,1,9,170,25.0,Sort,0,10.409
DESKTOP-KQF03T0,Jashvanth,2026-06-30T14:08:12.043836,Q74_V005,Q_0821,3,2,0,1,1,0,178,1,0,0,3,28.8,6958.05,129447488512,31152723968,3,0,2,0,0,1,1,9,170,25.0,Sort,0,7.949
DESKTOP-KQF03T0,Jashvanth,2026-06-30T14:08:17.079993,Q74_V006,Q_0822,1,1,0,1,1,0,159,1,1,0,2,34.9,7010.25,129470855680,31177893888,2,0,1,0,0,2,1,7,170,25.0,Sort,0,6.608
DESKTOP-KQF03T0,Jashvanth,2026-06-30T14:08:22.105633,Q74_V006,Q_0822,2,1,0,1,1,0,159,1,1,0,2,36.7,6968.88,129475986432,31180556288,2,0,1,0,0,2,1,7,170,25.0,Sort,0,5.73
DESKTOP-KQF03T0,Jashvanth,2026-06-30T14:08:27.135385,Q74_V006,Q_0822,3,1,0,1,1,0,159,1,1,0,2,23.7,6948.66,129476793344,31181424640,2,0,1,0,0,2,1,7,170,25.0,Sort,0,6.217
DESKTOP-KQF03T0,Jashvanth,2026-06-30T14:08:32.162722,Q74_V007,Q_0823,1,2,1,1,1,0,208,1,0,0,3,28.4,6935.08,129499379200,31182175744,3,0,2,0,0,1,1,9,170,25.0,Sort,0,3.593
DESKTOP-KQF03T0,Jashvanth,2026-06-30T14:08:37.202314,Q74_V007,Q_0823,2,2,1,1,1,0,208,1,0,0,3,22.7,6953.09,129526271488,31182802432,3,0,2,0,0,1,1,9,170,25.0,Sort,0,2.502
DESKTOP-KQF03T0,Jashvanth,2026-06-30T14:08:42.240977,Q74_V007,Q_0823,3,2,1,1,1,0,208,1,0,0,3,40.8,6960.65,129526631936,31183158784,3,0,2,0,0,1,1,9,170,25.0,Sort,0,4.611
DESKTOP-KQF03T0,Jashvanth,2026-06-30T14:08:47.313923,Q74_V008,Q_0824,1,2,0,1,1,0,214,2,0,0,3,52.3,6873.12,129528622080,31229076480,3,0,2,0,0,1,1,9,57,0.0,Sort,0,19.925
DESKTOP-KQF03T0,Jashvanth,2026-06-30T14:08:52.345697,Q74_V008,Q_0824,2,2,0,1,1,0,214,2,0,0,3,26.5,6891.66,129554066432,31261152256,3,0,2,0,0,1,1,9,57,0.0,Sort,0,6.734
DESKTOP-KQF03T0,Jashvanth,2026-06-30T14:08:57.414628,Q74_V008,Q_0824,3,2,0,1,1,0,214,2,0,0,3,37.1,7007.85,129555874816,31261914112,3,0,2,0,0,1,1,9,57,0.0,Sort,0,14.87
DESKTOP-KQF03T0,Jashvanth,2026-06-30T14:09:02.457913,Q74_V009,Q_0825,1,2,0,1,1,0,178,1,0,0,3,22.7,7020.02,129556874240,31262278656,3,0,2,0,0,1,1,9,170,25.0,Sort,0,13.318
DESKTOP-KQF03T0,Jashvanth,2026-06-30T14:09:07.495244,Q74_V009,Q_0825,2,2,0,1,1,0,178,1,0,0,3,21.3,7014.08,129557197824,31262999552,3,0,2,0,0,1,1,9,170,25.0,Sort,0,10.558
DESKTOP-KQF03T0,Jashvanth,2026-06-30T14:09:12.523364,Q74_V009,Q_0825,3,2,0,1,1,0,178,1,0,0,3,32.6,6991.51,129557709824,31263560704,3,0,2,0,0,1,1,9,170,25.0,Sort,0,6.751
DESKTOP-KQF03T0,Jashvanth,2026-06-30T14:09:17.576968,Q74_V010,Q_0826,1,2,0,1,1,0,172,1,0,0,3,24.9,7016.5,129558144000,31264228352,3,0,2,0,0,1,1,9,170,25.0,Sort,0,6.288
DESKTOP-KQF03T0,Jashvanth,2026-06-30T14:09:22.607155,Q74_V010,Q_0826,2,2,0,1,1,0,172,1,0,0,3,43.7,7009.79,129558631424,31264642048,3,0,2,0,0,1,1,9,170,25.0,Sort,0,6.577
DESKTOP-KQF03T0,Jashvanth,2026-06-30T14:09:27.653751,Q74_V010,Q_0826,3,2,0,1,1,0,172,1,0,0,3,25.3,6932.46,129558758400,31265178624,3,0,2,0,0,1,1,9,170,25.0,Sort,0,8.939
DESKTOP-KQF03T0,Jashvanth,2026-06-30T14:09:32.686026,Q74_V011,Q_0827,1,2,0,1,1,0,229,2,0,0,3,25.3,6925.76,129559692288,31266636800,3,0,2,0,0,1,1,10,10,10.0,Limit,0,7.338
DESKTOP-KQF03T0,Jashvanth,2026-06-30T14:09:37.723050,Q74_V011,Q_0827,2,2,0,1,1,0,229,2,0,0,3,30.3,6921.98,129559778304,31266915328,3,0,2,0,0,1,1,10,10,10.0,Limit,0,9.37
DESKTOP-KQF03T0,Jashvanth,2026-06-30T14:09:42.755556,Q74_V011,Q_0827,3,2,0,1,1,0,229,2,0,0,3,21.2,6935.16,129559860224,31268254720,3,0,2,0,0,1,1,10,10,10.0,Limit,0,5.877
DESKTOP-KQF03T0,Jashvanth,2026-06-30T14:09:47.789412,Q75_V001,Q_0828,1,1,0,1,1,0,187,2,0,0,2,27.5,6927.59,129559942144,31268631552,2,0,1,0,0,1,1,6,5,5.0,Sort,0,4.174
DESKTOP-KQF03T0,Jashvanth,2026-06-30T14:09:52.825793,Q75_V001,Q_0828,2,1,0,1,1,0,187,2,0,0,2,37.1,6938.07,129560073216,31268918272,2,0,1,0,0,1,1,6,5,5.0,Sort,0,6.568
DESKTOP-KQF03T0,Jashvanth,2026-06-30T14:09:57.864006,Q75_V001,Q_0828,3,1,0,1,1,0,187,2,0,0,2,42.1,6947.53,129560212480,31269508096,2,0,1,0,0,1,1,6,5,5.0,Sort,0,6.726
DESKTOP-KQF03T0,Jashvanth,2026-06-30T14:10:02.891808,Q75_V002,Q_0829,1,1,0,1,1,0,184,2,0,0,2,38.4,6945.39,129561614848,31270016000,2,0,1,0,0,1,1,6,5,5.0,Sort,0,3.513
DESKTOP-KQF03T0,Jashvanth,2026-06-30T14:10:07.917176,Q75_V002,Q_0829,2,1,0,1,1,0,184,2,0,0,2,20.7,6962.84,129565116928,31270478848,2,0,1,0,0,1,1,6,5,5.0,Sort,0,5.671
DESKTOP-KQF03T0,Jashvanth,2026-06-30T14:10:12.942903,Q75_V002,Q_0829,3,1,0,1,1,0,184,2,0,0,2,32.9,6951.62,129569204736,31271027712,2,0,1,0,0,1,1,6,5,5.0,Sort,0,4.547
DESKTOP-KQF03T0,Jashvanth,2026-06-30T14:10:17.971355,Q75_V003,Q_0830,1,1,0,1,1,0,157,1,0,0,2,28.8,6950.57,129569585664,31271965696,2,0,1,0,0,1,1,6,5,5.0,Sort,0,3.759
DESKTOP-KQF03T0,Jashvanth,2026-06-30T14:10:23.001376,Q75_V003,Q_0830,2,1,0,1,1,0,157,1,0,0,2,21.5,6958.09,129569929728,31272608768,2,0,1,0,0,1,1,6,5,5.0,Sort,0,3.355
DESKTOP-KQF03T0,Jashvanth,2026-06-30T14:10:28.031399,Q75_V003,Q_0830,3,1,0,1,1,0,157,1,0,0,2,29.6,6951.84,129570191872,31273331200,2,0,1,0,0,1,1,6,5,5.0,Sort,0,4.987
DESKTOP-KQF03T0,Jashvanth,2026-06-30T14:10:33.064420,Q75_V004,Q_0831,1,1,1,1,1,0,226,2,0,0,2,26.5,6957.4,129570507264,31274126336,2,0,1,0,0,1,1,6,5,5.0,Sort,0,7.167
DESKTOP-KQF03T0,Jashvanth,2026-06-30T14:10:38.101507,Q75_V004,Q_0831,2,1,1,1,1,0,226,2,0,0,2,18.9,6965.58,129570597376,31274470400,2,0,1,0,0,1,1,6,5,5.0,Sort,0,8.363
DESKTOP-KQF03T0,Jashvanth,2026-06-30T14:10:43.128333,Q75_V004,Q_0831,3,1,1,1,1,0,226,2,0,0,2,25.6,6962.29,129570888192,31275977728,2,0,1,0,0,1,1,6,5,5.0,Sort,0,2.574
DESKTOP-KQF03T0,Jashvanth,2026-06-30T14:10:48.164793,Q75_V005,Q_0832,1,1,0,1,1,0,179,2,0,0,2,35.5,6950.74,129571240448,31276583936,2,0,1,0,0,1,1,6,5,5.0,Sort,0,7.336
DESKTOP-KQF03T0,Jashvanth,2026-06-30T14:10:53.234455,Q75_V005,Q_0832,2,1,0,1,1,0,179,2,0,0,2,24.7,6952.38,129571281408,31277026304,2,0,1,0,0,1,1,6,5,5.0,Sort,0,12.637
DESKTOP-KQF03T0,Jashvanth,2026-06-30T14:10:58.270092,Q75_V005,Q_0832,3,1,0,1,1,0,179,2,0,0,2,41.2,6957.98,129571371520,31277440000,2,0,1,0,0,1,1,6,5,5.0,Sort,0,7.56
DESKTOP-KQF03T0,Jashvanth,2026-06-30T14:11:03.303729,Q75_V006,Q_0833,1,1,0,1,1,0,171,1,1,0,2,39.4,6956.46,129571867136,31278021632,1,1,1,0,0,2,1,7,5,5.0,Sort,0,12.376
DESKTOP-KQF03T0,Jashvanth,2026-06-30T14:11:08.337000,Q75_V006,Q_0833,2,1,0,1,1,0,171,1,1,0,2,27.2,6987.04,129572162048,31278611456,1,1,1,0,0,2,1,7,5,5.0,Sort,0,10.29
DESKTOP-KQF03T0,Jashvanth,2026-06-30T14:11:13.370910,Q75_V006,Q_0833,3,1,0,1,1,0,171,1,1,0,2,26.0,6979.19,129572276736,31278861312,1,1,1,0,0,2,1,7,5,5.0,Sort,0,12.294
DESKTOP-KQF03T0,Jashvanth,2026-06-30T14:11:18.398480,Q75_V007,Q_0834,1,1,1,1,1,0,187,1,0,0,2,23.8,7013.28,129584007680,31279434752,2,0,1,0,0,1,1,6,5,5.0,Sort,0,2.181
DESKTOP-KQF03T0,Jashvanth,2026-06-30T14:11:23.424077,Q75_V007,Q_0834,2,1,1,1,1,0,187,1,0,0,2,24.2,6979.77,129721786368,31280098304,2,0,1,0,0,1,1,6,5,5.0,Sort,0,3.189
DESKTOP-KQF03T0,Jashvanth,2026-06-30T14:11:28.445271,Q75_V007,Q_0834,3,1,1,1,1,0,187,1,0,0,2,29.8,6883.93,129724420608,31280585728,2,0,1,0,0,1,1,6,5,5.0,Sort,0,1.815
DESKTOP-KQF03T0,Jashvanth,2026-06-30T14:16:15.682983,Q75_V008,Q_0835,1,1,0,1,1,0,211,3,0,0,2,79.5,7184.57,129852278784,31431333888,2,0,1,0,0,1,1,6,2,0.0,Sort,0,11.363
DESKTOP-KQF03T0,Jashvanth,2026-06-30T14:16:20.729527,Q75_V008,Q_0835,2,1,0,1,1,0,211,3,0,0,2,97.9,7587.05,129856196096,31431907328,2,0,1,0,0,1,1,6,2,0.0,Sort,0,8.846
DESKTOP-KQF03T0,Jashvanth,2026-06-30T14:16:25.758302,Q75_V008,Q_0835,3,1,0,1,1,0,211,3,0,0,2,67.4,7460.45,129869313536,31439476736,2,0,1,0,0,1,1,6,2,0.0,Sort,0,5.54
DESKTOP-KQF03T0,Jashvanth,2026-06-30T14:16:30.804303,Q75_V009,Q_0836,1,1,0,1,1,0,153,1,0,0,2,50.4,7384.13,129872987648,31441782784,2,0,1,0,0,1,1,6,5,5.0,Sort,0,12.501
DESKTOP-KQF03T0,Jashvanth,2026-06-30T14:16:35.836961,Q75_V009,Q_0836,2,1,0,1,1,0,153,1,0,0,2,45.8,7328.88,129890842112,31443470336,2,0,1,0,0,1,1,6,5,5.0,Sort,0,6.657
DESKTOP-KQF03T0,Jashvanth,2026-06-30T14:16:40.863318,Q75_V009,Q_0836,3,1,0,1,1,0,153,1,0,0,2,47.3,7326.52,129892410880,31443720192,2,0,1,0,0,1,1,6,5,5.0,Sort,0,4.311
DESKTOP-KQF03T0,Jashvanth,2026-06-30T14:16:45.892091,Q75_V010,Q_0837,1,1,0,1,1,0,197,2,0,0,2,43.1,7345.98,129893111296,31443941376,2,0,1,0,0,1,1,6,5,5.0,Sort,0,5.62
DESKTOP-KQF03T0,Jashvanth,2026-06-30T14:16:50.927706,Q75_V010,Q_0837,2,1,0,1,1,0,197,2,0,0,2,48.3,7371.81,129909193216,31444420608,2,0,1,0,0,1,1,6,5,5.0,Sort,0,6.062
DESKTOP-KQF03T0,Jashvanth,2026-06-30T14:16:55.959759,Q75_V010,Q_0837,3,1,0,1,1,0,197,2,0,0,2,36.1,7359.2,129909262848,31444748288,2,0,1,0,0,1,1,6,5,5.0,Sort,0,6.144
DESKTOP-KQF03T0,Jashvanth,2026-06-30T14:17:01.005220,Q75_V011,Q_0838,1,1,0,1,1,0,146,1,0,0,2,37.0,7380.71,129910544896,31445264384,1,1,1,0,0,1,1,6,5,5.0,Sort,0,6.017
DESKTOP-KQF03T0,Jashvanth,2026-06-30T14:17:06.031369,Q75_V011,Q_0838,2,1,0,1,1,0,146,1,0,0,2,37.8,6961.91,129910827520,31445903360,1,1,1,0,0,1,1,6,5,5.0,Sort,0,2.767
DESKTOP-KQF03T0,Jashvanth,2026-06-30T14:17:11.064172,Q75_V011,Q_0838,3,1,0,1,1,0,146,1,0,0,2,23.4,6982.64,129911413248,31446272000,1,1,1,0,0,1,1,6,5,5.0,Sort,0,4.479
DESKTOP-KQF03T0,Jashvanth,2026-06-30T14:17:16.103386,Q76_V001,Q_0839,1,1,0,1,1,0,159,1,0,0,2,26.5,7005.09,129912478208,31446493184,2,0,1,0,0,1,1,7,20,20.0,Limit,0,4.715
DESKTOP-KQF03T0,Jashvanth,2026-06-30T14:17:21.141558,Q76_V001,Q_0839,2,1,0,1,1,0,159,1,0,0,2,26.3,6947.43,129913027072,31447316480,2,0,1,0,0,1,1,7,20,20.0,Limit,0,4.57
DESKTOP-KQF03T0,Jashvanth,2026-06-30T14:17:26.166367,Q76_V001,Q_0839,3,1,0,1,1,0,159,1,0,0,2,20.7,6991.72,129914845696,31449720832,2,0,1,0,0,1,1,7,20,20.0,Limit,0,4.053
DESKTOP-KQF03T0,Jashvanth,2026-06-30T14:17:31.197489,Q76_V002,Q_0840,1,1,0,1,1,0,158,1,0,0,2,39.6,6980.5,129919018496,31451101184,2,0,1,0,0,1,1,7,20,20.0,Limit,0,5.794
DESKTOP-KQF03T0,Jashvanth,2026-06-30T14:17:36.266651,Q76_V002,Q_0840,2,1,0,1,1,0,158,1,0,0,2,40.8,7016.33,129920136704,31451527168,2,0,1,0,0,1,1,7,20,20.0,Limit,0,8.832
DESKTOP-KQF03T0,Jashvanth,2026-06-30T14:17:41.298723,Q76_V002,Q_0840,3,1,0,1,1,0,158,1,0,0,2,37.4,7017.65,129922780160,31451777024,2,0,1,0,0,1,1,7,20,20.0,Limit,0,3.891
DESKTOP-KQF03T0,Jashvanth,2026-06-30T14:17:46.321517,Q76_V003,Q_0841,1,1,0,1,1,0,159,1,0,0,2,27.3,7029.03,129923341312,31452043264,2,0,1,0,0,1,1,7,10,10.0,Limit,0,3.926
DESKTOP-KQF03T0,Jashvanth,2026-06-30T14:17:51.360912,Q76_V003,Q_0841,2,1,0,1,1,0,159,1,0,0,2,35.9,6904.24,129923824640,31511603200,2,0,1,0,0,1,1,7,10,10.0,Limit,0,4.899
DESKTOP-KQF03T0,Jashvanth,2026-06-30T14:17:56.385953,Q76_V003,Q_0841,3,1,0,1,1,0,159,1,0,0,2,23.3,6915.12,129924054016,31512918016,2,0,1,0,0,1,1,7,10,10.0,Limit,0,3.35
DESKTOP-KQF03T0,Jashvanth,2026-06-30T14:18:01.413312,Q76_V004,Q_0842,1,1,0,1,1,0,148,1,0,0,2,28.8,6912.21,129926430208,31513430016,2,0,1,0,0,1,1,7,20,20.0,Limit,0,4.841
DESKTOP-KQF03T0,Jashvanth,2026-06-30T14:18:06.440898,Q76_V004,Q_0842,2,1,0,1,1,0,148,1,0,0,2,23.7,6937.82,129927024128,31514537984,2,0,1,0,0,1,1,7,20,20.0,Limit,0,4.65
DESKTOP-KQF03T0,Jashvanth,2026-06-30T14:18:11.471060,Q76_V004,Q_0842,3,1,0,1,1,0,148,1,0,0,2,20.7,6958.44,129927804416,31515414528,2,0,1,0,0,1,1,7,20,20.0,Limit,0,2.223
DESKTOP-KQF03T0,Jashvanth,2026-06-30T14:18:16.503872,Q76_V005,Q_0843,1,1,1,1,1,0,185,1,0,0,2,28.8,6958.05,129928222208,31515824128,2,0,1,0,0,1,1,7,20,20.0,Limit,0,0.963
DESKTOP-KQF03T0,Jashvanth,2026-06-30T14:18:21.535262,Q76_V005,Q_0843,2,1,1,1,1,0,185,1,0,0,2,15.9,6954.04,129928455680,31516241920,2,0,1,0,0,1,1,7,20,20.0,Limit,0,2.384
DESKTOP-KQF03T0,Jashvanth,2026-06-30T14:18:26.565441,Q76_V005,Q_0843,3,1,1,1,1,0,185,1,0,0,2,35.9,6924.3,129928692224,31516999680,2,0,1,0,0,1,1,7,20,20.0,Limit,0,2.688
DESKTOP-KQF03T0,Jashvanth,2026-06-30T14:18:31.596381,Q76_V006,Q_0844,1,1,0,1,1,0,191,2,0,0,2,22.8,6821.13,129929085440,31517462528,2,0,1,0,0,1,1,7,20,20.0,Limit,0,3.369
DESKTOP-KQF03T0,Jashvanth,2026-06-30T14:18:36.619435,Q76_V006,Q_0844,2,1,0,1,1,0,191,2,0,0,2,37.2,6798.63,129929937408,31517806592,2,0,1,0,0,1,1,7,20,20.0,Limit,0,3.344
DESKTOP-KQF03T0,Jashvanth,2026-06-30T14:18:41.660894,Q76_V006,Q_0844,3,1,0,1,1,0,191,2,0,0,2,41.7,6803.61,129930240512,31518240768,2,0,1,0,0,1,1,7,20,20.0,Limit,0,5.116
DESKTOP-KQF03T0,Jashvanth,2026-06-30T14:18:46.696097,Q76_V007,Q_0845,1,1,0,1,1,0,160,1,0,0,2,35.4,6835.27,129933526528,31519382016,2,0,1,0,0,1,1,6,25,25.0,Sort,0,4.46
DESKTOP-KQF03T0,Jashvanth,2026-06-30T14:18:51.732525,Q76_V007,Q_0845,2,1,0,1,1,0,160,1,0,0,2,25.6,6841.98,129934091776,31519787520,2,0,1,0,0,1,1,6,25,25.0,Sort,0,5.486
DESKTOP-KQF03T0,Jashvanth,2026-06-30T14:18:56.763423,Q76_V007,Q_0845,3,1,0,1,1,0,160,1,0,0,2,19.6,6860.41,129934394880,31520508416,2,0,1,0,0,1,1,6,25,25.0,Sort,0,5.189
DESKTOP-KQF03T0,Jashvanth,2026-06-30T14:19:01.789354,Q76_V008,Q_0846,1,1,0,1,1,0,190,2,0,0,2,30.9,6723.25,129935202816,31520971264,2,0,1,0,0,1,1,7,20,0.0,Limit,0,2.869
DESKTOP-KQF03T0,Jashvanth,2026-06-30T14:19:06.816101,Q76_V008,Q_0846,2,1,0,1,1,0,190,2,0,0,2,27.5,6739.89,129935346176,31521417728,2,0,1,0,0,1,1,7,20,0.0,Limit,0,5.963
DESKTOP-KQF03T0,Jashvanth,2026-06-30T14:19:11.839882,Q76_V008,Q_0846,3,1,0,1,1,0,190,2,0,0,2,28.2,6717.88,129935661568,31521839616,2,0,1,0,0,1,1,7,20,0.0,Limit,0,3.565
DESKTOP-KQF03T0,Jashvanth,2026-06-30T14:19:16.875252,Q76_V009,Q_0847,1,1,0,1,1,0,170,1,0,0,2,22.1,6728.26,129935915520,31522540032,2,0,1,0,0,1,1,7,20,20.0,Limit,0,5.407
DESKTOP-KQF03T0,Jashvanth,2026-06-30T14:19:21.906296,Q76_V009,Q_0847,2,1,0,1,1,0,170,1,0,0,2,32.0,6761.81,129936144896,31522994688,2,0,1,0,0,1,1,7,20,20.0,Limit,0,3.265
DESKTOP-KQF03T0,Jashvanth,2026-06-30T14:19:26.935420,Q76_V009,Q_0847,3,1,0,1,1,0,170,1,0,0,2,25.4,6781.13,129939459584,31523633664,2,0,1,0,0,1,1,7,20,20.0,Limit,0,3.075
DESKTOP-KQF03T0,Jashvanth,2026-06-30T14:19:31.990109,Q76_V010,Q_0848,1,1,0,1,1,0,148,1,0,0,2,34.3,6767.88,129939746304,31524305408,2,0,1,0,0,1,1,7,20,20.0,Limit,0,7.295
DESKTOP-KQF03T0,Jashvanth,2026-06-30T14:19:37.015456,Q76_V010,Q_0848,2,1,0,1,1,0,148,1,0,0,2,28.7,6783.0,129939865088,31524624896,2,0,1,0,0,1,1,7,20,20.0,Limit,0,3.544
DESKTOP-KQF03T0,Jashvanth,2026-06-30T14:19:42.045027,Q76_V010,Q_0848,3,1,0,1,1,0,148,1,0,0,2,35.1,6774.48,129940979712,31525128704,2,0,1,0,0,1,1,7,20,20.0,Limit,0,4.132
DESKTOP-KQF03T0,Jashvanth,2026-06-30T14:19:47.072283,Q76_V011,Q_0849,1,1,1,1,1,0,184,1,0,0,2,34.9,6777.13,129941028864,31525558784,2,0,1,0,0,1,1,7,20,20.0,Limit,0,3.734
DESKTOP-KQF03T0,Jashvanth,2026-06-30T14:19:52.101728,Q76_V011,Q_0849,2,1,1,1,1,0,184,1,0,0,2,36.2,6787.33,129941331968,31526218240,2,0,1,0,0,1,1,7,20,20.0,Limit,0,1.403
DESKTOP-KQF03T0,Jashvanth,2026-06-30T14:19:57.127620,Q76_V011,Q_0849,3,1,1,1,1,0,184,1,0,0,2,18.2,6778.25,129941348352,31526996480,2,0,1,0,0,1,1,7,20,20.0,Limit,0,1.499
DESKTOP-KQF03T0,Jashvanth,2026-06-30T14:20:02.165847,Q77_V001,Q_0850,1,2,0,1,1,0,214,1,0,0,3,21.4,6763.64,129942096896,31528425984,3,0,2,0,0,1,1,9,170,25.0,Sort,0,8.025
DESKTOP-KQF03T0,Jashvanth,2026-06-30T14:20:07.194410,Q77_V001,Q_0850,2,2,0,1,1,0,214,1,0,0,3,27.1,6777.98,129942428672,31528999424,3,0,2,0,0,1,1,9,170,25.0,Sort,0,4.308
DESKTOP-KQF03T0,Jashvanth,2026-06-30T14:20:12.227144,Q77_V001,Q_0850,3,2,0,1,1,0,214,1,0,0,3,26.0,6799.68,129942879232,31529658880,3,0,2,0,0,1,1,9,170,25.0,Sort,0,9.721
DESKTOP-KQF03T0,Jashvanth,2026-06-30T14:20:17.261332,Q77_V002,Q_0851,1,2,0,1,1,0,213,1,0,0,3,26.0,6799.12,129943202816,31530076672,3,0,2,0,0,1,1,9,170,25.0,Sort,0,6.012
DESKTOP-KQF03T0,Jashvanth,2026-06-30T14:20:22.318565,Q77_V002,Q_0851,2,2,0,1,1,0,213,1,0,0,3,24.4,6789.81,129943489536,31530588672,3,0,2,0,0,1,1,9,170,25.0,Sort,0,7.571
DESKTOP-KQF03T0,Jashvanth,2026-06-30T14:20:27.352159,Q77_V002,Q_0851,3,2,0,1,1,0,213,1,0,0,3,32.2,6700.94,129944889344,31531342336,3,0,2,0,0,1,1,9,170,25.0,Sort,0,3.529
DESKTOP-KQF03T0,Jashvanth,2026-06-30T14:20:32.379754,Q77_V003,Q_0852,1,2,0,1,1,0,180,1,0,0,3,30.1,6675.42,129945352192,31531870208,3,0,2,0,0,1,1,9,170,25.0,Sort,0,4.097
DESKTOP-KQF03T0,Jashvanth,2026-06-30T14:20:37.412365,Q77_V003,Q_0852,2,2,0,1,1,0,180,1,0,0,3,30.3,6671.94,129945475072,31532668928,3,0,2,0,0,1,1,9,170,25.0,Sort,0,6.792
DESKTOP-KQF03T0,Jashvanth,2026-06-30T14:20:42.465636,Q77_V003,Q_0852,3,2,0,1,1,0,180,1,0,0,3,28.8,6681.85,129945614336,31532980224,3,0,2,0,0,1,1,9,170,25.0,Sort,0,9.91
DESKTOP-KQF03T0,Jashvanth,2026-06-30T14:20:47.494423,Q77_V004,Q_0853,1,2,0,1,1,0,180,1,0,0,3,42.2,6648.3,129945790464,31533373440,3,0,2,0,0,1,1,9,170,25.0,Sort,0,2.92
DESKTOP-KQF03T0,Jashvanth,2026-06-30T14:20:52.534278,Q77_V004,Q_0853,2,2,0,1,1,0,180,1,0,0,3,38.1,6685.12,129970247680,31534725120,3,0,2,0,0,1,1,9,170,25.0,Sort,0,6.654
DESKTOP-KQF03T0,Jashvanth,2026-06-30T14:20:57.562702,Q77_V004,Q_0853,3,2,0,1,1,0,180,1,0,0,3,37.5,6695.04,129970341888,31535646720,3,0,2,0,0,1,1,9,170,25.0,Sort,0,5.004
DESKTOP-KQF03T0,Jashvanth,2026-06-30T14:21:02.592761,Q77_V005,Q_0854,1,2,0,1,1,0,183,1,0,0,3,24.3,6710.28,129970534400,31536097280,3,0,2,0,0,1,1,9,170,25.0,Sort,0,3.599
DESKTOP-KQF03T0,Jashvanth,2026-06-30T14:21:07.628355,Q77_V005,Q_0854,2,2,0,1,1,0,183,1,0,0,3,37.0,6715.04,129973530112,31537477632,3,0,2,0,0,1,1,9,170,25.0,Sort,0,8.04
DESKTOP-KQF03T0,Jashvanth,2026-06-30T14:21:12.668484,Q77_V005,Q_0854,3,2,0,1,1,0,183,1,0,0,3,75.5,7057.08,130089178624,31538952192,3,0,2,0,0,1,1,9,170,25.0,Sort,0,7.275
DESKTOP-KQF03T0,Jashvanth,2026-06-30T14:21:17.714702,Q77_V006,Q_0855,1,2,1,1,1,0,240,1,0,0,3,38.7,6852.73,130089836544,31572793344,3,0,2,0,0,1,1,9,170,25.0,Sort,0,2.112
DESKTOP-KQF03T0,Jashvanth,2026-06-30T14:21:22.741222,Q77_V006,Q_0855,2,2,1,1,1,0,240,1,0,0,3,27.2,6849.36,130416707584,31573239808,3,0,2,0,0,1,1,9,170,25.0,Sort,0,4.065
DESKTOP-KQF03T0,Jashvanth,2026-06-30T14:21:27.779472,Q77_V006,Q_0855,3,2,1,1,1,0,240,1,0,0,3,26.2,6840.69,130419122176,31574812672,3,0,2,0,0,1,1,9,170,25.0,Sort,0,2.288
DESKTOP-KQF03T0,Jashvanth,2026-06-30T14:21:32.805678,Q77_V007,Q_0856,1,2,0,1,1,0,180,1,0,0,3,22.0,6848.11,130420346880,31576893440,3,0,2,0,0,1,1,9,170,25.0,Sort,0,5.076
DESKTOP-KQF03T0,Jashvanth,2026-06-30T14:21:37.831277,Q77_V007,Q_0856,2,2,0,1,1,0,180,1,0,0,3,26.9,6859.8,130421006336,31577307136,3,0,2,0,0,1,1,9,170,25.0,Sort,0,4.552
DESKTOP-KQF03T0,Jashvanth,2026-06-30T14:21:42.857938,Q77_V007,Q_0856,3,2,0,1,1,0,180,1,0,0,3,20.3,6876.1,130421219328,31577737216,3,0,2,0,0,1,1,9,170,25.0,Sort,0,5.429
DESKTOP-KQF03T0,Jashvanth,2026-06-30T14:21:47.891174,Q77_V008,Q_0857,1,2,0,1,1,0,264,2,0,0,3,32.9,6878.2,130421305344,31578114048,3,0,2,0,0,1,1,9,57,25.0,Sort,0,7.204
DESKTOP-KQF03T0,Jashvanth,2026-06-30T14:21:52.936112,Q77_V008,Q_0857,2,2,0,1,1,0,264,2,0,0,3,70.5,6899.19,130438662656,31604557824,3,0,2,0,0,1,1,9,57,25.0,Sort,0,10.778
DESKTOP-KQF03T0,Jashvanth,2026-06-30T14:21:57.975334,Q77_V008,Q_0857,3,2,0,1,1,0,264,2,0,0,3,100.0,7080.75,130440890880,31605266432,3,0,2,0,0,1,1,9,57,25.0,Sort,0,11.047
DESKTOP-KQF03T0,Jashvanth,2026-06-30T14:22:03.010063,Q77_V009,Q_0858,1,1,0,1,1,0,159,1,1,0,2,100.0,7125.33,130456383488,31617550336,2,0,1,0,0,2,1,7,170,25.0,Sort,0,2.484
DESKTOP-KQF03T0,Jashvanth,2026-06-30T14:22:08.050242,Q77_V009,Q_0858,2,1,0,1,1,0,159,1,1,0,2,100.0,7140.79,130471038464,31625771008,2,0,1,0,0,2,1,7,170,25.0,Sort,0,3.191
DESKTOP-KQF03T0,Jashvanth,2026-06-30T14:22:13.080343,Q77_V009,Q_0858,3,1,0,1,1,0,159,1,1,0,2,53.0,7089.69,130481415680,31683402752,2,0,1,0,0,2,1,7,170,25.0,Sort,0,1.107
DESKTOP-KQF03T0,Jashvanth,2026-06-30T14:22:18.140670,Q77_V010,Q_0859,1,2,0,1,1,0,197,1,0,0,3,44.3,7037.77,130482933248,31683795968,3,0,2,0,0,1,1,9,170,25.0,Sort,0,7.16
DESKTOP-KQF03T0,Jashvanth,2026-06-30T14:22:23.204555,Q77_V010,Q_0859,2,2,0,1,1,0,197,1,0,0,3,74.7,7110.46,130483832832,31693724672,3,0,2,0,0,1,1,9,170,25.0,Sort,0,11.491
DESKTOP-KQF03T0,Jashvanth,2026-06-30T14:22:28.242793,Q77_V010,Q_0859,3,2,0,1,1,0,197,1,0,0,3,55.3,7110.56,130484312064,31695412224,3,0,2,0,0,1,1,9,170,25.0,Sort,0,12.352
DESKTOP-KQF03T0,Jashvanth,2026-06-30T14:22:33.312685,Q77_V011,Q_0860,1,2,0,1,1,0,205,2,0,0,3,46.7,7075.42,130489202688,31699872768,3,0,2,0,0,1,1,9,170,25.0,Sort,0,6.881
DESKTOP-KQF03T0,Jashvanth,2026-06-30T14:22:38.361784,Q77_V011,Q_0860,2,2,0,1,1,0,205,2,0,0,3,56.6,7102.82,130490820608,31700687872,3,0,2,0,0,1,1,9,170,25.0,Sort,0,10.792
DESKTOP-KQF03T0,Jashvanth,2026-06-30T14:22:43.400047,Q77_V011,Q_0860,3,2,0,1,1,0,205,2,0,0,3,34.6,7103.92,130491996160,31701220352,3,0,2,0,0,1,1,9,170,25.0,Sort,0,5.767
DESKTOP-KQF03T0,Jashvanth,2026-06-30T14:22:48.467818,Q78_V001,Q_0861,1,1,0,1,1,0,193,2,0,0,2,43.4,7111.66,130496374784,31701752832,2,0,1,0,0,1,1,6,667,0.0,Sort,0,13.159
DESKTOP-KQF03T0,Jashvanth,2026-06-30T14:22:53.508238,Q78_V001,Q_0861,2,1,0,1,1,0,193,2,0,0,2,77.4,6946.47,130503682048,31768562688,2,0,1,0,0,1,1,6,667,0.0,Sort,0,8.193
DESKTOP-KQF03T0,Jashvanth,2026-06-30T14:22:58.540916,Q78_V001,Q_0861,3,1,0,1,1,0,193,2,0,0,2,81.3,6969.11,130505172992,31770614784,2,0,1,0,0,1,1,6,667,0.0,Sort,0,5.332
DESKTOP-KQF03T0,Jashvanth,2026-06-30T14:23:03.577226,Q78_V002,Q_0862,1,1,0,1,1,0,193,2,0,0,2,79.6,6905.86,130506614784,31770803200,2,0,1,0,0,1,1,6,667,0.0,Sort,0,7.785
DESKTOP-KQF03T0,Jashvanth,2026-06-30T14:23:08.628671,Q78_V002,Q_0862,2,1,0,1,1,0,193,2,0,0,2,79.3,6945.46,130507954176,31771732480,2,0,1,0,0,1,1,6,667,0.0,Sort,0,8.131
DESKTOP-KQF03T0,Jashvanth,2026-06-30T14:23:13.654333,Q78_V002,Q_0862,3,1,0,1,1,0,193,2,0,0,2,28.5,6942.42,130508449792,31771916800,2,0,1,0,0,1,1,6,667,0.0,Sort,0,2.977
DESKTOP-KQF03T0,Jashvanth,2026-06-30T14:23:18.687895,Q78_V003,Q_0863,1,1,0,1,1,0,193,2,0,0,2,28.8,6960.77,130515795968,31785363968,2,0,1,0,0,1,1,6,667,0.0,Sort,0,4.131
DESKTOP-KQF03T0,Jashvanth,2026-06-30T14:23:23.715505,Q78_V003,Q_0863,2,1,0,1,1,0,193,2,0,0,2,27.4,6848.59,130516410368,31785953792,2,0,1,0,0,1,1,6,667,0.0,Sort,0,5.883
DESKTOP-KQF03T0,Jashvanth,2026-06-30T14:23:28.738590,Q78_V003,Q_0863,3,1,0,1,1,0,193,2,0,0,2,21.5,6779.32,130516545536,31786568192,2,0,1,0,0,1,1,6,667,0.0,Sort,0,2.977
DESKTOP-KQF03T0,Jashvanth,2026-06-30T14:23:33.764842,Q78_V004,Q_0864,1,1,1,1,1,0,232,2,0,0,2,27.2,6744.36,130516893696,31786985984,2,0,1,0,0,1,1,6,667,0.0,Sort,0,2.628
DESKTOP-KQF03T0,Jashvanth,2026-06-30T14:23:38.794474,Q78_V004,Q_0864,2,1,1,1,1,0,232,2,0,0,2,33.5,6792.52,130565702656,31787395584,2,0,1,0,0,1,1,6,667,0.0,Sort,0,5.257
DESKTOP-KQF03T0,Jashvanth,2026-06-30T14:23:43.829029,Q78_V004,Q_0864,3,1,1,1,1,0,232,2,0,0,2,83.9,7117.57,130647053824,31794235904,2,0,1,0,0,1,1,6,667,0.0,Sort,0,7.335
DESKTOP-KQF03T0,Jashvanth,2026-06-30T14:23:48.861509,Q78_V005,Q_0865,1,1,0,1,1,0,227,3,0,0,2,42.0,6875.15,130671651840,31820876800,2,0,1,0,0,1,1,6,667,0.0,Sort,0,8.17
DESKTOP-KQF03T0,Jashvanth,2026-06-30T14:23:53.898985,Q78_V005,Q_0865,2,1,0,1,1,0,227,3,0,0,2,25.4,6861.2,130671733760,31822244864,2,0,1,0,0,1,1,6,667,0.0,Sort,0,6.211
DESKTOP-KQF03T0,Jashvanth,2026-06-30T14:23:58.947007,Q78_V005,Q_0865,3,1,0,1,1,0,227,3,0,0,2,28.8,6897.73,130672356352,31822990336,2,0,1,0,0,1,1,6,667,0.0,Sort,0,7.337
DESKTOP-KQF03T0,Jashvanth,2026-06-30T14:24:03.973173,Q78_V006,Q_0866,1,1,1,1,1,0,219,2,0,0,2,32.5,6856.71,130673167360,31823289344,2,0,1,0,0,1,1,6,536,0.0,Sort,0,2.862
DESKTOP-KQF03T0,Jashvanth,2026-06-30T14:24:09.007840,Q78_V006,Q_0866,2,1,1,1,1,0,219,2,0,0,2,28.8,6842.26,130673642496,31823956992,2,0,1,0,0,1,1,6,536,0.0,Sort,0,3.443
DESKTOP-KQF03T0,Jashvanth,2026-06-30T14:24:14.032260,Q78_V006,Q_0866,3,1,1,1,1,0,219,2,0,0,2,44.1,6852.38,130674338816,31824280576,2,0,1,0,0,1,1,6,536,0.0,Sort,0,1.857
DESKTOP-KQF03T0,Jashvanth,2026-06-30T14:24:19.059236,Q78_V007,Q_0867,1,1,0,1,1,0,186,2,0,0,2,26.9,6856.1,130674404352,31825742848,2,0,1,0,0,1,1,6,2,0.0,Sort,0,4.714
DESKTOP-KQF03T0,Jashvanth,2026-06-30T14:24:24.089495,Q78_V007,Q_0867,2,1,0,1,1,0,186,2,0,0,2,26.7,6852.15,130674614784,31826385920,2,0,1,0,0,1,1,6,2,0.0,Sort,0,5.289
DESKTOP-KQF03T0,Jashvanth,2026-06-30T14:24:29.116931,Q78_V007,Q_0867,3,1,0,1,1,0,186,2,0,0,2,23.3,6871.8,130674696704,31827127808,2,0,1,0,0,1,1,6,2,0.0,Sort,0,4.104
DESKTOP-KQF03T0,Jashvanth,2026-06-30T14:24:34.148826,Q78_V008,Q_0868,1,1,0,1,1,0,183,2,0,0,2,28.6,6873.34,130683277824,31827566080,2,0,1,0,0,1,1,6,667,0.0,Sort,0,5.566
DESKTOP-KQF03T0,Jashvanth,2026-06-30T14:24:39.182726,Q78_V008,Q_0868,2,1,0,1,1,0,183,2,0,0,2,21.8,6895.28,130683453952,31828065792,2,0,1,0,0,1,1,6,667,0.0,Sort,0,4.828
DESKTOP-KQF03T0,Jashvanth,2026-06-30T14:24:44.224899,Q78_V008,Q_0868,3,1,0,1,1,0,183,2,0,0,2,38.0,6905.93,130688291328,31828778496,2,0,1,0,0,1,1,6,667,0.0,Sort,0,5.703
DESKTOP-KQF03T0,Jashvanth,2026-06-30T14:24:49.262995,Q78_V009,Q_0869,1,1,0,1,1,0,206,2,0,1,2,28.5,6821.95,130688807424,31879974400,2,0,1,0,0,1,1,6,10,0.0,Sort,0,3.35
DESKTOP-KQF03T0,Jashvanth,2026-06-30T14:24:54.293970,Q78_V009,Q_0869,2,1,0,1,1,0,206,2,0,1,2,20.0,6830.36,130688930304,31880388096,2,0,1,0,0,1,1,6,10,0.0,Sort,0,9.072
DESKTOP-KQF03T0,Jashvanth,2026-06-30T14:24:59.326880,Q78_V009,Q_0869,3,1,0,1,1,0,206,2,0,1,2,47.6,6817.98,130689225216,31881436672,2,0,1,0,0,1,1,6,10,0.0,Sort,0,4.413
DESKTOP-KQF03T0,Jashvanth,2026-06-30T14:25:04.361324,Q78_V010,Q_0870,1,1,0,1,1,0,202,2,0,0,2,22.7,6833.53,130693698560,31881518592,2,0,1,0,0,1,1,7,50,0.0,Limit,0,4.776
DESKTOP-KQF03T0,Jashvanth,2026-06-30T14:25:09.392925,Q78_V010,Q_0870,2,1,0,1,1,0,202,2,0,0,2,30.5,6805.49,130769567744,31884275200,2,0,1,0,0,1,1,7,50,0.0,Limit,0,3.913
DESKTOP-KQF03T0,Jashvanth,2026-06-30T14:25:14.423782,Q78_V010,Q_0870,3,1,0,1,1,0,202,2,0,0,2,27.8,6816.8,130771462144,31885278720,2,0,1,0,0,1,1,7,50,0.0,Limit,0,7.796
DESKTOP-KQF03T0,Jashvanth,2026-06-30T14:25:19.464333,Q78_V011,Q_0871,1,1,0,1,1,0,183,2,0,0,2,40.7,6770.12,130771638272,31885811200,2,0,1,0,0,1,1,6,8,0.0,Sort,0,8.391
DESKTOP-KQF03T0,Jashvanth,2026-06-30T14:25:24.508192,Q78_V011,Q_0871,2,1,0,1,1,0,183,2,0,0,2,39.2,6810.18,130772357632,31886278144,2,0,1,0,0,1,1,6,8,0.0,Sort,0,6.793
DESKTOP-KQF03T0,Jashvanth,2026-06-30T14:25:29.539432,Q78_V011,Q_0871,3,1,0,1,1,0,183,2,0,0,2,30.2,6767.39,130772775424,31886896640,2,0,1,0,0,1,1,6,8,0.0,Sort,0,3.632
DESKTOP-KQF03T0,Jashvanth,2026-06-30T14:25:34.638512,Q79_V001,Q_0872,1,1,0,1,1,0,165,1,0,0,2,27.8,6773.93,130774487552,31887433216,2,0,1,0,0,1,1,6,7,7.0,Sort,0,33.072
DESKTOP-KQF03T0,Jashvanth,2026-06-30T14:25:39.693031,Q79_V001,Q_0872,2,1,0,1,1,0,165,1,0,0,2,31.3,6787.45,130774622720,31888133632,2,0,1,0,0,1,1,6,7,7.0,Sort,0,26.447
DESKTOP-KQF03T0,Jashvanth,2026-06-30T14:25:44.751055,Q79_V001,Q_0872,3,1,0,1,1,0,165,1,0,0,2,32.9,6792.44,130774839808,31889489408,2,0,1,0,0,1,1,6,7,7.0,Sort,0,21.79
DESKTOP-KQF03T0,Jashvanth,2026-06-30T14:25:49.818199,Q79_V002,Q_0873,1,1,0,1,1,0,164,1,0,0,2,38.2,6832.92,130774852096,31889952256,2,0,1,0,0,1,1,6,7,7.0,Sort,0,23.016
DESKTOP-KQF03T0,Jashvanth,2026-06-30T14:25:54.880117,Q79_V002,Q_0873,2,1,0,1,1,0,164,1,0,0,2,30.2,6839.89,130775253504,31890247168,2,0,1,0,0,1,1,6,7,7.0,Sort,0,33.902
DESKTOP-KQF03T0,Jashvanth,2026-06-30T14:25:59.941130,Q79_V002,Q_0873,3,1,0,1,1,0,164,1,0,0,2,44.6,6828.28,130775462400,31891152384,2,0,1,0,0,1,1,6,7,7.0,Sort,0,26.127
DESKTOP-KQF03T0,Jashvanth,2026-06-30T14:26:04.989384,Q79_V003,Q_0874,1,1,0,1,1,0,173,1,0,0,2,39.8,6838.44,130776302080,31891602944,2,0,1,0,0,1,1,6,7,7.0,Sort,0,26.568
DESKTOP-KQF03T0,Jashvanth,2026-06-30T14:26:10.041794,Q79_V003,Q_0874,2,1,0,1,1,0,173,1,0,0,2,34.6,6748.45,130776392192,31891770880,2,0,1,0,0,1,1,6,7,7.0,Sort,0,26.791
DESKTOP-KQF03T0,Jashvanth,2026-06-30T14:26:15.088636,Q79_V003,Q_0874,3,1,0,1,1,0,173,1,0,0,2,27.3,6746.05,130790715904,31900052992,2,0,1,0,0,1,1,6,7,7.0,Sort,0,25.458
DESKTOP-KQF03T0,Jashvanth,2026-06-30T14:26:20.125826,Q79_V004,Q_0875,1,1,1,1,1,0,191,1,0,0,2,40.6,6754.4,130790752768,31900806656,2,0,1,0,0,1,1,6,7,7.0,Sort,0,12.489
DESKTOP-KQF03T0,Jashvanth,2026-06-30T14:26:25.171700,Q79_V004,Q_0875,2,1,1,1,1,0,191,1,0,0,2,36.9,6751.91,130790781440,31902252544,2,0,1,0,0,1,1,6,7,7.0,Sort,0,13.966
DESKTOP-KQF03T0,Jashvanth,2026-06-30T14:26:30.205434,Q79_V004,Q_0875,3,1,1,1,1,0,191,1,0,0,2,29.7,6747.97,130790900224,31902803456,2,0,1,0,0,1,1,6,7,7.0,Sort,0,12.159
DESKTOP-KQF03T0,Jashvanth,2026-06-30T14:26:35.262196,Q79_V005,Q_0876,1,1,0,1,1,0,189,2,0,0,2,38.9,6746.92,130792258048,31904134656,2,0,1,0,0,1,1,6,7,7.0,Sort,0,32.146
DESKTOP-KQF03T0,Jashvanth,2026-06-30T14:26:40.318462,Q79_V005,Q_0876,2,1,0,1,1,0,189,2,0,0,2,32.8,6794.39,130792421888,31904376320,2,0,1,0,0,1,1,6,7,7.0,Sort,0,27.099
DESKTOP-KQF03T0,Jashvanth,2026-06-30T14:26:45.368144,Q79_V005,Q_0876,3,1,0,1,1,0,189,2,0,0,2,28.2,6802.85,130792466944,31904986624,2,0,1,0,0,1,1,6,7,7.0,Sort,0,21.042
DESKTOP-KQF03T0,Jashvanth,2026-06-30T14:26:50.403175,Q79_V006,Q_0877,1,1,1,1,1,0,203,1,0,0,2,24.7,6830.75,130792540672,31905474048,2,0,1,0,0,1,1,6,7,7.0,Sort,0,13.237
DESKTOP-KQF03T0,Jashvanth,2026-06-30T14:26:55.442589,Q79_V006,Q_0877,2,1,1,1,1,0,203,1,0,0,2,29.8,6783.29,130792679936,31905736192,2,0,1,0,0,1,1,6,7,7.0,Sort,0,15.207
DESKTOP-KQF03T0,Jashvanth,2026-06-30T14:27:00.489323,Q79_V006,Q_0877,3,1,1,1,1,0,203,1,0,0,2,21.3,6780.55,130793073152,31906194944,2,0,1,0,0,1,1,6,7,7.0,Sort,0,12.819
DESKTOP-KQF03T0,Jashvanth,2026-06-30T14:27:05.548146,Q79_V007,Q_0878,1,1,0,1,1,0,173,1,0,0,2,22.4,6789.8,130793077248,31907030528,2,0,1,0,0,1,1,6,1,1.0,Sort,0,24.908
DESKTOP-KQF03T0,Jashvanth,2026-06-30T14:27:10.602149,Q79_V007,Q_0878,2,1,0,1,1,0,173,1,0,0,2,24.6,6793.21,130793253376,31907784192,2,0,1,0,0,1,1,6,1,1.0,Sort,0,25.903
DESKTOP-KQF03T0,Jashvanth,2026-06-30T14:27:15.661567,Q79_V007,Q_0878,3,1,0,1,1,0,173,1,0,0,2,27.1,6804.37,130793454080,31908161024,2,0,1,0,0,1,1,6,1,1.0,Sort,0,35.075
DESKTOP-KQF03T0,Jashvanth,2026-06-30T14:27:20.731590,Q79_V008,Q_0879,1,1,0,1,1,0,175,1,0,0,2,22.1,6789.57,130793638400,31909471744,2,0,1,0,0,1,1,6,5,5.0,Sort,0,25.244
DESKTOP-KQF03T0,Jashvanth,2026-06-30T14:27:25.807738,Q79_V008,Q_0879,2,1,0,1,1,0,175,1,0,0,2,34.6,6802.64,130793712128,31910331904,2,0,1,0,0,1,1,6,5,5.0,Sort,0,43.239
DESKTOP-KQF03T0,Jashvanth,2026-06-30T14:27:30.870051,Q79_V008,Q_0879,3,1,0,1,1,0,175,1,0,0,2,28.6,6817.46,130793966080,31910942208,2,0,1,0,0,1,1,6,5,5.0,Sort,0,39.155
DESKTOP-KQF03T0,Jashvanth,2026-06-30T14:27:35.930928,Q79_V009,Q_0880,1,1,0,1,1,0,212,2,0,0,2,29.9,6813.06,130794252800,31912334848,2,0,1,0,0,1,1,6,7,7.0,Sort,0,31.346
DESKTOP-KQF03T0,Jashvanth,2026-06-30T14:27:40.981730,Q79_V009,Q_0880,2,1,0,1,1,0,212,2,0,0,2,27.5,6824.08,130794306048,31912711680,2,0,1,0,0,1,1,6,7,7.0,Sort,0,26.218
DESKTOP-KQF03T0,Jashvanth,2026-06-30T14:27:46.030526,Q79_V009,Q_0880,3,1,0,1,1,0,212,2,0,0,2,29.2,6801.34,130794379776,31914092032,2,0,1,0,0,1,1,6,7,7.0,Sort,0,25.576
DESKTOP-KQF03T0,Jashvanth,2026-06-30T14:27:51.082322,Q79_V010,Q_0881,1,1,1,1,1,0,189,1,0,0,2,34.7,6796.62,130831907328,31914624512,2,0,1,0,0,1,1,6,7,7.0,Sort,0,18.941
DESKTOP-KQF03T0,Jashvanth,2026-06-30T14:27:56.123232,Q79_V010,Q_0881,2,1,1,1,1,0,189,1,0,0,2,25.9,6746.26,130831993344,31915169280,2,0,1,0,0,1,1,6,7,7.0,Sort,0,12.158
DESKTOP-KQF03T0,Jashvanth,2026-06-30T14:28:01.180810,Q79_V010,Q_0881,3,1,1,1,1,0,189,1,0,0,2,28.9,6739.64,130832529920,31915685376,2,0,1,0,0,1,1,6,7,7.0,Sort,0,25.892
DESKTOP-KQF03T0,Jashvanth,2026-06-30T14:28:06.252747,Q79_V011,Q_0882,1,1,0,1,1,0,160,1,1,0,2,43.2,6711.59,130832824832,31917508096,2,0,1,0,0,2,1,7,7,7.0,Sort,0,41.838
DESKTOP-KQF03T0,Jashvanth,2026-06-30T14:28:11.325440,Q79_V011,Q_0882,2,1,0,1,1,0,160,1,1,0,2,34.4,6686.16,130833156608,31918231552,2,0,1,0,0,2,1,7,7,7.0,Sort,0,45.4
DESKTOP-KQF03T0,Jashvanth,2026-06-30T14:28:16.394285,Q79_V011,Q_0882,3,1,0,1,1,0,160,1,1,0,2,26.1,6692.22,130833324544,31920070656,2,0,1,0,0,2,1,7,7,7.0,Sort,0,46.554
DESKTOP-KQF03T0,Jashvanth,2026-06-30T14:28:21.438079,Q80_V001,Q_0883,1,1,0,1,1,0,141,1,0,0,2,23.9,6687.89,130833693184,31921352704,2,0,1,0,0,1,1,6,25,25.0,Sort,0,18.46
DESKTOP-KQF03T0,Jashvanth,2026-06-30T14:28:26.516291,Q80_V001,Q_0883,2,1,0,1,1,0,141,1,0,0,2,32.7,6679.46,130833959424,31921545216,2,0,1,0,0,1,1,6,25,25.0,Sort,0,20.27
DESKTOP-KQF03T0,Jashvanth,2026-06-30T14:28:31.599571,Q80_V001,Q_0883,3,1,0,1,1,0,141,1,0,0,2,47.0,6707.26,130836303872,31922883072,2,0,1,0,0,1,1,6,25,25.0,Sort,0,32.698
DESKTOP-KQF03T0,Jashvanth,2026-06-30T14:28:36.657632,Q80_V002,Q_0884,1,1,0,1,1,0,140,1,0,0,2,38.0,6720.11,130836905984,31923730944,2,0,1,0,0,1,1,6,25,25.0,Sort,0,21.463
DESKTOP-KQF03T0,Jashvanth,2026-06-30T14:28:41.708864,Q80_V002,Q_0884,2,1,0,1,1,0,140,1,0,0,2,36.0,6713.7,130836935680,31923927552,2,0,1,0,0,1,1,6,25,25.0,Sort,0,22.342
DESKTOP-KQF03T0,Jashvanth,2026-06-30T14:28:46.744447,Q80_V002,Q_0884,3,1,0,1,1,0,140,1,0,0,2,49.0,6716.04,130837910528,31924909056,2,0,1,0,0,1,1,6,25,25.0,Sort,0,12.323
DESKTOP-KQF03T0,Jashvanth,2026-06-30T14:28:51.778452,Q80_V003,Q_0885,1,1,1,1,1,0,179,1,0,0,2,32.8,6710.34,130838717440,31926191104,2,0,1,0,0,1,1,6,25,25.0,Sort,0,12.886
DESKTOP-KQF03T0,Jashvanth,2026-06-30T14:28:56.818217,Q80_V003,Q_0885,2,1,1,1,1,0,179,1,0,0,2,23.5,6734.48,130838856704,31926633472,2,0,1,0,0,1,1,6,25,25.0,Sort,0,16.782
DESKTOP-KQF03T0,Jashvanth,2026-06-30T14:29:01.853693,Q80_V003,Q_0885,3,1,1,1,1,0,179,1,0,0,2,29.9,6716.83,130839200768,31928300544,2,0,1,0,0,1,1,6,25,25.0,Sort,0,10.46
DESKTOP-KQF03T0,Jashvanth,2026-06-30T14:29:06.901262,Q80_V004,Q_0886,1,1,0,1,1,0,163,1,0,0,2,17.6,6715.79,130839483392,31929545728,2,0,1,0,0,1,1,6,25,25.0,Sort,0,19.063
DESKTOP-KQF03T0,Jashvanth,2026-06-30T14:29:11.948438,Q80_V004,Q_0886,2,1,0,1,1,0,163,1,0,0,2,24.6,6703.61,130840429568,31930098688,2,0,1,0,0,1,1,6,25,25.0,Sort,0,22.02
DESKTOP-KQF03T0,Jashvanth,2026-06-30T14:29:16.999514,Q80_V004,Q_0886,3,1,0,1,1,0,163,1,0,0,2,24.8,6689.28,130840556544,31930491904,2,0,1,0,0,1,1,6,25,25.0,Sort,0,21.5
DESKTOP-KQF03T0,Jashvanth,2026-06-30T14:29:22.038176,Q80_V005,Q_0887,1,1,0,1,1,0,165,2,0,0,2,27.9,6666.16,130841346048,31931798528,2,0,1,0,0,1,1,6,25,25.0,Sort,0,16.428
DESKTOP-KQF03T0,Jashvanth,2026-06-30T14:29:27.076545,Q80_V005,Q_0887,2,1,0,1,1,0,165,2,0,0,2,15.2,6688.4,130841419776,31932101632,2,0,1,0,0,1,1,6,25,25.0,Sort,0,18.291
DESKTOP-KQF03T0,Jashvanth,2026-06-30T14:29:32.114231,Q80_V005,Q_0887,3,1,0,1,1,0,165,2,0,0,2,24.3,6665.14,130841485312,31932593152,2,0,1,0,0,1,1,6,25,25.0,Sort,0,15.45
DESKTOP-KQF03T0,Jashvanth,2026-06-30T14:29:37.173273,Q80_V006,Q_0888,1,1,0,1,1,0,148,1,0,0,2,39.5,6746.48,130841546752,31933707264,2,0,1,0,0,1,1,7,20,20.0,Limit,0,31.24
DESKTOP-KQF03T0,Jashvanth,2026-06-30T14:29:42.231623,Q80_V006,Q_0888,2,1,0,1,1,0,148,1,0,0,2,41.2,6728.43,130841563136,31933965312,2,0,1,0,0,1,1,7,20,20.0,Limit,0,27.407
DESKTOP-KQF03T0,Jashvanth,2026-06-30T14:29:47.285998,Q80_V006,Q_0888,3,1,0,1,1,0,148,1,0,0,2,25.0,6702.61,130841649152,31934583808,2,0,1,0,0,1,1,7,20,20.0,Limit,0,16.362
DESKTOP-KQF03T0,Jashvanth,2026-06-30T14:29:52.328396,Q80_V007,Q_0889,1,1,1,1,1,0,162,1,0,0,2,24.1,6706.25,130841722880,31935198208,2,0,1,0,0,1,1,6,25,25.0,Sort,0,21.343
DESKTOP-KQF03T0,Jashvanth,2026-06-30T14:29:57.392406,Q80_V007,Q_0889,2,1,1,1,1,0,162,1,0,0,2,21.0,6713.2,130841804800,31935480832,2,0,1,0,0,1,1,6,25,25.0,Sort,0,22.748
DESKTOP-KQF03T0,Jashvanth,2026-06-30T14:30:02.439704,Q80_V007,Q_0889,3,1,1,1,1,0,162,1,0,0,2,29.7,6737.34,130842066944,31935878144,2,0,1,0,0,1,1,6,25,25.0,Sort,0,25.273
DESKTOP-KQF03T0,Jashvanth,2026-06-30T14:30:07.512562,Q80_V008,Q_0890,1,1,0,1,1,0,164,2,0,0,2,19.6,6729.3,130842681344,31939712000,2,0,1,0,0,1,1,6,25,25.0,Sort,0,39.248
DESKTOP-KQF03T0,Jashvanth,2026-06-30T14:30:12.584977,Q80_V008,Q_0890,2,1,0,1,1,0,164,2,0,0,2,53.3,6836.92,130883919872,31953003520,2,0,1,0,0,1,1,6,25,25.0,Sort,0,37.614
DESKTOP-KQF03T0,Jashvanth,2026-06-30T14:30:17.656881,Q80_V008,Q_0890,3,1,0,1,1,0,164,2,0,0,2,43.2,6846.35,130886275072,31953495040,2,0,1,0,0,1,1,6,25,25.0,Sort,0,28.439
DESKTOP-KQF03T0,Jashvanth,2026-06-30T14:30:22.701875,Q80_V009,Q_0891,1,1,0,1,1,0,149,1,0,0,2,44.6,6856.27,130887592448,31974945792,2,0,1,0,0,1,1,6,6,6.0,Sort,0,21.695
DESKTOP-KQF03T0,Jashvanth,2026-06-30T14:30:27.751824,Q80_V009,Q_0891,2,1,0,1,1,0,149,1,0,0,2,27.2,6867.27,130889304576,31976481792,2,0,1,0,0,1,1,6,6,6.0,Sort,0,22.746
DESKTOP-KQF03T0,Jashvanth,2026-06-30T14:30:32.793481,Q80_V009,Q_0891,3,1,0,1,1,0,149,1,0,0,2,40.2,6858.61,130894370304,32000700928,2,0,1,0,0,1,1,6,6,6.0,Sort,0,20.208
DESKTOP-KQF03T0,Jashvanth,2026-06-30T14:30:37.847007,Q80_V010,Q_0892,1,1,0,1,1,0,171,2,0,0,2,50.2,6971.87,130900329984,32142508544,2,0,1,0,0,1,1,6,8,13.0,Sort,0,16.953
DESKTOP-KQF03T0,Jashvanth,2026-06-30T14:30:42.904705,Q80_V010,Q_0892,2,1,0,1,1,0,171,2,0,0,2,27.7,6991.66,130905163264,32167514624,2,0,1,0,0,1,1,6,8,13.0,Sort,0,25.899
DESKTOP-KQF03T0,Jashvanth,2026-06-30T14:30:47.949967,Q80_V010,Q_0892,3,1,0,1,1,0,171,2,0,0,2,36.6,6978.39,130905437696,32168591872,2,0,1,0,0,1,1,6,8,13.0,Sort,0,15.912
DESKTOP-KQF03T0,Jashvanth,2026-06-30T14:30:53.016362,Q80_V011,Q_0893,1,1,0,1,1,0,139,1,0,0,2,49.8,6984.24,130915194368,32169193984,2,0,1,0,0,1,1,6,50,50.0,Sort,0,34.169
DESKTOP-KQF03T0,Jashvanth,2026-06-30T14:30:58.077761,Q80_V011,Q_0893,2,1,0,1,1,0,139,1,0,0,2,92.1,7033.85,130918451712,32169419264,2,0,1,0,0,1,1,6,50,50.0,Sort,0,30.509
DESKTOP-KQF03T0,Jashvanth,2026-06-30T14:31:03.171575,Q80_V011,Q_0893,3,1,0,1,1,0,139,1,0,0,2,54.5,7078.45,130925581312,32177213952,2,0,1,0,0,1,1,6,50,50.0,Sort,0,36.312
DESKTOP-KQF03T0,Jashvanth,2026-06-30T14:31:08.244199,Q81_V001,Q_0894,1,1,0,1,1,0,191,2,0,0,2,79.3,7126.0,130951022080,32187879936,1,1,1,0,0,1,1,7,50,50.0,Limit,0,34.852
DESKTOP-KQF03T0,Jashvanth,2026-06-30T14:31:13.296597,Q81_V001,Q_0894,2,1,0,1,1,0,191,2,0,0,2,92.1,7189.12,130954581504,32189187072,1,1,1,0,0,1,1,7,50,50.0,Limit,0,22.14
DESKTOP-KQF03T0,Jashvanth,2026-06-30T14:31:18.369638,Q81_V001,Q_0894,3,1,0,1,1,0,191,2,0,0,2,63.8,7139.05,130961218560,32190317568,1,1,1,0,0,1,1,7,50,50.0,Limit,0,36.393
DESKTOP-KQF03T0,Jashvanth,2026-06-30T14:31:23.417226,Q81_V002,Q_0895,1,1,0,1,1,0,191,2,0,0,2,32.5,6678.0,131214695936,32190919680,1,1,1,0,0,1,1,7,50,50.0,Limit,0,12.796
DESKTOP-KQF03T0,Jashvanth,2026-06-30T14:31:28.450535,Q81_V002,Q_0895,2,1,0,1,1,0,191,2,0,0,2,29.4,6600.21,131216312832,32192275456,1,1,1,0,0,1,1,7,50,50.0,Limit,0,11.938
DESKTOP-KQF03T0,Jashvanth,2026-06-30T14:31:33.494332,Q81_V002,Q_0895,3,1,0,1,1,0,191,2,0,0,2,28.6,6486.61,131221792768,32211960832,1,1,1,0,0,1,1,7,50,50.0,Limit,0,18.712
DESKTOP-KQF03T0,Jashvanth,2026-06-30T14:31:38.540950,Q81_V003,Q_0896,1,1,0,1,1,0,191,2,0,0,2,33.2,6793.75,131222747136,32213267456,1,1,1,0,0,1,1,7,50,0.0,Limit,0,16.162
DESKTOP-KQF03T0,Jashvanth,2026-06-30T14:31:43.619573,Q81_V003,Q_0896,2,1,0,1,1,0,191,2,0,0,2,17.5,6804.04,131225931264,32213906432,1,1,1,0,0,1,1,7,50,0.0,Limit,0,32.56
DESKTOP-KQF03T0,Jashvanth,2026-06-30T14:31:48.683788,Q81_V003,Q_0896,3,1,0,1,1,0,191,2,0,0,2,29.7,6814.46,131226095104,32214598656,1,1,1,0,0,1,1,7,50,0.0,Limit,0,14.634
DESKTOP-KQF03T0,Jashvanth,2026-06-30T14:31:53.757275,Q81_V004,Q_0897,1,1,0,1,1,0,192,2,0,0,2,37.5,6811.1,131228647424,32215180288,1,1,1,0,0,1,1,7,100,100.0,Limit,0,22.382
DESKTOP-KQF03T0,Jashvanth,2026-06-30T14:31:58.800146,Q81_V004,Q_0897,2,1,0,1,1,0,192,2,0,0,2,41.6,6843.2,131228738048,32215540736,1,1,1,0,0,1,1,7,100,100.0,Limit,0,17.331
DESKTOP-KQF03T0,Jashvanth,2026-06-30T14:32:03.838735,Q81_V004,Q_0897,3,1,0,1,1,0,192,2,0,0,2,29.9,6827.68,131229725184,32216695808,1,1,1,0,0,1,1,7,100,100.0,Limit,0,15.846
DESKTOP-KQF03T0,Jashvanth,2026-06-30T14:32:08.879153,Q81_V005,Q_0898,1,1,0,1,1,0,228,3,0,0,2,22.8,6880.67,131229975040,32217453568,2,0,1,0,0,1,1,7,50,50.0,Limit,0,17.834
DESKTOP-KQF03T0,Jashvanth,2026-06-30T14:32:13.935522,Q81_V005,Q_0898,2,1,0,1,1,0,228,3,0,0,2,22.3,6845.41,131230081536,32217797632,2,0,1,0,0,1,1,7,50,50.0,Limit,0,24.068
DESKTOP-KQF03T0,Jashvanth,2026-06-30T14:32:18.982069,Q81_V005,Q_0898,3,1,0,1,1,0,228,3,0,0,2,22.6,6865.75,131230532096,32218145792,2,0,1,0,0,1,1,7,50,50.0,Limit,0,23.132
DESKTOP-KQF03T0,Jashvanth,2026-06-30T14:32:24.015576,Q81_V006,Q_0899,1,1,1,1,1,0,217,2,0,0,2,29.9,6874.3,131230892544,32218596352,1,1,1,0,0,1,1,7,50,50.0,Limit,0,6.566
DESKTOP-KQF03T0,Jashvanth,2026-06-30T14:32:29.047765,Q81_V006,Q_0899,2,1,1,1,1,0,217,2,0,0,2,27.0,6888.88,131231306240,32218928128,1,1,1,0,0,1,1,7,50,50.0,Limit,0,7.782
DESKTOP-KQF03T0,Jashvanth,2026-06-30T14:32:34.081173,Q81_V006,Q_0899,3,1,1,1,1,0,217,2,0,0,2,30.6,6891.41,131233378816,32244851712,1,1,1,0,0,1,1,7,50,50.0,Limit,0,7.332
DESKTOP-KQF03T0,Jashvanth,2026-06-30T14:33:31.802264,Q81_V007,Q_0900,1,1,0,1,1,0,192,2,0,0,2,100.0,6586.45,131436726272,32261258752,1,1,1,0,0,1,1,7,50,0.0,Limit,0,33.557
DESKTOP-KQF03T0,Jashvanth,2026-06-30T14:33:36.925392,Q81_V007,Q_0900,2,1,0,1,1,0,192,2,0,0,2,83.1,6764.87,131437823488,32263769600,1,1,1,0,0,1,1,7,50,0.0,Limit,0,27.354
DESKTOP-KQF03T0,Jashvanth,2026-06-30T14:33:41.961912,Q81_V007,Q_0900,3,1,0,1,1,0,192,2,0,0,2,40.2,6786.34,131438491136,32263904768,1,1,1,0,0,1,1,7,50,0.0,Limit,0,12.159
DESKTOP-KQF03T0,Jashvanth,2026-06-30T14:33:47.012263,Q81_V008,Q_0901,1,1,0,1,1,0,191,2,0,0,2,29.7,6697.93,131439658496,32264706048,1,1,1,0,0,1,1,7,25,50.0,Limit,0,21.805
DESKTOP-KQF03T0,Jashvanth,2026-06-30T14:33:52.055297,Q81_V008,Q_0901,2,1,0,1,1,0,191,2,0,0,2,36.0,6677.18,131440223744,32266008576,1,1,1,0,0,1,1,7,25,50.0,Limit,0,13.741
DESKTOP-KQF03T0,Jashvanth,2026-06-30T14:33:57.091603,Q81_V008,Q_0901,3,1,0,1,1,0,191,2,0,0,2,23.6,6695.24,131440309760,32266659840,1,1,1,0,0,1,1,7,25,50.0,Limit,0,13.699
DESKTOP-KQF03T0,Jashvanth,2026-06-30T14:34:02.128293,Q81_V009,Q_0902,1,1,1,1,1,0,230,2,0,0,2,34.6,6672.62,131440956928,32266831872,1,1,1,0,0,1,1,7,50,50.0,Limit,0,13.439
DESKTOP-KQF03T0,Jashvanth,2026-06-30T14:34:07.172537,Q81_V009,Q_0902,2,1,1,1,1,0,230,2,0,0,2,42.4,6694.13,131441104384,32267380736,1,1,1,0,0,1,1,7,50,50.0,Limit,0,18.461
DESKTOP-KQF03T0,Jashvanth,2026-06-30T14:34:12.247854,Q81_V009,Q_0902,3,1,1,1,1,0,230,2,0,0,2,46.9,6778.59,131441939968,32276822016,1,1,1,0,0,1,1,7,50,50.0,Limit,0,16.247
DESKTOP-KQF03T0,Jashvanth,2026-06-30T14:34:17.294718,Q81_V010,Q_0903,1,1,0,1,0,1,171,2,0,0,3,35.6,6777.34,131442435584,32277223424,1,1,1,0,0,0,2,6,1,1.0,Aggregate,0,19.621
DESKTOP-KQF03T0,Jashvanth,2026-06-30T14:34:22.363291,Q81_V010,Q_0903,2,1,0,1,0,1,171,2,0,0,3,31.9,6754.2,131445216768,32279390208,1,1,1,0,0,0,2,6,1,1.0,Aggregate,0,25.156
DESKTOP-KQF03T0,Jashvanth,2026-06-30T14:34:27.413000,Q81_V010,Q_0903,3,1,0,1,0,1,171,2,0,0,3,31.8,6748.62,131445499392,32293980160,1,1,1,0,0,0,2,6,1,1.0,Aggregate,0,25.674
DESKTOP-KQF03T0,Jashvanth,2026-06-30T14:41:20.034215,Q81_V011,Q_0904,1,1,0,2,1,1,276,2,0,0,3,63.5,6972.31,131853539840,32539607552,1,1,1,0,0,1,2,7,200,5.0,Sort,0,20.635
DESKTOP-KQF03T0,Jashvanth,2026-06-30T14:41:25.104365,Q81_V011,Q_0904,2,1,0,2,1,1,276,2,0,0,3,90.5,7163.91,131977201664,32540082688,1,1,1,0,0,1,2,7,200,5.0,Sort,0,35.432
DESKTOP-KQF03T0,Jashvanth,2026-06-30T14:41:30.156998,Q81_V011,Q_0904,3,1,0,2,1,1,276,2,0,0,3,92.7,7434.48,132133669888,32555094528,1,1,1,0,0,1,2,7,200,5.0,Sort,0,25.221
DESKTOP-KQF03T0,Jashvanth,2026-06-30T14:41:35.197435,Q82_V001,Q_0905,1,1,0,1,1,0,197,2,0,0,2,42.4,7418.77,132151282688,32557302272,2,0,1,0,0,1,1,6,167,133.0,Sort,0,4.325
DESKTOP-KQF03T0,Jashvanth,2026-06-30T14:41:40.226660,Q82_V001,Q_0905,2,1,0,1,1,0,197,2,0,0,2,42.8,7376.68,132151667712,32604307968,2,0,1,0,0,1,1,6,167,133.0,Sort,0,3.539
DESKTOP-KQF03T0,Jashvanth,2026-06-30T14:41:45.252576,Q82_V001,Q_0905,3,1,0,1,1,0,197,2,0,0,2,50.5,7383.43,132152028160,32604807680,2,0,1,0,0,1,1,6,167,133.0,Sort,0,3.28
DESKTOP-KQF03T0,Jashvanth,2026-06-30T14:41:50.289894,Q82_V002,Q_0906,1,1,0,1,1,0,197,2,0,0,2,52.5,7386.49,132176715776,32630080000,2,0,1,0,0,1,1,6,167,348.0,Sort,0,5.19
DESKTOP-KQF03T0,Jashvanth,2026-06-30T14:41:55.325235,Q82_V002,Q_0906,2,1,0,1,1,0,197,2,0,0,2,46.0,7373.5,132176879616,32631505408,2,0,1,0,0,1,1,6,167,348.0,Sort,0,5.619
DESKTOP-KQF03T0,Jashvanth,2026-06-30T14:42:00.350514,Q82_V002,Q_0906,3,1,0,1,1,0,197,2,0,0,2,40.2,7390.39,132178366464,32633745920,2,0,1,0,0,1,1,6,167,348.0,Sort,0,3.973
DESKTOP-KQF03T0,Jashvanth,2026-06-30T14:42:05.397984,Q82_V003,Q_0907,1,1,0,1,1,0,198,2,0,0,2,41.6,7349.46,132181106688,32635621888,2,0,1,0,0,1,1,6,167,0.0,Sort,0,7.092
DESKTOP-KQF03T0,Jashvanth,2026-06-30T14:42:10.429563,Q82_V003,Q_0907,2,1,0,1,1,0,198,2,0,0,2,38.2,7365.06,132182688256,32636187136,2,0,1,0,0,1,1,6,167,0.0,Sort,0,3.553
DESKTOP-KQF03T0,Jashvanth,2026-06-30T14:42:15.465999,Q82_V003,Q_0907,3,1,0,1,1,0,198,2,0,0,2,40.4,7345.79,132182880768,32636404224,2,0,1,0,0,1,1,6,167,0.0,Sort,0,7.485
DESKTOP-KQF03T0,Jashvanth,2026-06-30T14:42:20.501851,Q82_V004,Q_0908,1,1,1,1,1,0,223,2,0,0,2,35.2,7361.43,132183852544,32636776960,2,0,1,0,0,1,1,6,167,0.0,Sort,0,2.801
DESKTOP-KQF03T0,Jashvanth,2026-06-30T14:42:25.535142,Q82_V004,Q_0908,2,1,1,1,1,0,223,2,0,0,2,38.5,7376.49,132184442368,32637469184,2,0,1,0,0,1,1,6,167,0.0,Sort,0,2.032
DESKTOP-KQF03T0,Jashvanth,2026-06-30T14:42:30.559156,Q82_V004,Q_0908,3,1,1,1,1,0,223,2,0,0,2,46.9,7374.62,132184897024,32638594560,2,0,1,0,0,1,1,6,167,0.0,Sort,0,1.97
DESKTOP-KQF03T0,Jashvanth,2026-06-30T14:42:35.603283,Q82_V005,Q_0909,1,1,0,1,1,0,192,2,0,0,2,40.5,7361.35,132186628608,32638889472,2,0,1,0,0,1,1,6,167,243.0,Sort,0,6.085
DESKTOP-KQF03T0,Jashvanth,2026-06-30T14:42:40.665304,Q82_V005,Q_0909,2,1,0,1,1,0,192,2,0,0,2,62.6,7353.66,132187930624,32639532544,2,0,1,0,0,1,1,6,167,243.0,Sort,0,6.143
DESKTOP-KQF03T0,Jashvanth,2026-06-30T14:42:45.734944,Q82_V005,Q_0909,3,1,0,1,1,0,192,2,0,0,2,52.8,7283.23,132188323840,32639778304,2,0,1,0,0,1,1,6,167,243.0,Sort,0,2.847
DESKTOP-KQF03T0,Jashvanth,2026-06-30T14:42:50.766274,Q82_V006,Q_0910,1,1,0,1,1,0,225,3,0,0,2,43.6,7212.29,132188667904,32640077312,2,0,1,0,0,1,1,6,167,133.0,Sort,0,4.162
DESKTOP-KQF03T0,Jashvanth,2026-06-30T14:42:55.800111,Q82_V006,Q_0910,2,1,0,1,1,0,225,3,0,0,2,44.0,7107.24,132237474816,32661769728,2,0,1,0,0,1,1,6,167,133.0,Sort,0,5.363
DESKTOP-KQF03T0,Jashvanth,2026-06-30T14:43:00.845745,Q82_V006,Q_0910,3,1,0,1,1,0,225,3,0,0,2,39.7,7091.48,132237942784,32664022528,2,0,1,0,0,1,1,6,167,133.0,Sort,0,4.23
DESKTOP-KQF03T0,Jashvanth,2026-06-30T14:43:05.888867,Q82_V007,Q_0911,1,1,0,1,1,0,186,2,0,0,2,39.6,7044.66,132238114816,32664411648,2,0,1,0,0,1,1,6,8,24.0,Sort,0,5.183
DESKTOP-KQF03T0,Jashvanth,2026-06-30T14:43:10.961428,Q82_V007,Q_0911,2,1,0,1,1,0,186,2,0,0,2,42.7,7006.97,132239659008,32665411584,2,0,1,0,0,1,1,6,8,24.0,Sort,0,4.957
DESKTOP-KQF03T0,Jashvanth,2026-06-30T14:43:15.992303,Q82_V007,Q_0911,3,1,0,1,1,0,186,2,0,0,2,30.0,7020.85,132240373760,32665796608,2,0,1,0,0,1,1,6,8,24.0,Sort,0,3.542
DESKTOP-KQF03T0,Jashvanth,2026-06-30T14:43:21.017410,Q82_V008,Q_0912,1,1,0,1,1,0,187,2,0,0,2,33.0,6998.19,132240807936,32666656768,2,0,1,0,0,1,1,6,167,133.0,Sort,0,3.905
DESKTOP-KQF03T0,Jashvanth,2026-06-30T14:43:26.053000,Q82_V008,Q_0912,2,1,0,1,1,0,187,2,0,0,2,24.1,6998.11,132241188864,32666963968,2,0,1,0,0,1,1,6,167,133.0,Sort,0,6.002
DESKTOP-KQF03T0,Jashvanth,2026-06-30T14:43:31.077983,Q82_V008,Q_0912,3,1,0,1,1,0,187,2,0,0,2,21.3,6996.56,132241307648,32667533312,2,0,1,0,0,1,1,6,167,133.0,Sort,0,3.739
DESKTOP-KQF03T0,Jashvanth,2026-06-30T14:43:36.111350,Q82_V009,Q_0913,1,1,0,1,1,0,233,2,0,0,2,26.2,6991.93,132241483776,32668696576,2,0,1,0,0,1,1,6,167,479.0,Sort,0,3.295
DESKTOP-KQF03T0,Jashvanth,2026-06-30T14:43:41.145346,Q82_V009,Q_0913,2,1,0,1,1,0,233,2,0,0,2,23.5,7017.1,132241991680,32669208576,2,0,1,0,0,1,1,6,167,479.0,Sort,0,2.927
DESKTOP-KQF03T0,Jashvanth,2026-06-30T14:43:46.178901,Q82_V009,Q_0913,3,1,0,1,1,0,233,2,0,0,2,33.1,7019.11,132242245632,32669577216,2,0,1,0,0,1,1,6,167,479.0,Sort,0,7.913
DESKTOP-KQF03T0,Jashvanth,2026-06-30T14:43:51.237765,Q82_V010,Q_0914,1,1,0,1,1,0,214,2,0,1,2,40.7,7033.45,132243486720,32670730240,2,0,1,0,0,1,1,6,2,133.0,Sort,0,5.787
DESKTOP-KQF03T0,Jashvanth,2026-06-30T14:43:56.260854,Q82_V010,Q_0914,2,1,0,1,1,0,214,2,0,1,2,37.5,7020.09,132243777536,32671266816,2,0,1,0,0,1,1,6,2,133.0,Sort,0,1.944
DESKTOP-KQF03T0,Jashvanth,2026-06-30T14:44:01.296463,Q82_V010,Q_0914,3,1,0,1,1,0,214,2,0,1,2,44.0,7016.99,132244441088,32671840256,2,0,1,0,0,1,1,6,2,133.0,Sort,0,4.1
DESKTOP-KQF03T0,Jashvanth,2026-06-30T14:44:06.332114,Q82_V011,Q_0915,1,1,0,1,1,0,170,1,0,0,2,33.6,7032.16,132244846592,32672507904,2,0,1,0,0,1,1,7,20,20.0,Limit,0,5.803
DESKTOP-KQF03T0,Jashvanth,2026-06-30T14:44:11.366741,Q82_V011,Q_0915,2,1,0,1,1,0,170,1,0,0,2,39.3,7019.18,132245219328,32673175552,2,0,1,0,0,1,1,7,20,20.0,Limit,0,3.219
DESKTOP-KQF03T0,Jashvanth,2026-06-30T14:44:16.391588,Q82_V011,Q_0915,3,1,0,1,1,0,170,1,0,0,2,30.6,7021.02,132245329920,32673462272,2,0,1,0,0,1,1,7,20,20.0,Limit,0,2.704
DESKTOP-KQF03T0,Jashvanth,2026-06-30T14:44:21.439512,Q83_V001,Q_0916,1,3,0,1,1,0,233,1,0,0,4,40.8,7034.82,132245862400,32673966080,4,0,3,0,0,1,1,12,170,5.0,Sort,0,11.001
DESKTOP-KQF03T0,Jashvanth,2026-06-30T14:44:26.477864,Q83_V001,Q_0916,2,3,0,1,1,0,233,1,0,0,4,36.6,7038.44,132246751232,32674519040,4,0,3,0,0,1,1,12,170,5.0,Sort,0,7.85
DESKTOP-KQF03T0,Jashvanth,2026-06-30T14:44:31.516329,Q83_V001,Q_0916,3,3,0,1,1,0,233,1,0,0,4,35.3,7046.1,132246939648,32674861056,4,0,3,0,0,1,1,12,170,5.0,Sort,0,10.873
DESKTOP-KQF03T0,Jashvanth,2026-06-30T14:44:36.556619,Q83_V002,Q_0917,1,3,0,1,1,0,232,1,0,0,4,39.3,7050.95,132247582720,32676503552,4,0,3,0,0,1,1,12,170,5.0,Sort,0,11.999
DESKTOP-KQF03T0,Jashvanth,2026-06-30T14:44:41.585552,Q83_V002,Q_0917,2,3,0,1,1,0,232,1,0,0,4,42.3,7062.37,132247791616,32676868096,4,0,3,0,0,1,1,12,170,5.0,Sort,0,7.757
DESKTOP-KQF03T0,Jashvanth,2026-06-30T14:44:46.624927,Q83_V002,Q_0917,3,3,0,1,1,0,232,1,0,0,4,43.4,6977.34,132248221696,32700837888,4,0,3,0,0,1,1,12,170,5.0,Sort,0,10.444
DESKTOP-KQF03T0,Jashvanth,2026-06-30T14:44:51.657613,Q83_V003,Q_0918,1,3,0,1,1,0,219,1,0,0,4,29.7,6982.15,132248344576,32701472768,4,0,3,0,0,1,1,12,170,5.0,Sort,0,8.954
DESKTOP-KQF03T0,Jashvanth,2026-06-30T14:44:56.688391,Q83_V003,Q_0918,2,3,0,1,1,0,219,1,0,0,4,39.4,7024.75,132251547648,32703528960,4,0,3,0,0,1,1,12,170,5.0,Sort,0,5.186
DESKTOP-KQF03T0,Jashvanth,2026-06-30T14:45:01.722507,Q83_V003,Q_0918,3,3,0,1,1,0,219,1,0,0,4,48.1,7007.62,132252395520,32703770624,4,0,3,0,0,1,1,12,170,5.0,Sort,0,9.073
DESKTOP-KQF03T0,Jashvanth,2026-06-30T14:45:06.765914,Q83_V004,Q_0919,1,3,0,1,1,0,223,1,0,0,4,65.9,7073.08,132253665280,32704139264,4,0,3,0,0,1,1,12,170,5.0,Sort,0,13.311
DESKTOP-KQF03T0,Jashvanth,2026-06-30T14:45:11.823359,Q83_V004,Q_0919,2,3,0,1,1,0,223,1,0,0,4,74.8,7082.69,132254778880,32705077248,4,0,3,0,0,1,1,12,170,5.0,Sort,0,14.934
DESKTOP-KQF03T0,Jashvanth,2026-06-30T14:45:16.867328,Q83_V004,Q_0919,3,3,0,1,1,0,223,1,0,0,4,64.8,7098.45,132278916096,32705605632,4,0,3,0,0,1,1,12,170,5.0,Sort,0,10.188
DESKTOP-KQF03T0,Jashvanth,2026-06-30T14:45:21.914268,Q83_V005,Q_0920,1,3,1,1,1,0,272,1,0,0,4,78.6,7111.22,132339145728,32706088960,4,0,3,0,0,1,1,12,170,5.0,Sort,0,14.421
DESKTOP-KQF03T0,Jashvanth,2026-06-30T14:45:26.954816,Q83_V005,Q_0920,2,3,1,1,1,0,272,1,0,0,4,87.0,7159.26,132339433472,32706711552,4,0,3,0,0,1,1,12,170,5.0,Sort,0,10.63
DESKTOP-KQF03T0,Jashvanth,2026-06-30T14:45:31.997609,Q83_V005,Q_0920,3,3,1,1,1,0,272,1,0,0,4,75.0,7227.5,132339720192,32707358720,4,0,3,0,0,1,1,12,170,5.0,Sort,0,7.138
DESKTOP-KQF03T0,Jashvanth,2026-06-30T14:45:37.051819,Q83_V006,Q_0921,1,3,0,1,1,0,267,2,0,0,4,42.6,7146.65,132339867648,32707588096,4,0,3,0,0,1,1,12,170,5.0,Sort,0,12.625
DESKTOP-KQF03T0,Jashvanth,2026-06-30T14:45:42.115832,Q83_V006,Q_0921,2,3,0,1,1,0,267,2,0,0,4,48.6,7103.57,132340072448,32708354048,4,0,3,0,0,1,1,12,170,5.0,Sort,0,10.996
DESKTOP-KQF03T0,Jashvanth,2026-06-30T14:45:47.152272,Q83_V006,Q_0921,3,3,0,1,1,0,267,2,0,0,4,42.8,7101.02,132340224000,32709517312,4,0,3,0,0,1,1,12,170,5.0,Sort,0,8.904
DESKTOP-KQF03T0,Jashvanth,2026-06-30T14:45:52.235563,Q83_V007,Q_0922,1,2,0,1,1,0,204,1,1,0,3,33.1,7088.73,132340490240,32710094848,3,0,2,0,0,2,1,10,170,5.0,Sort,0,16.464
DESKTOP-KQF03T0,Jashvanth,2026-06-30T14:45:57.329341,Q83_V007,Q_0922,2,2,0,1,1,0,204,1,1,0,3,49.2,7134.25,132340629504,32711041024,3,0,2,0,0,2,1,10,170,5.0,Sort,0,10.715
DESKTOP-KQF03T0,Jashvanth,2026-06-30T14:46:02.404931,Q83_V007,Q_0922,3,2,0,1,1,0,204,1,1,0,3,52.1,7130.61,132341677056,32711766016,3,0,2,0,0,2,1,10,170,5.0,Sort,0,12.018
DESKTOP-KQF03T0,Jashvanth,2026-06-30T14:46:07.454535,Q83_V008,Q_0923,1,3,0,1,1,0,219,1,0,0,4,48.4,7110.16,132341963776,32712327168,4,0,3,0,0,1,1,12,170,5.0,Sort,0,15.379
DESKTOP-KQF03T0,Jashvanth,2026-06-30T14:46:12.491993,Q83_V008,Q_0923,2,3,0,1,1,0,219,1,0,0,4,45.6,7086.44,132342144000,32712781824,4,0,3,0,0,1,1,12,170,5.0,Sort,0,10.758
DESKTOP-KQF03T0,Jashvanth,2026-06-30T14:46:17.546205,Q83_V008,Q_0923,3,3,0,1,1,0,219,1,0,0,4,42.1,7088.03,132342619136,32713277440,4,0,3,0,0,1,1,12,170,5.0,Sort,0,14.811
DESKTOP-KQF03T0,Jashvanth,2026-06-30T14:46:22.585355,Q83_V009,Q_0924,1,3,1,1,1,0,259,1,0,0,4,45.7,7067.23,132343274496,32715186176,4,0,3,0,0,1,1,12,170,5.0,Sort,0,8.718
DESKTOP-KQF03T0,Jashvanth,2026-06-30T14:46:27.641345,Q83_V009,Q_0924,2,3,1,1,1,0,259,1,0,0,4,35.2,7059.83,132343561216,32715628544,4,0,3,0,0,1,1,12,170,5.0,Sort,0,9.136
DESKTOP-KQF03T0,Jashvanth,2026-06-30T14:46:32.674065,Q83_V009,Q_0924,3,3,1,1,1,0,259,1,0,0,4,40.5,7058.29,132343942144,32717051904,4,0,3,0,0,1,1,12,170,5.0,Sort,0,9.055
DESKTOP-KQF03T0,Jashvanth,2026-06-30T14:46:37.706857,Q83_V010,Q_0925,1,3,0,1,1,0,251,2,0,0,4,42.3,7074.54,132345875456,32717563904,4,0,3,0,0,1,1,12,170,5.0,Sort,0,5.875
DESKTOP-KQF03T0,Jashvanth,2026-06-30T14:46:42.750442,Q83_V010,Q_0925,2,3,0,1,1,0,251,2,0,0,4,37.8,7090.6,132346186752,32718129152,4,0,3,0,0,1,1,12,170,5.0,Sort,0,10.726
DESKTOP-KQF03T0,Jashvanth,2026-06-30T14:46:47.781861,Q83_V010,Q_0925,3,3,0,1,1,0,251,2,0,0,4,39.2,7088.76,132346485760,32718444544,4,0,3,0,0,1,1,12,170,5.0,Sort,0,10.242
DESKTOP-KQF03T0,Jashvanth,2026-06-30T14:46:52.837096,Q83_V011,Q_0926,1,3,0,1,1,0,273,2,1,0,4,37.9,7095.3,132347100160,32718903296,4,0,3,0,0,2,1,13,170,5.0,Sort,0,16.427
DESKTOP-KQF03T0,Jashvanth,2026-06-30T14:46:57.889460,Q83_V011,Q_0926,2,3,0,1,1,0,273,2,1,0,4,39.9,7095.95,132347444224,32719325184,4,0,3,0,0,2,1,13,170,5.0,Sort,0,23.529
DESKTOP-KQF03T0,Jashvanth,2026-06-30T14:47:02.934666,Q83_V011,Q_0926,3,3,0,1,1,0,273,2,1,0,4,44.0,7118.94,132347714560,32719878144,4,0,3,0,0,2,1,13,170,5.0,Sort,0,16.644
DESKTOP-KQF03T0,Jashvanth,2026-06-30T14:47:07.974602,Q84_V001,Q_0927,1,1,1,1,1,1,217,2,0,0,3,42.8,7128.31,132348005376,32720283648,3,0,1,0,0,1,2,9,20,20.0,Limit,0,4.294
DESKTOP-KQF03T0,Jashvanth,2026-06-30T14:47:13.003731,Q84_V001,Q_0927,2,1,1,1,1,1,217,2,0,0,3,39.8,7128.12,132348193792,32721074176,3,0,1,0,0,1,2,9,20,20.0,Limit,0,3.803
DESKTOP-KQF03T0,Jashvanth,2026-06-30T14:47:18.032115,Q84_V001,Q_0927,3,1,1,1,1,1,217,2,0,0,3,38.1,7122.92,132348447744,32721352704,3,0,1,0,0,1,2,9,20,20.0,Limit,0,2.525
DESKTOP-KQF03T0,Jashvanth,2026-06-30T14:47:23.059581,Q84_V002,Q_0928,1,1,1,1,1,1,216,2,0,0,3,45.4,7075.61,132348685312,32722601984,3,0,1,0,0,1,2,9,20,20.0,Limit,0,6.733
DESKTOP-KQF03T0,Jashvanth,2026-06-30T14:47:28.085862,Q84_V002,Q_0928,2,1,1,1,1,1,216,2,0,0,3,39.1,7002.26,132348689408,32723220480,3,0,1,0,0,1,2,9,20,20.0,Limit,0,4.032
DESKTOP-KQF03T0,Jashvanth,2026-06-30T14:47:33.111837,Q84_V002,Q_0928,3,1,1,1,1,1,216,2,0,0,3,23.1,6983.03,132349680640,32725325824,3,0,1,0,0,1,2,9,20,20.0,Limit,0,2.846
DESKTOP-KQF03T0,Jashvanth,2026-06-30T14:47:38.137511,Q84_V003,Q_0929,1,1,1,1,1,1,223,2,0,0,3,29.3,6997.35,132350270464,32725673984,3,0,1,0,0,1,2,9,20,20.0,Limit,0,3.985
DESKTOP-KQF03T0,Jashvanth,2026-06-30T14:47:43.161226,Q84_V003,Q_0929,2,1,1,1,1,1,223,2,0,0,3,27.3,6840.11,132350340096,32726165504,3,0,1,0,0,1,2,9,20,20.0,Limit,0,3.723
DESKTOP-KQF03T0,Jashvanth,2026-06-30T14:47:48.184970,Q84_V003,Q_0929,3,1,1,1,1,1,223,2,0,0,3,34.0,6850.73,132350442496,32726591488,3,0,1,0,0,1,2,9,20,20.0,Limit,0,2.638
DESKTOP-KQF03T0,Jashvanth,2026-06-30T14:47:53.209120,Q84_V004,Q_0930,1,1,1,1,1,1,247,3,0,0,3,19.3,6852.32,132350561280,32727058432,3,0,1,0,0,1,2,9,20,0.0,Limit,0,2.273
DESKTOP-KQF03T0,Jashvanth,2026-06-30T14:47:58.240963,Q84_V004,Q_0930,2,1,1,1,1,1,247,3,0,0,3,35.4,6673.67,132351261696,32727463936,3,0,1,0,0,1,2,9,20,0.0,Limit,0,3.959
DESKTOP-KQF03T0,Jashvanth,2026-06-30T14:48:03.265968,Q84_V004,Q_0930,3,1,1,1,1,1,247,3,0,0,3,34.3,7013.15,132351769088,32728721408,3,0,1,0,0,1,2,9,20,0.0,Limit,0,2.574
DESKTOP-KQF03T0,Jashvanth,2026-06-30T14:48:08.292423,Q84_V005,Q_0931,1,1,1,1,1,1,249,3,0,0,3,33.0,7007.49,132352059904,32728971264,3,0,1,0,0,1,2,9,20,20.0,Limit,0,2.912
DESKTOP-KQF03T0,Jashvanth,2026-06-30T14:48:13.316807,Q84_V005,Q_0931,2,1,1,1,1,1,249,3,0,0,3,21.4,7031.51,132355049984,32729992704,3,0,1,0,0,1,2,9,20,20.0,Limit,0,2.894
DESKTOP-KQF03T0,Jashvanth,2026-06-30T14:48:18.340259,Q84_V005,Q_0931,3,1,1,1,1,1,249,3,0,0,3,35.1,7018.89,132355351040,32730529280,3,0,1,0,0,1,2,9,20,20.0,Limit,0,3.127
DESKTOP-KQF03T0,Jashvanth,2026-06-30T14:48:23.377739,Q84_V006,Q_0932,1,1,1,1,1,1,224,2,0,0,3,47.1,7047.53,132355949056,32731885056,3,0,1,0,0,1,2,9,20,20.0,Limit,0,6.713
DESKTOP-KQF03T0,Jashvanth,2026-06-30T14:48:28.415114,Q84_V006,Q_0932,2,1,1,1,1,1,224,2,0,0,3,39.0,7045.25,132356030976,32732233728,3,0,1,0,0,1,2,9,20,20.0,Limit,0,4.051
DESKTOP-KQF03T0,Jashvanth,2026-06-30T14:48:33.446886,Q84_V006,Q_0932,3,1,1,1,1,1,224,2,0,0,3,43.2,7053.61,132358197760,32733609984,3,0,1,0,0,1,2,9,20,20.0,Limit,0,5.541
DESKTOP-KQF03T0,Jashvanth,2026-06-30T14:48:38.480001,Q84_V007,Q_0933,1,1,1,1,1,1,218,2,0,0,3,39.5,7062.04,132358908928,32734106112,3,0,1,0,0,1,2,8,25,25.0,Sort,0,2.44
DESKTOP-KQF03T0,Jashvanth,2026-06-30T14:48:43.507660,Q84_V007,Q_0933,2,1,1,1,1,1,218,2,0,0,3,45.6,7074.71,132358986752,32734482944,3,0,1,0,0,1,2,8,25,25.0,Sort,0,4.082
DESKTOP-KQF03T0,Jashvanth,2026-06-30T14:48:48.549873,Q84_V007,Q_0933,3,1,1,1,1,1,218,2,0,0,3,46.0,7079.74,132359670784,32735453696,3,0,1,0,0,1,2,8,25,25.0,Sort,0,6.43
DESKTOP-KQF03T0,Jashvanth,2026-06-30T14:48:53.584574,Q84_V008,Q_0934,1,1,1,1,1,1,222,2,0,0,3,33.4,7095.68,132359719936,32736231936,3,0,1,0,0,1,2,9,20,20.0,Limit,0,1.67
DESKTOP-KQF03T0,Jashvanth,2026-06-30T14:48:58.632115,Q84_V008,Q_0934,2,1,1,1,1,1,222,2,0,0,3,38.0,7100.11,132360158208,32736498176,3,0,1,0,0,1,2,9,20,20.0,Limit,0,4.046
DESKTOP-KQF03T0,Jashvanth,2026-06-30T14:49:03.657307,Q84_V008,Q_0934,3,1,1,1,1,1,222,2,0,0,3,50.3,7226.79,132360551424,32777372160,3,0,1,0,0,1,2,9,20,20.0,Limit,0,2.631
DESKTOP-KQF03T0,Jashvanth,2026-06-30T14:49:08.705060,Q84_V009,Q_0935,1,1,1,1,1,1,240,2,0,1,3,49.3,6751.45,132360641536,32778023424,3,0,1,0,0,1,2,9,20,20.0,Limit,0,5.069
DESKTOP-KQF03T0,Jashvanth,2026-06-30T14:49:13.732109,Q84_V009,Q_0935,2,1,1,1,1,1,240,2,0,1,3,26.5,6766.59,132366149632,32802861568,3,0,1,0,0,1,2,9,20,20.0,Limit,0,2.308
DESKTOP-KQF03T0,Jashvanth,2026-06-30T14:49:18.762545,Q84_V009,Q_0935,3,1,1,1,1,1,240,2,0,1,3,28.8,6742.09,132366190592,32803635712,3,0,1,0,0,1,2,9,20,20.0,Limit,0,4.984
DESKTOP-KQF03T0,Jashvanth,2026-06-30T14:49:23.788253,Q84_V010,Q_0936,1,1,1,1,1,0,179,1,0,0,2,23.1,6674.78,132375836672,32823190016,2,0,1,0,0,1,1,7,20,20.0,Limit,0,1.286
DESKTOP-KQF03T0,Jashvanth,2026-06-30T14:49:28.818382,Q84_V010,Q_0936,2,1,1,1,1,0,179,1,0,0,2,38.5,6663.03,132379062784,32824848896,2,0,1,0,0,1,1,7,20,20.0,Limit,0,2.419
DESKTOP-KQF03T0,Jashvanth,2026-06-30T14:49:33.846300,Q84_V010,Q_0936,3,1,1,1,1,0,179,1,0,0,2,37.8,6628.31,132379324928,32825496064,2,0,1,0,0,1,1,7,20,20.0,Limit,0,2.361
DESKTOP-KQF03T0,Jashvanth,2026-06-30T14:49:38.874862,Q84_V011,Q_0937,1,1,0,1,1,1,217,3,0,0,3,26.4,6703.84,132379603456,32826495488,3,0,1,0,0,1,2,9,20,20.0,Limit,0,3.664
DESKTOP-KQF03T0,Jashvanth,2026-06-30T14:49:43.917369,Q84_V011,Q_0937,2,1,0,1,1,1,217,3,0,0,3,30.8,6383.18,132394193920,32827126272,3,0,1,0,0,1,2,9,20,20.0,Limit,0,10.098
DESKTOP-KQF03T0,Jashvanth,2026-06-30T14:49:48.949727,Q84_V011,Q_0937,3,1,0,1,1,1,217,3,0,0,3,20.1,6380.93,132394296320,32827671040,3,0,1,0,0,1,2,9,20,20.0,Limit,0,3.571
DESKTOP-KQF03T0,Jashvanth,2026-06-30T14:49:53.987657,Q85_V001,Q_0938,1,0,0,1,1,0,132,1,0,0,2,23.9,6398.72,132394726400,32828027392,1,0,0,0,0,1,1,3,2235,7.0,Sort,0,13.0
DESKTOP-KQF03T0,Jashvanth,2026-06-30T14:49:59.032448,Q85_V001,Q_0938,2,0,0,1,1,0,132,1,0,0,2,17.5,6422.31,132394796032,32828424704,1,0,0,0,0,1,1,3,2235,7.0,Sort,0,16.161
DESKTOP-KQF03T0,Jashvanth,2026-06-30T14:50:04.073507,Q85_V001,Q_0938,3,0,0,1,1,0,132,1,0,0,2,34.6,6427.61,132395982848,32831623680,1,0,0,0,0,1,1,3,2235,7.0,Sort,0,14.552
DESKTOP-KQF03T0,Jashvanth,2026-06-30T14:50:09.109926,Q85_V002,Q_0939,1,0,0,1,1,0,137,1,0,0,2,19.2,6455.9,132396081152,32832119296,1,0,0,0,0,1,1,3,2235,7.0,Sort,0,15.282
DESKTOP-KQF03T0,Jashvanth,2026-06-30T14:50:14.193686,Q85_V002,Q_0939,2,0,0,1,1,0,137,1,0,0,2,60.5,6682.25,132479653888,32834716160,1,0,0,0,0,1,1,3,2235,7.0,Sort,0,31.838
DESKTOP-KQF03T0,Jashvanth,2026-06-30T14:50:19.277408,Q85_V002,Q_0939,3,0,0,1,1,0,137,1,0,0,2,58.0,6717.3,132482852864,32837079552,1,0,0,0,0,1,1,3,2235,7.0,Sort,0,21.669
DESKTOP-KQF03T0,Jashvanth,2026-06-30T14:50:24.322363,Q85_V003,Q_0940,1,0,0,1,1,0,130,1,0,0,2,53.8,6675.04,132483143680,32837280256,1,0,0,0,0,1,1,3,2235,7.0,Sort,0,14.209
DESKTOP-KQF03T0,Jashvanth,2026-06-30T14:50:29.373678,Q85_V003,Q_0940,2,0,0,1,1,0,130,1,0,0,2,86.9,6894.13,132486520832,32838270464,1,0,0,0,0,1,1,3,2235,7.0,Sort,0,22.803
DESKTOP-KQF03T0,Jashvanth,2026-06-30T14:50:34.411117,Q85_V003,Q_0940,3,0,0,1,1,0,130,1,0,0,2,67.5,6909.61,132487961600,32838635008,1,0,0,0,0,1,1,3,2235,7.0,Sort,0,14.218
DESKTOP-KQF03T0,Jashvanth,2026-06-30T14:50:39.472037,Q85_V004,Q_0941,1,0,0,1,1,0,126,1,0,0,2,87.7,7063.42,132489427968,32839183872,0,1,0,0,0,1,1,3,2235,7.0,Sort,0,28.594
DESKTOP-KQF03T0,Jashvanth,2026-06-30T14:50:44.516584,Q85_V004,Q_0941,2,0,0,1,1,0,126,1,0,0,2,43.3,6959.04,132489776128,32839486976,0,1,0,0,0,1,1,3,2235,7.0,Sort,0,13.641
DESKTOP-KQF03T0,Jashvanth,2026-06-30T14:50:49.570669,Q85_V004,Q_0941,3,0,0,1,1,0,126,1,0,0,2,63.1,6729.08,132490415104,32886926848,0,1,0,0,0,1,1,3,2235,7.0,Sort,0,11.806
DESKTOP-KQF03T0,Jashvanth,2026-06-30T14:50:54.607922,Q85_V005,Q_0942,1,0,1,1,1,0,176,1,0,0,3,25.5,6640.54,132490546176,32887021056,1,0,0,0,0,1,1,3,2177,7.0,Sort,0,14.784
DESKTOP-KQF03T0,Jashvanth,2026-06-30T14:50:59.649470,Q85_V005,Q_0942,2,0,1,1,1,0,176,1,0,0,3,30.9,6595.32,132490587136,32888475136,1,0,0,0,0,1,1,3,2177,7.0,Sort,0,17.168
DESKTOP-KQF03T0,Jashvanth,2026-06-30T14:51:04.716798,Q85_V005,Q_0942,3,0,1,1,1,0,176,1,0,0,3,31.7,6695.68,132490791936,32889335296,1,0,0,0,0,1,1,3,2177,7.0,Sort,0,22.966
DESKTOP-KQF03T0,Jashvanth,2026-06-30T14:51:09.754857,Q85_V006,Q_0943,1,0,1,1,1,0,176,1,0,0,3,37.0,6799.36,132525484544,32890412544,1,0,0,0,0,1,1,3,2177,5.0,Sort,0,15.027
DESKTOP-KQF03T0,Jashvanth,2026-06-30T14:51:14.796113,Q85_V006,Q_0943,2,0,1,1,1,0,176,1,0,0,3,23.2,6775.65,132526271488,32891720192,1,0,0,0,0,1,1,3,2177,5.0,Sort,0,19.498
DESKTOP-KQF03T0,Jashvanth,2026-06-30T14:51:19.840788,Q85_V006,Q_0943,3,0,1,1,1,0,176,1,0,0,3,31.0,6787.94,132527174656,32893149696,1,0,0,0,0,1,1,3,2177,5.0,Sort,0,20.594
DESKTOP-KQF03T0,Jashvanth,2026-06-30T14:51:24.896131,Q85_V007,Q_0944,1,0,0,1,1,0,163,2,0,0,2,27.9,6768.75,132708242432,32893923840,1,0,0,0,0,1,1,3,745,6.0,Sort,0,25.34
DESKTOP-KQF03T0,Jashvanth,2026-06-30T14:51:29.940726,Q85_V007,Q_0944,2,0,0,1,1,0,163,2,0,0,2,27.7,6758.31,132708312064,32894775808,1,0,0,0,0,1,1,3,745,6.0,Sort,0,10.14
DESKTOP-KQF03T0,Jashvanth,2026-06-30T14:51:34.985749,Q85_V007,Q_0944,3,0,0,1,1,0,163,2,0,0,2,26.4,6762.28,132708480000,32896332288,1,0,0,0,0,1,1,3,745,6.0,Sort,0,13.672
DESKTOP-KQF03T0,Jashvanth,2026-06-30T14:51:40.045802,Q85_V008,Q_0945,1,0,0,1,1,0,136,1,0,0,2,39.1,6776.07,132708725760,32896627200,1,0,0,0,0,1,1,3,2235,12.0,Sort,0,27.367
DESKTOP-KQF03T0,Jashvanth,2026-06-30T14:51:45.120772,Q85_V008,Q_0945,2,0,0,1,1,0,136,1,0,0,2,42.2,6795.0,132708795392,32896901632,1,0,0,0,0,1,1,3,2235,12.0,Sort,0,25.024
DESKTOP-KQF03T0,Jashvanth,2026-06-30T14:51:50.184878,Q85_V008,Q_0945,3,0,0,1,1,0,136,1,0,0,2,37.2,6802.86,132709012480,32897270272,1,0,0,0,0,1,1,3,2235,12.0,Sort,0,18.065
DESKTOP-KQF03T0,Jashvanth,2026-06-30T14:51:55.241392,Q85_V009,Q_0946,1,0,0,1,1,0,130,1,0,0,2,31.4,6778.95,132709032960,32898015744,1,0,0,0,0,1,1,3,2235,7.0,Sort,0,23.375
DESKTOP-KQF03T0,Jashvanth,2026-06-30T14:52:00.282162,Q85_V009,Q_0946,2,0,0,1,1,0,130,1,0,0,2,28.4,6781.6,132709168128,32898191872,1,0,0,0,0,1,1,3,2235,7.0,Sort,0,14.467
DESKTOP-KQF03T0,Jashvanth,2026-06-30T14:52:05.343405,Q85_V009,Q_0946,3,0,0,1,1,0,130,1,0,0,2,22.8,6797.48,132709172224,32898736640,1,0,0,0,0,1,1,3,2235,7.0,Sort,0,12.195
DESKTOP-KQF03T0,Jashvanth,2026-06-30T14:52:10.398225,Q85_V010,Q_0947,1,0,1,1,1,0,201,1,0,1,2,27.5,6833.1,132709393408,32899604992,1,0,0,0,0,1,1,3,2235,5.0,Sort,0,23.601
DESKTOP-KQF03T0,Jashvanth,2026-06-30T14:52:15.438291,Q85_V010,Q_0947,2,0,1,1,1,0,201,1,0,1,2,28.9,6837.45,132710183936,32903188992,1,0,0,0,0,1,1,3,2235,5.0,Sort,0,17.043
DESKTOP-KQF03T0,Jashvanth,2026-06-30T14:52:20.507555,Q85_V010,Q_0947,3,0,1,1,1,0,201,1,0,1,2,30.4,6804.47,132710409216,32904053248,1,0,0,0,0,1,1,3,2235,5.0,Sort,0,17.939
DESKTOP-KQF03T0,Jashvanth,2026-06-30T14:52:25.579661,Q85_V011,Q_0948,1,0,0,1,1,0,198,1,0,0,3,25.7,6844.01,132710591488,32905019904,1,0,0,0,0,1,1,3,2235,25.0,Sort,0,38.222
DESKTOP-KQF03T0,Jashvanth,2026-06-30T14:52:30.654886,Q85_V011,Q_0948,2,0,0,1,1,0,198,1,0,0,3,22.9,6813.82,132710763520,32905353728,1,0,0,0,0,1,1,3,2235,25.0,Sort,0,29.461
DESKTOP-KQF03T0,Jashvanth,2026-06-30T14:52:35.703881,Q85_V011,Q_0948,3,0,0,1,1,0,198,1,0,0,3,24.6,6808.84,132710984704,32905931264,1,0,0,0,0,1,1,3,2235,25.0,Sort,0,22.988
DESKTOP-KQF03T0,Jashvanth,2026-06-30T14:52:40.756121,Q86_V001,Q_0949,1,1,1,0,0,0,106,0,0,0,2,26.6,6830.59,132711066624,32907536896,2,0,1,0,0,0,0,4,1,160.0,Hash Join,0,6.193
DESKTOP-KQF03T0,Jashvanth,2026-06-30T14:52:45.811488,Q86_V001,Q_0949,2,1,1,0,0,0,106,0,0,0,2,34.7,6834.72,132711296000,32908253696,2,0,1,0,0,0,0,4,1,160.0,Hash Join,0,9.573
DESKTOP-KQF03T0,Jashvanth,2026-06-30T14:52:50.852117,Q86_V001,Q_0949,3,1,1,0,0,0,106,0,0,0,2,37.2,6781.0,132711373824,32908544512,2,0,1,0,0,0,0,4,1,160.0,Hash Join,0,3.686
DESKTOP-KQF03T0,Jashvanth,2026-06-30T14:52:55.885102,Q86_V002,Q_0950,1,1,1,0,1,0,125,0,0,0,2,35.5,6661.48,132711431168,32909056512,2,0,1,0,0,1,0,5,1,160.0,Sort,0,4.292
DESKTOP-KQF03T0,Jashvanth,2026-06-30T14:53:00.933989,Q86_V002,Q_0950,2,1,1,0,1,0,125,0,0,0,2,27.7,6647.21,132726583296,32909470208,2,0,1,0,0,1,0,5,1,160.0,Sort,0,2.309
DESKTOP-KQF03T0,Jashvanth,2026-06-30T14:53:05.994504,Q86_V002,Q_0950,3,1,1,0,1,0,125,0,0,0,2,38.7,6645.78,132726648832,32909912576,2,0,1,0,0,1,0,5,1,160.0,Sort,0,4.962
DESKTOP-KQF03T0,Jashvanth,2026-06-30T14:53:11.038070,Q86_V003,Q_0951,1,1,1,0,0,0,120,0,0,0,2,26.6,6671.04,132727259136,32910676992,2,0,1,0,0,0,0,4,1,160.0,Hash Join,0,1.694
DESKTOP-KQF03T0,Jashvanth,2026-06-30T14:53:16.060890,Q86_V003,Q_0951,2,1,1,0,0,0,120,0,0,0,2,37.2,6675.25,132727410688,32911287296,2,0,1,0,0,0,0,4,1,160.0,Hash Join,0,1.688
DESKTOP-KQF03T0,Jashvanth,2026-06-30T14:53:21.087016,Q86_V003,Q_0951,3,1,1,0,0,0,120,0,0,0,2,20.9,6686.16,132727439360,32911569920,2,0,1,0,0,0,0,4,1,160.0,Hash Join,0,1.649
DESKTOP-KQF03T0,Jashvanth,2026-06-30T14:53:26.150568,Q86_V004,Q_0952,1,0,1,0,0,1,102,0,1,0,2,32.2,6706.91,132727730176,32912020480,1,1,0,0,0,0,0,3,1000,160.0,Seq Scan,0,3.377
DESKTOP-KQF03T0,Jashvanth,2026-06-30T14:53:31.183733,Q86_V004,Q_0952,2,0,1,0,0,1,102,0,1,0,2,26.6,6691.82,132728033280,32912737280,1,1,0,0,0,0,0,3,1000,160.0,Seq Scan,0,2.134
DESKTOP-KQF03T0,Jashvanth,2026-06-30T14:53:36.219682,Q86_V004,Q_0952,3,0,1,0,0,1,102,0,1,0,2,30.9,6667.79,132728340480,32914007040,1,1,0,0,0,0,0,3,1000,160.0,Seq Scan,0,2.878
DESKTOP-KQF03T0,Jashvanth,2026-06-30T14:53:41.253539,Q86_V005,Q_0953,1,1,1,0,0,0,136,0,0,1,2,24.1,6680.51,132728504320,32914281472,1,1,1,0,0,0,0,5,1,38.0,Hash Join,0,2.869
DESKTOP-KQF03T0,Jashvanth,2026-06-30T14:53:46.278912,Q86_V005,Q_0953,2,1,1,0,0,0,136,0,0,1,2,31.2,6681.38,132728504320,32915239936,1,1,1,0,0,0,0,5,1,38.0,Hash Join,0,2.298
DESKTOP-KQF03T0,Jashvanth,2026-06-30T14:53:51.315554,Q86_V005,Q_0953,3,1,1,0,0,0,136,0,0,1,2,29.2,6706.09,132732365312,32916307456,1,1,1,0,0,0,0,5,1,38.0,Hash Join,0,2.145
DESKTOP-KQF03T0,Jashvanth,2026-06-30T14:53:56.360125,Q86_V006,Q_0954,1,1,1,0,0,0,138,0,0,1,2,95.1,7075.98,133051362304,32920293888,1,1,1,0,0,0,0,5,1,33.0,Hash Join,0,2.567
DESKTOP-KQF03T0,Jashvanth,2026-06-30T14:54:01.387942,Q86_V006,Q_0954,2,1,1,0,0,0,138,0,0,1,2,68.5,6922.12,133414103552,32950579712,1,1,1,0,0,0,0,5,1,33.0,Hash Join,0,0.951
DESKTOP-KQF03T0,Jashvanth,2026-06-30T14:54:06.420112,Q86_V006,Q_0954,3,1,1,0,0,0,138,0,0,1,2,43.2,6927.64,133995230208,32952349184,1,1,1,0,0,0,0,5,1,33.0,Hash Join,0,2.163
DESKTOP-KQF03T0,Jashvanth,2026-06-30T14:54:11.449639,Q86_V007,Q_0955,1,1,1,0,0,0,119,1,0,0,2,75.0,6985.43,134243269632,33020056064,2,0,1,0,0,0,1,5,1,1.0,Aggregate,0,2.915
DESKTOP-KQF03T0,Jashvanth,2026-06-30T14:54:16.481909,Q86_V007,Q_0955,2,1,1,0,0,0,119,1,0,0,2,48.2,6968.16,134791588864,33043169792,2,0,1,0,0,0,1,5,1,1.0,Aggregate,0,3.923
DESKTOP-KQF03T0,Jashvanth,2026-06-30T14:54:21.522713,Q86_V007,Q_0955,3,1,1,0,0,0,119,1,0,0,2,51.8,6900.38,135191731200,33044144640,2,0,1,0,0,0,1,5,1,1.0,Aggregate,0,4.19
DESKTOP-KQF03T0,Jashvanth,2026-06-30T14:54:26.546647,Q86_V008,Q_0956,1,1,1,1,1,0,180,1,0,0,2,36.1,6905.81,135413208064,33045328384,2,0,1,0,0,2,1,7,1,5.0,Sort,0,2.502
DESKTOP-KQF03T0,Jashvanth,2026-06-30T14:54:31.588443,Q86_V008,Q_0956,2,1,1,1,1,0,180,1,0,0,2,57.2,7150.16,135512297472,33047968256,2,0,1,0,0,2,1,7,1,5.0,Sort,0,6.326
DESKTOP-KQF03T0,Jashvanth,2026-06-30T14:54:36.614364,Q86_V008,Q_0956,3,1,1,1,1,0,180,1,0,0,2,42.9,7033.11,135513444352,33049225728,2,0,1,0,0,2,1,7,1,5.0,Sort,0,2.536
DESKTOP-KQF03T0,Jashvanth,2026-06-30T14:54:41.638974,Q86_V009,Q_0957,1,1,1,0,1,0,148,0,0,1,2,43.7,7057.83,135514030080,33049610752,2,0,1,0,0,1,0,5,1,149.0,Sort,0,3.462
DESKTOP-KQF03T0,Jashvanth,2026-06-30T14:54:46.671443,Q86_V009,Q_0957,2,1,1,0,1,0,148,0,0,1,2,58.6,6935.71,135514226688,33049958912,2,0,1,0,0,1,0,5,1,149.0,Sort,0,3.139
DESKTOP-KQF03T0,Jashvanth,2026-06-30T14:54:51.701422,Q86_V009,Q_0957,3,1,1,0,1,0,148,0,0,1,2,40.5,6899.57,135518475264,33050360320,2,0,1,0,0,1,0,5,1,149.0,Sort,0,2.114
DESKTOP-KQF03T0,Jashvanth,2026-06-30T14:54:56.729344,Q86_V010,Q_0958,1,1,1,0,0,0,136,0,0,1,2,21.1,6813.27,135520353792,33129814528,2,0,1,0,0,0,0,4,1,11.0,Hash Join,0,2.428
DESKTOP-KQF03T0,Jashvanth,2026-06-30T14:55:01.764692,Q86_V010,Q_0958,2,1,1,0,0,0,136,0,0,1,2,44.9,6791.51,135521186304,33130355200,2,0,1,0,0,0,0,4,1,11.0,Hash Join,0,2.471
DESKTOP-KQF03T0,Jashvanth,2026-06-30T14:55:06.918517,Q86_V010,Q_0958,3,1,1,0,0,0,136,0,0,1,2,63.7,6961.98,135569595904,33130969600,2,0,1,0,0,0,0,4,1,11.0,Hash Join,0,2.371
DESKTOP-KQF03T0,Jashvanth,2026-06-30T14:55:12.158243,Q86_V011,Q_0959,1,2,1,1,1,0,229,1,0,0,3,65.8,7008.71,135607612416,33133824512,2,1,1,1,0,2,1,9,1,25.0,Sort,0,5.866
DESKTOP-KQF03T0,Jashvanth,2026-06-30T14:55:17.218290,Q86_V011,Q_0959,2,2,1,1,1,0,229,1,0,0,3,42.6,7008.3,135624165888,33134676480,2,1,1,1,0,2,1,9,1,25.0,Sort,0,3.796
DESKTOP-KQF03T0,Jashvanth,2026-06-30T14:55:22.258897,Q86_V011,Q_0959,3,2,1,1,1,0,229,1,0,0,3,39.4,7028.95,135795462144,33243314688,2,1,1,1,0,2,1,9,1,25.0,Sort,0,5.542
DESKTOP-KQF03T0,Jashvanth,2026-06-30T14:55:27.342091,Q87_V001,Q_0960,1,0,1,0,0,0,90,1,0,0,1,81.0,7202.25,135981951488,33246291968,1,0,0,0,0,0,1,2,1,1.0,Aggregate,0,1.327
DESKTOP-KQF03T0,Jashvanth,2026-06-30T14:55:32.387241,Q87_V001,Q_0960,2,0,1,0,0,0,90,1,0,0,1,71.5,7273.48,135999390208,33251026944,1,0,0,0,0,0,1,2,1,1.0,Aggregate,0,1.255
DESKTOP-KQF03T0,Jashvanth,2026-06-30T14:55:37.422486,Q87_V001,Q_0960,3,0,1,0,0,0,90,1,0,0,1,76.0,7069.79,136209618432,33253607424,1,0,0,0,0,0,1,2,1,1.0,Aggregate,0,1.402
DESKTOP-KQF03T0,Jashvanth,2026-06-30T14:55:42.467708,Q87_V002,Q_0961,1,0,1,0,0,0,86,1,0,0,1,68.5,7182.76,136255597056,33256183808,1,0,0,0,0,0,1,2,1,1.0,Aggregate,0,1.759
DESKTOP-KQF03T0,Jashvanth,2026-06-30T14:55:47.579862,Q87_V002,Q_0961,2,0,1,0,0,0,86,1,0,0,1,99.8,7583.97,136357243392,33302223872,1,0,0,0,0,0,1,2,1,1.0,Aggregate,0,2.347
DESKTOP-KQF03T0,Jashvanth,2026-06-30T14:55:52.646858,Q87_V002,Q_0961,3,0,1,0,0,0,86,1,0,0,1,100.0,7769.71,136439352320,33318804480,1,0,0,0,0,0,1,2,1,1.0,Aggregate,0,2.77
DESKTOP-KQF03T0,Jashvanth,2026-06-30T14:55:57.974387,Q87_V003,Q_0962,1,0,1,0,0,0,90,1,0,0,1,100.0,7629.66,136596356608,33379044352,1,0,0,0,0,0,1,2,1,1.0,Aggregate,0,1.806
DESKTOP-KQF03T0,Jashvanth,2026-06-30T14:56:03.040304,Q87_V003,Q_0962,2,0,1,0,0,0,90,1,0,0,1,100.0,7636.24,136712649216,33465977856,1,0,0,0,0,0,1,2,1,1.0,Aggregate,0,1.927
DESKTOP-KQF03T0,Jashvanth,2026-06-30T14:56:08.155247,Q87_V003,Q_0962,3,0,1,0,0,0,90,1,0,0,1,100.0,7626.7,136797265408,33516211200,1,0,0,0,0,0,1,2,1,1.0,Aggregate,0,2.595
DESKTOP-KQF03T0,Jashvanth,2026-06-30T14:56:13.302343,Q87_V004,Q_0963,1,0,0,1,1,0,115,1,0,0,1,100.0,7717.57,136991665152,33516948480,1,0,0,0,0,1,1,3,5,5.0,Sort,0,4.293
DESKTOP-KQF03T0,Jashvanth,2026-06-30T14:56:19.012010,Q87_V004,Q_0963,2,0,0,1,1,0,115,1,0,0,1,100.0,7695.04,137134998016,33517444096,1,0,0,0,0,1,1,3,5,5.0,Sort,0,4.149
DESKTOP-KQF03T0,Jashvanth,2026-06-30T14:56:24.214125,Q87_V004,Q_0963,3,0,0,1,1,0,115,1,0,0,1,100.0,7773.46,137273805824,33585019904,1,0,0,0,0,1,1,3,5,5.0,Sort,0,4.166
DESKTOP-KQF03T0,Jashvanth,2026-06-30T14:56:29.301583,Q87_V005,Q_0964,1,0,1,0,0,0,127,1,0,1,1,99.8,7778.36,137327221248,33648102400,1,0,0,0,0,0,1,2,1,1.0,Aggregate,0,2.603
DESKTOP-KQF03T0,Jashvanth,2026-06-30T14:56:34.345626,Q87_V005,Q_0964,2,0,1,0,0,0,127,1,0,1,1,100.0,7641.7,137382367232,33725492224,1,0,0,0,0,0,1,2,1,1.0,Aggregate,0,1.878
DESKTOP-KQF03T0,Jashvanth,2026-06-30T14:56:39.386561,Q87_V005,Q_0964,3,0,1,0,0,0,127,1,0,1,1,99.9,7721.97,137508164096,33794509824,1,0,0,0,0,0,1,2,1,1.0,Aggregate,0,1.842
DESKTOP-KQF03T0,Jashvanth,2026-06-30T14:56:44.424233,Q87_V006,Q_0965,1,0,1,0,0,0,127,1,0,1,1,100.0,7729.96,137671411200,33801001984,1,0,0,0,0,0,1,2,1,1.0,Aggregate,0,1.752
DESKTOP-KQF03T0,Jashvanth,2026-06-30T14:56:49.455927,Q87_V006,Q_0965,2,0,1,0,0,0,127,1,0,1,1,96.3,7499.65,137982193664,33827535872,1,0,0,0,0,0,1,2,1,1.0,Aggregate,0,1.597
DESKTOP-KQF03T0,Jashvanth,2026-06-30T14:56:54.523976,Q87_V006,Q_0965,3,0,1,0,0,0,127,1,0,1,1,88.7,7600.65,138061727232,33912245248,1,0,0,0,0,0,1,2,1,1.0,Aggregate,0,1.837
DESKTOP-KQF03T0,Jashvanth,2026-06-30T14:56:59.605717,Q87_V007,Q_0966,1,0,1,0,0,0,116,2,0,0,1,99.2,7637.71,138112359936,33983990784,1,0,0,0,0,0,1,2,1,1.0,Aggregate,0,1.989
DESKTOP-KQF03T0,Jashvanth,2026-06-30T14:57:04.636791,Q87_V007,Q_0966,2,0,1,0,0,0,116,2,0,0,1,79.5,7631.03,138158756352,34014657536,1,0,0,0,0,0,1,2,1,1.0,Aggregate,0,2.244
DESKTOP-KQF03T0,Jashvanth,2026-06-30T14:57:09.673543,Q87_V007,Q_0966,3,0,1,0,0,0,116,2,0,0,1,91.1,7607.39,138265141760,34036026368,1,0,0,0,0,0,1,2,1,1.0,Aggregate,0,1.785
DESKTOP-KQF03T0,Jashvanth,2026-06-30T14:57:14.728059,Q87_V008,Q_0967,1,0,1,0,0,0,103,1,0,0,1,93.2,7649.63,138430944768,34089094144,1,0,0,0,0,0,1,2,1,1.0,Aggregate,0,7.368
DESKTOP-KQF03T0,Jashvanth,2026-06-30T14:57:19.779698,Q87_V008,Q_0967,2,0,1,0,0,0,103,1,0,0,1,87.8,7603.55,138551360000,34134940672,1,0,0,0,0,0,1,2,1,1.0,Aggregate,0,2.982
DESKTOP-KQF03T0,Jashvanth,2026-06-30T14:57:24.817476,Q87_V008,Q_0967,3,0,1,0,0,0,103,1,0,0,1,77.7,7663.7,138699122176,34177412096,1,0,0,0,0,0,1,2,1,1.0,Aggregate,0,3.416
DESKTOP-KQF03T0,Jashvanth,2026-06-30T14:57:29.879070,Q87_V009,Q_0968,1,0,1,0,0,0,92,1,0,0,1,86.2,7867.93,138783550976,34234690560,1,0,0,0,0,0,1,2,1,1.0,Aggregate,0,1.835
DESKTOP-KQF03T0,Jashvanth,2026-06-30T14:57:35.044394,Q87_V009,Q_0968,2,0,1,0,0,0,92,1,0,0,1,100.0,7784.88,138886248448,34256464896,1,0,0,0,0,0,1,2,1,1.0,Aggregate,0,1.912
DESKTOP-KQF03T0,Jashvanth,2026-06-30T14:57:40.099701,Q87_V009,Q_0968,3,0,1,0,0,0,92,1,0,0,1,90.0,7709.23,138924347392,34311715840,1,0,0,0,0,0,1,2,1,1.0,Aggregate,0,1.839
DESKTOP-KQF03T0,Jashvanth,2026-06-30T14:57:45.134532,Q87_V010,Q_0969,1,0,1,1,1,0,152,1,0,0,2,78.5,7717.04,138943726592,34319485952,1,0,0,0,0,1,1,3,843,6.0,Sort,0,2.693
DESKTOP-KQF03T0,Jashvanth,2026-06-30T14:57:50.191097,Q87_V010,Q_0969,2,0,1,1,1,0,152,1,0,0,2,88.3,7718.26,138992235008,34328325120,1,0,0,0,0,1,1,3,843,6.0,Sort,0,2.716
DESKTOP-KQF03T0,Jashvanth,2026-06-30T14:57:55.240746,Q87_V010,Q_0969,3,0,1,1,1,0,152,1,0,0,2,99.2,7809.15,139061160960,34372385792,1,0,0,0,0,1,1,3,843,6.0,Sort,0,2.742
DESKTOP-KQF03T0,Jashvanth,2026-06-30T14:58:00.648962,Q87_V011,Q_0970,1,0,1,0,0,0,116,1,0,1,1,99.9,7684.94,139136026624,34531515392,1,0,0,0,0,0,1,2,1,1.0,Aggregate,0,2.612
DESKTOP-KQF03T0,Jashvanth,2026-06-30T14:58:05.734349,Q87_V011,Q_0970,2,0,1,0,0,0,116,1,0,1,1,99.9,7690.21,139293803008,34647047168,1,0,0,0,0,0,1,2,1,1.0,Aggregate,0,2.971
DESKTOP-KQF03T0,Jashvanth,2026-06-30T14:58:10.785175,Q87_V011,Q_0970,3,0,1,0,0,0,116,1,0,1,1,99.9,7596.08,139374109184,34773601280,1,0,0,0,0,0,1,2,1,1.0,Aggregate,0,2.564
DESKTOP-KQF03T0,Jashvanth,2026-06-30T14:58:15.961260,Q88_V001,Q_0971,1,2,0,1,1,0,227,1,1,0,3,99.9,7583.71,139454788096,34860932096,3,0,2,0,0,2,1,11,20,20.0,Limit,0,124.024
DESKTOP-KQF03T0,Jashvanth,2026-06-30T14:58:21.095041,Q88_V001,Q_0971,2,2,0,1,1,0,227,1,1,0,3,100.0,7612.49,139570756608,35015515136,3,0,2,0,0,2,1,11,20,20.0,Limit,0,92.149
DESKTOP-KQF03T0,Jashvanth,2026-06-30T14:58:26.199311,Q88_V001,Q_0971,3,2,0,1,1,0,227,1,1,0,3,100.0,7514.42,139637564928,35085216768,3,0,2,0,0,2,1,11,20,20.0,Limit,0,62.615
DESKTOP-KQF03T0,Jashvanth,2026-06-30T14:58:31.369808,Q88_V002,Q_0972,1,2,0,1,1,0,226,1,1,0,3,99.9,7563.07,139667667456,35146756096,3,0,2,0,0,2,1,11,20,20.0,Limit,0,128.561
DESKTOP-KQF03T0,Jashvanth,2026-06-30T14:58:36.511302,Q88_V002,Q_0972,2,2,0,1,1,0,226,1,1,0,3,99.9,7509.16,139701882880,35220303872,3,0,2,0,0,2,1,11,20,20.0,Limit,0,64.004
DESKTOP-KQF03T0,Jashvanth,2026-06-30T14:58:41.653037,Q88_V002,Q_0972,3,2,0,1,1,0,226,1,1,0,3,100.0,7443.0,139729865216,35276742656,3,0,2,0,0,2,1,11,20,20.0,Limit,0,99.641
DESKTOP-KQF03T0,Jashvanth,2026-06-30T14:58:46.766737,Q88_V003,Q_0973,1,2,0,1,1,0,256,2,2,0,3,100.0,7241.76,139784496128,35314044928,3,0,2,0,0,2,1,10,667,852.0,Sort,0,76.588
DESKTOP-KQF03T0,Jashvanth,2026-06-30T14:58:51.867161,Q88_V003,Q_0973,2,2,0,1,1,0,256,2,2,0,3,74.7,6522.37,139963122688,35473645568,3,0,2,0,0,2,1,10,667,852.0,Sort,0,66.976
DESKTOP-KQF03T0,Jashvanth,2026-06-30T14:58:56.918181,Q88_V003,Q_0973,3,2,0,1,1,0,256,2,2,0,3,40.2,6295.16,139969071104,35475333120,3,0,2,0,0,2,1,10,667,852.0,Sort,0,26.477
DESKTOP-KQF03T0,Jashvanth,2026-06-30T14:59:01.981393,Q88_V004,Q_0974,1,2,0,1,1,0,227,1,1,0,3,35.3,6376.38,139993072640,35478659072,3,0,2,0,0,2,1,11,50,50.0,Limit,0,35.702
DESKTOP-KQF03T0,Jashvanth,2026-06-30T14:59:07.057179,Q88_V004,Q_0974,2,2,0,1,1,0,227,1,1,0,3,25.7,6432.57,140044627456,35480190976,3,0,2,0,0,2,1,11,50,50.0,Limit,0,44.322
DESKTOP-KQF03T0,Jashvanth,2026-06-30T14:59:12.118444,Q88_V004,Q_0974,3,2,0,1,1,0,227,1,1,0,3,34.6,6446.83,140061291520,35495473152,3,0,2,0,0,2,1,11,50,50.0,Limit,0,27.939
DESKTOP-KQF03T0,Jashvanth,2026-06-30T14:59:17.188130,Q88_V005,Q_0975,1,2,0,1,1,0,235,1,1,0,3,35.7,6447.45,140062729216,35496783872,3,0,2,0,0,2,1,11,20,20.0,Limit,0,46.585
DESKTOP-KQF03T0,Jashvanth,2026-06-30T14:59:22.264860,Q88_V005,Q_0975,2,2,0,1,1,0,235,1,1,0,3,38.1,6454.71,140063388672,35497857024,3,0,2,0,0,2,1,11,20,20.0,Limit,0,35.392
DESKTOP-KQF03T0,Jashvanth,2026-06-30T14:59:27.344245,Q88_V005,Q_0975,3,2,0,1,1,0,235,1,1,0,3,48.1,6548.38,140107314176,35498274816,3,0,2,0,0,2,1,11,20,20.0,Limit,0,35.029
DESKTOP-KQF03T0,Jashvanth,2026-06-30T14:59:32.410384,Q88_V006,Q_0976,1,2,0,2,1,1,307,2,1,0,4,59.5,6698.43,140115408896,35499782144,3,0,2,0,0,2,2,11,5,5.0,Sort,0,27.416
DESKTOP-KQF03T0,Jashvanth,2026-06-30T14:59:37.459641,Q88_V006,Q_0976,2,2,0,2,1,1,307,2,1,0,4,40.3,6683.14,140119173120,35501428736,3,0,2,0,0,2,2,11,5,5.0,Sort,0,24.093
DESKTOP-KQF03T0,Jashvanth,2026-06-30T14:59:42.515377,Q88_V006,Q_0976,3,2,0,2,1,1,307,2,1,0,4,26.5,6648.33,140119816192,35502088192,3,0,2,0,0,2,2,11,5,5.0,Sort,0,26.861
DESKTOP-KQF03T0,Jashvanth,2026-06-30T14:59:47.575646,Q88_V007,Q_0977,1,2,1,1,1,0,266,1,1,0,3,43.1,6641.74,140125488640,35503554560,3,0,2,0,0,2,1,11,20,20.0,Limit,0,27.202
DESKTOP-KQF03T0,Jashvanth,2026-06-30T14:59:52.669164,Q88_V007,Q_0977,2,2,1,1,1,0,266,1,1,0,3,39.4,6673.89,140127540736,35504033792,3,0,2,0,0,2,1,11,20,20.0,Limit,0,24.314
DESKTOP-KQF03T0,Jashvanth,2026-06-30T14:59:57.709784,Q88_V007,Q_0977,3,2,1,1,1,0,266,1,1,0,3,22.5,6723.34,140137766912,35504300032,3,0,2,0,0,2,1,11,20,20.0,Limit,0,18.997
DESKTOP-KQF03T0,Jashvanth,2026-06-30T15:00:02.760006,Q88_V008,Q_0978,1,2,1,1,1,0,266,1,1,0,3,38.1,6677.45,140138921984,35505901568,3,0,2,0,0,2,1,11,20,20.0,Limit,0,17.836
DESKTOP-KQF03T0,Jashvanth,2026-06-30T15:00:07.804645,Q88_V008,Q_0978,2,2,1,1,1,0,266,1,1,0,3,36.9,6645.12,140140211200,35506225152,3,0,2,0,0,2,1,11,20,20.0,Limit,0,18.242
DESKTOP-KQF03T0,Jashvanth,2026-06-30T15:00:12.858495,Q88_V008,Q_0978,3,2,1,1,1,0,266,1,1,0,3,34.4,6637.32,140148310016,35507073536,3,0,2,0,0,2,1,11,20,20.0,Limit,0,19.485
DESKTOP-KQF03T0,Jashvanth,2026-06-30T15:00:17.899250,Q88_V009,Q_0979,1,2,1,1,1,0,262,1,1,0,3,20.3,6637.49,140150579200,35507421696,3,0,2,0,0,2,1,11,20,20.0,Limit,0,11.289
DESKTOP-KQF03T0,Jashvanth,2026-06-30T15:00:22.942436,Q88_V009,Q_0979,2,2,1,1,1,0,262,1,1,0,3,40.6,6685.22,140174337536,35508318720,3,0,2,0,0,2,1,11,20,20.0,Limit,0,11.532
DESKTOP-KQF03T0,Jashvanth,2026-06-30T15:00:28.028741,Q88_V009,Q_0979,3,2,1,1,1,0,262,1,1,0,3,51.7,6749.09,140187617792,35509285376,3,0,2,0,0,2,1,11,20,20.0,Limit,0,12.654
DESKTOP-KQF03T0,Jashvanth,2026-06-30T15:00:33.085280,Q88_V010,Q_0980,1,2,0,1,1,0,212,1,0,0,3,56.3,6756.17,140189981696,35510062592,2,1,2,0,0,1,1,10,20,20.0,Limit,0,22.212
DESKTOP-KQF03T0,Jashvanth,2026-06-30T15:00:38.152805,Q88_V010,Q_0980,2,2,0,1,1,0,212,1,0,0,3,81.4,6892.16,140223504896,35512512000,2,1,2,0,0,1,1,10,20,20.0,Limit,0,34.257
DESKTOP-KQF03T0,Jashvanth,2026-06-30T15:00:43.208167,Q88_V010,Q_0980,3,2,0,1,1,0,212,1,0,0,3,56.8,6868.43,140229836800,35513519616,2,1,2,0,0,1,1,10,20,20.0,Limit,0,22.808
DESKTOP-KQF03T0,Jashvanth,2026-06-30T15:00:48.263414,Q88_V011,Q_0981,1,2,1,1,1,0,259,1,1,0,3,79.3,7080.61,140304238592,35526462976,1,2,1,1,0,2,1,11,20,20.0,Limit,0,15.877
DESKTOP-KQF03T0,Jashvanth,2026-06-30T15:00:53.403013,Q88_V011,Q_0981,2,2,1,1,1,0,259,1,1,0,3,99.9,7128.46,140342349312,35536850432,1,2,1,1,0,2,1,11,20,20.0,Limit,0,13.272
DESKTOP-KQF03T0,Jashvanth,2026-06-30T15:00:58.451243,Q88_V011,Q_0981,3,2,1,1,1,0,259,1,1,0,3,100.0,7214.73,140351043584,35537157632,1,2,1,1,0,2,1,11,20,20.0,Limit,0,15.789
DESKTOP-KQF03T0,Jashvanth,2026-06-30T15:01:03.527718,Q89_V001,Q_0982,1,1,0,0,0,0,110,1,0,0,2,97.7,7037.82,140443168768,35802566144,2,0,1,0,0,0,1,5,1,1.0,Aggregate,0,27.079
DESKTOP-KQF03T0,Jashvanth,2026-06-30T15:01:08.588906,Q89_V001,Q_0982,2,1,0,0,0,0,110,1,0,0,2,63.4,7021.3,140460193280,35803246080,2,0,1,0,0,0,1,5,1,1.0,Aggregate,0,25.614
DESKTOP-KQF03T0,Jashvanth,2026-06-30T15:01:13.630569,Q89_V001,Q_0982,3,1,0,0,0,0,110,1,0,0,2,36.1,7005.93,140462310912,35804065280,2,0,1,0,0,0,1,5,1,1.0,Aggregate,0,13.832
DESKTOP-KQF03T0,Jashvanth,2026-06-30T15:01:18.676914,Q89_V002,Q_0983,1,1,1,0,0,0,149,1,0,0,2,34.4,7019.3,140493187584,35805097472,2,0,1,0,0,0,1,5,1,1.0,Aggregate,0,11.245
DESKTOP-KQF03T0,Jashvanth,2026-06-30T15:01:23.740075,Q89_V002,Q_0983,2,1,1,0,0,0,149,1,0,0,2,34.3,7024.55,140819813376,35806031360,2,0,1,0,0,0,1,5,1,1.0,Aggregate,0,10.543
DESKTOP-KQF03T0,Jashvanth,2026-06-30T15:01:28.780688,Q89_V002,Q_0983,3,1,1,0,0,0,149,1,0,0,2,35.0,7019.28,140833329152,35814235648,2,0,1,0,0,0,1,5,1,1.0,Aggregate,0,13.402
DESKTOP-KQF03T0,Jashvanth,2026-06-30T15:01:33.816812,Q89_V003,Q_0984,1,1,1,0,0,0,149,1,0,0,2,31.1,7005.52,140835674624,35815915008,2,0,1,0,0,0,1,5,1,1.0,Aggregate,0,8.317
DESKTOP-KQF03T0,Jashvanth,2026-06-30T15:01:38.880573,Q89_V003,Q_0984,2,1,1,0,0,0,149,1,0,0,2,42.3,7020.23,140839222784,35816455680,2,0,1,0,0,0,1,5,1,1.0,Aggregate,0,22.706
DESKTOP-KQF03T0,Jashvanth,2026-06-30T15:01:43.929370,Q89_V003,Q_0984,3,1,1,0,0,0,149,1,0,0,2,87.0,7058.4,140844839936,35816877568,2,0,1,0,0,0,1,5,1,1.0,Aggregate,0,15.165
DESKTOP-KQF03T0,Jashvanth,2026-06-30T15:01:48.985975,Q89_V004,Q_0985,1,1,0,0,0,0,114,1,0,0,2,97.8,7225.15,140854282240,35817704960,2,0,1,0,0,0,1,5,1,1.0,Aggregate,0,24.155
DESKTOP-KQF03T0,Jashvanth,2026-06-30T15:01:54.050031,Q89_V004,Q_0985,2,1,0,0,0,0,114,1,0,0,2,67.8,7234.71,140896638976,35870965248,2,0,1,0,0,0,1,5,1,1.0,Aggregate,0,29.955
DESKTOP-KQF03T0,Jashvanth,2026-06-30T15:01:59.099042,Q89_V004,Q_0985,3,1,0,0,0,0,114,1,0,0,2,33.3,7107.07,140899211264,35871317504,2,0,1,0,0,0,1,5,1,1.0,Aggregate,0,17.444
DESKTOP-KQF03T0,Jashvanth,2026-06-30T15:02:04.170670,Q89_V005,Q_0986,1,0,0,0,0,0,73,1,0,0,1,46.3,7011.78,140936472576,35872263680,1,0,0,0,0,0,1,2,1,1.0,Aggregate,0,11.026
DESKTOP-KQF03T0,Jashvanth,2026-06-30T15:02:09.209489,Q89_V005,Q_0986,2,0,0,0,0,0,73,1,0,0,1,21.8,7002.25,140968728576,35873144320,1,0,0,0,0,0,1,2,1,1.0,Aggregate,0,8.602
DESKTOP-KQF03T0,Jashvanth,2026-06-30T15:02:14.249099,Q89_V005,Q_0986,3,0,0,0,0,0,73,1,0,0,1,28.7,7097.32,141002795008,35873754624,1,0,0,0,0,0,1,2,1,1.0,Aggregate,0,9.637
DESKTOP-KQF03T0,Jashvanth,2026-06-30T15:02:19.319631,Q89_V006,Q_0987,1,1,0,1,1,0,177,1,0,0,2,55.8,6944.65,141021222912,35922415104,2,0,1,0,0,1,1,6,5,5.0,Sort,0,30.17
DESKTOP-KQF03T0,Jashvanth,2026-06-30T15:02:24.389188,Q89_V006,Q_0987,2,1,0,1,1,0,177,1,0,0,2,30.0,7022.77,141022554112,35924438528,2,0,1,0,0,1,1,6,5,5.0,Sort,0,35.562
DESKTOP-KQF03T0,Jashvanth,2026-06-30T15:02:29.434379,Q89_V006,Q_0987,3,1,0,1,1,0,177,1,0,0,2,22.1,6994.36,141024778240,35924848128,2,0,1,0,0,1,1,6,5,5.0,Sort,0,18.877
DESKTOP-KQF03T0,Jashvanth,2026-06-30T15:02:34.501074,Q89_V007,Q_0988,1,1,0,1,1,0,172,1,0,0,3,31.6,6996.43,141026341888,35925376512,2,0,1,0,0,1,1,6,1960,6.0,Sort,0,24.748
DESKTOP-KQF03T0,Jashvanth,2026-06-30T15:02:39.563091,Q89_V007,Q_0988,2,1,0,1,1,0,172,1,0,0,3,31.2,6997.0,141029556736,35925904896,2,0,1,0,0,1,1,6,1960,6.0,Sort,0,29.474
DESKTOP-KQF03T0,Jashvanth,2026-06-30T15:02:44.609338,Q89_V007,Q_0988,3,1,0,1,1,0,172,1,0,0,3,26.0,7006.7,141029986816,35926240768,2,0,1,0,0,1,1,6,1960,6.0,Sort,0,23.996
DESKTOP-KQF03T0,Jashvanth,2026-06-30T15:02:49.671584,Q89_V008,Q_0989,1,1,0,1,1,0,168,1,0,0,2,44.1,7015.08,141030613504,35926490624,2,0,1,0,0,1,1,6,7,7.0,Sort,0,34.83
DESKTOP-KQF03T0,Jashvanth,2026-06-30T15:02:54.732537,Q89_V008,Q_0989,2,1,0,1,1,0,168,1,0,0,2,37.0,7045.88,141035576320,35927100928,2,0,1,0,0,1,1,6,7,7.0,Sort,0,31.464
DESKTOP-KQF03T0,Jashvanth,2026-06-30T15:02:59.786939,Q89_V008,Q_0989,3,1,0,1,1,0,168,1,0,0,2,44.7,7060.38,141084891136,35927506432,2,0,1,0,0,1,1,6,7,7.0,Sort,0,15.112
DESKTOP-KQF03T0,Jashvanth,2026-06-30T15:03:04.839644,Q89_V009,Q_0990,1,1,0,0,0,0,161,2,0,0,2,46.5,7075.97,141086767104,35927846400,2,0,1,0,0,0,1,5,1,1.0,Aggregate,0,20.529
DESKTOP-KQF03T0,Jashvanth,2026-06-30T15:03:09.888129,Q89_V009,Q_0990,2,1,0,0,0,0,161,2,0,0,2,40.2,7080.61,141087418368,35928620544,2,0,1,0,0,0,1,5,1,1.0,Aggregate,0,20.257
DESKTOP-KQF03T0,Jashvanth,2026-06-30T15:03:14.935317,Q89_V009,Q_0990,3,1,0,0,0,0,161,2,0,0,2,39.1,7101.18,141088507904,35929103872,2,0,1,0,0,0,1,5,1,1.0,Aggregate,0,18.611
DESKTOP-KQF03T0,Jashvanth,2026-06-30T15:03:19.969227,Q89_V010,Q_0991,1,1,1,0,0,0,145,1,0,0,2,36.8,7107.66,141088921600,35929382400,2,0,1,0,0,0,1,5,1,1.0,Aggregate,0,8.685
DESKTOP-KQF03T0,Jashvanth,2026-06-30T15:03:25.026573,Q89_V010,Q_0991,2,1,1,0,0,0,145,1,0,0,2,42.0,7343.39,141091350528,35930582528,2,0,1,0,0,0,1,5,1,1.0,Aggregate,0,13.518
DESKTOP-KQF03T0,Jashvanth,2026-06-30T15:03:30.090675,Q89_V010,Q_0991,3,1,1,0,0,0,145,1,0,0,2,35.6,7364.18,141092046848,35931975168,2,0,1,0,0,0,1,5,1,1.0,Aggregate,0,10.748
DESKTOP-KQF03T0,Jashvanth,2026-06-30T15:03:35.146071,Q89_V011,Q_0992,1,1,1,0,0,0,145,1,0,0,2,36.5,7357.09,141093132288,35932753408,2,0,1,0,0,0,1,5,1,1.0,Aggregate,0,17.414
DESKTOP-KQF03T0,Jashvanth,2026-06-30T15:03:40.209118,Q89_V011,Q_0992,2,1,1,0,0,0,145,1,0,0,2,45.2,7403.3,141107794432,35933437440,2,0,1,0,0,0,1,5,1,1.0,Aggregate,0,16.416
DESKTOP-KQF03T0,Jashvanth,2026-06-30T15:03:45.253872,Q89_V011,Q_0992,3,1,1,0,0,0,145,1,0,0,2,52.9,7382.0,141109293568,35934522880,2,0,1,0,0,0,1,5,1,1.0,Aggregate,0,13.207
DESKTOP-KQF03T0,Jashvanth,2026-06-30T15:03:50.289488,Q90_V001,Q_0993,1,0,0,1,1,0,130,2,0,0,1,58.5,7289.24,141133158912,35969203712,1,0,0,0,0,1,1,3,212,246.0,Sort,0,2.014
DESKTOP-KQF03T0,Jashvanth,2026-06-30T15:03:55.346720,Q90_V001,Q_0993,2,0,0,1,1,0,130,2,0,0,1,51.8,7101.58,141137074688,36055428608,1,0,0,0,0,1,1,3,212,246.0,Sort,0,1.553
DESKTOP-KQF03T0,Jashvanth,2026-06-30T15:04:00.375882,Q90_V001,Q_0993,3,0,0,1,1,0,130,2,0,0,1,47.4,7201.33,141256399360,36055817728,1,0,0,0,0,1,1,3,212,246.0,Sort,0,1.716
DESKTOP-KQF03T0,Jashvanth,2026-06-30T15:04:05.403631,Q90_V002,Q_0994,1,0,0,1,1,0,130,2,0,0,1,42.4,7091.8,141257640448,36056276480,1,0,0,0,0,1,1,3,212,131.0,Sort,0,0.819
DESKTOP-KQF03T0,Jashvanth,2026-06-30T15:04:10.440603,Q90_V002,Q_0994,2,0,0,1,1,0,130,2,0,0,1,43.3,6583.14,141259721216,36056956416,1,0,0,0,0,1,1,3,212,131.0,Sort,0,1.183
DESKTOP-KQF03T0,Jashvanth,2026-06-30T15:04:15.469109,Q90_V002,Q_0994,3,0,0,1,1,0,130,2,0,0,1,16.7,6614.05,141260626432,36057443840,1,0,0,0,0,1,1,3,212,131.0,Sort,0,1.352
DESKTOP-KQF03T0,Jashvanth,2026-06-30T15:04:20.502891,Q90_V003,Q_0995,1,0,0,1,1,0,129,2,0,0,1,24.8,6626.58,141261445632,36057693696,1,0,0,0,0,1,1,3,212,390.0,Sort,0,1.271
DESKTOP-KQF03T0,Jashvanth,2026-06-30T15:04:25.531417,Q90_V003,Q_0995,2,0,0,1,1,0,129,2,0,0,1,24.8,6574.2,141261683200,36058037760,1,0,0,0,0,1,1,3,212,390.0,Sort,0,1.06
DESKTOP-KQF03T0,Jashvanth,2026-06-30T15:04:30.556811,Q90_V003,Q_0995,3,0,0,1,1,0,129,2,0,0,1,34.0,6575.95,141262670336,36058971136,1,0,0,0,0,1,1,3,212,390.0,Sort,0,1.007
DESKTOP-KQF03T0,Jashvanth,2026-06-30T15:04:35.580829,Q90_V004,Q_0996,1,0,0,1,1,0,131,2,0,0,1,30.4,6571.47,141263837696,36059540480,1,0,0,0,0,1,1,3,212,352.0,Sort,0,1.126
DESKTOP-KQF03T0,Jashvanth,2026-06-30T15:04:40.614257,Q90_V004,Q_0996,2,0,0,1,1,0,131,2,0,0,1,24.7,6586.39,141264890368,36059986944,1,0,0,0,0,1,1,3,212,352.0,Sort,0,1.929
DESKTOP-KQF03T0,Jashvanth,2026-06-30T15:04:45.642801,Q90_V004,Q_0996,3,0,0,1,1,0,131,2,0,0,1,26.0,6563.88,141266385408,36060961792,1,0,0,0,0,1,1,3,212,352.0,Sort,0,0.914
DESKTOP-KQF03T0,Jashvanth,2026-06-30T15:04:50.670489,Q90_V005,Q_0997,1,0,0,1,1,0,163,3,0,0,1,19.5,6571.04,141267241472,36061400064,1,0,0,0,0,1,1,3,636,636.0,Sort,0,2.622
DESKTOP-KQF03T0,Jashvanth,2026-06-30T15:04:55.702470,Q90_V005,Q_0997,2,0,0,1,1,0,163,3,0,0,1,26.5,6579.31,141267708416,36062538752,1,0,0,0,0,1,1,3,636,636.0,Sort,0,2.767
DESKTOP-KQF03T0,Jashvanth,2026-06-30T15:05:00.744397,Q90_V005,Q_0997,3,0,0,1,1,0,163,3,0,0,1,37.3,6651.3,141268908544,36063849472,1,0,0,0,0,1,1,3,636,636.0,Sort,0,1.662
DESKTOP-KQF03T0,Jashvanth,2026-06-30T15:05:05.770638,Q90_V006,Q_0998,1,0,0,1,1,0,155,3,0,0,1,44.8,6641.36,141272068096,36064488448,1,0,0,0,0,1,1,3,212,246.0,Sort,0,0.85
DESKTOP-KQF03T0,Jashvanth,2026-06-30T15:05:10.805077,Q90_V006,Q_0998,2,0,0,1,1,0,155,3,0,0,1,34.5,6718.08,141293101056,36065188864,1,0,0,0,0,1,1,3,212,246.0,Sort,0,2.95
DESKTOP-KQF03T0,Jashvanth,2026-06-30T15:05:15.836846,Q90_V006,Q_0998,3,0,0,1,1,0,155,3,0,0,1,25.2,6685.75,141293674496,36065446912,1,0,0,0,0,1,1,3,212,246.0,Sort,0,1.019
DESKTOP-KQF03T0,Jashvanth,2026-06-30T15:05:20.867809,Q90_V007,Q_0999,1,0,0,1,1,0,132,2,0,0,1,21.1,6710.87,141294419968,36065786880,1,0,0,0,0,1,1,3,8,1.0,Sort,0,1.135
DESKTOP-KQF03T0,Jashvanth,2026-06-30T15:05:25.899691,Q90_V007,Q_0999,2,0,0,1,1,0,132,2,0,0,1,40.8,6736.35,141294870528,36066450432,1,0,0,0,0,1,1,3,8,1.0,Sort,0,0.971
DESKTOP-KQF03T0,Jashvanth,2026-06-30T15:05:30.932266,Q90_V007,Q_0999,3,0,0,1,1,0,132,2,0,0,1,56.1,7075.31,141314243072,36066688000,1,0,0,0,0,1,1,3,8,1.0,Sort,0,0.949
DESKTOP-KQF03T0,Jashvanth,2026-06-30T15:05:49.077378,Q90_V008,Q_1000,1,0,1,1,1,0,148,2,0,0,1,89.1,7370.22,141977321984,36107893760,1,0,0,0,0,1,1,3,192,218.0,Sort,0,1.22
DESKTOP-KQF03T0,Jashvanth,2026-06-30T15:05:54.152020,Q90_V008,Q_1000,2,0,1,1,1,0,148,2,0,0,1,97.6,7573.91,142023882240,36108311552,1,0,0,0,0,1,1,3,192,218.0,Sort,0,2.46
DESKTOP-KQF03T0,Jashvanth,2026-06-30T15:05:59.213639,Q90_V008,Q_1000,3,0,1,1,1,0,148,2,0,0,1,77.2,7594.3,142168249856,36147477504,1,0,0,0,0,1,1,3,192,218.0,Sort,0,1.152
DESKTOP-KQF03T0,Jashvanth,2026-06-30T15:06:04.254615,Q90_V009,Q_1001,1,0,1,1,1,0,149,2,0,0,1,48.3,7491.77,142177191936,36259486720,1,0,0,0,0,1,1,3,166,170.0,Sort,0,0.92
DESKTOP-KQF03T0,Jashvanth,2026-06-30T15:06:09.277670,Q90_V009,Q_1001,2,0,1,1,1,0,149,2,0,0,1,42.8,7494.61,142183377408,36260944896,1,0,0,0,0,1,1,3,166,170.0,Sort,0,0.632
DESKTOP-KQF03T0,Jashvanth,2026-06-30T15:06:14.303412,Q90_V009,Q_1001,3,0,1,1,1,0,149,2,0,0,1,43.4,7048.38,142188780032,36262640640,1,0,0,0,0,1,1,3,166,170.0,Sort,0,0.902
DESKTOP-KQF03T0,Jashvanth,2026-06-30T15:06:19.327319,Q90_V010,Q_1002,1,0,0,1,1,0,110,1,0,0,1,35.3,7054.0,142191001088,36262915072,1,0,0,0,0,1,1,4,10,10.0,Limit,0,0.859
DESKTOP-KQF03T0,Jashvanth,2026-06-30T15:06:24.369487,Q90_V010,Q_1002,2,0,0,1,1,0,110,1,0,0,1,48.9,7024.53,142197880832,36263283712,1,0,0,0,0,1,1,4,10,10.0,Limit,0,2.166
DESKTOP-KQF03T0,Jashvanth,2026-06-30T15:06:29.406692,Q90_V010,Q_1002,3,0,0,1,1,0,110,1,0,0,1,38.1,7057.5,142200252416,36263638016,1,0,0,0,0,1,1,4,10,10.0,Limit,0,2.143
DESKTOP-KQF03T0,Jashvanth,2026-06-30T15:06:34.446856,Q90_V011,Q_1003,1,0,0,1,1,0,140,2,0,0,1,51.5,7096.43,142203074560,36265526272,1,0,0,0,0,1,1,3,2,0.0,Sort,0,1.491
DESKTOP-KQF03T0,Jashvanth,2026-06-30T15:06:39.482597,Q90_V011,Q_1003,2,0,0,1,1,0,140,2,0,0,1,43.3,7095.37,142217145856,36265972736,1,0,0,0,0,1,1,3,2,0.0,Sort,0,0.599
DESKTOP-KQF03T0,Jashvanth,2026-06-30T15:06:44.522737,Q90_V011,Q_1003,3,0,0,1,1,0,140,2,0,0,1,46.1,7073.23,142219714048,36266198016,1,0,0,0,0,1,1,3,2,0.0,Sort,0,0.627
DESKTOP-KQF03T0,Jashvanth,2026-06-30T15:06:49.666022,Q91_V001,Q_1004,1,3,0,1,1,0,246,1,0,0,4,38.7,7082.31,142224138240,36267021312,4,0,3,0,0,1,1,13,10,10.0,Limit,0,88.607
DESKTOP-KQF03T0,Jashvanth,2026-06-30T15:06:54.786385,Q91_V001,Q_1004,2,3,0,1,1,0,246,1,0,0,4,44.9,7087.64,142240854016,36267459584,4,0,3,0,0,1,1,13,10,10.0,Limit,0,85.49
DESKTOP-KQF03T0,Jashvanth,2026-06-30T15:06:59.865768,Q91_V001,Q_1004,3,3,0,1,1,0,246,1,0,0,4,40.4,7098.95,142242018304,36267918336,4,0,3,0,0,1,1,13,10,10.0,Limit,0,38.954
DESKTOP-KQF03T0,Jashvanth,2026-06-30T15:07:04.978766,Q91_V002,Q_1005,1,3,0,1,1,0,245,1,0,0,4,45.9,7091.94,142244344832,36268438528,4,0,3,0,0,1,1,13,10,10.0,Limit,0,76.254
DESKTOP-KQF03T0,Jashvanth,2026-06-30T15:07:10.037598,Q91_V002,Q_1005,2,3,0,1,1,0,245,1,0,0,4,36.0,7123.13,142245696000,36268774400,4,0,3,0,0,1,1,13,10,10.0,Limit,0,33.725
DESKTOP-KQF03T0,Jashvanth,2026-06-30T15:07:15.162993,Q91_V002,Q_1005,3,3,0,1,1,0,245,1,0,0,4,47.6,7172.12,142274474496,36269302784,4,0,3,0,0,1,1,13,10,10.0,Limit,0,74.307
DESKTOP-KQF03T0,Jashvanth,2026-06-30T15:07:20.218440,Q91_V003,Q_1006,1,3,1,1,1,0,285,1,0,0,4,45.8,7168.13,142274957824,36270265344,4,0,3,0,0,1,1,13,10,10.0,Limit,0,22.267
DESKTOP-KQF03T0,Jashvanth,2026-06-30T15:07:25.350967,Q91_V003,Q_1006,2,3,1,1,1,0,285,1,0,0,4,40.3,7164.62,142275154432,36270658560,4,0,3,0,0,1,1,13,10,10.0,Limit,0,47.876
DESKTOP-KQF03T0,Jashvanth,2026-06-30T15:07:30.408960,Q91_V003,Q_1006,3,3,1,1,1,0,285,1,0,0,4,60.5,7096.71,142278451200,36271117312,4,0,3,0,0,1,1,13,10,10.0,Limit,0,27.68
DESKTOP-KQF03T0,Jashvanth,2026-06-30T15:07:35.470306,Q91_V004,Q_1007,1,3,1,1,1,0,285,1,0,0,4,64.5,7074.31,142278852608,36271477760,4,0,3,0,0,1,1,13,10,10.0,Limit,0,35.604
DESKTOP-KQF03T0,Jashvanth,2026-06-30T15:07:40.518532,Q91_V004,Q_1007,2,3,1,1,1,0,285,1,0,0,4,31.9,6970.38,142282481152,36273660928,4,0,3,0,0,1,1,13,10,10.0,Limit,0,19.228
DESKTOP-KQF03T0,Jashvanth,2026-06-30T15:07:45.562283,Q91_V004,Q_1007,3,3,1,1,1,0,285,1,0,0,4,28.1,6984.29,142283659776,36273898496,4,0,3,0,0,1,1,13,10,10.0,Limit,0,18.375
DESKTOP-KQF03T0,Jashvanth,2026-06-30T15:07:50.596600,Q91_V005,Q_1008,1,2,0,1,1,0,182,1,0,0,3,27.2,6983.18,142284655104,36274668544,2,1,2,0,0,1,1,10,10,10.0,Limit,0,6.214
DESKTOP-KQF03T0,Jashvanth,2026-06-30T15:07:55.625020,Q91_V005,Q_1008,2,2,0,1,1,0,182,1,0,0,3,27.4,6986.0,142284950016,36275037184,2,1,2,0,0,1,1,10,10,10.0,Limit,0,6.312
DESKTOP-KQF03T0,Jashvanth,2026-06-30T15:08:00.677448,Q91_V005,Q_1008,3,2,0,1,1,0,182,1,0,0,3,15.1,7012.8,142285814272,36275553280,2,1,2,0,0,1,1,10,10,10.0,Limit,0,6.259
DESKTOP-KQF03T0,Jashvanth,2026-06-30T15:08:05.796499,Q91_V006,Q_1009,1,3,0,1,1,0,254,1,0,0,4,27.2,7027.9,142286952960,36275774464,4,0,3,0,0,1,1,13,10,10.0,Limit,0,80.058
DESKTOP-KQF03T0,Jashvanth,2026-06-30T15:08:10.864625,Q91_V006,Q_1009,2,3,0,1,1,0,254,1,0,0,4,31.5,7033.54,142315767296,36276802560,4,0,3,0,0,1,1,13,10,10.0,Limit,0,42.345
DESKTOP-KQF03T0,Jashvanth,2026-06-30T15:08:15.968996,Q91_V006,Q_1009,3,3,0,1,1,0,254,1,0,0,4,46.3,7027.94,142316074496,36277163008,4,0,3,0,0,1,1,13,10,10.0,Limit,0,61.629
DESKTOP-KQF03T0,Jashvanth,2026-06-30T15:08:21.009904,Q91_V007,Q_1010,1,3,1,1,1,0,281,1,0,0,4,40.7,7026.34,142319629824,36277412864,4,0,3,0,0,1,1,13,10,10.0,Limit,0,13.706
DESKTOP-KQF03T0,Jashvanth,2026-06-30T15:08:26.053305,Q91_V007,Q_1010,2,3,1,1,1,0,281,1,0,0,4,39.7,7034.87,142320477696,36278637568,4,0,3,0,0,1,1,13,10,10.0,Limit,0,15.909
DESKTOP-KQF03T0,Jashvanth,2026-06-30T15:08:31.108008,Q91_V007,Q_1010,3,3,1,1,1,0,281,1,0,0,4,40.2,7059.21,142320788992,36279104512,4,0,3,0,0,1,1,13,10,10.0,Limit,0,15.423
DESKTOP-KQF03T0,Jashvanth,2026-06-30T15:08:36.192283,Q91_V008,Q_1011,1,3,0,1,1,0,237,1,0,0,4,71.0,7126.96,142324987392,36279960576,4,0,3,0,0,1,1,12,170,25.0,Sort,0,51.302
DESKTOP-KQF03T0,Jashvanth,2026-06-30T15:08:41.260032,Q91_V008,Q_1011,2,3,0,1,1,0,237,1,0,0,4,42.0,7150.33,142326113792,36280587264,4,0,3,0,0,1,1,12,170,25.0,Sort,0,40.002
DESKTOP-KQF03T0,Jashvanth,2026-06-30T15:08:46.339492,Q91_V008,Q_1011,3,3,0,1,1,0,237,1,0,0,4,52.5,7120.84,142327625216,36280988672,4,0,3,0,0,1,1,12,170,25.0,Sort,0,50.062
DESKTOP-KQF03T0,Jashvanth,2026-06-30T15:08:51.456171,Q91_V009,Q_1012,1,4,0,1,1,0,278,1,0,0,5,60.4,6847.75,142331684352,36318233600,5,0,4,0,0,1,1,15,170,5.0,Sort,0,47.175
DESKTOP-KQF03T0,Jashvanth,2026-06-30T15:08:56.555340,Q91_V009,Q_1012,2,4,0,1,1,0,278,1,0,0,5,27.1,6848.09,142331766272,36318909440,5,0,4,0,0,1,1,15,170,5.0,Sort,0,51.585
DESKTOP-KQF03T0,Jashvanth,2026-06-30T15:09:01.629886,Q91_V009,Q_1012,3,4,0,1,1,0,278,1,0,0,5,24.0,6861.81,142332628480,36319273984,5,0,4,0,0,1,1,15,170,5.0,Sort,0,39.332
DESKTOP-KQF03T0,Jashvanth,2026-06-30T15:09:06.679352,Q91_V010,Q_1013,1,3,1,1,1,0,270,1,0,0,4,29.3,6860.18,142332907008,36319515648,4,0,3,0,0,1,1,13,10,10.0,Limit,0,23.413
DESKTOP-KQF03T0,Jashvanth,2026-06-30T15:09:11.730159,Q91_V010,Q_1013,2,3,1,1,1,0,270,1,0,0,4,21.1,6881.28,142333210112,36320920576,4,0,3,0,0,1,1,13,10,10.0,Limit,0,22.916
DESKTOP-KQF03T0,Jashvanth,2026-06-30T15:09:16.804893,Q91_V010,Q_1013,3,3,1,1,1,0,270,1,0,0,4,20.6,6909.12,142334037504,36321448960,4,0,3,0,0,1,1,13,10,10.0,Limit,0,40.352
DESKTOP-KQF03T0,Jashvanth,2026-06-30T15:09:21.889237,Q91_V011,Q_1014,1,3,1,1,1,0,271,1,0,0,4,36.5,6821.17,142334627328,36321752064,4,0,3,0,0,1,1,13,10,10.0,Limit,0,50.475
DESKTOP-KQF03T0,Jashvanth,2026-06-30T15:09:26.956700,Q91_V011,Q_1014,2,3,1,1,1,0,271,1,0,0,4,44.8,6754.52,142334713344,36322276352,4,0,3,0,0,1,1,13,10,10.0,Limit,0,29.789
DESKTOP-KQF03T0,Jashvanth,2026-06-30T15:09:32.012674,Q91_V011,Q_1014,3,3,1,1,1,0,271,1,0,0,4,26.5,6656.82,142335241728,36322677760,4,0,3,0,0,1,1,13,10,10.0,Limit,0,27.744
DESKTOP-KQF03T0,Jashvanth,2026-06-30T15:09:37.059092,Q92_V001,Q_1015,1,1,0,2,1,2,339,4,0,0,4,27.8,6638.89,142335905280,36323075072,3,0,1,0,0,1,3,9,167,220.0,Sort,0,11.236
DESKTOP-KQF03T0,Jashvanth,2026-06-30T15:09:42.089405,Q92_V001,Q_1015,2,1,0,2,1,2,339,4,0,0,4,36.4,6663.85,142386510336,36347393024,3,0,1,0,0,1,3,9,167,220.0,Sort,0,6.321
DESKTOP-KQF03T0,Jashvanth,2026-06-30T15:09:47.135443,Q92_V001,Q_1015,3,1,0,2,1,2,339,4,0,0,4,31.1,6672.97,142387251712,36348089344,3,0,1,0,0,1,3,9,167,220.0,Sort,0,16.651
DESKTOP-KQF03T0,Jashvanth,2026-06-30T15:09:52.163073,Q92_V002,Q_1016,1,1,0,1,1,0,189,1,0,0,2,25.4,6674.57,142387276288,36348589056,2,0,1,0,0,1,1,7,20,20.0,Limit,0,3.674
DESKTOP-KQF03T0,Jashvanth,2026-06-30T15:09:57.205452,Q92_V002,Q_1016,2,1,0,1,1,0,189,1,0,0,2,25.2,6664.06,142387599872,36348843008,2,0,1,0,0,1,1,7,20,20.0,Limit,0,7.651
DESKTOP-KQF03T0,Jashvanth,2026-06-30T15:10:02.234031,Q92_V002,Q_1016,3,1,0,1,1,0,189,1,0,0,2,25.7,6656.3,142387964416,36349359104,2,0,1,0,0,1,1,7,20,20.0,Limit,0,3.231
DESKTOP-KQF03T0,Jashvanth,2026-06-30T15:10:07.280786,Q92_V003,Q_1017,1,1,0,1,1,0,231,2,0,0,2,32.5,6658.12,142388591104,36349666304,2,0,1,0,0,1,1,6,167,499.0,Sort,0,5.277
DESKTOP-KQF03T0,Jashvanth,2026-06-30T15:10:12.309324,Q92_V003,Q_1017,2,1,0,1,1,0,231,2,0,0,2,35.9,6680.69,142395132416,36352082944,2,0,1,0,0,1,1,6,167,499.0,Sort,0,3.486
DESKTOP-KQF03T0,Jashvanth,2026-06-30T15:10:17.347982,Q92_V003,Q_1017,3,1,0,1,1,0,231,2,0,0,2,24.0,6693.44,142395810816,36352410624,2,0,1,0,0,1,1,6,167,499.0,Sort,0,7.548
DESKTOP-KQF03T0,Jashvanth,2026-06-30T15:10:22.378016,Q92_V004,Q_1018,1,1,0,1,1,0,186,1,0,0,2,26.2,6706.84,142396225536,36352844800,2,0,1,0,0,1,1,7,20,20.0,Limit,0,5.304
DESKTOP-KQF03T0,Jashvanth,2026-06-30T15:10:27.415830,Q92_V004,Q_1018,2,1,0,1,1,0,186,1,0,0,2,31.0,6724.4,142396729856,36353299456,2,0,1,0,0,1,1,7,20,20.0,Limit,0,7.212
DESKTOP-KQF03T0,Jashvanth,2026-06-30T15:10:32.444963,Q92_V004,Q_1018,3,1,0,1,1,0,186,1,0,0,2,46.9,6729.96,142396905984,36353629184,2,0,1,0,0,1,1,7,20,20.0,Limit,0,4.883
DESKTOP-KQF03T0,Jashvanth,2026-06-30T15:10:37.472379,Q92_V005,Q_1019,1,1,0,1,1,0,164,1,0,0,2,32.9,6736.17,142397594112,36354198528,2,0,1,0,0,1,1,7,20,20.0,Limit,0,2.844
DESKTOP-KQF03T0,Jashvanth,2026-06-30T15:10:42.503566,Q92_V005,Q_1019,2,1,0,1,1,0,164,1,0,0,2,40.8,6754.3,142398118400,36355079168,2,0,1,0,0,1,1,7,20,20.0,Limit,0,3.157
DESKTOP-KQF03T0,Jashvanth,2026-06-30T15:10:47.554109,Q92_V005,Q_1019,3,1,0,1,1,0,164,1,0,0,2,19.2,6741.08,142398544384,36355582976,2,0,1,0,0,1,1,7,20,20.0,Limit,0,3.706
DESKTOP-KQF03T0,Jashvanth,2026-06-30T15:10:52.602479,Q92_V006,Q_1020,1,1,1,2,1,2,361,4,0,0,4,32.2,6762.66,142399659520,36356996096,3,0,1,0,0,1,3,9,167,218.0,Sort,0,16.222
DESKTOP-KQF03T0,Jashvanth,2026-06-30T15:10:57.647183,Q92_V006,Q_1020,2,1,1,2,1,2,361,4,0,0,4,25.2,6752.02,142400096256,36357315584,3,0,1,0,0,1,3,9,167,218.0,Sort,0,7.581
DESKTOP-KQF03T0,Jashvanth,2026-06-30T15:11:02.676134,Q92_V006,Q_1020,3,1,1,2,1,2,361,4,0,0,4,34.6,6764.28,142400757760,36357831680,3,0,1,0,0,1,3,9,167,218.0,Sort,0,5.6
DESKTOP-KQF03T0,Jashvanth,2026-06-30T15:11:07.712522,Q92_V007,Q_1021,1,1,1,2,1,2,362,4,0,0,4,23.0,6786.57,142401036288,36358310912,3,0,1,0,0,1,3,9,134,0.0,Sort,0,7.731
DESKTOP-KQF03T0,Jashvanth,2026-06-30T15:11:12.747927,Q92_V007,Q_1021,2,1,1,2,1,2,362,4,0,0,4,51.1,6777.39,142401798144,36359257088,3,0,1,0,0,1,3,9,134,0.0,Sort,0,6.546
DESKTOP-KQF03T0,Jashvanth,2026-06-30T15:11:17.782320,Q92_V007,Q_1021,3,1,1,2,1,2,362,4,0,0,4,41.4,6892.06,142480250880,36359601152,3,0,1,0,0,1,3,9,134,0.0,Sort,0,7.467
DESKTOP-KQF03T0,Jashvanth,2026-06-30T15:11:22.816511,Q92_V008,Q_1022,1,1,0,1,1,0,170,1,0,0,2,33.6,6954.29,142883868160,36361022464,2,0,1,0,0,1,1,7,20,20.0,Limit,0,3.752
DESKTOP-KQF03T0,Jashvanth,2026-06-30T15:11:27.847885,Q92_V008,Q_1022,2,1,0,1,1,0,170,1,0,0,2,24.4,6961.43,142929516544,36362140672,2,0,1,0,0,1,1,7,20,20.0,Limit,0,3.955
DESKTOP-KQF03T0,Jashvanth,2026-06-30T15:11:32.872681,Q92_V008,Q_1022,3,1,0,1,1,0,170,1,0,0,2,22.7,6896.39,142929717248,36363885568,2,0,1,0,0,1,1,7,20,20.0,Limit,0,2.86
DESKTOP-KQF03T0,Jashvanth,2026-06-30T15:11:37.910915,Q92_V009,Q_1023,1,2,0,1,1,0,200,1,0,0,3,71.4,7025.66,142932022784,36364766208,3,0,2,0,0,1,1,9,170,25.0,Sort,0,9.131
DESKTOP-KQF03T0,Jashvanth,2026-06-30T15:11:42.941645,Q92_V009,Q_1023,2,2,0,1,1,0,200,1,0,0,3,45.2,6902.19,142952410112,36464237568,3,0,2,0,0,1,1,9,170,25.0,Sort,0,6.466
DESKTOP-KQF03T0,Jashvanth,2026-06-30T15:11:47.982808,Q92_V009,Q_1023,3,2,0,1,1,0,200,1,0,0,3,24.8,6915.71,142952463360,36464589824,3,0,2,0,0,1,1,9,170,25.0,Sort,0,7.331
DESKTOP-KQF03T0,Jashvanth,2026-06-30T15:11:53.021767,Q92_V010,Q_1024,1,1,0,1,1,0,170,1,0,0,2,30.2,6910.26,142953364480,36465724416,2,0,1,0,0,1,1,7,20,20.0,Limit,0,3.895
DESKTOP-KQF03T0,Jashvanth,2026-06-30T15:11:58.047016,Q92_V010,Q_1024,2,1,0,1,1,0,170,1,0,0,2,26.5,6923.5,142953667584,36466654208,2,0,1,0,0,1,1,7,20,20.0,Limit,0,3.513
DESKTOP-KQF03T0,Jashvanth,2026-06-30T15:12:03.080373,Q92_V010,Q_1024,3,1,0,1,1,0,170,1,0,0,2,29.2,6918.26,142954990592,36466998272,2,0,1,0,0,1,1,7,20,20.0,Limit,0,1.986
DESKTOP-KQF03T0,Jashvanth,2026-06-30T15:12:08.120234,Q92_V011,Q_1025,1,1,0,1,1,0,169,1,0,0,2,30.4,6908.71,142964145152,36467551232,2,0,1,0,0,1,1,7,20,20.0,Limit,0,4.695
DESKTOP-KQF03T0,Jashvanth,2026-06-30T15:12:13.162597,Q92_V011,Q_1025,2,1,0,1,1,0,169,1,0,0,2,33.0,6893.89,142967992320,36468358144,2,0,1,0,0,1,1,7,20,20.0,Limit,0,2.831
DESKTOP-KQF03T0,Jashvanth,2026-06-30T15:12:18.187402,Q92_V011,Q_1025,3,1,0,1,1,0,169,1,0,0,2,21.3,6903.01,142968594944,36468689920,2,0,1,0,0,1,1,7,20,20.0,Limit,0,3.54
DESKTOP-KQF03T0,Jashvanth,2026-06-30T15:12:23.264959,Q93_V001,Q_1026,1,0,0,1,1,0,232,3,0,0,1,32.1,6933.53,142969528832,36469808128,1,0,0,0,0,1,1,3,6,6.0,Sort,0,36.216
DESKTOP-KQF03T0,Jashvanth,2026-06-30T15:12:28.314124,Q93_V001,Q_1026,2,0,0,1,1,0,232,3,0,0,1,26.5,6907.17,142969729536,36470327808,1,0,0,0,0,1,1,3,6,6.0,Sort,0,26.577
DESKTOP-KQF03T0,Jashvanth,2026-06-30T15:12:33.363028,Q93_V001,Q_1026,3,0,0,1,1,0,232,3,0,0,1,22.0,6903.54,142970151424,36470747648,1,0,0,0,0,1,1,3,6,6.0,Sort,0,22.183
DESKTOP-KQF03T0,Jashvanth,2026-06-30T15:12:38.439234,Q93_V002,Q_1027,1,0,1,1,1,0,270,3,0,0,1,25.2,6916.14,142970397184,36471067136,1,0,0,0,0,1,1,3,6,6.0,Sort,0,39.399
DESKTOP-KQF03T0,Jashvanth,2026-06-30T15:12:43.507959,Q93_V002,Q_1027,2,0,1,1,1,0,270,3,0,0,1,49.5,6945.63,142970950144,36472238592,1,0,0,0,0,1,1,3,6,6.0,Sort,0,35.142
DESKTOP-KQF03T0,Jashvanth,2026-06-30T15:12:48.575203,Q93_V002,Q_1027,3,0,1,1,1,0,270,3,0,0,1,45.6,6950.1,142971060736,36473680384,1,0,0,0,0,1,1,3,6,6.0,Sort,0,20.546
DESKTOP-KQF03T0,Jashvanth,2026-06-30T15:12:53.606654,Q93_V003,Q_1028,1,0,0,1,1,0,174,2,0,0,1,27.2,6920.25,142971396608,36474409472,1,0,0,0,0,1,1,3,6,6.0,Sort,0,9.795
DESKTOP-KQF03T0,Jashvanth,2026-06-30T15:12:58.647511,Q93_V003,Q_1028,2,0,0,1,1,0,174,2,0,0,1,20.3,6923.07,142971691520,36474933760,1,0,0,0,0,1,1,3,6,6.0,Sort,0,12.249
DESKTOP-KQF03T0,Jashvanth,2026-06-30T15:13:03.686367,Q93_V003,Q_1028,3,0,0,1,1,0,174,2,0,0,1,27.6,6929.45,142972580352,36475331072,1,0,0,0,0,1,1,3,6,6.0,Sort,0,13.377
DESKTOP-KQF03T0,Jashvanth,2026-06-30T15:13:08.732608,Q93_V004,Q_1029,1,0,0,1,1,0,151,2,0,0,1,28.6,6941.16,142985060864,36475838976,1,0,0,0,0,1,1,3,3,3.0,Sort,0,14.128
DESKTOP-KQF03T0,Jashvanth,2026-06-30T15:13:13.770153,Q93_V004,Q_1029,2,0,0,1,1,0,151,2,0,0,1,26.4,6939.48,142986461696,36476776960,1,0,0,0,0,1,1,3,3,3.0,Sort,0,15.697
DESKTOP-KQF03T0,Jashvanth,2026-06-30T15:13:18.814560,Q93_V004,Q_1029,3,0,0,1,1,0,151,2,0,0,1,24.2,6955.66,142986715648,36477301248,1,0,0,0,0,1,1,3,3,3.0,Sort,0,16.718
DESKTOP-KQF03T0,Jashvanth,2026-06-30T15:13:23.878572,Q93_V005,Q_1030,1,0,0,1,1,0,151,2,0,0,1,29.4,6928.88,142986977792,36478296576,1,0,0,0,0,1,1,3,2,2.0,Sort,0,30.33
DESKTOP-KQF03T0,Jashvanth,2026-06-30T15:13:28.915239,Q93_V005,Q_1030,2,0,0,1,1,0,151,2,0,0,1,28.5,6916.2,142987084288,36478624256,1,0,0,0,0,1,1,3,2,2.0,Sort,0,10.735
DESKTOP-KQF03T0,Jashvanth,2026-06-30T15:13:33.979484,Q93_V005,Q_1030,3,0,0,1,1,0,151,2,0,0,1,31.8,6911.57,142987350528,36479664640,1,0,0,0,0,1,1,3,2,2.0,Sort,0,19.049
DESKTOP-KQF03T0,Jashvanth,2026-06-30T15:13:39.038023,Q93_V006,Q_1031,1,0,1,1,1,0,244,2,0,0,1,28.0,6946.25,142988030464,36479836672,1,0,0,0,0,1,1,3,6,6.0,Sort,0,20.369
DESKTOP-KQF03T0,Jashvanth,2026-06-30T15:13:44.097405,Q93_V006,Q_1031,2,0,1,1,1,0,244,2,0,0,1,31.2,7021.38,142991155712,36480463360,1,0,0,0,0,1,1,3,6,6.0,Sort,0,26.635
DESKTOP-KQF03T0,Jashvanth,2026-06-30T15:13:49.151432,Q93_V006,Q_1031,3,0,1,1,1,0,244,2,0,0,1,62.6,7030.5,143000229376,36489224192,1,0,0,0,0,1,1,3,6,6.0,Sort,0,22.706
DESKTOP-KQF03T0,Jashvanth,2026-06-30T15:13:54.231304,Q93_V007,Q_1032,1,0,0,1,1,0,191,1,0,0,1,53.6,6842.73,143005356032,36523871744,1,0,0,0,0,1,1,3,6,6.0,Sort,0,44.782
DESKTOP-KQF03T0,Jashvanth,2026-06-30T15:13:59.285152,Q93_V007,Q_1032,2,0,0,1,1,0,191,1,0,0,1,33.9,6754.23,143032543744,36525989376,1,0,0,0,0,1,1,3,6,6.0,Sort,0,18.387
DESKTOP-KQF03T0,Jashvanth,2026-06-30T15:14:04.336246,Q93_V007,Q_1032,3,0,0,1,1,0,191,1,0,0,1,26.9,6735.31,143037572608,36526759424,1,0,0,0,0,1,1,3,6,6.0,Sort,0,22.234
DESKTOP-KQF03T0,Jashvanth,2026-06-30T15:14:09.383409,Q93_V008,Q_1033,1,0,1,1,1,0,257,3,0,0,1,33.2,6727.23,143038920192,36527771136,1,0,0,0,0,1,1,3,6,6.0,Sort,0,18.289
DESKTOP-KQF03T0,Jashvanth,2026-06-30T15:14:14.430257,Q93_V008,Q_1033,2,0,1,1,1,0,257,3,0,0,1,24.8,6745.26,143038973440,36528377344,1,0,0,0,0,1,1,3,6,6.0,Sort,0,13.431
DESKTOP-KQF03T0,Jashvanth,2026-06-30T15:14:19.472283,Q93_V008,Q_1033,3,0,1,1,1,0,257,3,0,0,1,26.8,6743.43,143039079936,36528676352,1,0,0,0,0,1,1,3,6,6.0,Sort,0,12.19
DESKTOP-KQF03T0,Jashvanth,2026-06-30T15:14:24.519522,Q93_V009,Q_1034,1,0,1,1,1,0,257,3,0,0,1,21.0,6751.77,143039497728,36529081856,1,0,0,0,0,1,1,3,6,6.0,Sort,0,18.888
DESKTOP-KQF03T0,Jashvanth,2026-06-30T15:14:29.599519,Q93_V009,Q_1034,2,0,1,1,1,0,257,3,0,0,1,49.0,6742.93,143040837120,36529314816,1,0,0,0,0,1,1,3,6,6.0,Sort,0,22.11
DESKTOP-KQF03T0,Jashvanth,2026-06-30T15:14:34.641001,Q93_V009,Q_1034,3,0,1,1,1,0,257,3,0,0,1,24.1,6710.51,143041414656,36529572864,1,0,0,0,0,1,1,3,6,6.0,Sort,0,17.526
DESKTOP-KQF03T0,Jashvanth,2026-06-30T15:14:39.693227,Q93_V010,Q_1035,1,0,0,1,1,0,199,2,0,0,1,24.9,6701.89,143042213376,36530195456,1,0,0,0,0,1,1,3,6,6.0,Sort,0,15.916
DESKTOP-KQF03T0,Jashvanth,2026-06-30T15:14:44.739031,Q93_V010,Q_1035,2,0,0,1,1,0,199,2,0,0,1,21.7,6679.24,143042618880,36530908160,1,0,0,0,0,1,1,3,6,6.0,Sort,0,15.797
DESKTOP-KQF03T0,Jashvanth,2026-06-30T15:14:49.784994,Q93_V010,Q_1035,3,0,0,1,1,0,199,2,0,0,1,28.0,6673.67,143042713088,36531149824,1,0,0,0,0,1,1,3,6,6.0,Sort,0,20.375
DESKTOP-KQF03T0,Jashvanth,2026-06-30T15:14:54.854415,Q93_V011,Q_1036,1,0,0,1,1,0,178,1,0,0,1,36.4,6688.95,143044146688,36532132864,1,0,0,0,0,1,1,3,6,6.0,Sort,0,27.016
DESKTOP-KQF03T0,Jashvanth,2026-06-30T15:14:59.902525,Q93_V011,Q_1036,2,0,0,1,1,0,178,1,0,0,1,36.6,6691.82,143044421120,36532841472,1,0,0,0,0,1,1,3,6,6.0,Sort,0,18.75
DESKTOP-KQF03T0,Jashvanth,2026-06-30T15:15:04.949802,Q93_V011,Q_1036,3,0,0,1,1,0,178,1,0,0,1,31.7,6691.41,143045137920,36533521408,1,0,0,0,0,1,1,3,6,6.0,Sort,0,22.317
DESKTOP-KQF03T0,Jashvanth,2026-06-30T15:15:09.999119,Q94_V001,Q_1037,1,0,1,0,1,0,174,0,0,1,1,39.7,6763.93,143045621248,36533754880,0,1,0,0,0,1,0,4,50,50.0,Limit,0,2.549
DESKTOP-KQF03T0,Jashvanth,2026-06-30T15:15:15.023229,Q94_V001,Q_1037,2,0,1,0,1,0,174,0,0,1,1,26.2,6754.63,143045826048,36534443008,0,1,0,0,0,1,0,4,50,50.0,Limit,0,1.933
DESKTOP-KQF03T0,Jashvanth,2026-06-30T15:15:20.052386,Q94_V001,Q_1037,3,0,1,0,1,0,174,0,0,1,1,21.1,6768.34,143045985792,36535913472,0,1,0,0,0,1,0,4,50,50.0,Limit,0,0.993
DESKTOP-KQF03T0,Jashvanth,2026-06-30T15:15:25.088117,Q94_V002,Q_1038,1,0,1,0,1,0,174,0,0,1,1,23.0,6760.22,143046333952,36536544256,1,0,0,0,0,1,0,3,50,50.0,Limit,0,3.513
DESKTOP-KQF03T0,Jashvanth,2026-06-30T15:15:30.131317,Q94_V002,Q_1038,2,0,1,0,1,0,174,0,0,1,1,23.0,6795.25,143047070208,36537949184,1,0,0,0,0,1,0,3,50,50.0,Limit,0,1.701
DESKTOP-KQF03T0,Jashvanth,2026-06-30T15:15:35.166280,Q94_V002,Q_1038,3,0,1,0,1,0,174,0,0,1,1,27.4,6793.15,143048359424,36539497472,1,0,0,0,0,1,0,3,50,50.0,Limit,0,1.565
DESKTOP-KQF03T0,Jashvanth,2026-06-30T15:15:40.201395,Q94_V003,Q_1039,1,0,1,0,1,0,174,0,0,1,1,30.6,6803.48,143065910784,36539710464,1,0,0,0,0,1,0,3,50,50.0,Limit,0,2.244
DESKTOP-KQF03T0,Jashvanth,2026-06-30T15:15:45.234259,Q94_V003,Q_1039,2,0,1,0,1,0,174,0,0,1,1,37.0,6770.79,143067299328,36540165120,1,0,0,0,0,1,0,3,50,50.0,Limit,0,4.368
DESKTOP-KQF03T0,Jashvanth,2026-06-30T15:15:50.261975,Q94_V003,Q_1039,3,0,1,0,1,0,174,0,0,1,1,36.8,6850.69,143085397504,36563037184,1,0,0,0,0,1,0,3,50,50.0,Limit,0,1.788
DESKTOP-KQF03T0,Jashvanth,2026-06-30T15:15:55.285946,Q94_V004,Q_1040,1,0,1,0,1,0,176,0,0,1,1,27.5,6863.27,143086528000,36566584320,1,0,0,0,0,1,0,3,50,50.0,Limit,0,1.918
DESKTOP-KQF03T0,Jashvanth,2026-06-30T15:16:00.321097,Q94_V004,Q_1040,2,0,1,0,1,0,176,0,0,1,1,38.0,6865.66,143087134208,36567460864,1,0,0,0,0,1,0,3,50,50.0,Limit,0,3.58
DESKTOP-KQF03T0,Jashvanth,2026-06-30T15:16:05.348441,Q94_V004,Q_1040,3,0,1,0,1,0,176,0,0,1,1,36.9,6859.99,143087767552,36568267776,1,0,0,0,0,1,0,3,50,50.0,Limit,0,2.129
DESKTOP-KQF03T0,Jashvanth,2026-06-30T15:16:10.379291,Q94_V005,Q_1041,1,0,1,0,1,0,174,0,0,1,1,28.7,6859.34,143089239040,36568914944,0,1,0,0,0,0,0,2,50,50.0,Limit,0,0.051
DESKTOP-KQF03T0,Jashvanth,2026-06-30T15:16:15.404276,Q94_V005,Q_1041,2,0,1,0,1,0,174,0,0,1,1,24.7,6879.7,143102141952,36569803776,0,1,0,0,0,0,0,2,50,50.0,Limit,0,0.061
DESKTOP-KQF03T0,Jashvanth,2026-06-30T15:16:20.431821,Q94_V005,Q_1041,3,0,1,0,1,0,174,0,0,1,1,23.5,6884.27,143103175680,36570725376,0,1,0,0,0,0,0,2,50,50.0,Limit,0,0.059
DESKTOP-KQF03T0,Jashvanth,2026-06-30T15:16:25.479725,Q94_V006,Q_1042,1,0,1,0,1,0,174,0,0,1,1,20.2,6921.38,143103532032,36571528192,0,1,0,0,0,1,0,4,50,50.0,Limit,0,0.782
DESKTOP-KQF03T0,Jashvanth,2026-06-30T15:16:30.537173,Q94_V006,Q_1042,2,0,1,0,1,0,174,0,0,1,1,31.0,6894.05,143104433152,36571837440,0,1,0,0,0,1,0,4,50,50.0,Limit,0,1.683
DESKTOP-KQF03T0,Jashvanth,2026-06-30T15:16:35.567791,Q94_V006,Q_1042,3,0,1,0,1,0,174,0,0,1,1,32.0,6874.38,143106300928,36574188544,0,1,0,0,0,1,0,4,50,50.0,Limit,0,1.306
DESKTOP-KQF03T0,Jashvanth,2026-06-30T15:16:40.603529,Q94_V007,Q_1043,1,0,1,0,1,0,191,0,0,2,1,38.6,6899.47,143106464768,36574569472,0,1,0,0,0,1,0,4,50,50.0,Limit,0,1.153
DESKTOP-KQF03T0,Jashvanth,2026-06-30T15:16:45.624928,Q94_V007,Q_1043,2,0,1,0,1,0,191,0,0,2,1,19.8,6907.71,143107034112,36575048704,0,1,0,0,0,1,0,4,50,50.0,Limit,0,0.65
DESKTOP-KQF03T0,Jashvanth,2026-06-30T15:16:50.656916,Q94_V007,Q_1043,3,0,1,0,1,0,191,0,0,2,1,41.9,6920.75,143107308544,36575323136,0,1,0,0,0,1,0,4,50,50.0,Limit,0,1.43
DESKTOP-KQF03T0,Jashvanth,2026-06-30T15:16:55.690241,Q94_V008,Q_1044,1,0,1,0,1,0,207,0,0,2,1,75.6,6993.5,143114521088,36575519744,0,1,0,0,0,1,0,4,50,50.0,Limit,0,1.418
DESKTOP-KQF03T0,Jashvanth,2026-06-30T15:17:00.722679,Q94_V008,Q_1044,2,0,1,0,1,0,207,0,0,2,1,86.8,6983.71,143118514176,36576601088,0,1,0,0,0,1,0,4,50,50.0,Limit,0,0.753
DESKTOP-KQF03T0,Jashvanth,2026-06-30T15:17:05.754095,Q94_V008,Q_1044,3,0,1,0,1,0,207,0,0,2,1,62.2,6926.32,143118999040,36577592320,0,1,0,0,0,1,0,4,50,50.0,Limit,0,0.675
DESKTOP-KQF03T0,Jashvanth,2026-06-30T15:17:10.787565,Q94_V009,Q_1045,1,0,1,0,1,0,203,0,0,2,1,87.2,7031.59,143120932352,36577891328,1,0,0,0,0,1,0,3,100,100.0,Limit,0,3.652
DESKTOP-KQF03T0,Jashvanth,2026-06-30T15:17:15.818081,Q94_V009,Q_1045,2,0,1,0,1,0,203,0,0,2,1,49.1,6914.49,143122730496,36635440128,1,0,0,0,0,1,0,3,100,100.0,Limit,0,2.418
DESKTOP-KQF03T0,Jashvanth,2026-06-30T15:17:20.852280,Q94_V009,Q_1045,3,0,1,0,1,0,203,0,0,2,1,29.7,6884.02,143123164672,36635575296,1,0,0,0,0,1,0,3,100,100.0,Limit,0,3.613
DESKTOP-KQF03T0,Jashvanth,2026-06-30T15:17:25.884295,Q94_V010,Q_1046,1,0,1,1,1,0,193,2,0,1,1,35.9,6888.48,143123402240,36635640832,0,1,0,0,0,1,1,4,5,5.0,Sort,0,1.861
DESKTOP-KQF03T0,Jashvanth,2026-06-30T15:17:30.907677,Q94_V010,Q_1046,2,0,1,1,1,0,193,2,0,1,1,25.6,6886.3,143123713536,36637721600,0,1,0,0,0,1,1,4,5,5.0,Sort,0,0.913
DESKTOP-KQF03T0,Jashvanth,2026-06-30T15:17:35.933058,Q94_V010,Q_1046,3,0,1,1,1,0,193,2,0,1,1,29.1,6914.91,143124020736,36638508032,0,1,0,0,0,1,1,4,5,5.0,Sort,0,2.018
DESKTOP-KQF03T0,Jashvanth,2026-06-30T15:17:40.967766,Q94_V011,Q_1047,1,0,1,0,1,0,173,0,0,1,1,29.8,6850.38,143124413952,36639085568,0,1,0,0,0,1,0,4,50,50.0,Limit,0,0.804
DESKTOP-KQF03T0,Jashvanth,2026-06-30T15:17:46.013412,Q94_V011,Q_1047,2,0,1,0,1,0,173,0,0,1,1,32.6,6727.7,143124958720,36639642624,0,1,0,0,0,1,0,4,50,50.0,Limit,0,1.911
DESKTOP-KQF03T0,Jashvanth,2026-06-30T15:17:51.080569,Q94_V011,Q_1047,3,0,1,0,1,0,173,0,0,1,1,25.5,6675.9,143125622272,36639945728,0,1,0,0,0,1,0,4,50,50.0,Limit,0,2.975
DESKTOP-KQF03T0,Jashvanth,2026-06-30T15:17:56.120115,Q95_V001,Q_1048,1,1,1,0,0,0,105,0,0,0,2,25.5,6687.18,143125831168,36641186816,2,0,1,0,0,0,0,4,1,0.0,Hash Join,0,1.111
DESKTOP-KQF03T0,Jashvanth,2026-06-30T15:18:01.144039,Q95_V001,Q_1048,2,1,1,0,0,0,105,0,0,0,2,21.5,6693.09,143126707200,36643091456,2,0,1,0,0,0,0,4,1,0.0,Hash Join,0,1.475
DESKTOP-KQF03T0,Jashvanth,2026-06-30T15:18:06.172599,Q95_V001,Q_1048,3,1,1,0,0,0,105,0,0,0,2,26.4,6706.07,143126776832,36643431424,2,0,1,0,0,0,0,4,1,0.0,Hash Join,0,1.386
DESKTOP-KQF03T0,Jashvanth,2026-06-30T15:18:11.231621,Q95_V002,Q_1049,1,1,1,0,0,0,113,0,0,0,2,32.5,6700.93,143127387136,36643787776,2,0,1,0,0,0,0,4,1,0.0,Hash Join,0,1.429
DESKTOP-KQF03T0,Jashvanth,2026-06-30T15:18:16.258309,Q95_V002,Q_1049,2,1,1,0,0,0,113,0,0,0,2,49.5,6709.35,143127649280,36644451328,2,0,1,0,0,0,0,4,1,0.0,Hash Join,0,0.902
DESKTOP-KQF03T0,Jashvanth,2026-06-30T15:18:21.285702,Q95_V002,Q_1049,3,1,1,0,0,0,113,0,0,0,2,29.5,6736.3,143127755776,36645401600,2,0,1,0,0,0,0,4,1,0.0,Hash Join,0,1.093
DESKTOP-KQF03T0,Jashvanth,2026-06-30T15:18:26.311968,Q95_V003,Q_1050,1,1,1,0,0,0,120,1,0,0,2,34.2,6719.8,143127833600,36645700608,2,0,1,0,0,0,1,5,1,1.0,Aggregate,0,1.103
DESKTOP-KQF03T0,Jashvanth,2026-06-30T15:18:31.339764,Q95_V003,Q_1050,2,1,1,0,0,0,120,1,0,0,2,26.5,6719.36,143128087552,36646185984,2,0,1,0,0,0,1,5,1,1.0,Aggregate,0,1.274
DESKTOP-KQF03T0,Jashvanth,2026-06-30T15:18:36.362339,Q95_V003,Q_1050,3,1,1,0,0,0,120,1,0,0,2,26.7,6663.23,143128534016,36646657024,2,0,1,0,0,0,1,5,1,1.0,Aggregate,0,1.01
DESKTOP-KQF03T0,Jashvanth,2026-06-30T15:18:41.386647,Q95_V004,Q_1051,1,1,1,0,1,0,131,0,0,0,2,29.1,6697.89,143129213952,36646906880,2,0,1,0,0,1,0,5,1,0.0,Sort,0,1.407
DESKTOP-KQF03T0,Jashvanth,2026-06-30T15:18:46.413418,Q95_V004,Q_1051,2,1,1,0,1,0,131,0,0,0,2,31.1,6707.87,143129656320,36647320576,2,0,1,0,0,1,0,5,1,0.0,Sort,0,1.04
DESKTOP-KQF03T0,Jashvanth,2026-06-30T15:18:51.445320,Q95_V004,Q_1051,3,1,1,0,1,0,131,0,0,0,2,35.4,6736.53,143131466752,36649192448,2,0,1,0,0,1,0,5,1,0.0,Sort,0,1.224
DESKTOP-KQF03T0,Jashvanth,2026-06-30T15:18:56.471160,Q95_V005,Q_1052,1,1,1,1,1,0,171,1,0,0,2,29.8,6613.97,143132127744,36650388480,2,0,1,0,0,2,1,7,1,0.0,Sort,0,1.223
DESKTOP-KQF03T0,Jashvanth,2026-06-30T15:19:01.502804,Q95_V005,Q_1052,2,1,1,1,1,0,171,1,0,0,2,29.2,6651.22,143135990272,36651478016,2,0,1,0,0,2,1,7,1,0.0,Sort,0,1.299
DESKTOP-KQF03T0,Jashvanth,2026-06-30T15:19:06.526438,Q95_V005,Q_1052,3,1,1,1,1,0,171,1,0,0,2,29.9,6675.57,143136064000,36651932672,2,0,1,0,0,2,1,7,1,0.0,Sort,0,1.277
DESKTOP-KQF03T0,Jashvanth,2026-06-30T15:19:11.597655,Q95_V006,Q_1053,1,1,1,1,1,0,173,1,0,0,2,25.9,6673.29,143136465408,36652297216,2,0,1,0,0,2,1,7,1,0.0,Sort,0,2.899
DESKTOP-KQF03T0,Jashvanth,2026-06-30T15:19:16.623918,Q95_V006,Q_1053,2,1,1,1,1,0,173,1,0,0,2,28.5,6690.69,143136850432,36652846080,2,0,1,0,0,2,1,7,1,0.0,Sort,0,2.338
DESKTOP-KQF03T0,Jashvanth,2026-06-30T15:19:21.650086,Q95_V006,Q_1053,3,1,1,1,1,0,173,1,0,0,2,39.2,6675.88,143137346048,36653374464,2,0,1,0,0,2,1,7,1,0.0,Sort,0,1.882
DESKTOP-KQF03T0,Jashvanth,2026-06-30T15:19:26.676100,Q95_V007,Q_1054,1,1,1,0,0,0,130,0,0,1,2,36.7,6694.19,143138316800,36653767680,2,0,1,0,0,0,0,4,1,0.0,Hash Join,0,1.476
DESKTOP-KQF03T0,Jashvanth,2026-06-30T15:19:31.707113,Q95_V007,Q_1054,2,1,1,0,0,0,130,0,0,1,2,26.0,6685.11,143138492928,36654173184,2,0,1,0,0,0,0,4,1,0.0,Hash Join,0,1.94
DESKTOP-KQF03T0,Jashvanth,2026-06-30T15:19:36.733175,Q95_V007,Q_1054,3,1,1,0,0,0,130,0,0,1,2,34.4,6634.92,143138509312,36656126976,2,0,1,0,0,0,0,4,1,0.0,Hash Join,0,0.988
DESKTOP-KQF03T0,Jashvanth,2026-06-30T15:19:41.765791,Q95_V008,Q_1055,1,1,1,0,0,0,131,0,0,1,2,33.3,6625.67,143161475584,36681763840,2,0,1,0,0,0,0,4,1,0.0,Hash Join,0,2.293
DESKTOP-KQF03T0,Jashvanth,2026-06-30T15:19:46.795255,Q95_V008,Q_1055,2,1,1,0,0,0,131,0,0,1,2,39.6,6573.53,143161700864,36682214400,2,0,1,0,0,0,0,4,1,0.0,Hash Join,0,1.806
DESKTOP-KQF03T0,Jashvanth,2026-06-30T15:19:51.818325,Q95_V008,Q_1055,3,1,1,0,0,0,131,0,0,1,2,30.7,6595.11,143161725440,36682566656,2,0,1,0,0,0,0,4,1,0.0,Hash Join,0,1.426
DESKTOP-KQF03T0,Jashvanth,2026-06-30T15:19:56.878817,Q95_V009,Q_1056,1,1,1,1,1,0,171,1,0,0,2,32.0,6590.19,143161987584,36682996736,2,0,1,0,0,2,1,7,1,0.0,Sort,0,1.442
DESKTOP-KQF03T0,Jashvanth,2026-06-30T15:20:01.901185,Q95_V009,Q_1056,2,1,1,1,1,0,171,1,0,0,2,23.4,6602.68,143162519040,36683471872,2,0,1,0,0,2,1,7,1,0.0,Sort,0,1.051
DESKTOP-KQF03T0,Jashvanth,2026-06-30T15:20:06.923175,Q95_V009,Q_1056,3,1,1,1,1,0,171,1,0,0,2,24.0,6589.79,143163006464,36684299264,2,0,1,0,0,2,1,7,1,0.0,Sort,0,1.217
DESKTOP-KQF03T0,Jashvanth,2026-06-30T15:20:11.964991,Q95_V010,Q_1057,1,1,1,1,1,0,181,1,0,0,2,45.8,6632.49,143163964928,36684729344,2,0,1,0,0,2,1,7,1,0.0,Sort,0,2.404
DESKTOP-KQF03T0,Jashvanth,2026-06-30T15:20:17.016389,Q95_V010,Q_1057,2,1,1,1,1,0,181,1,0,0,2,62.7,6631.29,143165287936,36685519872,2,0,1,0,0,2,1,7,1,0.0,Sort,0,1.18
DESKTOP-KQF03T0,Jashvanth,2026-06-30T15:20:22.050702,Q95_V010,Q_1057,3,1,1,1,1,0,181,1,0,0,2,58.4,6674.09,143166868992,36685970432,2,0,1,0,0,2,1,7,1,0.0,Sort,0,2.321
DESKTOP-KQF03T0,Jashvanth,2026-06-30T15:20:27.084349,Q95_V011,Q_1058,1,1,1,0,1,0,157,0,0,0,2,92.6,6875.1,143170284032,36686646272,2,0,1,0,0,1,0,6,1,0.0,Limit,0,3.196
DESKTOP-KQF03T0,Jashvanth,2026-06-30T15:20:32.110800,Q95_V011,Q_1058,2,1,1,0,1,0,157,0,0,0,2,38.0,6839.2,143170693632,36688926720,2,0,1,0,0,1,0,6,1,0.0,Limit,0,2.312
DESKTOP-KQF03T0,Jashvanth,2026-06-30T15:20:37.140953,Q95_V011,Q_1058,3,1,1,0,1,0,157,0,0,0,2,25.4,6807.89,143170910720,36689225728,2,0,1,0,0,1,0,6,1,0.0,Limit,0,2.335
DESKTOP-KQF03T0,Jashvanth,2026-06-30T15:20:42.185942,Q96_V001,Q_1059,1,1,0,1,1,0,187,2,0,0,2,16.9,6803.11,143171160576,36689659904,2,0,1,0,0,1,1,6,6,6.0,Sort,0,18.273
DESKTOP-KQF03T0,Jashvanth,2026-06-30T15:20:47.238097,Q96_V001,Q_1059,2,1,0,1,1,0,187,2,0,0,2,37.4,6804.25,143171414528,36690655232,2,0,1,0,0,1,1,6,6,6.0,Sort,0,18.862
DESKTOP-KQF03T0,Jashvanth,2026-06-30T15:20:52.279341,Q96_V001,Q_1059,3,1,0,1,1,0,187,2,0,0,2,23.0,6823.85,143171553792,36690999296,2,0,1,0,0,1,1,6,6,6.0,Sort,0,19.814
DESKTOP-KQF03T0,Jashvanth,2026-06-30T15:20:57.328001,Q96_V002,Q_1060,1,1,0,1,1,0,186,2,0,0,2,31.0,6777.21,143171688960,36691326976,2,0,1,0,0,1,1,6,6,6.0,Sort,0,26.423
DESKTOP-KQF03T0,Jashvanth,2026-06-30T15:21:02.371140,Q96_V002,Q_1060,2,1,0,1,1,0,186,2,0,0,2,23.7,6804.26,143172602368,36691916800,2,0,1,0,0,1,1,6,6,6.0,Sort,0,17.356
DESKTOP-KQF03T0,Jashvanth,2026-06-30T15:21:07.416924,Q96_V002,Q_1060,3,1,0,1,1,0,186,2,0,0,2,26.9,6802.81,143172987392,36692822016,2,0,1,0,0,1,1,6,6,6.0,Sort,0,15.75
DESKTOP-KQF03T0,Jashvanth,2026-06-30T15:21:12.461989,Q96_V003,Q_1061,1,1,0,1,1,0,171,1,0,0,2,28.2,6813.01,143173396992,36693141504,2,0,1,0,0,1,1,6,6,6.0,Sort,0,22.948
DESKTOP-KQF03T0,Jashvanth,2026-06-30T15:21:17.510967,Q96_V003,Q_1061,2,1,0,1,1,0,171,1,0,0,2,31.5,6806.37,143173601792,36693587968,2,0,1,0,0,1,1,6,6,6.0,Sort,0,24.212
DESKTOP-KQF03T0,Jashvanth,2026-06-30T15:21:22.573255,Q96_V003,Q_1061,3,1,0,1,1,0,171,1,0,0,2,29.6,6825.37,143174142464,36694546432,2,0,1,0,0,1,1,6,6,6.0,Sort,0,21.652
DESKTOP-KQF03T0,Jashvanth,2026-06-30T15:21:27.626491,Q96_V004,Q_1062,1,1,0,1,1,0,143,1,0,0,2,34.3,6814.14,143175416320,36695197696,2,0,1,0,0,1,1,6,6,6.0,Sort,0,18.981
DESKTOP-KQF03T0,Jashvanth,2026-06-30T15:21:32.667064,Q96_V004,Q_1062,2,1,0,1,1,0,143,1,0,0,2,36.6,6832.64,143175662080,36696332288,2,0,1,0,0,1,1,6,6,6.0,Sort,0,12.454
DESKTOP-KQF03T0,Jashvanth,2026-06-30T15:21:37.710053,Q96_V004,Q_1062,3,1,0,1,1,0,143,1,0,0,2,53.1,6859.33,143176763392,36698757120,2,0,1,0,0,1,1,6,6,6.0,Sort,0,19.244
DESKTOP-KQF03T0,Jashvanth,2026-06-30T15:21:42.770019,Q96_V005,Q_1063,1,1,1,1,1,0,201,1,0,0,2,29.4,6893.31,143177238528,36699064320,2,0,1,0,0,1,1,6,6,6.0,Sort,0,19.105
DESKTOP-KQF03T0,Jashvanth,2026-06-30T15:21:47.842821,Q96_V005,Q_1063,2,1,1,1,1,0,201,1,0,0,2,24.8,6871.84,143177406464,36699334656,2,0,1,0,0,1,1,6,6,6.0,Sort,0,33.592
DESKTOP-KQF03T0,Jashvanth,2026-06-30T15:21:52.890861,Q96_V005,Q_1063,3,1,1,1,1,0,201,1,0,0,2,36.2,6870.03,143180101120,36700162048,2,0,1,0,0,1,1,6,6,6.0,Sort,0,17.901
DESKTOP-KQF03T0,Jashvanth,2026-06-30T15:21:57.944856,Q96_V006,Q_1064,1,1,1,1,1,0,201,1,0,0,2,30.0,6856.98,143180101120,36700600320,2,0,1,0,0,1,1,6,6,6.0,Sort,0,15.636
DESKTOP-KQF03T0,Jashvanth,2026-06-30T15:22:03.001284,Q96_V006,Q_1064,2,1,1,1,1,0,201,1,0,0,2,24.3,6863.11,143180645888,36700968960,2,0,1,0,0,1,1,6,6,6.0,Sort,0,24.902
DESKTOP-KQF03T0,Jashvanth,2026-06-30T15:22:08.049946,Q96_V006,Q_1064,3,1,1,1,1,0,201,1,0,0,2,28.2,6792.85,143180842496,36701906944,2,0,1,0,0,1,1,6,6,6.0,Sort,0,22.285
DESKTOP-KQF03T0,Jashvanth,2026-06-30T15:22:13.113831,Q96_V007,Q_1065,1,1,0,1,1,0,158,1,1,0,2,20.0,6732.64,143181239808,36702709760,2,0,1,0,0,2,1,7,6,6.0,Sort,0,42.464
DESKTOP-KQF03T0,Jashvanth,2026-06-30T15:22:18.178833,Q96_V007,Q_1065,2,1,0,1,1,0,158,1,1,0,2,28.9,6698.29,143181415936,36703012864,2,0,1,0,0,2,1,7,6,6.0,Sort,0,42.337
DESKTOP-KQF03T0,Jashvanth,2026-06-30T15:22:23.249473,Q96_V007,Q_1065,3,1,0,1,1,0,158,1,1,0,2,18.4,6720.09,143182714368,36703741952,2,0,1,0,0,2,1,7,6,6.0,Sort,0,43.132
DESKTOP-KQF03T0,Jashvanth,2026-06-30T15:22:28.298911,Q96_V008,Q_1066,1,1,1,1,1,0,187,1,0,0,2,31.3,6723.86,143182800384,36704462848,2,0,1,0,0,1,1,6,6,6.0,Sort,0,13.253
DESKTOP-KQF03T0,Jashvanth,2026-06-30T15:22:33.335191,Q96_V008,Q_1066,2,1,1,1,1,0,187,1,0,0,2,25.2,6713.86,143183627776,36704842752,2,0,1,0,0,1,1,6,6,6.0,Sort,0,11.612
DESKTOP-KQF03T0,Jashvanth,2026-06-30T15:22:38.385215,Q96_V008,Q_1066,3,1,1,1,1,0,187,1,0,0,2,38.4,6690.89,143183894016,36705174528,2,0,1,0,0,1,1,6,6,6.0,Sort,0,26.503
DESKTOP-KQF03T0,Jashvanth,2026-06-30T15:22:43.429396,Q96_V009,Q_1067,1,1,1,1,1,0,188,1,0,0,2,40.3,6716.61,143184840704,36705637376,2,0,1,0,0,1,1,6,6,6.0,Sort,0,14.749
DESKTOP-KQF03T0,Jashvanth,2026-06-30T15:22:48.468271,Q96_V009,Q_1067,2,1,1,1,1,0,188,1,0,0,2,21.2,6700.65,143185119232,36705989632,2,0,1,0,0,1,1,6,6,6.0,Sort,0,13.964
DESKTOP-KQF03T0,Jashvanth,2026-06-30T15:22:53.508139,Q96_V009,Q_1067,3,1,1,1,1,0,188,1,0,0,2,21.5,6724.61,143193487360,36706419712,2,0,1,0,0,1,1,6,6,6.0,Sort,0,15.763
DESKTOP-KQF03T0,Jashvanth,2026-06-30T15:22:58.569127,Q96_V010,Q_1068,1,1,0,1,1,0,188,1,0,0,2,27.4,6715.48,143195424768,36723852288,2,0,1,0,0,1,1,7,30,30.0,Limit,0,31.195
DESKTOP-KQF03T0,Jashvanth,2026-06-30T15:23:03.633406,Q96_V010,Q_1068,2,1,0,1,1,0,188,1,0,0,2,22.1,6744.77,143195719680,36724450304,2,0,1,0,0,1,1,7,30,30.0,Limit,0,25.055
DESKTOP-KQF03T0,Jashvanth,2026-06-30T15:23:08.688055,Q96_V010,Q_1068,3,1,0,1,1,0,188,1,0,0,2,16.8,6739.58,143195916288,36725314560,2,0,1,0,0,1,1,7,30,30.0,Limit,0,31.221
DESKTOP-KQF03T0,Jashvanth,2026-06-30T15:23:13.750297,Q96_V011,Q_1069,1,1,0,1,1,0,290,4,0,0,2,27.0,6712.79,143196596224,36727161856,2,0,1,0,0,1,1,7,6,6.0,Sort,0,31.248
DESKTOP-KQF03T0,Jashvanth,2026-06-30T15:23:18.814623,Q96_V011,Q_1069,2,1,0,1,1,0,290,4,0,0,2,18.4,6740.89,143196661760,36727464960,2,0,1,0,0,1,1,7,6,6.0,Sort,0,23.715
DESKTOP-KQF03T0,Jashvanth,2026-06-30T15:23:23.877360,Q96_V011,Q_1069,3,1,0,1,1,0,290,4,0,0,2,27.0,6742.41,143197071360,36727993344,2,0,1,0,0,1,1,7,6,6.0,Sort,0,27.224
DESKTOP-KQF03T0,Jashvanth,2026-06-30T15:23:28.902697,Q97_V001,Q_1070,1,2,0,1,1,0,200,1,1,0,3,28.0,6776.7,143197891072,36728247296,3,0,2,0,0,2,1,10,170,5.0,Sort,0,1.244
DESKTOP-KQF03T0,Jashvanth,2026-06-30T15:23:33.933964,Q97_V001,Q_1070,2,2,0,1,1,0,200,1,1,0,3,28.7,6776.24,143198054912,36729132032,3,0,2,0,0,2,1,10,170,5.0,Sort,0,1.562
DESKTOP-KQF03T0,Jashvanth,2026-06-30T15:23:38.965317,Q97_V001,Q_1070,3,2,0,1,1,0,200,1,1,0,3,30.1,6864.8,143285417472,36729607168,3,0,2,0,0,2,1,10,170,5.0,Sort,0,0.924
DESKTOP-KQF03T0,Jashvanth,2026-06-30T15:23:43.991210,Q97_V002,Q_1071,1,2,0,1,1,0,199,1,1,0,3,42.0,6788.09,143311999488,36730074112,3,0,2,0,0,2,1,10,170,5.0,Sort,0,1.263
DESKTOP-KQF03T0,Jashvanth,2026-06-30T15:23:49.022197,Q97_V002,Q_1071,2,2,0,1,1,0,199,1,1,0,3,35.0,6818.46,143312708096,36730438656,3,0,2,0,0,2,1,10,170,5.0,Sort,0,1.464
DESKTOP-KQF03T0,Jashvanth,2026-06-30T15:23:54.051563,Q97_V002,Q_1071,3,2,0,1,1,0,199,1,1,0,3,31.7,6780.66,143313486336,36731881472,3,0,2,0,0,2,1,10,170,5.0,Sort,0,1.991
DESKTOP-KQF03T0,Jashvanth,2026-06-30T15:23:59.086465,Q97_V003,Q_1072,1,1,0,1,1,0,159,1,1,0,2,28.7,6723.45,143314588160,36732094464,2,0,1,0,0,2,1,7,170,25.0,Sort,0,2.142
DESKTOP-KQF03T0,Jashvanth,2026-06-30T15:24:04.116963,Q97_V003,Q_1072,2,1,0,1,1,0,159,1,1,0,2,42.2,6743.21,143315350016,36732430336,2,0,1,0,0,2,1,7,170,25.0,Sort,0,1.614
DESKTOP-KQF03T0,Jashvanth,2026-06-30T15:24:09.148927,Q97_V003,Q_1072,3,1,0,1,1,0,159,1,1,0,2,42.5,6696.08,143315497472,36733331456,2,0,1,0,0,2,1,7,170,25.0,Sort,0,1.729
DESKTOP-KQF03T0,Jashvanth,2026-06-30T15:24:14.181201,Q97_V004,Q_1073,1,2,0,1,1,0,231,2,1,0,3,22.3,6688.66,143315661312,36733679616,3,0,2,0,0,2,1,10,170,5.0,Sort,0,2.277
DESKTOP-KQF03T0,Jashvanth,2026-06-30T15:24:19.214019,Q97_V004,Q_1073,2,2,0,1,1,0,231,2,1,0,3,18.2,6698.41,143315804672,36734195712,3,0,2,0,0,2,1,10,170,5.0,Sort,0,3.077
DESKTOP-KQF03T0,Jashvanth,2026-06-30T15:24:24.251996,Q97_V004,Q_1073,3,2,0,1,1,0,231,2,1,0,3,24.3,6698.76,143316161024,36735039488,3,0,2,0,0,2,1,10,170,5.0,Sort,0,1.379
DESKTOP-KQF03T0,Jashvanth,2026-06-30T15:24:29.310666,Q97_V005,Q_1074,1,2,0,1,1,0,187,1,0,0,3,23.3,6715.14,143316234752,36735388672,3,0,2,0,0,1,1,9,170,5.0,Sort,0,1.272
DESKTOP-KQF03T0,Jashvanth,2026-06-30T15:24:34.339264,Q97_V005,Q_1074,2,2,0,1,1,0,187,1,0,0,3,29.4,6675.05,143323129856,36735925248,3,0,2,0,0,1,1,9,170,5.0,Sort,0,0.438
DESKTOP-KQF03T0,Jashvanth,2026-06-30T15:24:39.378211,Q97_V005,Q_1074,3,2,0,1,1,0,187,1,0,0,3,34.0,6697.97,143323256832,36736871424,3,0,2,0,0,1,1,9,170,5.0,Sort,0,1.397
DESKTOP-KQF03T0,Jashvanth,2026-06-30T15:24:44.403396,Q97_V006,Q_1075,1,2,1,1,1,0,220,1,1,0,3,24.3,6702.29,143323531264,36737571840,3,0,2,0,0,2,1,10,170,5.0,Sort,0,0.862
DESKTOP-KQF03T0,Jashvanth,2026-06-30T15:24:49.438135,Q97_V006,Q_1075,2,2,1,1,1,0,220,1,1,0,3,40.5,6702.31,143323977728,36737903616,3,0,2,0,0,2,1,10,170,5.0,Sort,0,2.065
DESKTOP-KQF03T0,Jashvanth,2026-06-30T15:24:54.464586,Q97_V006,Q_1075,3,2,1,1,1,0,220,1,1,0,3,48.6,6695.69,143324370944,36739005440,3,0,2,0,0,2,1,10,170,5.0,Sort,0,0.87
DESKTOP-KQF03T0,Jashvanth,2026-06-30T15:24:59.488985,Q97_V007,Q_1076,1,2,1,1,1,0,221,1,1,0,3,25.5,6713.23,143324579840,36739587072,3,0,2,0,0,2,1,10,42,5.0,Sort,0,0.212
DESKTOP-KQF03T0,Jashvanth,2026-06-30T15:25:04.512016,Q97_V007,Q_1076,2,2,1,1,1,0,221,1,1,0,3,23.2,6660.52,143324817408,36740041728,3,0,2,0,0,2,1,10,42,5.0,Sort,0,0.212
DESKTOP-KQF03T0,Jashvanth,2026-06-30T15:25:09.533532,Q97_V007,Q_1076,3,2,1,1,1,0,221,1,1,0,3,23.0,6680.93,143324895232,36740787200,3,0,2,0,0,2,1,10,42,5.0,Sort,0,0.244
DESKTOP-KQF03T0,Jashvanth,2026-06-30T15:25:14.567482,Q97_V008,Q_1077,1,3,0,1,1,0,233,1,1,0,4,24.3,6682.2,143325763584,36741544960,4,0,3,0,0,2,1,13,170,5.0,Sort,0,9.79
DESKTOP-KQF03T0,Jashvanth,2026-06-30T15:25:19.611974,Q97_V008,Q_1077,2,3,0,1,1,0,233,1,1,0,4,25.7,6691.89,143326128128,36741909504,4,0,3,0,0,2,1,13,170,5.0,Sort,0,9.856
DESKTOP-KQF03T0,Jashvanth,2026-06-30T15:25:24.646768,Q97_V008,Q_1077,3,3,0,1,1,0,233,1,1,0,4,26.3,6694.76,143326128128,36742228992,4,0,3,0,0,2,1,13,170,5.0,Sort,0,8.609
DESKTOP-KQF03T0,Jashvanth,2026-06-30T15:25:29.678483,Q97_V009,Q_1078,1,2,0,1,1,0,183,1,0,0,3,19.1,6712.37,143326210048,36742806528,3,0,2,0,0,1,1,9,170,5.0,Sort,0,0.731
DESKTOP-KQF03T0,Jashvanth,2026-06-30T15:25:34.707776,Q97_V009,Q_1078,2,2,0,1,1,0,183,1,0,0,3,24.9,6705.79,143326394368,36743269376,3,0,2,0,0,1,1,9,170,5.0,Sort,0,0.519
DESKTOP-KQF03T0,Jashvanth,2026-06-30T15:25:39.740417,Q97_V009,Q_1078,3,2,0,1,1,0,183,1,0,0,3,20.0,6731.71,143326713856,36743498752,3,0,2,0,0,1,1,9,170,5.0,Sort,0,0.437
DESKTOP-KQF03T0,Jashvanth,2026-06-30T15:25:44.788255,Q97_V010,Q_1079,1,2,0,1,1,0,183,1,0,0,3,40.1,6689.49,143328093696,36745112576,3,0,2,0,0,1,1,9,170,5.0,Sort,0,0.55
DESKTOP-KQF03T0,Jashvanth,2026-06-30T15:25:49.822889,Q97_V010,Q_1079,2,2,0,1,1,0,183,1,0,0,3,30.1,6702.75,143329167872,36745657344,3,0,2,0,0,1,1,9,170,5.0,Sort,0,0.473
DESKTOP-KQF03T0,Jashvanth,2026-06-30T15:25:54.855090,Q97_V010,Q_1079,3,2,0,1,1,0,183,1,0,0,3,26.6,6702.36,143329712640,36746722304,3,0,2,0,0,1,1,9,170,5.0,Sort,0,1.575
DESKTOP-KQF03T0,Jashvanth,2026-06-30T15:25:59.887277,Q97_V011,Q_1080,1,2,0,1,1,0,225,1,1,0,3,45.4,6704.62,143330753024,36747430912,3,0,2,0,0,2,1,11,20,20.0,Limit,0,1.37
DESKTOP-KQF03T0,Jashvanth,2026-06-30T15:26:04.923314,Q97_V011,Q_1080,2,2,0,1,1,0,225,1,1,0,3,24.5,6733.01,143330753024,36748180480,3,0,2,0,0,2,1,11,20,20.0,Limit,0,2.389
DESKTOP-KQF03T0,Jashvanth,2026-06-30T15:26:09.952881,Q97_V011,Q_1080,3,2,0,1,1,0,225,1,1,0,3,23.0,6688.61,143331375616,36749319168,3,0,2,0,0,2,1,11,20,20.0,Limit,0,1.368
DESKTOP-KQF03T0,Jashvanth,2026-06-30T15:26:15.003360,Q98_V001,Q_1081,1,0,1,1,1,0,243,2,0,1,3,43.5,6654.18,143331830272,36749835264,1,0,0,0,0,1,1,3,1939,60.0,Sort,0,6.95
DESKTOP-KQF03T0,Jashvanth,2026-06-30T15:26:20.033755,Q98_V001,Q_1081,2,0,1,1,1,0,243,2,0,1,3,25.6,6665.55,143331838464,36749986816,1,0,0,0,0,1,1,3,1939,60.0,Sort,0,5.365
DESKTOP-KQF03T0,Jashvanth,2026-06-30T15:26:25.071494,Q98_V001,Q_1081,3,0,1,1,1,0,243,2,0,1,3,29.1,6664.0,143341070848,36768599040,1,0,0,0,0,1,1,3,1939,60.0,Sort,0,8.457
DESKTOP-KQF03T0,Jashvanth,2026-06-30T15:26:30.100830,Q98_V002,Q_1082,1,0,1,1,1,0,243,2,0,1,3,24.5,6662.64,143341201920,36769207296,1,0,0,0,0,1,1,3,1641,36.0,Sort,0,2.199
DESKTOP-KQF03T0,Jashvanth,2026-06-30T15:26:35.126931,Q98_V002,Q_1082,2,0,1,1,1,0,243,2,0,1,3,20.5,6658.45,143341591040,36770698240,1,0,0,0,0,1,1,3,1641,36.0,Sort,0,2.63
DESKTOP-KQF03T0,Jashvanth,2026-06-30T15:26:40.158859,Q98_V002,Q_1082,3,0,1,1,1,0,243,2,0,1,3,31.6,6691.05,143343106560,36771402752,1,0,0,0,0,1,1,3,1641,36.0,Sort,0,4.214
DESKTOP-KQF03T0,Jashvanth,2026-06-30T15:26:45.220192,Q98_V003,Q_1083,1,0,1,1,1,0,249,2,0,1,3,27.3,6694.34,143343536640,36771722240,1,0,0,0,0,1,1,3,1939,60.0,Sort,0,6.674
DESKTOP-KQF03T0,Jashvanth,2026-06-30T15:26:50.246840,Q98_V003,Q_1083,2,0,1,1,1,0,249,2,0,1,3,26.0,6699.39,143344261632,36772873216,1,0,0,0,0,1,1,3,1939,60.0,Sort,0,4.196
DESKTOP-KQF03T0,Jashvanth,2026-06-30T15:26:55.280957,Q98_V003,Q_1083,3,0,1,1,1,0,249,2,0,1,3,24.4,6684.03,143344822784,36773872640,1,0,0,0,0,1,1,3,1939,60.0,Sort,0,6.542
DESKTOP-KQF03T0,Jashvanth,2026-06-30T15:27:00.315725,Q98_V004,Q_1084,1,0,1,1,1,0,196,2,0,1,2,30.8,6669.77,143345080832,36774507520,1,0,0,0,0,1,1,3,1939,5.0,Sort,0,2.158
DESKTOP-KQF03T0,Jashvanth,2026-06-30T15:27:05.361282,Q98_V004,Q_1084,2,0,1,1,1,0,196,2,0,1,2,59.9,6693.9,143345433088,36775531520,1,0,0,0,0,1,1,3,1939,5.0,Sort,0,8.042
DESKTOP-KQF03T0,Jashvanth,2026-06-30T15:27:10.395563,Q98_V004,Q_1084,3,0,1,1,1,0,196,2,0,1,2,47.7,6682.48,143345768960,36776068096,1,0,0,0,0,1,1,3,1939,5.0,Sort,0,3.138
DESKTOP-KQF03T0,Jashvanth,2026-06-30T15:27:15.434755,Q98_V005,Q_1085,1,0,1,1,1,0,202,2,0,1,2,33.2,6717.22,143346515456,36776387584,1,0,0,0,0,1,1,3,1939,4.0,Sort,0,3.442
DESKTOP-KQF03T0,Jashvanth,2026-06-30T15:27:20.469190,Q98_V005,Q_1085,2,0,1,1,1,0,202,2,0,1,2,26.5,6720.84,143346789888,36777706496,1,0,0,0,0,1,1,3,1939,4.0,Sort,0,4.03
DESKTOP-KQF03T0,Jashvanth,2026-06-30T15:27:25.498827,Q98_V005,Q_1085,3,0,1,1,1,0,202,2,0,1,2,23.9,6695.52,143347027456,36778193920,1,0,0,0,0,1,1,3,1939,4.0,Sort,0,6.498
DESKTOP-KQF03T0,Jashvanth,2026-06-30T15:27:30.553348,Q98_V006,Q_1086,1,0,1,1,1,0,247,2,0,1,3,25.6,6692.47,143347199488,36778791936,1,0,0,0,0,1,1,3,1939,60.0,Sort,0,4.872
DESKTOP-KQF03T0,Jashvanth,2026-06-30T15:27:35.595648,Q98_V006,Q_1086,2,0,1,1,1,0,247,2,0,1,3,24.5,6651.73,143347408384,36779656192,1,0,0,0,0,1,1,3,1939,60.0,Sort,0,10.362
DESKTOP-KQF03T0,Jashvanth,2026-06-30T15:27:40.632538,Q98_V006,Q_1086,3,0,1,1,1,0,247,2,0,1,3,24.1,6663.96,143347449344,36779979776,1,0,0,0,0,1,1,3,1939,60.0,Sort,0,3.514
DESKTOP-KQF03T0,Jashvanth,2026-06-30T15:27:45.657259,Q98_V007,Q_1087,1,0,1,1,1,0,253,2,0,1,3,22.4,6679.73,143347453440,36780766208,1,0,0,0,0,1,1,3,1633,36.0,Sort,0,2.156
DESKTOP-KQF03T0,Jashvanth,2026-06-30T15:27:50.685383,Q98_V007,Q_1087,2,0,1,1,1,0,253,2,0,1,3,33.2,6709.68,143347539456,36781388800,1,0,0,0,0,1,1,3,1633,36.0,Sort,0,3.112
DESKTOP-KQF03T0,Jashvanth,2026-06-30T15:27:55.711425,Q98_V007,Q_1087,3,0,1,1,1,0,253,2,0,1,3,32.4,6706.63,143347662336,36782273536,1,0,0,0,0,1,1,3,1633,36.0,Sort,0,4.117
DESKTOP-KQF03T0,Jashvanth,2026-06-30T15:28:00.737439,Q98_V008,Q_1088,1,0,1,1,1,0,253,2,0,1,3,23.4,6706.29,143347809792,36782789632,1,0,0,0,0,1,1,3,1622,36.0,Sort,0,2.208
DESKTOP-KQF03T0,Jashvanth,2026-06-30T15:28:05.772677,Q98_V008,Q_1088,2,0,1,1,1,0,253,2,0,1,3,32.0,6669.62,143347981824,36783199232,1,0,0,0,0,1,1,3,1622,36.0,Sort,0,7.157
DESKTOP-KQF03T0,Jashvanth,2026-06-30T15:28:10.828553,Q98_V008,Q_1088,3,0,1,1,1,0,253,2,0,1,3,57.7,6766.46,143348186624,36783748096,1,0,0,0,0,1,1,3,1622,36.0,Sort,0,6.342
DESKTOP-KQF03T0,Jashvanth,2026-06-30T15:28:15.856912,Q98_V009,Q_1089,1,0,1,1,1,0,256,1,0,2,3,31.4,6755.04,143348350464,36785300480,1,0,0,0,0,1,1,3,721,60.0,Sort,0,2.285
DESKTOP-KQF03T0,Jashvanth,2026-06-30T15:28:20.887759,Q98_V009,Q_1089,2,0,1,1,1,0,256,1,0,2,3,21.5,6774.69,143348551168,36786209792,1,0,0,0,0,1,1,3,721,60.0,Sort,0,1.349
DESKTOP-KQF03T0,Jashvanth,2026-06-30T15:28:25.915447,Q98_V009,Q_1089,3,0,1,1,1,0,256,1,0,2,3,25.0,6775.8,143348624896,36786783232,1,0,0,0,0,1,1,3,721,60.0,Sort,0,3.196
DESKTOP-KQF03T0,Jashvanth,2026-06-30T15:28:30.955379,Q98_V010,Q_1090,1,0,1,1,1,0,231,1,0,1,3,24.5,6787.99,143348624896,36787063808,1,0,0,0,0,1,1,3,1939,60.0,Sort,0,3.531
DESKTOP-KQF03T0,Jashvanth,2026-06-30T15:28:36.016298,Q98_V010,Q_1090,2,0,1,1,1,0,231,1,0,1,3,25.3,6739.69,143348624896,36787547136,1,0,0,0,0,1,1,3,1939,60.0,Sort,0,7.08
DESKTOP-KQF03T0,Jashvanth,2026-06-30T15:28:41.040144,Q98_V010,Q_1090,3,0,1,1,1,0,231,1,0,1,3,32.0,6725.11,143348796928,36788063232,1,0,0,0,0,1,1,3,1939,60.0,Sort,0,3.258
DESKTOP-KQF03T0,Jashvanth,2026-06-30T15:28:46.077997,Q98_V011,Q_1091,1,0,1,1,1,0,269,2,0,2,3,29.9,6688.48,143348809216,36788329472,1,0,0,0,0,1,1,3,1843,60.0,Sort,0,8.921
DESKTOP-KQF03T0,Jashvanth,2026-06-30T15:28:51.114069,Q98_V011,Q_1091,2,0,1,1,1,0,269,2,0,2,3,39.3,6716.23,143349165568,36789005312,1,0,0,0,0,1,1,3,1843,60.0,Sort,0,6.505
DESKTOP-KQF03T0,Jashvanth,2026-06-30T15:28:56.158373,Q98_V011,Q_1091,3,0,1,1,1,0,269,2,0,2,3,26.1,6736.2,143349730816,36790713344,1,0,0,0,0,1,1,3,1843,60.0,Sort,0,8.601
DESKTOP-KQF03T0,Jashvanth,2026-06-30T15:29:01.188227,Q99_V001,Q_1092,1,1,0,1,1,0,172,2,0,0,2,26.3,6754.21,143349968384,36791172096,2,0,1,0,0,1,1,6,25,25.0,Sort,0,2.305
DESKTOP-KQF03T0,Jashvanth,2026-06-30T15:29:06.223388,Q99_V001,Q_1092,2,1,0,1,1,0,172,2,0,0,2,28.3,6758.94,143349968384,36791393280,2,0,1,0,0,1,1,6,25,25.0,Sort,0,4.042
DESKTOP-KQF03T0,Jashvanth,2026-06-30T15:29:11.266272,Q99_V001,Q_1092,3,1,0,1,1,0,172,2,0,0,2,38.4,6771.54,143350050304,36791909376,2,0,1,0,0,1,1,6,25,25.0,Sort,0,7.057
DESKTOP-KQF03T0,Jashvanth,2026-06-30T15:29:16.317929,Q99_V002,Q_1093,1,1,0,1,1,0,177,2,0,0,2,61.7,6800.09,143350717952,36792552448,2,0,1,0,0,1,1,6,25,25.0,Sort,0,3.659
DESKTOP-KQF03T0,Jashvanth,2026-06-30T15:29:21.353533,Q99_V002,Q_1093,2,1,0,1,1,0,177,2,0,0,2,70.2,6848.95,143356146688,36795276288,2,0,1,0,0,1,1,6,25,25.0,Sort,0,3.955
DESKTOP-KQF03T0,Jashvanth,2026-06-30T15:29:26.390410,Q99_V002,Q_1093,3,1,0,1,1,0,177,2,0,0,2,95.2,7013.14,143372383232,36815100928,2,0,1,0,0,1,1,6,25,25.0,Sort,0,6.543
DESKTOP-KQF03T0,Jashvanth,2026-06-30T15:29:31.419497,Q99_V003,Q_1094,1,1,0,1,1,0,163,2,0,0,2,44.0,6869.39,143386558976,36912114688,2,0,1,0,0,1,1,6,25,25.0,Sort,0,3.728
DESKTOP-KQF03T0,Jashvanth,2026-06-30T15:29:36.462561,Q99_V003,Q_1094,2,1,0,1,1,0,163,2,0,0,2,28.3,6772.08,143386817024,36912360448,2,0,1,0,0,1,1,6,25,25.0,Sort,0,3.537
DESKTOP-KQF03T0,Jashvanth,2026-06-30T15:29:41.492970,Q99_V003,Q_1094,3,1,0,1,1,0,163,2,0,0,2,25.1,6782.5,143386874368,36912999424,2,0,1,0,0,1,1,6,25,25.0,Sort,0,4.655
DESKTOP-KQF03T0,Jashvanth,2026-06-30T15:29:46.519354,Q99_V004,Q_1095,1,1,0,1,1,0,178,2,0,0,2,24.7,6754.29,143387087360,36914531328,2,0,1,0,0,1,1,6,8,16.0,Sort,0,4.269
DESKTOP-KQF03T0,Jashvanth,2026-06-30T15:29:51.543460,Q99_V004,Q_1095,2,1,0,1,1,0,178,2,0,0,2,22.1,6776.11,143387218432,36915551232,2,0,1,0,0,1,1,6,8,16.0,Sort,0,2.309
DESKTOP-KQF03T0,Jashvanth,2026-06-30T15:29:56.579738,Q99_V004,Q_1095,3,1,0,1,1,0,178,2,0,0,2,30.9,6793.85,143389213184,36916063232,2,0,1,0,0,1,1,6,8,16.0,Sort,0,2.598
DESKTOP-KQF03T0,Jashvanth,2026-06-30T15:30:01.639896,Q99_V005,Q_1096,1,1,0,1,1,0,179,2,0,0,2,31.8,6774.95,143389843968,36916485120,2,0,1,0,0,1,1,6,8,9.0,Sort,0,6.86
DESKTOP-KQF03T0,Jashvanth,2026-06-30T15:30:06.678802,Q99_V005,Q_1096,2,1,0,1,1,0,179,2,0,0,2,29.1,6770.01,143390036480,36916845568,2,0,1,0,0,1,1,6,8,9.0,Sort,0,5.938
DESKTOP-KQF03T0,Jashvanth,2026-06-30T15:30:11.709444,Q99_V005,Q_1096,3,1,0,1,1,0,179,2,0,0,2,33.1,6806.78,143416392704,36917419008,2,0,1,0,0,1,1,6,8,9.0,Sort,0,2.298
DESKTOP-KQF03T0,Jashvanth,2026-06-30T15:30:16.751779,Q99_V006,Q_1097,1,1,0,1,1,0,177,1,0,0,2,68.6,7171.39,143547969536,36918729728,2,0,1,0,0,1,1,6,25,25.0,Sort,0,9.421
DESKTOP-KQF03T0,Jashvanth,2026-06-30T15:30:21.782291,Q99_V006,Q_1097,2,1,0,1,1,0,177,1,0,0,2,49.1,7005.86,143559976960,36921191424,2,0,1,0,0,1,1,6,25,25.0,Sort,0,3.874
DESKTOP-KQF03T0,Jashvanth,2026-06-30T15:30:26.817833,Q99_V006,Q_1097,3,1,0,1,1,0,177,1,0,0,2,39.5,7025.35,143561073152,36921916416,2,0,1,0,0,1,1,6,25,25.0,Sort,0,10.323
DESKTOP-KQF03T0,Jashvanth,2026-06-30T15:30:31.847715,Q99_V007,Q_1098,1,1,0,1,1,0,144,1,0,0,2,32.3,7020.12,143565770240,36922348544,2,0,1,0,0,1,1,6,636,636.0,Sort,0,5.345
DESKTOP-KQF03T0,Jashvanth,2026-06-30T15:30:36.872245,Q99_V007,Q_1098,2,1,0,1,1,0,144,1,0,0,2,38.2,6987.12,143566032384,36922991616,2,0,1,0,0,1,1,6,636,636.0,Sort,0,3.227
DESKTOP-KQF03T0,Jashvanth,2026-06-30T15:30:41.897777,Q99_V007,Q_1098,3,1,0,1,1,0,144,1,0,0,2,25.9,7019.41,143566056960,36923163648,2,0,1,0,0,1,1,6,636,636.0,Sort,0,4.68
DESKTOP-KQF03T0,Jashvanth,2026-06-30T15:30:46.929344,Q99_V008,Q_1099,1,1,0,1,1,0,192,2,1,0,2,35.2,6980.93,143566429696,36923622400,2,0,1,0,0,2,1,7,25,25.0,Sort,0,10.534
DESKTOP-KQF03T0,Jashvanth,2026-06-30T15:30:51.976851,Q99_V008,Q_1099,2,1,0,1,1,0,192,2,1,0,2,25.6,7025.51,143567326720,36925731840,2,0,1,0,0,2,1,7,25,25.0,Sort,0,9.264
DESKTOP-KQF03T0,Jashvanth,2026-06-30T15:30:57.009573,Q99_V008,Q_1099,3,1,0,1,1,0,192,2,1,0,2,27.4,6988.28,143567515136,36926104576,2,0,1,0,0,2,1,7,25,25.0,Sort,0,10.844
DESKTOP-KQF03T0,Jashvanth,2026-06-30T15:37:35.363085,Q99_V009,Q_1100,1,1,1,1,1,0,171,1,0,0,2,84.1,7064.21,144129693184,37158615040,2,0,1,0,0,1,1,6,25,25.0,Sort,0,9.435
DESKTOP-KQF03T0,Jashvanth,2026-06-30T15:37:40.472124,Q99_V009,Q_1100,2,1,1,1,1,0,171,1,0,0,2,85.0,7151.84,144167318528,37159770112,2,0,1,0,0,1,1,6,25,25.0,Sort,0,6.662
DESKTOP-KQF03T0,Jashvanth,2026-06-30T15:37:45.523257,Q99_V009,Q_1100,3,1,1,1,1,0,171,1,0,0,2,83.8,7301.25,144383532032,37226567680,2,0,1,0,0,1,1,6,25,25.0,Sort,0,4.119
DESKTOP-KQF03T0,Jashvanth,2026-06-30T15:37:50.548806,Q99_V010,Q_1101,1,1,1,1,1,0,172,1,0,0,2,39.6,7251.12,144383810560,37297416192,2,0,1,0,0,1,1,6,25,25.0,Sort,0,1.31
DESKTOP-KQF03T0,Jashvanth,2026-06-30T15:37:55.597204,Q99_V010,Q_1101,2,1,1,1,1,0,172,1,0,0,2,46.0,7251.4,144384543744,37297551360,2,0,1,0,0,1,1,6,25,25.0,Sort,0,2.885
DESKTOP-KQF03T0,Jashvanth,2026-06-30T15:38:00.618442,Q99_V010,Q_1101,3,1,1,1,1,0,172,1,0,0,2,35.0,7219.66,144385305600,37300045824,2,0,1,0,0,1,1,6,25,25.0,Sort,0,0.774
DESKTOP-KQF03T0,Jashvanth,2026-06-30T15:38:05.665024,Q99_V011,Q_1102,1,1,0,1,1,0,178,1,0,0,2,44.8,7175.54,144387683840,37301917696,2,0,1,0,0,1,1,6,25,25.0,Sort,0,5.154
DESKTOP-KQF03T0,Jashvanth,2026-06-30T15:38:10.701727,Q99_V011,Q_1102,2,1,0,1,1,0,178,1,0,0,2,42.6,7206.75,144390045184,37303257088,2,0,1,0,0,1,1,6,25,25.0,Sort,0,7.03
DESKTOP-KQF03T0,Jashvanth,2026-06-30T15:38:15.740782,Q99_V011,Q_1102,3,1,0,1,1,0,178,1,0,0,2,41.9,7230.78,144390548992,37305522176,2,0,1,0,0,1,1,6,25,25.0,Sort,0,7.28
DESKTOP-KQF03T0,Jashvanth,2026-06-30T15:38:20.809765,Q100_V001,Q_1103,1,0,1,0,1,0,185,0,0,0,1,39.3,7239.12,144391544320,37305755648,1,0,0,0,0,1,0,3,50,50.0,Limit,0,36.426
DESKTOP-KQF03T0,Jashvanth,2026-06-30T15:38:25.852864,Q100_V001,Q_1103,2,0,1,0,1,0,185,0,0,0,1,38.4,7179.73,144391833088,37306374144,1,0,0,0,0,1,0,3,50,50.0,Limit,0,10.606
DESKTOP-KQF03T0,Jashvanth,2026-06-30T15:38:30.905208,Q100_V001,Q_1103,3,0,1,0,1,0,185,0,0,0,1,43.7,7112.62,144392271872,37307402240,1,0,0,0,0,1,0,3,50,50.0,Limit,0,11.944
DESKTOP-KQF03T0,Jashvanth,2026-06-30T15:38:35.939982,Q100_V002,Q_1104,1,0,1,0,1,0,184,0,0,0,1,44.1,7123.41,144392308736,37308028928,1,0,0,0,0,1,0,3,50,50.0,Limit,0,10.943
DESKTOP-KQF03T0,Jashvanth,2026-06-30T15:38:40.970279,Q100_V002,Q_1104,2,0,1,0,1,0,184,0,0,0,1,40.9,7099.59,144392439808,37308291072,1,0,0,0,0,1,0,3,50,50.0,Limit,0,8.725
DESKTOP-KQF03T0,Jashvanth,2026-06-30T15:38:46.021886,Q100_V002,Q_1104,3,0,1,0,1,0,184,0,0,0,1,46.7,7105.49,144392538112,37310928896,1,0,0,0,0,1,0,3,50,50.0,Limit,0,10.433
DESKTOP-KQF03T0,Jashvanth,2026-06-30T15:38:51.054731,Q100_V003,Q_1105,1,0,1,0,1,0,225,0,0,1,1,46.6,7125.46,144393512960,37312464896,1,0,0,0,0,1,0,3,50,50.0,Limit,0,9.309
DESKTOP-KQF03T0,Jashvanth,2026-06-30T15:38:56.093308,Q100_V003,Q_1105,2,0,1,0,1,0,225,0,0,1,1,62.4,7045.89,144394905600,37370980352,1,0,0,0,0,1,0,3,50,50.0,Limit,0,9.524
DESKTOP-KQF03T0,Jashvanth,2026-06-30T15:39:01.125149,Q100_V003,Q_1105,3,0,1,0,1,0,225,0,0,1,1,41.7,7014.54,144395454464,37371344896,1,0,0,0,0,1,0,3,50,50.0,Limit,0,7.586
DESKTOP-KQF03T0,Jashvanth,2026-06-30T15:39:06.160340,Q100_V004,Q_1106,1,0,1,0,1,0,184,0,0,0,1,28.5,7021.22,144395589632,37372647424,1,0,0,0,0,1,0,3,50,50.0,Limit,0,4.354
DESKTOP-KQF03T0,Jashvanth,2026-06-30T15:39:11.199370,Q100_V004,Q_1106,2,0,1,0,1,0,184,0,0,0,1,66.0,7098.34,144432246272,37381494784,1,0,0,0,0,1,0,3,50,50.0,Limit,0,4.875
DESKTOP-KQF03T0,Jashvanth,2026-06-30T15:39:16.260300,Q100_V004,Q_1106,3,0,1,0,1,0,184,0,0,0,1,41.6,7047.91,144432782848,37382121472,1,0,0,0,0,1,0,3,50,50.0,Limit,0,7.024
DESKTOP-KQF03T0,Jashvanth,2026-06-30T15:39:21.300540,Q100_V005,Q_1107,1,0,1,0,0,0,136,2,0,0,1,39.9,7081.46,144432901632,37382662144,1,0,0,0,0,0,1,2,1,1.0,Aggregate,0,4.182
DESKTOP-KQF03T0,Jashvanth,2026-06-30T15:39:26.340171,Q100_V005,Q_1107,2,0,1,0,0,0,136,2,0,0,1,38.1,7091.11,144433159680,37383145472,1,0,0,0,0,0,1,2,1,1.0,Aggregate,0,11.822
DESKTOP-KQF03T0,Jashvanth,2026-06-30T15:39:31.385421,Q100_V005,Q_1107,3,0,1,0,0,0,136,2,0,0,1,39.9,7046.55,144433524224,37383690240,1,0,0,0,0,0,1,2,1,1.0,Aggregate,0,12.463
DESKTOP-KQF03T0,Jashvanth,2026-06-30T15:39:36.453598,Q100_V006,Q_1108,1,0,1,1,1,0,188,2,0,0,1,31.0,7022.35,144433528320,37384173568,1,0,0,0,0,1,1,3,7,7.0,Sort,0,15.071
DESKTOP-KQF03T0,Jashvanth,2026-06-30T15:39:41.510087,Q100_V006,Q_1108,2,0,1,1,1,0,188,2,0,0,1,42.6,7027.31,144433569280,37384517632,1,0,0,0,0,1,1,3,7,7.0,Sort,0,21.377
DESKTOP-KQF03T0,Jashvanth,2026-06-30T15:39:46.550207,Q100_V006,Q_1108,3,0,1,1,1,0,188,2,0,0,1,25.5,7013.81,144433577472,37385119744,1,0,0,0,0,1,1,3,7,7.0,Sort,0,11.891
DESKTOP-KQF03T0,Jashvanth,2026-06-30T15:39:51.584222,Q100_V007,Q_1109,1,0,1,0,1,0,221,0,0,1,1,37.1,7026.13,144434142720,37385353216,0,1,0,0,0,1,0,4,50,50.0,Limit,0,5.348
DESKTOP-KQF03T0,Jashvanth,2026-06-30T15:39:56.618835,Q100_V007,Q_1109,2,0,1,0,1,0,221,0,0,1,1,41.2,7078.84,144434933248,37385705472,0,1,0,0,0,1,0,4,50,50.0,Limit,0,6.386
DESKTOP-KQF03T0,Jashvanth,2026-06-30T15:40:01.661520,Q100_V007,Q_1109,3,0,1,0,1,0,221,0,0,1,1,44.6,7050.54,144435449344,37387081728,0,1,0,0,0,1,0,4,50,50.0,Limit,0,11.244
DESKTOP-KQF03T0,Jashvanth,2026-06-30T15:40:06.713444,Q100_V008,Q_1110,1,0,1,0,1,0,221,0,0,1,1,39.5,7073.79,144435629568,37387307008,1,0,0,0,0,1,0,3,50,50.0,Limit,0,10.768
DESKTOP-KQF03T0,Jashvanth,2026-06-30T15:40:11.745547,Q100_V008,Q_1110,2,0,1,0,1,0,221,0,0,1,1,41.1,7055.8,144439052288,37387810816,1,0,0,0,0,1,0,3,50,50.0,Limit,0,7.905
DESKTOP-KQF03T0,Jashvanth,2026-06-30T15:40:16.794785,Q100_V008,Q_1110,3,0,1,0,1,0,221,0,0,1,1,42.4,7078.8,144446127616,37389289472,1,0,0,0,0,1,0,3,50,50.0,Limit,0,8.87
DESKTOP-KQF03T0,Jashvanth,2026-06-30T15:40:21.844286,Q100_V009,Q_1111,1,0,1,1,1,0,142,1,0,0,2,52.7,7065.9,144446663680,37389752320,1,0,0,0,0,1,1,3,2146,7.0,Sort,0,11.565
DESKTOP-KQF03T0,Jashvanth,2026-06-30T15:40:26.881395,Q100_V009,Q_1111,2,0,1,1,1,0,142,1,0,0,2,37.5,6957.41,144447081472,37390415872,1,0,0,0,0,1,1,3,2146,7.0,Sort,0,11.643
DESKTOP-KQF03T0,Jashvanth,2026-06-30T15:40:31.924191,Q100_V009,Q_1111,3,0,1,1,1,0,142,1,0,0,2,24.4,6905.94,144449674240,37390896640,1,0,0,0,0,1,1,3,2146,7.0,Sort,0,19.128
DESKTOP-KQF03T0,Jashvanth,2026-06-30T15:40:36.962338,Q100_V010,Q_1112,1,0,1,0,0,0,159,2,0,0,1,24.2,6900.65,144450161664,37391588864,1,0,0,0,0,0,1,2,1,1.0,Aggregate,0,4.546
DESKTOP-KQF03T0,Jashvanth,2026-06-30T15:40:42.000052,Q100_V010,Q_1112,2,0,1,0,0,0,159,2,0,0,1,28.4,6900.29,144450665472,37392219648,1,0,0,0,0,0,1,2,1,1.0,Aggregate,0,9.42
DESKTOP-KQF03T0,Jashvanth,2026-06-30T15:40:47.048105,Q100_V010,Q_1112,3,0,1,0,0,0,159,2,0,0,1,19.8,6912.71,144450747392,37392461312,1,0,0,0,0,0,1,2,1,1.0,Aggregate,0,7.8
DESKTOP-KQF03T0,Jashvanth,2026-06-30T15:40:52.087796,Q100_V011,Q_1113,1,0,1,0,1,0,186,0,0,1,1,30.1,6910.41,144451206144,37393624576,1,0,0,0,0,1,0,3,50,50.0,Limit,0,5.726
DESKTOP-KQF03T0,Jashvanth,2026-06-30T15:40:57.111651,Q100_V011,Q_1113,2,0,1,0,1,0,186,0,0,1,1,22.9,6931.82,144451288064,37394128384,1,0,0,0,0,1,0,3,50,50.0,Limit,0,3.229
DESKTOP-KQF03T0,Jashvanth,2026-06-30T15:41:02.149326,Q100_V011,Q_1113,3,0,1,0,1,0,186,0,0,1,1,22.3,6954.66,144451435520,37394583040,1,0,0,0,0,1,0,3,50,50.0,Limit,0,7.884
DESKTOP-KQF03T0,Jashvanth,2026-06-30T15:41:07.209380,Q101_V001,Q_1114,1,1,1,2,2,3,404,2,0,0,5,30.8,6900.13,144452201472,37394902528,3,0,1,0,0,1,3,9,667,460.0,Sort,0,18.512
DESKTOP-KQF03T0,Jashvanth,2026-06-30T15:41:12.290838,Q101_V001,Q_1114,2,1,1,2,2,3,404,2,0,0,5,26.7,6900.97,144452209664,37395586560,3,0,1,0,0,1,3,9,667,460.0,Sort,0,21.291
DESKTOP-KQF03T0,Jashvanth,2026-06-30T15:41:17.349010,Q101_V001,Q_1114,3,1,1,2,2,3,404,2,0,0,5,29.6,6921.82,144452328448,37395955200,3,0,1,0,0,1,3,9,667,460.0,Sort,0,22.628
DESKTOP-KQF03T0,Jashvanth,2026-06-30T15:41:22.415668,Q101_V002,Q_1115,1,1,1,2,2,3,398,2,0,0,5,37.3,6937.45,144453508096,37397786112,3,0,1,0,0,1,3,9,667,184.0,Sort,0,26.049
DESKTOP-KQF03T0,Jashvanth,2026-06-30T15:41:27.448663,Q101_V002,Q_1115,2,1,1,2,2,3,398,2,0,0,5,40.6,6950.67,144622778880,37398896128,3,0,1,0,0,1,3,9,667,184.0,Sort,0,9.629
DESKTOP-KQF03T0,Jashvanth,2026-06-30T15:41:32.492883,Q101_V002,Q_1115,3,1,1,2,2,3,398,2,0,0,5,27.9,6975.75,144622778880,37400595968,3,0,1,0,0,1,3,9,667,184.0,Sort,0,9.663
DESKTOP-KQF03T0,Jashvanth,2026-06-30T15:41:37.533434,Q101_V003,Q_1116,1,1,1,2,2,3,398,2,0,0,5,24.7,6979.17,144622803456,37401181696,3,0,1,0,0,1,3,9,667,920.0,Sort,0,15.017
DESKTOP-KQF03T0,Jashvanth,2026-06-30T15:41:42.569254,Q101_V003,Q_1116,2,1,1,2,2,3,398,2,0,0,5,35.2,6982.72,144623323648,37402983936,3,0,1,0,0,1,3,9,667,920.0,Sort,0,10.691
DESKTOP-KQF03T0,Jashvanth,2026-06-30T15:41:47.613169,Q101_V003,Q_1116,3,1,1,2,2,3,398,2,0,0,5,27.3,6954.65,144623499776,37403495936,3,0,1,0,0,1,3,9,667,920.0,Sort,0,12.058
DESKTOP-KQF03T0,Jashvanth,2026-06-30T15:41:52.651528,Q101_V004,Q_1117,1,1,1,2,2,3,399,2,0,0,5,27.9,6954.24,144623532544,37403905536,3,0,1,0,0,1,3,9,667,1380.0,Sort,0,12.623
DESKTOP-KQF03T0,Jashvanth,2026-06-30T15:41:57.697779,Q101_V004,Q_1117,2,1,1,2,2,3,399,2,0,0,5,20.8,6964.16,144623606272,37404569088,3,0,1,0,0,1,3,9,667,1380.0,Sort,0,13.116
DESKTOP-KQF03T0,Jashvanth,2026-06-30T15:42:02.741968,Q101_V004,Q_1117,3,1,1,2,2,3,399,2,0,0,5,24.4,6958.74,144623921664,37405351424,3,0,1,0,0,1,3,9,667,1380.0,Sort,0,15.99
DESKTOP-KQF03T0,Jashvanth,2026-06-30T15:42:07.770146,Q101_V005,Q_1118,1,1,3,2,2,3,476,2,0,0,5,23.9,6987.12,144623974912,37406330368,3,0,1,0,0,1,3,9,667,401.0,Sort,0,7.584
DESKTOP-KQF03T0,Jashvanth,2026-06-30T15:42:12.820743,Q101_V005,Q_1118,2,1,3,2,2,3,476,2,0,0,5,35.2,7016.87,144624208384,37407239680,3,0,1,0,0,1,3,9,667,401.0,Sort,0,10.88
DESKTOP-KQF03T0,Jashvanth,2026-06-30T15:42:17.866982,Q101_V005,Q_1118,3,1,3,2,2,3,476,2,0,0,5,26.8,7038.16,144624306688,37407878656,3,0,1,0,0,1,3,9,667,401.0,Sort,0,18.911
DESKTOP-KQF03T0,Jashvanth,2026-06-30T15:42:22.912637,Q101_V006,Q_1119,1,1,3,2,2,3,476,2,0,0,5,30.7,6995.05,144624462336,37408869888,3,0,1,0,0,1,3,9,667,406.0,Sort,0,13.013
DESKTOP-KQF03T0,Jashvanth,2026-06-30T15:42:27.946875,Q101_V006,Q_1119,2,1,3,2,2,3,476,2,0,0,5,16.4,6963.75,144624699904,37409218048,3,0,1,0,0,1,3,9,667,406.0,Sort,0,8.407
DESKTOP-KQF03T0,Jashvanth,2026-06-30T15:42:33.010248,Q101_V006,Q_1119,3,1,3,2,2,3,476,2,0,0,5,50.2,6976.59,144624753152,37409665536,3,0,1,0,0,1,3,9,667,406.0,Sort,0,18.034
DESKTOP-KQF03T0,Jashvanth,2026-06-30T15:42:38.059365,Q101_V007,Q_1120,1,1,2,3,2,4,497,3,0,0,6,29.3,6982.18,144624918016,37410566656,4,0,2,0,0,1,5,15,5,5.0,Sort,0,23.35
DESKTOP-KQF03T0,Jashvanth,2026-06-30T15:42:43.097408,Q101_V007,Q_1120,2,1,2,3,2,4,497,3,0,0,6,24.8,6955.08,144625021440,37410928128,4,0,2,0,0,1,5,15,5,5.0,Sort,0,11.102
DESKTOP-KQF03T0,Jashvanth,2026-06-30T15:42:48.162133,Q101_V007,Q_1120,3,1,2,3,2,4,497,3,0,0,6,28.1,6974.69,144627731968,37411350016,4,0,2,0,0,1,5,15,5,5.0,Sort,0,26.007
DESKTOP-KQF03T0,Jashvanth,2026-06-30T15:42:53.266001,Q101_V008,Q_1121,1,1,1,2,2,3,397,2,0,0,5,84.9,7297.37,144648586240,37412685312,3,0,1,0,0,1,3,9,667,460.0,Sort,0,22.472
DESKTOP-KQF03T0,Jashvanth,2026-06-30T15:42:58.319116,Q101_V008,Q_1121,2,1,1,2,2,3,397,2,0,0,5,62.9,7069.54,144650474496,37446923776,3,0,1,0,0,1,3,9,667,460.0,Sort,0,14.168
DESKTOP-KQF03T0,Jashvanth,2026-06-30T15:43:03.402908,Q101_V008,Q_1121,3,1,1,2,2,3,397,2,0,0,5,65.1,7025.38,144652276736,37501761024,3,0,1,0,0,1,3,9,667,460.0,Sort,0,24.633
DESKTOP-KQF03T0,Jashvanth,2026-06-30T15:43:08.452031,Q101_V009,Q_1122,1,1,1,2,2,3,379,2,0,0,5,99.1,7255.38,144658171904,37502080512,2,1,1,0,0,1,3,9,667,235.0,Sort,0,12.486
DESKTOP-KQF03T0,Jashvanth,2026-06-30T15:43:13.528522,Q101_V009,Q_1122,2,1,1,2,2,3,379,2,0,0,5,89.0,7255.62,144669944320,37502678528,2,1,1,0,0,1,3,9,667,235.0,Sort,0,7.732
DESKTOP-KQF03T0,Jashvanth,2026-06-30T15:43:18.589270,Q101_V009,Q_1122,3,1,1,2,2,3,379,2,0,0,5,80.0,7268.73,144674496000,37505218048,2,1,1,0,0,1,3,9,667,235.0,Sort,0,12.465
DESKTOP-KQF03T0,Jashvanth,2026-06-30T15:43:23.651999,Q101_V010,Q_1123,1,1,1,3,3,5,579,3,0,1,7,98.2,7243.17,144675073536,37506041344,4,0,1,0,0,1,5,12,10,441.0,Sort,0,31.066
DESKTOP-KQF03T0,Jashvanth,2026-06-30T15:43:28.721447,Q101_V010,Q_1123,2,1,1,3,3,5,579,3,0,1,7,42.3,7255.24,144675081728,37506926080,4,0,1,0,0,1,5,12,10,441.0,Sort,0,29.274
DESKTOP-KQF03T0,Jashvanth,2026-06-30T15:43:33.800759,Q101_V010,Q_1123,3,1,1,3,3,5,579,3,0,1,7,40.0,7262.92,144675208704,37506975232,4,0,1,0,0,1,5,12,10,441.0,Sort,0,37.635
DESKTOP-KQF03T0,Jashvanth,2026-06-30T15:43:38.854928,Q101_V011,Q_1124,1,2,2,3,2,4,497,3,0,0,7,47.6,7203.73,144696037376,37531018752,5,0,3,0,0,1,4,17,170,25.0,Sort,0,17.156
DESKTOP-KQF03T0,Jashvanth,2026-06-30T15:43:43.912846,Q101_V011,Q_1124,2,2,2,3,2,4,497,3,0,0,7,43.0,7108.49,144696717312,37533074944,5,0,3,0,0,1,4,17,170,25.0,Sort,0,26.974
DESKTOP-KQF03T0,Jashvanth,2026-06-30T15:43:48.948998,Q101_V011,Q_1124,3,2,2,3,2,4,497,3,0,0,7,41.4,7045.48,144697979904,37535118848,5,0,3,0,0,1,4,17,170,25.0,Sort,0,10.323
DESKTOP-KQF03T0,Jashvanth,2026-06-30T15:43:53.991234,Q102_V001,Q_1125,1,0,0,1,1,0,265,4,0,0,1,40.0,6993.84,144700027904,37536521728,1,0,0,0,0,1,1,4,7,7.0,Sort,0,16.045
DESKTOP-KQF03T0,Jashvanth,2026-06-30T15:43:59.062724,Q102_V001,Q_1125,2,0,0,1,1,0,265,4,0,0,1,31.1,6889.66,144701088768,37569711616,1,0,0,0,0,1,1,4,7,7.0,Sort,0,15.263
DESKTOP-KQF03T0,Jashvanth,2026-06-30T15:44:04.101456,Q102_V001,Q_1125,3,0,0,1,1,0,265,4,0,0,1,29.2,6893.81,144701502464,37569998336,1,0,0,0,0,1,1,4,7,7.0,Sort,0,14.755
DESKTOP-KQF03T0,Jashvanth,2026-06-30T15:44:09.131286,Q102_V002,Q_1126,1,0,1,1,1,0,301,4,0,0,1,24.7,6904.38,144701787648,37570219520,1,0,0,0,0,1,1,4,7,7.0,Sort,0,9.794
DESKTOP-KQF03T0,Jashvanth,2026-06-30T15:44:14.183949,Q102_V002,Q_1126,2,0,1,1,1,0,301,4,0,0,1,21.0,6906.56,144701885952,37571358208,1,0,0,0,0,1,1,4,7,7.0,Sort,0,10.917
DESKTOP-KQF03T0,Jashvanth,2026-06-30T15:44:19.219494,Q102_V002,Q_1126,3,0,1,1,1,0,301,4,0,0,1,33.8,6956.12,144702103040,37572402688,1,0,0,0,0,1,1,4,7,7.0,Sort,0,12.805
DESKTOP-KQF03T0,Jashvanth,2026-06-30T15:44:24.262685,Q102_V003,Q_1127,1,0,1,1,1,0,301,4,0,0,1,19.3,6922.91,144702254592,37572599296,1,0,0,0,0,1,1,4,7,7.0,Sort,0,13.04
DESKTOP-KQF03T0,Jashvanth,2026-06-30T15:44:29.306417,Q102_V003,Q_1127,2,0,1,1,1,0,301,4,0,0,1,20.8,6933.27,144702406144,37572998656,1,0,0,0,0,1,1,4,7,7.0,Sort,0,16.649
DESKTOP-KQF03T0,Jashvanth,2026-06-30T15:44:34.348495,Q102_V003,Q_1127,3,0,1,1,1,0,301,4,0,0,1,24.7,6920.41,144702483968,37573420544,1,0,0,0,0,1,1,4,7,7.0,Sort,0,17.619
DESKTOP-KQF03T0,Jashvanth,2026-06-30T15:44:39.392692,Q102_V004,Q_1128,1,0,0,1,1,0,174,4,0,0,1,23.2,6945.92,144702733824,37574563328,1,0,0,0,0,1,1,4,7,7.0,Sort,0,11.891
DESKTOP-KQF03T0,Jashvanth,2026-06-30T15:44:44.442175,Q102_V004,Q_1128,2,0,0,1,1,0,174,4,0,0,1,38.9,6947.4,144702844416,37574825472,1,0,0,0,0,1,1,4,7,7.0,Sort,0,15.438
DESKTOP-KQF03T0,Jashvanth,2026-06-30T15:44:49.483044,Q102_V004,Q_1128,3,0,0,1,1,0,174,4,0,0,1,36.1,6937.43,144703041024,37575276032,1,0,0,0,0,1,1,4,7,7.0,Sort,0,6.537
DESKTOP-KQF03T0,Jashvanth,2026-06-30T15:44:54.528658,Q102_V005,Q_1129,1,0,0,1,1,0,134,1,0,0,1,26.3,6960.99,144703286784,37575804416,1,0,0,0,0,1,1,3,7,7.0,Sort,0,18.533
DESKTOP-KQF03T0,Jashvanth,2026-06-30T15:44:59.586266,Q102_V005,Q_1129,2,0,0,1,1,0,134,1,0,0,1,30.2,6959.32,144703536640,37576136192,1,0,0,0,0,1,1,3,7,7.0,Sort,0,26.021
DESKTOP-KQF03T0,Jashvanth,2026-06-30T15:45:04.620990,Q102_V005,Q_1129,3,0,0,1,1,0,134,1,0,0,1,20.0,6906.85,144704060928,37576537600,1,0,0,0,0,1,1,3,7,7.0,Sort,0,12.145
DESKTOP-KQF03T0,Jashvanth,2026-06-30T15:45:09.702370,Q102_V006,Q_1130,1,0,1,1,1,0,160,1,0,0,1,28.8,6892.56,144704347648,37577082368,1,0,0,0,0,1,1,3,7,7.0,Sort,0,36.133
DESKTOP-KQF03T0,Jashvanth,2026-06-30T15:45:14.742805,Q102_V006,Q_1130,2,0,1,1,1,0,160,1,0,0,1,20.3,6909.53,144704843264,37577270784,1,0,0,0,0,1,1,3,7,7.0,Sort,0,11.404
DESKTOP-KQF03T0,Jashvanth,2026-06-30T15:45:19.787589,Q102_V006,Q_1130,3,0,1,1,1,0,160,1,0,0,1,29.6,6959.54,144705015296,37578499584,1,0,0,0,0,1,1,3,7,7.0,Sort,0,11.8
DESKTOP-KQF03T0,Jashvanth,2026-06-30T15:45:24.829141,Q102_V007,Q_1131,1,0,1,1,1,0,161,1,0,0,1,31.4,6921.54,144705125888,37579052544,1,0,0,0,0,1,1,3,7,7.0,Sort,0,11.898
DESKTOP-KQF03T0,Jashvanth,2026-06-30T15:45:29.868214,Q102_V007,Q_1131,2,0,1,1,1,0,161,1,0,0,1,25.9,6945.14,144705203712,37579331072,1,0,0,0,0,1,1,3,7,7.0,Sort,0,11.34
DESKTOP-KQF03T0,Jashvanth,2026-06-30T15:45:34.909544,Q102_V007,Q_1131,3,0,1,1,1,0,161,1,0,0,1,29.3,6928.1,144705420800,37579761152,1,0,0,0,0,1,1,3,7,7.0,Sort,0,8.918
DESKTOP-KQF03T0,Jashvanth,2026-06-30T15:45:39.954951,Q102_V008,Q_1132,1,0,0,1,1,0,261,4,0,0,1,25.7,6889.79,144705502720,37580137984,1,0,0,0,0,1,1,4,1,1.0,Sort,0,15.323
DESKTOP-KQF03T0,Jashvanth,2026-06-30T15:45:45.035670,Q102_V008,Q_1132,2,0,0,1,1,0,261,4,0,0,1,24.3,6864.16,144705502720,37580531200,1,0,0,0,0,1,1,4,1,1.0,Sort,0,27.597
DESKTOP-KQF03T0,Jashvanth,2026-06-30T15:45:50.085796,Q102_V008,Q_1132,3,0,0,1,1,0,261,4,0,0,1,36.7,6870.5,144710765568,37580908032,1,0,0,0,0,1,1,4,1,1.0,Sort,0,24.667
DESKTOP-KQF03T0,Jashvanth,2026-06-30T15:45:55.131803,Q102_V009,Q_1133,1,0,0,1,1,0,172,2,0,0,1,50.2,6893.98,144787299328,37581374976,1,0,0,0,0,1,1,3,7,7.0,Sort,0,22.932
DESKTOP-KQF03T0,Jashvanth,2026-06-30T15:46:00.171559,Q102_V009,Q_1133,2,0,0,1,1,0,172,2,0,0,1,29.5,6895.95,144789246464,37581985280,1,0,0,0,0,1,1,3,7,7.0,Sort,0,16.135
DESKTOP-KQF03T0,Jashvanth,2026-06-30T15:46:05.209358,Q102_V009,Q_1133,3,0,0,1,1,0,172,2,0,0,1,30.4,6847.81,144789402112,37582620160,1,0,0,0,0,1,1,3,7,7.0,Sort,0,11.048
DESKTOP-KQF03T0,Jashvanth,2026-06-30T15:46:10.273187,Q102_V010,Q_1134,1,0,0,1,1,0,181,1,0,0,2,18.6,6860.03,144789516800,37583205888,1,0,0,0,0,1,1,3,2235,49.0,Sort,0,24.617
DESKTOP-KQF03T0,Jashvanth,2026-06-30T15:46:15.319161,Q102_V010,Q_1134,2,0,0,1,1,0,181,1,0,0,2,25.7,6847.13,144789705216,37583865344,1,0,0,0,0,1,1,3,2235,49.0,Sort,0,26.596
DESKTOP-KQF03T0,Jashvanth,2026-06-30T15:46:20.391398,Q102_V010,Q_1134,3,0,0,1,1,0,181,1,0,0,2,31.7,6932.43,144797262336,37599008256,1,0,0,0,0,1,1,3,2235,49.0,Sort,0,45.02
DESKTOP-KQF03T0,Jashvanth,2026-06-30T15:46:25.430726,Q102_V011,Q_1135,1,0,1,1,1,0,288,4,0,0,1,34.1,6899.82,144797344256,37601437184,1,0,0,0,0,1,1,4,7,7.0,Sort,0,7.231
DESKTOP-KQF03T0,Jashvanth,2026-06-30T15:46:30.471037,Q102_V011,Q_1135,2,0,1,1,1,0,288,4,0,0,1,23.4,6889.45,144797381120,37601725952,1,0,0,0,0,1,1,4,7,7.0,Sort,0,7.809
DESKTOP-KQF03T0,Jashvanth,2026-06-30T15:46:35.508252,Q102_V011,Q_1135,3,0,1,1,1,0,288,4,0,0,1,31.3,6867.26,144797430272,37603171840,1,0,0,0,0,1,1,4,7,7.0,Sort,0,9.22
DESKTOP-KQF03T0,Jashvanth,2026-06-30T15:46:40.540221,Q103_V001,Q_1136,1,0,0,1,1,0,165,2,2,0,1,26.8,6908.16,144797495808,37603454464,0,1,0,0,0,1,1,3,333,991.0,Sort,0,2.419
DESKTOP-KQF03T0,Jashvanth,2026-06-30T15:46:45.569817,Q103_V001,Q_1136,2,0,0,1,1,0,165,2,2,0,1,27.9,6907.06,144797864448,37603802624,0,1,0,0,0,1,1,3,333,991.0,Sort,0,2.017
DESKTOP-KQF03T0,Jashvanth,2026-06-30T15:46:50.597534,Q103_V001,Q_1136,3,0,0,1,1,0,165,2,2,0,1,20.4,6913.11,144797970944,37604535808,0,1,0,0,0,1,1,3,333,991.0,Sort,0,1.246
DESKTOP-KQF03T0,Jashvanth,2026-06-30T15:46:55.630518,Q103_V002,Q_1137,1,0,0,1,1,0,165,2,2,0,1,32.6,6914.16,144798052864,37604994560,0,1,0,0,0,1,1,3,333,1000.0,Sort,0,3.522
DESKTOP-KQF03T0,Jashvanth,2026-06-30T15:47:00.664641,Q103_V002,Q_1137,2,0,0,1,1,0,165,2,2,0,1,40.5,6941.84,144798196224,37605420544,0,1,0,0,0,1,1,3,333,1000.0,Sort,0,2.049
DESKTOP-KQF03T0,Jashvanth,2026-06-30T15:47:05.710293,Q103_V002,Q_1137,3,0,0,1,1,0,165,2,2,0,1,28.7,6932.34,144798331392,37606043136,0,1,0,0,0,1,1,3,333,1000.0,Sort,0,2.571
DESKTOP-KQF03T0,Jashvanth,2026-06-30T15:47:10.745415,Q103_V003,Q_1138,1,0,0,1,1,0,166,2,2,0,1,23.2,6924.12,144798355968,37606510080,0,1,0,0,0,1,1,3,333,991.0,Sort,0,1.044
DESKTOP-KQF03T0,Jashvanth,2026-06-30T15:47:15.767471,Q103_V003,Q_1138,2,0,0,1,1,0,166,2,2,0,1,22.2,6916.59,144798355968,37606837760,0,1,0,0,0,1,1,3,333,991.0,Sort,0,1.046
DESKTOP-KQF03T0,Jashvanth,2026-06-30T15:47:20.797803,Q103_V003,Q_1138,3,0,0,1,1,0,166,2,2,0,1,37.4,6896.04,144798503424,37608259072,0,1,0,0,0,1,1,3,333,991.0,Sort,0,1.971
DESKTOP-KQF03T0,Jashvanth,2026-06-30T15:47:25.820089,Q103_V004,Q_1139,1,0,0,1,1,0,166,2,2,0,1,42.8,6917.04,144798597632,37609049600,0,1,0,0,0,1,1,3,333,9.0,Sort,0,0.877
DESKTOP-KQF03T0,Jashvanth,2026-06-30T15:47:30.856061,Q103_V004,Q_1139,2,0,0,1,1,0,166,2,2,0,1,23.1,6901.49,144798609920,37609176576,0,1,0,0,0,1,1,3,333,9.0,Sort,0,1.183
DESKTOP-KQF03T0,Jashvanth,2026-06-30T15:47:35.924650,Q103_V004,Q_1139,3,0,0,1,1,0,166,2,2,0,1,33.9,6878.77,144798679552,37610057216,0,1,0,0,0,1,1,3,333,9.0,Sort,0,2.22
DESKTOP-KQF03T0,Jashvanth,2026-06-30T15:47:40.951340,Q103_V005,Q_1140,1,0,0,1,1,0,156,2,2,0,1,26.9,6836.25,144798958080,37610540544,0,1,0,0,0,0,1,2,5,0.0,Aggregate,0,1.513
DESKTOP-KQF03T0,Jashvanth,2026-06-30T15:47:45.972899,Q103_V005,Q_1140,2,0,0,1,1,0,156,2,2,0,1,30.7,6832.54,144799101440,37610798592,0,1,0,0,0,0,1,2,5,0.0,Aggregate,0,1.122
DESKTOP-KQF03T0,Jashvanth,2026-06-30T15:47:50.994172,Q103_V005,Q_1140,3,0,0,1,1,0,156,2,2,0,1,22.1,6867.31,144799899136,37611269632,0,1,0,0,0,0,1,2,5,0.0,Aggregate,0,1.291
DESKTOP-KQF03T0,Jashvanth,2026-06-30T15:47:56.024808,Q103_V006,Q_1141,1,1,0,1,1,0,220,2,2,0,2,28.2,6851.43,144800157184,37612432896,0,2,0,0,1,1,1,5,333,991.0,Sort,0,3.24
DESKTOP-KQF03T0,Jashvanth,2026-06-30T15:48:01.056087,Q103_V006,Q_1141,2,1,0,1,1,0,220,2,2,0,2,39.1,6847.76,144800469504,37612715520,0,2,0,0,1,1,1,5,333,991.0,Sort,0,5.561
DESKTOP-KQF03T0,Jashvanth,2026-06-30T15:48:06.095594,Q103_V006,Q_1141,3,1,0,1,1,0,220,2,2,0,2,44.4,6865.28,144800784896,37613084160,0,2,0,0,1,1,1,5,333,991.0,Sort,0,4.049
DESKTOP-KQF03T0,Jashvanth,2026-06-30T15:48:11.137531,Q103_V007,Q_1142,1,0,0,1,1,0,197,3,2,0,1,24.9,6854.68,144800920064,37613919744,0,1,0,0,0,1,1,3,333,991.0,Sort,0,2.034
DESKTOP-KQF03T0,Jashvanth,2026-06-30T15:48:16.194865,Q103_V007,Q_1142,2,0,0,1,1,0,197,3,2,0,1,29.3,6844.43,144801063424,37614128640,0,1,0,0,0,1,1,3,333,991.0,Sort,0,4.441
DESKTOP-KQF03T0,Jashvanth,2026-06-30T15:48:21.233782,Q103_V007,Q_1142,3,0,0,1,1,0,197,3,2,0,1,22.8,6872.72,144801063424,37614788096,0,1,0,0,0,1,1,3,333,991.0,Sort,0,4.036
DESKTOP-KQF03T0,Jashvanth,2026-06-30T15:48:26.274495,Q103_V008,Q_1143,1,0,0,1,0,1,139,2,1,0,2,23.9,6875.4,144801161728,37615279616,0,1,0,0,0,0,2,3,1,1.0,Aggregate,0,3.31
DESKTOP-KQF03T0,Jashvanth,2026-06-30T15:48:31.299935,Q103_V008,Q_1143,2,0,0,1,0,1,139,2,1,0,2,19.9,6895.24,144801174016,37615605248,0,1,0,0,0,0,2,3,1,1.0,Aggregate,0,1.181
DESKTOP-KQF03T0,Jashvanth,2026-06-30T15:48:36.324378,Q103_V008,Q_1143,3,0,0,1,0,1,139,2,1,0,2,23.6,6889.27,144801288704,37616104960,0,1,0,0,0,0,2,3,1,1.0,Aggregate,0,2.696
DESKTOP-KQF03T0,Jashvanth,2026-06-30T15:48:41.349885,Q103_V009,Q_1144,1,0,0,1,1,0,156,2,2,0,1,34.1,6856.93,144801288704,37616539136,0,1,0,0,0,0,1,2,333,991.0,Aggregate,0,0.926
DESKTOP-KQF03T0,Jashvanth,2026-06-30T15:48:46.382257,Q103_V009,Q_1144,2,0,0,1,1,0,156,2,2,0,1,25.6,6899.19,144801296896,37617186304,0,1,0,0,0,0,1,2,333,991.0,Aggregate,0,2.48
DESKTOP-KQF03T0,Jashvanth,2026-06-30T15:48:51.408676,Q103_V009,Q_1144,3,0,0,1,1,0,156,2,2,0,1,21.9,6890.72,144801300992,37617575424,0,1,0,0,0,0,1,2,333,991.0,Aggregate,0,1.423
DESKTOP-KQF03T0,Jashvanth,2026-06-30T15:48:56.437418,Q103_V010,Q_1145,1,0,0,1,1,0,191,3,2,0,1,28.7,6909.18,144801698304,37618886144,0,1,0,0,0,1,1,3,333,991.0,Sort,0,2.562
DESKTOP-KQF03T0,Jashvanth,2026-06-30T15:49:01.477885,Q103_V010,Q_1145,2,0,0,1,1,0,191,3,2,0,1,32.0,6841.71,144802501120,37652678144,0,1,0,0,0,1,1,3,333,991.0,Sort,0,3.591
DESKTOP-KQF03T0,Jashvanth,2026-06-30T15:49:06.516873,Q103_V010,Q_1145,3,0,0,1,1,0,191,3,2,0,1,35.2,6838.3,144802554368,37654115840,0,1,0,0,0,1,1,3,333,991.0,Sort,0,4.034
DESKTOP-KQF03T0,Jashvanth,2026-06-30T15:49:11.556393,Q103_V011,Q_1146,1,1,0,1,1,0,159,1,1,0,2,47.4,6887.62,144802721792,37654796800,2,0,1,0,0,2,1,7,25,25.0,Sort,0,10.328
DESKTOP-KQF03T0,Jashvanth,2026-06-30T15:49:16.588829,Q103_V011,Q_1146,2,1,0,1,1,0,159,1,1,0,2,23.7,6832.23,144802725888,37655366144,2,0,1,0,0,2,1,7,25,25.0,Sort,0,9.915
DESKTOP-KQF03T0,Jashvanth,2026-06-30T15:49:21.627563,Q103_V011,Q_1146,3,1,0,1,1,0,159,1,1,0,2,24.5,6845.48,144802799616,37655878144,2,0,1,0,0,2,1,7,25,25.0,Sort,0,9.237
DESKTOP-KQF03T0,Jashvanth,2026-06-30T15:49:26.660357,Q104_V001,Q_1147,1,2,1,1,1,0,255,1,0,1,4,32.3,6933.75,144804237312,37656259072,2,1,1,1,0,2,1,9,18,25.0,Sort,0,3.22
DESKTOP-KQF03T0,Jashvanth,2026-06-30T15:49:31.684248,Q104_V001,Q_1147,2,2,1,1,1,0,255,1,0,1,4,28.1,6910.08,144804315136,37657328128,2,1,1,1,0,2,1,9,18,25.0,Sort,0,3.111
DESKTOP-KQF03T0,Jashvanth,2026-06-30T15:49:36.744760,Q104_V001,Q_1147,3,2,1,1,1,0,255,1,0,1,4,22.5,6843.78,144804384768,37657917952,2,1,1,1,0,2,1,9,18,25.0,Sort,0,8.57
DESKTOP-KQF03T0,Jashvanth,2026-06-30T15:49:41.775358,Q104_V002,Q_1148,1,2,1,1,1,0,255,1,0,1,4,31.1,6843.72,144805400576,37658135040,2,1,1,1,0,2,1,9,18,25.0,Sort,0,4.976
DESKTOP-KQF03T0,Jashvanth,2026-06-30T15:49:46.821156,Q104_V002,Q_1148,2,2,1,1,1,0,255,1,0,1,4,23.8,6860.69,144805568512,37658638848,2,1,1,1,0,2,1,9,18,25.0,Sort,0,5.613
DESKTOP-KQF03T0,Jashvanth,2026-06-30T15:49:51.848436,Q104_V002,Q_1148,3,2,1,1,1,0,255,1,0,1,4,29.7,6891.38,144843788800,37659408896,2,1,1,1,0,2,1,9,18,25.0,Sort,0,3.299
DESKTOP-KQF03T0,Jashvanth,2026-06-30T15:49:56.875752,Q104_V003,Q_1149,1,2,1,1,1,0,255,1,0,1,4,26.2,6909.32,144843972608,37659761152,2,1,1,1,0,2,1,9,18,25.0,Sort,0,4.416
DESKTOP-KQF03T0,Jashvanth,2026-06-30T15:50:01.928765,Q104_V003,Q_1149,2,2,1,1,1,0,255,1,0,1,4,24.3,6903.95,144844049408,37660244480,2,1,1,1,0,2,1,9,18,25.0,Sort,0,7.118
DESKTOP-KQF03T0,Jashvanth,2026-06-30T15:50:06.987752,Q104_V003,Q_1149,3,2,1,1,1,0,255,1,0,1,4,35.0,6941.25,144844438528,37660936704,2,1,1,1,0,2,1,9,18,25.0,Sort,0,8.602
DESKTOP-KQF03T0,Jashvanth,2026-06-30T15:50:12.036513,Q104_V004,Q_1150,1,2,1,1,1,0,256,1,0,1,4,39.3,6939.29,144844831744,37661506048,1,2,0,2,0,2,1,8,15,25.0,Sort,0,7.801
DESKTOP-KQF03T0,Jashvanth,2026-06-30T15:50:17.069548,Q104_V004,Q_1150,2,2,1,1,1,0,256,1,0,1,4,49.6,6953.02,144845073408,37661952512,1,2,0,2,0,2,1,8,15,25.0,Sort,0,6.097
DESKTOP-KQF03T0,Jashvanth,2026-06-30T15:50:22.101346,Q104_V004,Q_1150,3,2,1,1,1,0,256,1,0,1,4,23.6,6931.89,144845167616,37662829056,1,2,0,2,0,2,1,8,15,25.0,Sort,0,6.48
DESKTOP-KQF03T0,Jashvanth,2026-06-30T15:50:27.133859,Q104_V005,Q_1151,1,2,1,1,1,0,256,1,0,1,4,29.5,6921.07,144845208576,37663304192,1,2,0,2,0,2,1,8,7,25.0,Sort,0,2.505
DESKTOP-KQF03T0,Jashvanth,2026-06-30T15:50:32.159845,Q104_V005,Q_1151,2,2,1,1,1,0,256,1,0,1,4,27.0,6928.09,144845274112,37663683072,1,2,0,2,0,2,1,8,7,25.0,Sort,0,1.79
DESKTOP-KQF03T0,Jashvanth,2026-06-30T15:50:37.184486,Q104_V005,Q_1151,3,2,1,1,1,0,256,1,0,1,4,27.8,6914.57,144845278208,37664301568,1,2,0,2,0,2,1,8,7,25.0,Sort,0,2.192
DESKTOP-KQF03T0,Jashvanth,2026-06-30T15:50:42.218210,Q104_V006,Q_1152,1,2,1,1,1,0,256,1,0,1,4,26.1,6945.43,144845327360,37664653824,2,1,1,1,0,2,1,9,18,25.0,Sort,0,5.165
DESKTOP-KQF03T0,Jashvanth,2026-06-30T15:50:47.256657,Q104_V006,Q_1152,2,2,1,1,1,0,256,1,0,1,4,36.5,6908.06,144845511680,37664989696,2,1,1,1,0,2,1,9,18,25.0,Sort,0,5.104
DESKTOP-KQF03T0,Jashvanth,2026-06-30T15:50:52.283362,Q104_V006,Q_1152,3,2,1,1,1,0,256,1,0,1,4,24.9,6895.84,144846593024,37665395200,2,1,1,1,0,2,1,9,18,25.0,Sort,0,3.175
DESKTOP-KQF03T0,Jashvanth,2026-06-30T15:50:57.315402,Q104_V007,Q_1153,1,2,1,1,1,0,248,1,0,2,4,28.0,6902.86,144846662656,37666284032,2,1,1,1,0,2,1,9,18,25.0,Sort,0,6.737
DESKTOP-KQF03T0,Jashvanth,2026-06-30T15:51:02.346808,Q104_V007,Q_1153,2,2,1,1,1,0,248,1,0,2,4,22.2,6910.41,144846773248,37666607616,2,1,1,1,0,2,1,9,18,25.0,Sort,0,8.569
DESKTOP-KQF03T0,Jashvanth,2026-06-30T15:51:07.377180,Q104_V007,Q_1153,3,2,1,1,1,0,248,1,0,2,4,28.4,6899.39,144846777344,37667033600,2,1,1,1,0,2,1,9,18,25.0,Sort,0,7.734
DESKTOP-KQF03T0,Jashvanth,2026-06-30T15:51:12.406187,Q104_V008,Q_1154,1,2,1,1,1,0,288,1,0,2,4,19.6,6914.96,144846932992,37668119040,1,2,0,2,0,2,1,8,3,25.0,Sort,0,1.775
DESKTOP-KQF03T0,Jashvanth,2026-06-30T15:51:17.431184,Q104_V008,Q_1154,2,2,1,1,1,0,288,1,0,2,4,26.4,6967.61,144847133696,37668385280,1,2,0,2,0,2,1,8,3,25.0,Sort,0,2.246
DESKTOP-KQF03T0,Jashvanth,2026-06-30T15:51:22.466341,Q104_V008,Q_1154,3,2,1,1,1,0,288,1,0,2,4,56.9,6941.1,144847832576,37669237248,1,2,0,2,0,2,1,8,3,25.0,Sort,0,3.478
DESKTOP-KQF03T0,Jashvanth,2026-06-30T15:51:27.501781,Q104_V009,Q_1155,1,3,1,1,1,0,296,1,0,1,5,38.1,6919.91,145039517184,37696066048,2,2,1,2,0,2,1,11,18,5.0,Sort,0,4.038
DESKTOP-KQF03T0,Jashvanth,2026-06-30T15:51:32.541800,Q104_V009,Q_1155,2,3,1,1,1,0,296,1,0,1,5,31.2,6860.23,145039619584,37697757696,2,2,1,2,0,2,1,11,18,5.0,Sort,0,4.744
DESKTOP-KQF03T0,Jashvanth,2026-06-30T15:51:37.597703,Q104_V009,Q_1155,3,3,1,1,1,0,296,1,0,1,5,50.2,7046.18,145048284160,37704142336,2,2,1,2,0,2,1,11,18,5.0,Sort,0,11.861
DESKTOP-KQF03T0,Jashvanth,2026-06-30T15:51:42.654178,Q104_V010,Q_1156,1,2,1,1,1,0,234,1,0,0,4,62.9,6900.16,145048464384,37735198208,2,1,1,1,0,2,1,9,25,25.0,Sort,0,7.718
DESKTOP-KQF03T0,Jashvanth,2026-06-30T15:51:47.703648,Q104_V010,Q_1156,2,2,1,1,1,0,234,1,0,0,4,28.4,6913.79,145048550400,37736451584,2,1,1,1,0,2,1,9,25,25.0,Sort,0,11.116
DESKTOP-KQF03T0,Jashvanth,2026-06-30T15:51:52.735811,Q104_V010,Q_1156,3,2,1,1,1,0,234,1,0,0,4,25.4,6928.57,145048554496,37736832512,2,1,1,1,0,2,1,9,25,25.0,Sort,0,5.568
DESKTOP-KQF03T0,Jashvanth,2026-06-30T15:51:57.775847,Q104_V011,Q_1157,1,2,1,1,1,0,255,1,0,1,4,21.0,6943.35,145048775680,37737434624,2,1,1,1,0,2,1,9,20,25.0,Sort,0,7.916
DESKTOP-KQF03T0,Jashvanth,2026-06-30T15:52:02.808100,Q104_V011,Q_1157,2,2,1,1,1,0,255,1,0,1,4,32.5,6915.0,145049260032,37737709056,2,1,1,1,0,2,1,9,20,25.0,Sort,0,5.306
DESKTOP-KQF03T0,Jashvanth,2026-06-30T15:52:07.844261,Q104_V011,Q_1157,3,2,1,1,1,0,255,1,0,1,4,33.8,6941.38,145049272320,37738163712,2,1,1,1,0,2,1,9,20,25.0,Sort,0,4.832
DESKTOP-KQF03T0,Jashvanth,2026-06-30T15:52:12.888899,Q105_V001,Q_1158,1,1,0,1,1,0,196,1,0,0,2,22.0,6955.45,145053487104,37739249152,2,0,1,0,0,1,1,7,15,15.0,Limit,0,19.713
DESKTOP-KQF03T0,Jashvanth,2026-06-30T15:52:17.932286,Q105_V001,Q_1158,2,1,0,1,1,0,196,1,0,0,2,25.2,6864.76,145054044160,37751324160,2,0,1,0,0,1,1,7,15,15.0,Limit,0,21.94
DESKTOP-KQF03T0,Jashvanth,2026-06-30T15:52:22.988293,Q105_V001,Q_1158,3,1,0,1,1,0,196,1,0,0,2,54.4,7120.7,145055580160,37753495040,2,0,1,0,0,1,1,7,15,15.0,Limit,0,30.204
DESKTOP-KQF03T0,Jashvanth,2026-06-30T15:52:28.054735,Q105_V002,Q_1159,1,1,0,1,1,0,195,1,0,0,2,44.0,7040.33,145055952896,37754269184,2,0,1,0,0,1,1,7,15,15.0,Limit,0,29.615
DESKTOP-KQF03T0,Jashvanth,2026-06-30T15:52:33.122136,Q105_V002,Q_1159,2,1,0,1,1,0,195,1,0,0,2,42.5,7066.32,145055952896,37755096576,2,0,1,0,0,1,1,7,15,15.0,Limit,0,26.511
DESKTOP-KQF03T0,Jashvanth,2026-06-30T15:52:38.179356,Q105_V002,Q_1159,3,1,0,1,1,0,195,1,0,0,2,42.4,6923.48,145056838656,37755576832,2,0,1,0,0,1,1,7,15,15.0,Limit,0,19.906
DESKTOP-KQF03T0,Jashvanth,2026-06-30T15:52:43.228563,Q105_V003,Q_1160,1,1,0,1,1,0,196,1,0,0,2,23.8,6946.98,145057006592,37756121600,2,0,1,0,0,1,1,7,10,10.0,Limit,0,16.735
DESKTOP-KQF03T0,Jashvanth,2026-06-30T15:52:48.273556,Q105_V003,Q_1160,2,1,0,1,1,0,196,1,0,0,2,22.9,6960.62,145057043456,37756506624,2,0,1,0,0,1,1,7,10,10.0,Limit,0,22.427
DESKTOP-KQF03T0,Jashvanth,2026-06-30T15:52:53.347504,Q105_V003,Q_1160,3,1,0,1,1,0,196,1,0,0,2,31.9,6961.52,145057182720,37757170176,2,0,1,0,0,1,1,7,10,10.0,Limit,0,27.751
DESKTOP-KQF03T0,Jashvanth,2026-06-30T15:52:58.414617,Q105_V004,Q_1161,1,1,0,1,1,0,196,1,0,0,2,23.1,6985.56,145057346560,37757796864,2,0,1,0,0,1,1,7,20,20.0,Limit,0,33.511
DESKTOP-KQF03T0,Jashvanth,2026-06-30T15:53:03.456967,Q105_V004,Q_1161,2,1,0,1,1,0,196,1,0,0,2,22.0,6974.93,145057674240,37758132736,2,0,1,0,0,1,1,7,20,20.0,Limit,0,17.52
DESKTOP-KQF03T0,Jashvanth,2026-06-30T15:53:08.508565,Q105_V004,Q_1161,3,1,0,1,1,0,196,1,0,0,2,28.3,6988.36,145057752064,37758685696,2,0,1,0,0,1,1,7,20,20.0,Limit,0,24.201
DESKTOP-KQF03T0,Jashvanth,2026-06-30T15:53:13.552958,Q105_V005,Q_1162,1,1,1,1,1,0,234,1,0,0,2,25.6,6983.96,145057756160,37759025664,2,0,1,0,0,1,1,7,15,15.0,Limit,0,19.119
DESKTOP-KQF03T0,Jashvanth,2026-06-30T15:53:18.608451,Q105_V005,Q_1162,2,1,1,1,1,0,234,1,0,0,2,26.1,6995.21,145057793024,37760344576,2,0,1,0,0,1,1,7,15,15.0,Limit,0,18.982
DESKTOP-KQF03T0,Jashvanth,2026-06-30T15:53:23.644446,Q105_V005,Q_1162,3,1,1,1,1,0,234,1,0,0,2,24.6,6998.23,145057932288,37760922112,2,0,1,0,0,1,1,7,15,15.0,Limit,0,14.464
DESKTOP-KQF03T0,Jashvanth,2026-06-30T15:53:28.686082,Q105_V006,Q_1163,1,1,1,1,1,0,234,1,0,0,2,21.7,6978.89,145057944576,37761413632,2,0,1,0,0,1,1,7,15,15.0,Limit,0,18.66
DESKTOP-KQF03T0,Jashvanth,2026-06-30T15:53:33.744831,Q105_V006,Q_1163,2,1,1,1,1,0,234,1,0,0,2,45.9,6951.98,145057948672,37762003456,2,0,1,0,0,1,1,7,15,15.0,Limit,0,32.844
DESKTOP-KQF03T0,Jashvanth,2026-06-30T15:53:38.793438,Q105_V006,Q_1163,3,1,1,1,1,0,234,1,0,0,2,32.9,6885.97,145058145280,37813756416,2,0,1,0,0,1,1,7,15,15.0,Limit,0,22.093
DESKTOP-KQF03T0,Jashvanth,2026-06-30T15:53:43.858445,Q105_V007,Q_1164,1,1,0,1,1,0,196,1,0,0,2,27.9,6904.75,145058214912,37813948928,2,0,1,0,0,1,1,7,15,15.0,Limit,0,28.337
DESKTOP-KQF03T0,Jashvanth,2026-06-30T15:53:48.904097,Q105_V007,Q_1164,2,1,0,1,1,0,196,1,0,0,2,19.7,6908.46,145058479616,37814497792,2,0,1,0,0,1,1,7,15,15.0,Limit,0,18.315
DESKTOP-KQF03T0,Jashvanth,2026-06-30T15:53:53.951605,Q105_V007,Q_1164,3,1,0,1,1,0,196,1,0,0,2,29.7,6941.14,145059573248,37815733760,2,0,1,0,0,1,1,7,15,15.0,Limit,0,24.276
DESKTOP-KQF03T0,Jashvanth,2026-06-30T15:53:59.020951,Q105_V008,Q_1165,1,1,0,1,1,0,183,1,1,0,2,26.6,6962.56,145059708416,37816102400,2,0,1,0,0,2,1,8,15,15.0,Limit,0,31.628
DESKTOP-KQF03T0,Jashvanth,2026-06-30T15:54:04.082533,Q105_V008,Q_1165,2,1,0,1,1,0,183,1,1,0,2,27.2,6894.57,145059970560,37882162688,2,0,1,0,0,2,1,8,15,15.0,Limit,0,32.483
DESKTOP-KQF03T0,Jashvanth,2026-06-30T15:54:09.136008,Q105_V008,Q_1165,3,1,0,1,1,0,183,1,1,0,2,20.4,6902.09,145060101632,37882486272,2,0,1,0,0,2,1,8,15,15.0,Limit,0,31.352
DESKTOP-KQF03T0,Jashvanth,2026-06-30T15:54:14.219154,Q105_V009,Q_1166,1,2,0,1,1,0,206,1,0,0,3,25.1,6929.36,145060232704,37882949120,3,0,2,0,0,1,1,9,170,25.0,Sort,0,53.812
DESKTOP-KQF03T0,Jashvanth,2026-06-30T15:54:19.283587,Q105_V009,Q_1166,2,2,0,1,1,0,206,1,0,0,3,28.7,6729.05,145060380160,37884427776,3,0,2,0,0,1,1,9,170,25.0,Sort,0,37.314
DESKTOP-KQF03T0,Jashvanth,2026-06-30T15:54:24.367451,Q105_V009,Q_1166,3,2,0,1,1,0,206,1,0,0,3,24.3,6758.77,145061178880,37885492736,3,0,2,0,0,1,1,9,170,25.0,Sort,0,54.157
DESKTOP-KQF03T0,Jashvanth,2026-06-30T15:54:29.430231,Q105_V010,Q_1167,1,1,1,1,1,0,220,1,0,0,2,28.9,6746.21,145061293568,37885952512,2,0,1,0,0,1,1,7,15,15.0,Limit,0,29.761
DESKTOP-KQF03T0,Jashvanth,2026-06-30T15:54:34.488080,Q105_V010,Q_1167,2,1,1,1,1,0,220,1,0,0,2,24.0,6757.9,145061490176,37886185984,2,0,1,0,0,1,1,7,15,15.0,Limit,0,17.191
DESKTOP-KQF03T0,Jashvanth,2026-06-30T15:54:39.531981,Q105_V010,Q_1167,3,1,1,1,1,0,220,1,0,0,2,52.2,6752.19,145061625344,37887050240,2,0,1,0,0,1,1,7,15,15.0,Limit,0,17.039
DESKTOP-KQF03T0,Jashvanth,2026-06-30T15:54:44.566357,Q105_V011,Q_1168,1,1,1,1,1,0,221,1,0,0,2,35.6,6772.64,145084235776,37887402496,2,0,1,0,0,1,1,7,15,15.0,Limit,0,12.407
DESKTOP-KQF03T0,Jashvanth,2026-06-30T15:54:49.615225,Q105_V011,Q_1168,2,1,1,1,1,0,221,1,0,0,2,19.9,6782.36,145084776448,37887689216,2,0,1,0,0,1,1,7,15,15.0,Limit,0,17.646
DESKTOP-KQF03T0,Jashvanth,2026-06-30T15:54:54.658910,Q105_V011,Q_1168,3,1,1,1,1,0,221,1,0,0,2,25.3,6780.7,145085720576,37888352768,2,0,1,0,0,1,1,7,15,15.0,Limit,0,10.111
DESKTOP-KQF03T0,Jashvanth,2026-06-30T15:54:59.698890,Q106_V001,Q_1169,1,0,1,0,0,1,102,0,1,0,2,26.8,6784.39,145085806592,37888807424,2,0,0,0,0,0,1,3,500,0.0,Seq Scan,0,6.817
DESKTOP-KQF03T0,Jashvanth,2026-06-30T15:55:04.743366,Q106_V001,Q_1169,2,0,1,0,0,1,102,0,1,0,2,32.0,6792.7,145086400512,37888983552,2,0,0,0,0,0,1,3,500,0.0,Seq Scan,0,6.33
DESKTOP-KQF03T0,Jashvanth,2026-06-30T15:55:09.778911,Q106_V001,Q_1169,3,0,1,0,0,1,102,0,1,0,2,44.1,6793.04,145086584832,37889696256,2,0,0,0,0,0,1,3,500,0.0,Seq Scan,0,6.363
DESKTOP-KQF03T0,Jashvanth,2026-06-30T15:55:14.810742,Q106_V002,Q_1170,1,0,1,0,0,1,108,0,1,0,2,24.3,6794.65,145086650368,37889806848,2,0,0,0,0,0,1,3,500,0.0,Seq Scan,0,6.885
DESKTOP-KQF03T0,Jashvanth,2026-06-30T15:55:19.840689,Q106_V002,Q_1170,2,0,1,0,0,1,108,0,1,0,2,19.4,6811.18,145086736384,37891301888,2,0,0,0,0,0,1,3,500,0.0,Seq Scan,0,7.405
DESKTOP-KQF03T0,Jashvanth,2026-06-30T15:55:24.894980,Q106_V002,Q_1170,3,0,1,0,0,1,108,0,1,0,2,31.8,6807.71,145086777344,37891826176,2,0,0,0,0,0,1,3,500,0.0,Seq Scan,0,11.164
DESKTOP-KQF03T0,Jashvanth,2026-06-30T15:55:29.935172,Q106_V003,Q_1171,1,0,1,0,0,1,114,1,1,0,2,24.5,6846.91,145088350720,37892395520,2,0,0,0,0,0,2,4,1,1.0,Aggregate,0,5.819
DESKTOP-KQF03T0,Jashvanth,2026-06-30T15:55:34.969878,Q106_V003,Q_1171,2,0,1,0,0,1,114,1,1,0,2,27.6,6801.16,145088420352,37892878848,2,0,0,0,0,0,2,4,1,1.0,Aggregate,0,8.402
DESKTOP-KQF03T0,Jashvanth,2026-06-30T15:55:39.998483,Q106_V003,Q_1171,3,0,1,0,0,1,114,1,1,0,2,18.6,6834.41,145088420352,37893251584,2,0,0,0,0,0,2,4,1,1.0,Aggregate,0,6.659
DESKTOP-KQF03T0,Jashvanth,2026-06-30T15:55:45.044990,Q106_V004,Q_1172,1,1,1,0,0,0,103,0,0,0,2,46.3,6826.73,145088743936,37893554688,2,0,1,0,0,0,0,4,1,0.0,Hash Join,0,14.493
DESKTOP-KQF03T0,Jashvanth,2026-06-30T15:55:50.085055,Q106_V004,Q_1172,2,1,1,0,0,0,103,0,0,0,2,35.1,6844.96,145088862720,37893984768,2,0,1,0,0,0,0,4,1,0.0,Hash Join,0,5.143
DESKTOP-KQF03T0,Jashvanth,2026-06-30T15:55:55.112221,Q106_V004,Q_1172,3,1,1,0,0,0,103,0,0,0,2,46.1,6947.5,145089128960,37894214144,2,0,1,0,0,0,0,4,1,0.0,Hash Join,0,4.745
DESKTOP-KQF03T0,Jashvanth,2026-06-30T15:56:00.159912,Q106_V005,Q_1173,1,0,1,1,1,1,160,1,1,0,2,42.8,7035.87,145166749184,37894398464,2,0,0,0,0,1,2,5,422,0.0,Sort,0,12.632
DESKTOP-KQF03T0,Jashvanth,2026-06-30T15:56:05.234257,Q106_V005,Q_1173,2,0,1,1,1,1,160,1,1,0,2,93.4,7095.38,145550301696,37896294912,2,0,0,0,0,1,2,5,422,0.0,Sort,0,13.64
DESKTOP-KQF03T0,Jashvanth,2026-06-30T15:56:10.292891,Q106_V005,Q_1173,3,0,1,1,1,1,160,1,1,0,2,73.9,7297.54,145988729344,37897806336,2,0,0,0,0,1,2,5,422,0.0,Sort,0,15.814
DESKTOP-KQF03T0,Jashvanth,2026-06-30T15:56:15.428455,Q106_V006,Q_1174,1,0,1,1,1,1,162,1,1,0,2,79.1,7345.42,146513369600,37899407872,2,0,0,0,0,1,2,5,25,0.0,Sort,0,13.386
DESKTOP-KQF03T0,Jashvanth,2026-06-30T15:56:20.753812,Q106_V006,Q_1174,2,0,1,1,1,1,162,1,1,0,2,100.0,7611.09,147126672896,37902406144,2,0,0,0,0,1,2,5,25,0.0,Sort,0,24.773
DESKTOP-KQF03T0,Jashvanth,2026-06-30T15:56:26.171385,Q106_V006,Q_1174,3,0,1,1,1,1,162,1,1,0,2,100.0,7604.96,147323068416,37940052992,2,0,0,0,0,1,2,5,25,0.0,Sort,0,12.908
DESKTOP-KQF03T0,Jashvanth,2026-06-30T15:56:31.443071,Q106_V007,Q_1175,1,0,1,0,1,1,152,0,1,0,2,100.0,7658.88,147442275840,38024992256,2,0,0,0,0,1,1,5,20,0.0,Limit,0,14.111
DESKTOP-KQF03T0,Jashvanth,2026-06-30T15:56:36.585332,Q106_V007,Q_1175,2,0,1,0,1,1,152,0,1,0,2,100.0,7616.02,147622183424,38132632576,2,0,0,0,0,1,1,5,20,0.0,Limit,0,13.051
DESKTOP-KQF03T0,Jashvanth,2026-06-30T15:56:41.728275,Q106_V007,Q_1175,3,0,1,0,1,1,152,0,1,0,2,100.0,7645.3,147795497984,38216104960,2,0,0,0,0,1,1,5,20,0.0,Limit,0,16.062
DESKTOP-KQF03T0,Jashvanth,2026-06-30T15:56:46.915401,Q106_V008,Q_1176,1,0,1,0,1,1,151,0,1,0,2,100.0,7679.08,148079790080,38278403072,2,0,0,0,0,1,1,5,20,0.0,Limit,0,13.152
DESKTOP-KQF03T0,Jashvanth,2026-06-30T15:56:52.103342,Q106_V008,Q_1176,2,0,1,0,1,1,151,0,1,0,2,100.0,7686.9,148501692928,38332978176,2,0,0,0,0,1,1,5,20,0.0,Limit,0,14.879
DESKTOP-KQF03T0,Jashvanth,2026-06-30T15:56:57.278666,Q106_V008,Q_1176,3,0,1,0,1,1,151,0,1,0,2,100.0,7693.76,148909221376,38543833088,2,0,0,0,0,1,1,5,20,0.0,Limit,0,14.188
DESKTOP-KQF03T0,Jashvanth,2026-06-30T15:57:02.727622,Q106_V009,Q_1177,1,0,1,1,1,1,170,1,1,0,2,100.0,7654.58,149268284416,38638454784,2,0,0,0,0,1,2,5,6,0.0,Sort,0,12.197
DESKTOP-KQF03T0,Jashvanth,2026-06-30T15:57:07.921859,Q106_V009,Q_1177,2,0,1,1,1,1,170,1,1,0,2,100.0,7692.94,149504317440,38750922752,2,0,0,0,0,1,2,5,6,0.0,Sort,0,12.793
DESKTOP-KQF03T0,Jashvanth,2026-06-30T15:57:13.077763,Q106_V009,Q_1177,3,0,1,1,1,1,170,1,1,0,2,100.0,7708.82,150127811072,38841497600,2,0,0,0,0,1,2,5,6,0.0,Sort,0,15.087
DESKTOP-KQF03T0,Jashvanth,2026-06-30T15:57:18.161736,Q106_V010,Q_1178,1,0,1,0,0,1,125,0,1,1,2,100.0,7731.11,150498906624,38998158848,2,0,0,0,0,0,1,3,263,0.0,Seq Scan,0,13.247
DESKTOP-KQF03T0,Jashvanth,2026-06-30T15:57:23.259455,Q106_V010,Q_1178,2,0,1,0,0,1,125,0,1,1,2,100.0,7642.94,150890857984,39103336960,2,0,0,0,0,0,1,3,263,0.0,Seq Scan,0,15.719
DESKTOP-KQF03T0,Jashvanth,2026-06-30T15:57:28.317956,Q106_V010,Q_1178,3,0,1,0,0,1,125,0,1,1,2,100.0,7684.34,151377280000,39135310848,2,0,0,0,0,0,1,3,263,0.0,Seq Scan,0,16.373
DESKTOP-KQF03T0,Jashvanth,2026-06-30T15:57:33.361997,Q106_V011,Q_1179,1,0,1,0,0,1,101,0,1,0,2,97.7,7590.75,151671704576,39180157952,1,1,0,0,0,0,0,3,500,0.0,Seq Scan,0,3.45
DESKTOP-KQF03T0,Jashvanth,2026-06-30T15:57:38.406357,Q106_V011,Q_1179,2,0,1,0,0,1,101,0,1,0,2,85.6,7677.56,151975589888,39212745728,1,1,0,0,0,0,0,3,500,0.0,Seq Scan,0,3.36
DESKTOP-KQF03T0,Jashvanth,2026-06-30T15:57:43.438700,Q106_V011,Q_1179,3,0,1,0,0,1,101,0,1,0,2,86.9,7416.79,152169502208,39416337408,1,1,0,0,0,0,0,3,500,0.0,Seq Scan,0,1.118
DESKTOP-KQF03T0,Jashvanth,2026-06-30T15:57:48.491299,Q107_V001,Q_1180,1,4,1,0,0,0,250,1,1,0,5,76.7,7633.51,152296950784,39423398912,3,2,2,2,0,1,1,13,1,1.0,Aggregate,0,17.818
DESKTOP-KQF03T0,Jashvanth,2026-06-30T15:57:53.556251,Q107_V001,Q_1180,2,4,1,0,0,0,250,1,1,0,5,59.2,7505.77,152421881856,39553819648,3,2,2,2,0,1,1,13,1,1.0,Aggregate,0,23.999
DESKTOP-KQF03T0,Jashvanth,2026-06-30T15:57:58.625615,Q107_V001,Q_1180,3,4,1,0,0,0,250,1,1,0,5,69.4,7609.29,152463677952,39582807552,3,2,2,2,0,1,1,13,1,1.0,Aggregate,0,28.447
DESKTOP-KQF03T0,Jashvanth,2026-06-30T15:58:03.688509,Q107_V002,Q_1181,1,4,1,0,0,0,254,1,1,0,5,62.0,7622.93,152476037632,39584798208,3,2,2,2,0,1,1,13,1,1.0,Aggregate,0,23.444
DESKTOP-KQF03T0,Jashvanth,2026-06-30T15:58:08.746682,Q107_V002,Q_1181,2,4,1,0,0,0,254,1,1,0,5,64.6,7617.58,152506588672,39586878976,3,2,2,2,0,1,1,13,1,1.0,Aggregate,0,19.802
DESKTOP-KQF03T0,Jashvanth,2026-06-30T15:58:13.793484,Q107_V002,Q_1181,3,4,1,0,0,0,254,1,1,0,5,58.4,7579.33,152541742080,39587902976,3,2,2,2,0,1,1,13,1,1.0,Aggregate,0,12.507
DESKTOP-KQF03T0,Jashvanth,2026-06-30T15:58:18.871683,Q107_V003,Q_1182,1,4,1,0,0,0,256,1,1,0,5,59.5,7614.1,152550497280,39608006144,3,2,2,2,0,1,1,13,1,1.0,Aggregate,0,19.947
DESKTOP-KQF03T0,Jashvanth,2026-06-30T15:58:23.916494,Q107_V003,Q_1182,2,4,1,0,0,0,256,1,1,0,5,55.8,7607.5,152577640448,39610426880,3,2,2,2,0,1,1,13,1,1.0,Aggregate,0,9.905
DESKTOP-KQF03T0,Jashvanth,2026-06-30T15:58:28.969268,Q107_V003,Q_1182,3,4,1,0,0,0,256,1,1,0,5,60.2,7657.71,152586847744,39613098496,3,2,2,2,0,1,1,13,1,1.0,Aggregate,0,13.832
DESKTOP-KQF03T0,Jashvanth,2026-06-30T15:58:34.136629,Q107_V004,Q_1183,1,4,0,1,1,0,273,1,1,0,5,60.9,7610.8,152596286464,39615990272,5,0,4,0,0,2,1,16,170,5.0,Sort,0,96.974
DESKTOP-KQF03T0,Jashvanth,2026-06-30T15:58:39.301471,Q107_V004,Q_1183,2,4,0,1,1,0,273,1,1,0,5,64.4,7643.77,152612506112,39630932480,5,0,4,0,0,2,1,16,170,5.0,Sort,0,103.181
DESKTOP-KQF03T0,Jashvanth,2026-06-30T15:58:44.444956,Q107_V004,Q_1183,3,4,0,1,1,0,273,1,1,0,5,58.4,7562.85,152629130240,39632693760,5,0,4,0,0,2,1,16,170,5.0,Sort,0,108.863
DESKTOP-KQF03T0,Jashvanth,2026-06-30T15:58:49.509573,Q107_V005,Q_1184,1,4,1,0,0,0,287,1,1,1,5,65.8,7650.41,152642947584,39635438080,3,2,2,2,0,1,1,13,1,1.0,Aggregate,0,28.337
DESKTOP-KQF03T0,Jashvanth,2026-06-30T15:58:54.606017,Q107_V005,Q_1184,2,4,1,0,0,0,287,1,1,1,5,66.6,7592.51,152667447296,39636998656,3,2,2,2,0,1,1,13,1,1.0,Aggregate,0,27.931
DESKTOP-KQF03T0,Jashvanth,2026-06-30T15:58:59.668059,Q107_V005,Q_1184,3,4,1,0,0,0,287,1,1,1,5,78.8,7495.15,152679163904,39703173632,3,2,2,2,0,1,1,13,1,1.0,Aggregate,0,23.46
DESKTOP-KQF03T0,Jashvanth,2026-06-30T15:59:04.717705,Q107_V006,Q_1185,1,4,1,0,0,0,287,1,1,1,5,70.0,7132.86,152823859712,39735286272,3,2,2,2,0,1,1,13,1,1.0,Aggregate,0,22.897
DESKTOP-KQF03T0,Jashvanth,2026-06-30T15:59:09.767393,Q107_V006,Q_1185,2,4,1,0,0,0,287,1,1,1,5,40.2,7017.09,152831572480,39836273152,3,2,2,2,0,1,1,13,1,1.0,Aggregate,0,20.482
DESKTOP-KQF03T0,Jashvanth,2026-06-30T15:59:14.820202,Q107_V006,Q_1185,3,4,1,0,0,0,287,1,1,1,5,48.5,7018.09,152855661056,39836662272,3,2,2,2,0,1,1,13,1,1.0,Aggregate,0,19.778
DESKTOP-KQF03T0,Jashvanth,2026-06-30T15:59:19.942097,Q107_V007,Q_1186,1,4,1,1,1,0,295,1,1,0,5,61.8,7080.45,152862214656,39837166080,3,2,2,2,0,2,1,14,118,5.0,Sort,0,41.5
DESKTOP-KQF03T0,Jashvanth,2026-06-30T15:59:24.993750,Q107_V007,Q_1186,2,4,1,1,1,0,295,1,1,0,5,72.9,7174.7,152899544576,39838140928,3,2,2,2,0,2,1,14,118,5.0,Sort,0,19.403
DESKTOP-KQF03T0,Jashvanth,2026-06-30T15:59:30.066213,Q107_V007,Q_1186,3,4,1,1,1,0,295,1,1,0,5,83.4,7300.54,152981340672,39838345728,3,2,2,2,0,2,1,14,118,5.0,Sort,0,35.395
DESKTOP-KQF03T0,Jashvanth,2026-06-30T15:59:35.131682,Q107_V008,Q_1187,1,4,1,0,0,0,283,1,1,1,5,97.9,7331.93,153004877824,39854119936,3,2,2,2,0,1,1,13,1,1.0,Aggregate,0,28.762
DESKTOP-KQF03T0,Jashvanth,2026-06-30T15:59:40.183985,Q107_V008,Q_1187,2,4,1,0,0,0,283,1,1,1,5,97.3,7558.29,153059379200,39936884736,3,2,2,2,0,1,1,13,1,1.0,Aggregate,0,18.098
DESKTOP-KQF03T0,Jashvanth,2026-06-30T15:59:45.255192,Q107_V008,Q_1187,3,4,1,0,0,0,283,1,1,1,5,78.3,7466.31,153133171712,40165368832,3,2,2,2,0,1,1,13,1,1.0,Aggregate,0,26.16
DESKTOP-KQF03T0,Jashvanth,2026-06-30T15:59:50.324077,Q107_V009,Q_1188,1,4,1,0,0,0,259,1,0,0,5,82.5,7486.61,153179033088,40285301760,3,2,2,2,0,0,1,12,1,1.0,Aggregate,0,26.424
DESKTOP-KQF03T0,Jashvanth,2026-06-30T15:59:55.389791,Q107_V009,Q_1188,2,4,1,0,0,0,259,1,0,0,5,72.4,7532.9,153220674560,40424939520,3,2,2,2,0,0,1,12,1,1.0,Aggregate,0,25.708
DESKTOP-KQF03T0,Jashvanth,2026-06-30T16:00:00.448935,Q107_V009,Q_1188,3,4,1,0,0,0,259,1,0,0,5,72.9,7570.17,153251524608,40524969984,3,2,2,2,0,0,1,12,1,1.0,Aggregate,0,17.32
DESKTOP-KQF03T0,Jashvanth,2026-06-30T16:00:05.616585,Q107_V010,Q_1189,1,4,1,1,1,0,307,1,1,0,6,93.4,7575.93,153476799488,40590885376,3,2,2,2,0,1,1,13,118,6.0,Aggregate,0,51.831
DESKTOP-KQF03T0,Jashvanth,2026-06-30T16:00:10.711892,Q107_V010,Q_1189,2,4,1,1,1,0,307,1,1,0,6,74.5,7648.19,153619510272,40640210944,3,2,2,2,0,1,1,13,118,6.0,Aggregate,0,52.017
DESKTOP-KQF03T0,Jashvanth,2026-06-30T16:00:15.801313,Q107_V010,Q_1189,3,4,1,1,1,0,307,1,1,0,6,82.5,7715.23,153763331072,40687495168,3,2,2,2,0,1,1,13,118,6.0,Aggregate,0,44.968
DESKTOP-KQF03T0,Jashvanth,2026-06-30T16:00:20.857543,Q107_V011,Q_1190,1,4,1,0,0,0,254,1,1,0,5,92.1,7675.17,153880085504,40760888320,3,2,2,2,0,1,1,13,1,1.0,Aggregate,0,13.797
DESKTOP-KQF03T0,Jashvanth,2026-06-30T16:00:25.898479,Q107_V011,Q_1190,2,4,1,0,0,0,254,1,1,0,5,71.2,7332.51,153932938752,40898214912,3,2,2,2,0,1,1,13,1,1.0,Aggregate,0,9.793
DESKTOP-KQF03T0,Jashvanth,2026-06-30T16:00:30.941252,Q107_V011,Q_1190,3,4,1,0,0,0,254,1,1,0,5,59.8,7527.99,154401344000,40903349248,3,2,2,2,0,1,1,13,1,1.0,Aggregate,0,13.708
DESKTOP-KQF03T0,Jashvanth,2026-06-30T16:00:35.984920,Q108_V001,Q_1191,1,0,0,1,1,0,222,5,0,0,1,53.1,7215.04,154434943488,40979756032,1,0,0,0,0,1,1,4,30,30.0,Limit,0,8.524
DESKTOP-KQF03T0,Jashvanth,2026-06-30T16:00:41.028301,Q108_V001,Q_1191,2,0,0,1,1,0,222,5,0,0,1,49.3,7246.84,154451907584,40983172096,1,0,0,0,0,1,1,4,30,30.0,Limit,0,5.696
DESKTOP-KQF03T0,Jashvanth,2026-06-30T16:00:46.064223,Q108_V001,Q_1191,3,0,0,1,1,0,222,5,0,0,1,47.6,7263.0,154465743360,40984454144,1,0,0,0,0,1,1,4,30,30.0,Limit,0,3.175
DESKTOP-KQF03T0,Jashvanth,2026-06-30T16:00:51.106933,Q108_V002,Q_1192,1,0,0,1,1,0,222,5,0,0,1,50.5,7173.96,154484006912,40985691136,1,0,0,0,0,1,1,4,30,30.0,Limit,0,2.565
DESKTOP-KQF03T0,Jashvanth,2026-06-30T16:00:56.140620,Q108_V002,Q_1192,2,0,0,1,1,0,222,5,0,0,1,48.6,7207.13,154510908416,40986932224,1,0,0,0,0,1,1,4,30,30.0,Limit,0,3.114
DESKTOP-KQF03T0,Jashvanth,2026-06-30T16:01:01.176209,Q108_V002,Q_1192,3,0,0,1,1,0,222,5,0,0,1,35.2,7253.71,154522537984,40987792384,1,0,0,0,0,1,1,4,30,30.0,Limit,0,2.089
DESKTOP-KQF03T0,Jashvanth,2026-06-30T16:01:06.224002,Q108_V003,Q_1193,1,0,0,1,1,0,223,5,0,0,1,53.5,7034.02,154640462848,40988599296,1,0,0,0,0,1,1,4,30,3.0,Limit,0,3.785
DESKTOP-KQF03T0,Jashvanth,2026-06-30T16:01:11.271777,Q108_V003,Q_1193,2,0,0,1,1,0,223,5,0,0,1,55.5,6954.3,154658621952,41089889280,1,0,0,0,0,1,1,4,30,3.0,Limit,0,2.327
DESKTOP-KQF03T0,Jashvanth,2026-06-30T16:01:16.298807,Q108_V003,Q_1193,3,0,0,1,1,0,223,5,0,0,1,51.4,6928.05,154681147904,41090384896,1,0,0,0,0,1,1,4,30,3.0,Limit,0,1.702
DESKTOP-KQF03T0,Jashvanth,2026-06-30T16:01:21.328358,Q108_V004,Q_1194,1,0,0,1,1,0,222,5,0,0,1,47.8,6929.85,154716890112,41091851264,1,0,0,0,0,1,1,4,30,30.0,Limit,0,2.174
DESKTOP-KQF03T0,Jashvanth,2026-06-30T16:01:26.383957,Q108_V004,Q_1194,2,0,0,1,1,0,222,5,0,0,1,26.0,6952.12,154798743552,41093051392,1,0,0,0,0,1,1,4,30,30.0,Limit,0,5.361
DESKTOP-KQF03T0,Jashvanth,2026-06-30T16:01:31.411591,Q108_V004,Q_1194,3,0,0,1,1,0,222,5,0,0,1,33.1,6929.9,154803758592,41094460416,1,0,0,0,0,1,1,4,30,30.0,Limit,0,3.373
DESKTOP-KQF03T0,Jashvanth,2026-06-30T16:01:36.439624,Q108_V005,Q_1195,1,0,0,1,1,0,148,2,0,0,1,23.6,6935.5,154810398208,41095210496,1,0,0,0,0,1,1,4,30,30.0,Limit,0,1.791
DESKTOP-KQF03T0,Jashvanth,2026-06-30T16:01:41.506824,Q108_V005,Q_1195,2,0,0,1,1,0,148,2,0,0,1,52.0,6997.06,154850018304,41096541696,1,0,0,0,0,1,1,4,30,30.0,Limit,0,9.362
DESKTOP-KQF03T0,Jashvanth,2026-06-30T16:01:46.540490,Q108_V005,Q_1195,3,0,0,1,1,0,148,2,0,0,1,26.3,6925.38,154860606976,41097094656,1,0,0,0,0,1,1,4,30,30.0,Limit,0,3.17
DESKTOP-KQF03T0,Jashvanth,2026-06-30T16:01:51.585788,Q108_V006,Q_1196,1,0,0,1,1,0,252,5,1,0,1,33.5,6887.21,154881198080,41098053120,0,1,0,0,0,1,1,4,30,30.0,Limit,0,3.263
DESKTOP-KQF03T0,Jashvanth,2026-06-30T16:01:56.611265,Q108_V006,Q_1196,2,0,0,1,1,0,252,5,1,0,1,40.7,6902.6,154903500288,41098622464,0,1,0,0,0,1,1,4,30,30.0,Limit,0,2.2
DESKTOP-KQF03T0,Jashvanth,2026-06-30T16:02:01.640142,Q108_V006,Q_1196,3,0,0,1,1,0,252,5,1,0,1,33.0,6917.52,154905282048,41098933760,0,1,0,0,0,1,1,4,30,30.0,Limit,0,2.199
DESKTOP-KQF03T0,Jashvanth,2026-06-30T16:02:06.683790,Q108_V007,Q_1197,1,0,0,1,0,1,148,3,0,0,2,35.0,6931.42,154906725376,41099187712,1,0,0,0,0,0,2,3,1,1.0,Aggregate,0,4.391
DESKTOP-KQF03T0,Jashvanth,2026-06-30T16:02:11.750412,Q108_V007,Q_1197,2,0,0,1,0,1,148,3,0,0,2,77.3,6888.91,154934964224,41100461568,1,0,0,0,0,0,2,3,1,1.0,Aggregate,0,3.658
DESKTOP-KQF03T0,Jashvanth,2026-06-30T16:02:16.784628,Q108_V007,Q_1197,3,0,0,1,0,1,148,3,0,0,2,48.7,6824.77,154946903552,41101489664,1,0,0,0,0,0,2,3,1,1.0,Aggregate,0,3.857
DESKTOP-KQF03T0,Jashvanth,2026-06-30T16:02:21.843078,Q108_V008,Q_1198,1,1,0,2,1,1,320,5,0,0,3,66.4,6685.39,154948350464,41103308288,2,0,1,0,0,1,2,8,333,636.0,Sort,0,9.272
DESKTOP-KQF03T0,Jashvanth,2026-06-30T16:02:26.889877,Q108_V008,Q_1198,2,1,0,2,1,1,320,5,0,0,3,63.6,6880.98,155019150848,41104041472,2,0,1,0,0,1,2,8,333,636.0,Sort,0,5.064
DESKTOP-KQF03T0,Jashvanth,2026-06-30T16:02:31.955008,Q108_V008,Q_1198,3,1,0,2,1,1,320,5,0,0,3,86.2,7043.64,155045138432,41104614912,2,0,1,0,0,1,2,8,333,636.0,Sort,0,9.175
DESKTOP-KQF03T0,Jashvanth,2026-06-30T16:02:37.010605,Q108_V009,Q_1199,1,0,0,1,1,0,211,5,0,1,1,100.0,7111.12,155053669376,41104922112,1,0,0,0,0,1,1,4,30,30.0,Limit,0,5.803
DESKTOP-KQF03T0,Jashvanth,2026-06-30T16:02:42.084757,Q108_V009,Q_1199,2,0,0,1,1,0,211,5,0,1,1,99.9,7130.67,155062402048,41105290752,1,0,0,0,0,1,1,4,30,30.0,Limit,0,7.776
DESKTOP-KQF03T0,Jashvanth,2026-06-30T16:02:47.166056,Q108_V009,Q_1199,3,0,0,1,1,0,211,5,0,1,1,63.0,6732.05,155067775488,41174738432,1,0,0,0,0,1,1,4,30,30.0,Limit,0,5.485
DESKTOP-KQF03T0,Jashvanth,2026-06-30T16:03:06.329372,Q108_V010,Q_1200,1,0,0,1,1,0,226,5,0,0,1,100.0,7399.98,155531973120,41178977792,1,0,0,0,0,1,1,4,30,30.0,Limit,0,7.503
DESKTOP-KQF03T0,Jashvanth,2026-06-30T16:03:11.434809,Q108_V010,Q_1200,2,0,0,1,1,0,226,5,0,0,1,100.0,7409.01,155544573440,41179231744,1,0,0,0,0,1,1,4,30,30.0,Limit,0,7.526
DESKTOP-KQF03T0,Jashvanth,2026-06-30T16:03:16.469553,Q108_V010,Q_1200,3,0,0,1,1,0,226,5,0,0,1,74.4,7035.28,155614774784,41396979200,1,0,0,0,0,1,1,4,30,30.0,Limit,0,6.929
DESKTOP-KQF03T0,Jashvanth,2026-06-30T16:03:21.499023,Q108_V011,Q_1201,1,0,0,1,1,0,224,5,0,0,1,38.5,6964.88,155618508800,41398277632,1,0,0,0,0,1,1,4,30,30.0,Limit,0,2.075
DESKTOP-KQF03T0,Jashvanth,2026-06-30T16:03:26.534634,Q108_V011,Q_1201,2,0,0,1,1,0,224,5,0,0,1,37.0,6886.71,155622667776,41399006720,1,0,0,0,0,1,1,4,30,30.0,Limit,0,2.443
DESKTOP-KQF03T0,Jashvanth,2026-06-30T16:03:31.574108,Q108_V011,Q_1201,3,0,0,1,1,0,224,5,0,0,1,51.3,6841.09,155628889600,41400649216,1,0,0,0,0,1,1,4,30,30.0,Limit,0,5.602
DESKTOP-KQF03T0,Jashvanth,2026-06-30T16:03:36.635278,Q109_V001,Q_1202,1,1,0,1,1,0,191,1,0,0,3,46.1,6844.85,155959746048,41402467840,2,0,1,0,0,1,1,6,5000,30.0,Aggregate,0,21.314
DESKTOP-KQF03T0,Jashvanth,2026-06-30T16:03:41.679243,Q109_V001,Q_1202,2,1,0,1,1,0,191,1,0,0,3,30.9,6850.71,155959934464,41403201024,2,0,1,0,0,1,1,6,5000,30.0,Aggregate,0,12.47
DESKTOP-KQF03T0,Jashvanth,2026-06-30T16:03:46.715633,Q109_V001,Q_1202,3,1,0,1,1,0,191,1,0,0,3,21.3,6875.22,155960286720,41403893248,2,0,1,0,0,1,1,6,5000,30.0,Aggregate,0,10.223
DESKTOP-KQF03T0,Jashvanth,2026-06-30T16:03:51.790775,Q109_V002,Q_1203,1,1,1,1,1,0,236,1,0,0,4,29.5,6876.44,155960974848,41404438016,2,0,1,0,0,1,1,6,1667,25.0,Aggregate,0,13.585
DESKTOP-KQF03T0,Jashvanth,2026-06-30T16:03:56.840418,Q109_V002,Q_1203,2,1,1,1,1,0,236,1,0,0,4,31.5,6909.18,155966754304,41405439488,2,0,1,0,0,1,1,6,1667,25.0,Aggregate,0,18.616
DESKTOP-KQF03T0,Jashvanth,2026-06-30T16:04:01.882238,Q109_V002,Q_1203,3,1,1,1,1,0,236,1,0,0,4,26.6,6767.47,155967933952,41439194624,2,0,1,0,0,1,1,6,1667,25.0,Aggregate,0,10.011
DESKTOP-KQF03T0,Jashvanth,2026-06-30T16:04:06.931139,Q109_V003,Q_1204,1,1,1,1,1,0,236,1,0,0,4,41.3,6758.84,155969555456,41439755776,2,0,1,0,0,1,1,6,1667,25.0,Aggregate,0,18.472
DESKTOP-KQF03T0,Jashvanth,2026-06-30T16:04:11.985479,Q109_V003,Q_1204,2,1,1,1,1,0,236,1,0,0,4,34.3,6798.48,155971488768,41440218624,2,0,1,0,0,1,1,6,1667,25.0,Aggregate,0,18.04
DESKTOP-KQF03T0,Jashvanth,2026-06-30T16:04:17.037230,Q109_V003,Q_1204,3,1,1,1,1,0,236,1,0,0,4,31.9,6814.01,155972267008,41440513536,2,0,1,0,0,1,1,6,1667,25.0,Aggregate,0,8.08
DESKTOP-KQF03T0,Jashvanth,2026-06-30T16:04:22.081692,Q109_V004,Q_1205,1,1,0,1,1,0,195,1,0,0,3,32.3,6810.45,155972684800,41441811968,2,0,1,0,0,1,1,6,5000,30.0,Aggregate,0,13.112
DESKTOP-KQF03T0,Jashvanth,2026-06-30T16:04:27.122035,Q109_V004,Q_1205,2,1,0,1,1,0,195,1,0,0,3,25.7,6812.06,155975371264,41442196992,2,0,1,0,0,1,1,6,5000,30.0,Aggregate,0,13.885
DESKTOP-KQF03T0,Jashvanth,2026-06-30T16:04:32.193455,Q109_V004,Q_1205,3,1,0,1,1,0,195,1,0,0,3,37.8,6825.86,155975801344,41442497024,2,0,1,0,0,1,1,6,5000,30.0,Aggregate,0,16.21
DESKTOP-KQF03T0,Jashvanth,2026-06-30T16:04:37.260790,Q109_V005,Q_1206,1,1,0,1,1,0,157,1,0,0,2,52.2,6781.05,155977497088,41442935296,2,0,1,0,0,1,1,6,5,5.0,Sort,0,6.06
DESKTOP-KQF03T0,Jashvanth,2026-06-30T16:04:42.302781,Q109_V005,Q_1206,2,1,0,1,1,0,157,1,0,0,2,40.3,6802.57,155980971008,41444114944,2,0,1,0,0,1,1,6,5,5.0,Sort,0,4.897
DESKTOP-KQF03T0,Jashvanth,2026-06-30T16:04:47.332512,Q109_V005,Q_1206,3,1,0,1,1,0,157,1,0,0,2,27.9,6812.02,155981577216,41444524544,2,0,1,0,0,1,1,6,5,5.0,Sort,0,3.302
DESKTOP-KQF03T0,Jashvanth,2026-06-30T16:04:52.382243,Q109_V006,Q_1207,1,1,0,1,1,0,186,1,0,0,3,28.9,6854.68,155982388224,41444934144,2,0,1,0,0,1,1,6,5000,30.0,Aggregate,0,17.094
DESKTOP-KQF03T0,Jashvanth,2026-06-30T16:04:57.421924,Q109_V006,Q_1207,2,1,0,1,1,0,186,1,0,0,3,22.9,6864.55,155982707712,41445483008,2,0,1,0,0,1,1,6,5000,30.0,Aggregate,0,11.896
DESKTOP-KQF03T0,Jashvanth,2026-06-30T16:05:02.468459,Q109_V006,Q_1207,3,1,0,1,1,0,186,1,0,0,3,37.2,6852.81,155984095232,41445757440,2,0,1,0,0,1,1,6,5000,30.0,Aggregate,0,9.687
DESKTOP-KQF03T0,Jashvanth,2026-06-30T16:05:07.525319,Q109_V007,Q_1208,1,1,1,1,1,0,226,1,0,0,3,37.3,6830.07,155984877568,41446179328,2,0,1,0,0,1,1,6,989,30.0,Aggregate,0,4.297
DESKTOP-KQF03T0,Jashvanth,2026-06-30T16:05:12.569437,Q109_V007,Q_1208,2,1,1,1,1,0,226,1,0,0,3,33.8,6838.56,155985823744,41448124928,2,0,1,0,0,1,1,6,989,30.0,Aggregate,0,6.121
DESKTOP-KQF03T0,Jashvanth,2026-06-30T16:05:17.598871,Q109_V007,Q_1208,3,1,1,1,1,0,226,1,0,0,3,33.8,6860.02,156008905728,41473737216,2,0,1,0,0,1,1,6,989,30.0,Aggregate,0,3.8
DESKTOP-KQF03T0,Jashvanth,2026-06-30T16:05:22.635051,Q109_V008,Q_1209,1,1,1,1,1,0,215,1,0,0,3,22.0,6874.05,156010421248,41474437632,2,0,1,0,0,1,1,6,4019,30.0,Sort,0,8.546
DESKTOP-KQF03T0,Jashvanth,2026-06-30T16:05:27.669991,Q109_V008,Q_1209,2,1,1,1,1,0,215,1,0,0,3,32.0,6875.0,156011592704,41475060224,2,0,1,0,0,1,1,6,4019,30.0,Sort,0,8.683
DESKTOP-KQF03T0,Jashvanth,2026-06-30T16:05:32.702749,Q109_V008,Q_1209,3,1,1,1,1,0,215,1,0,0,3,22.0,6894.29,156011981824,41475420672,2,0,1,0,0,1,1,6,4019,30.0,Sort,0,6.605
DESKTOP-KQF03T0,Jashvanth,2026-06-30T16:05:37.754409,Q109_V009,Q_1210,1,1,0,1,1,0,197,1,0,0,3,41.3,6963.6,156056321024,41475850752,2,0,1,0,0,1,1,6,5000,20.0,Aggregate,0,12.0
DESKTOP-KQF03T0,Jashvanth,2026-06-30T16:05:42.795265,Q109_V009,Q_1210,2,1,0,1,1,0,197,1,0,0,3,41.5,6874.06,156056767488,41476256256,2,0,1,0,0,1,1,6,5000,20.0,Aggregate,0,9.962
DESKTOP-KQF03T0,Jashvanth,2026-06-30T16:05:47.829206,Q109_V009,Q_1210,3,1,0,1,1,0,197,1,0,0,3,39.0,6869.09,156057492480,41476588032,2,0,1,0,0,1,1,6,5000,20.0,Aggregate,0,10.885
DESKTOP-KQF03T0,Jashvanth,2026-06-30T16:05:52.869184,Q109_V010,Q_1211,1,1,0,1,1,0,193,1,0,0,3,29.3,6906.28,156058000384,41477059072,2,0,1,0,0,1,1,6,5000,30.0,Aggregate,0,14.722
DESKTOP-KQF03T0,Jashvanth,2026-06-30T16:05:57.904314,Q109_V010,Q_1211,2,1,0,1,1,0,193,1,0,0,3,31.4,6915.36,156059233280,41478361600,2,0,1,0,0,1,1,6,5000,30.0,Aggregate,0,10.859
DESKTOP-KQF03T0,Jashvanth,2026-06-30T16:06:02.940235,Q109_V010,Q_1211,3,1,0,1,1,0,193,1,0,0,3,33.3,6979.84,156112687616,41478795776,2,0,1,0,0,1,1,6,5000,30.0,Aggregate,0,10.32
DESKTOP-KQF03T0,Jashvanth,2026-06-30T16:06:07.973180,Q109_V011,Q_1212,1,1,1,1,1,0,220,1,0,0,3,34.9,6990.35,156194744832,41479135744,2,0,1,0,0,1,1,6,981,30.0,Aggregate,0,6.863
DESKTOP-KQF03T0,Jashvanth,2026-06-30T16:06:13.014048,Q109_V011,Q_1212,2,1,1,1,1,0,220,1,0,0,3,48.2,6995.39,156197515264,41479528960,2,0,1,0,0,1,1,6,981,30.0,Aggregate,0,7.919
DESKTOP-KQF03T0,Jashvanth,2026-06-30T16:06:18.046730,Q109_V011,Q_1212,3,1,1,1,1,0,220,1,0,0,3,48.1,6966.47,156199703040,41480200704,2,0,1,0,0,1,1,6,981,30.0,Aggregate,0,3.379
DESKTOP-KQF03T0,Jashvanth,2026-06-30T16:06:23.118507,Q110_V001,Q_1213,1,0,0,1,1,0,167,1,0,0,3,49.6,6962.73,156202415104,41481654784,1,0,0,0,0,1,1,3,2235,25.0,Sort,0,34.25
DESKTOP-KQF03T0,Jashvanth,2026-06-30T16:06:28.171421,Q110_V001,Q_1213,2,0,0,1,1,0,167,1,0,0,3,34.2,6980.25,156202894336,41482334720,1,0,0,0,0,1,1,3,2235,25.0,Sort,0,25.345
DESKTOP-KQF03T0,Jashvanth,2026-06-30T16:06:33.235332,Q110_V001,Q_1213,3,0,0,1,1,0,167,1,0,0,3,40.3,7009.49,156204151808,41484114432,1,0,0,0,0,1,1,3,2235,25.0,Sort,0,32.905
DESKTOP-KQF03T0,Jashvanth,2026-06-30T16:06:38.303435,Q110_V002,Q_1214,1,0,0,1,1,0,169,1,0,0,3,56.7,6875.96,156205327360,41601264128,1,0,0,0,0,1,1,3,2235,25.0,Sort,0,36.515
DESKTOP-KQF03T0,Jashvanth,2026-06-30T16:06:43.365777,Q110_V002,Q_1214,2,0,0,1,1,0,169,1,0,0,3,53.0,6828.08,156205954048,41601853952,1,0,0,0,0,1,1,3,2235,25.0,Sort,0,31.102
DESKTOP-KQF03T0,Jashvanth,2026-06-30T16:06:48.434372,Q110_V002,Q_1214,3,0,0,1,1,0,169,1,0,0,3,32.2,6854.36,156206658560,41602943488,1,0,0,0,0,1,1,3,2235,25.0,Sort,0,37.041
DESKTOP-KQF03T0,Jashvanth,2026-06-30T16:06:53.502264,Q110_V003,Q_1215,1,0,0,1,1,0,167,1,0,0,3,42.2,6838.16,156207780864,41603234304,1,0,0,0,0,1,1,3,2235,25.0,Sort,0,35.755
DESKTOP-KQF03T0,Jashvanth,2026-06-30T16:06:58.559949,Q110_V003,Q_1215,2,0,0,1,1,0,167,1,0,0,3,34.7,6804.37,156208228352,41604094464,1,0,0,0,0,1,1,3,2235,25.0,Sort,0,29.526
DESKTOP-KQF03T0,Jashvanth,2026-06-30T16:07:03.610476,Q110_V003,Q_1215,3,0,0,1,1,0,167,1,0,0,3,27.9,6821.11,156213005312,41604610560,1,0,0,0,0,1,1,3,2235,25.0,Sort,0,23.012
DESKTOP-KQF03T0,Jashvanth,2026-06-30T16:07:08.658234,Q110_V004,Q_1216,1,0,0,1,1,0,156,1,0,0,3,35.8,6845.79,156215169536,41605147136,0,1,0,0,0,1,1,3,2235,25.0,Sort,0,21.591
DESKTOP-KQF03T0,Jashvanth,2026-06-30T16:07:13.722515,Q110_V004,Q_1216,2,0,0,1,1,0,156,1,0,0,3,44.4,6866.25,156217553408,41605745152,0,1,0,0,0,1,1,3,2235,25.0,Sort,0,33.612
DESKTOP-KQF03T0,Jashvanth,2026-06-30T16:07:18.795916,Q110_V004,Q_1216,3,0,0,1,1,0,156,1,0,0,3,35.7,6881.12,156217729536,41606285824,0,1,0,0,0,1,1,3,2235,25.0,Sort,0,26.354
DESKTOP-KQF03T0,Jashvanth,2026-06-30T16:07:23.864645,Q110_V005,Q_1217,1,0,1,1,1,0,205,1,0,0,3,36.4,6892.73,156219568640,41607383552,1,0,0,0,0,1,1,3,2235,21.0,Sort,0,36.597
DESKTOP-KQF03T0,Jashvanth,2026-06-30T16:07:28.912707,Q110_V005,Q_1217,2,0,1,1,1,0,205,1,0,0,3,27.3,6821.12,156220157952,41607834112,1,0,0,0,0,1,1,3,2235,21.0,Sort,0,20.526
DESKTOP-KQF03T0,Jashvanth,2026-06-30T16:07:33.956846,Q110_V005,Q_1217,3,0,1,1,1,0,205,1,0,0,3,26.8,6809.8,156221538304,41608120832,1,0,0,0,0,1,1,3,2235,21.0,Sort,0,17.337
DESKTOP-KQF03T0,Jashvanth,2026-06-30T16:07:39.008598,Q110_V006,Q_1218,1,0,1,1,1,0,205,1,0,0,3,40.8,6920.6,156230094336,41609886208,1,0,0,0,0,1,1,3,2235,20.0,Sort,0,26.1
DESKTOP-KQF03T0,Jashvanth,2026-06-30T16:07:44.056714,Q110_V006,Q_1218,2,0,1,1,1,0,205,1,0,0,3,37.1,6815.2,156231465472,41643743744,1,0,0,0,0,1,1,3,2235,20.0,Sort,0,20.867
DESKTOP-KQF03T0,Jashvanth,2026-06-30T16:07:49.118313,Q110_V006,Q_1218,3,0,1,1,1,0,205,1,0,0,3,46.4,6857.13,156232120832,41644657152,1,0,0,0,0,1,1,3,2235,20.0,Sort,0,30.515
DESKTOP-KQF03T0,Jashvanth,2026-06-30T16:07:54.211212,Q110_V007,Q_1219,1,0,0,1,1,0,116,1,0,0,2,51.6,6833.13,156232460800,41645558272,1,0,0,0,0,1,1,3,2235,7.0,Sort,0,24.246
DESKTOP-KQF03T0,Jashvanth,2026-06-30T16:07:59.256413,Q110_V007,Q_1219,2,0,0,1,1,0,116,1,0,0,2,50.7,6874.76,156234407936,41646373376,1,0,0,0,0,1,1,3,2235,7.0,Sort,0,17.739
DESKTOP-KQF03T0,Jashvanth,2026-06-30T16:08:04.296903,Q110_V007,Q_1219,3,0,0,1,1,0,116,1,0,0,2,37.8,6895.29,156235383808,41646717440,1,0,0,0,0,1,1,3,2235,7.0,Sort,0,13.394
DESKTOP-KQF03T0,Jashvanth,2026-06-30T16:08:09.353791,Q110_V008,Q_1220,1,0,1,1,1,0,191,1,0,0,3,46.9,6904.59,156239504896,41647811072,1,0,0,0,0,1,1,3,2225,25.0,Sort,0,25.604
DESKTOP-KQF03T0,Jashvanth,2026-06-30T16:08:14.417986,Q110_V008,Q_1220,2,0,1,1,1,0,191,1,0,0,3,47.6,6624.1,156239705600,41681738240,1,0,0,0,0,1,1,3,2225,25.0,Sort,0,27.838
DESKTOP-KQF03T0,Jashvanth,2026-06-30T16:08:19.495345,Q110_V008,Q_1220,3,0,1,1,1,0,191,1,0,0,3,35.7,6660.96,156241495552,41682852352,1,0,0,0,0,1,1,3,2225,25.0,Sort,0,26.469
DESKTOP-KQF03T0,Jashvanth,2026-06-30T16:08:24.530746,Q110_V009,Q_1221,1,0,1,1,1,0,192,1,0,0,3,36.3,6673.25,156241712640,41683499520,1,0,0,0,0,1,1,3,2233,25.0,Sort,0,11.678
DESKTOP-KQF03T0,Jashvanth,2026-06-30T16:08:29.583118,Q110_V009,Q_1221,2,0,1,1,1,0,192,1,0,0,3,29.4,6715.02,156242052608,41683798528,1,0,0,0,0,1,1,3,2233,25.0,Sort,0,15.298
DESKTOP-KQF03T0,Jashvanth,2026-06-30T16:08:34.633110,Q110_V009,Q_1221,3,0,1,1,1,0,192,1,0,0,3,31.0,6723.8,156242533888,41684195840,1,0,0,0,0,1,1,3,2233,25.0,Sort,0,18.435
DESKTOP-KQF03T0,Jashvanth,2026-06-30T16:08:39.727205,Q110_V010,Q_1222,1,0,0,1,1,0,190,1,0,0,3,32.9,6931.96,156242632192,41684978176,1,0,0,0,0,1,1,3,2235,25.0,Sort,0,49.354
DESKTOP-KQF03T0,Jashvanth,2026-06-30T16:08:44.793650,Q110_V010,Q_1222,2,0,0,1,1,0,190,1,0,0,3,41.7,6871.08,156244725248,41685105152,1,0,0,0,0,1,1,3,2235,25.0,Sort,0,32.491
DESKTOP-KQF03T0,Jashvanth,2026-06-30T16:08:49.867249,Q110_V010,Q_1222,3,0,0,1,1,0,190,1,0,0,3,37.0,6940.71,156245360128,41685969408,1,0,0,0,0,1,1,3,2235,25.0,Sort,0,39.658
DESKTOP-KQF03T0,Jashvanth,2026-06-30T16:08:54.939745,Q110_V011,Q_1223,1,0,0,1,1,0,171,1,0,0,3,45.6,6936.42,156251810304,41687134208,1,0,0,0,0,1,1,3,2200,25.0,Sort,0,44.424
DESKTOP-KQF03T0,Jashvanth,2026-06-30T16:09:00.008551,Q110_V011,Q_1223,2,0,0,1,1,0,171,1,0,0,3,44.8,6934.92,156252211712,41688293376,1,0,0,0,0,1,1,3,2200,25.0,Sort,0,42.935
DESKTOP-KQF03T0,Jashvanth,2026-06-30T16:09:05.064594,Q110_V011,Q_1223,3,0,0,1,1,0,171,1,0,0,3,51.0,6834.19,156253919744,41703522304,1,0,0,0,0,1,1,3,2200,25.0,Sort,0,20.496
DESKTOP-KQF03T0,Jashvanth,2026-06-30T16:09:10.106578,Q111_V001,Q_1224,1,0,2,0,1,1,187,1,0,0,2,27.0,6859.31,156254239232,41704173568,0,2,0,0,0,0,1,5,167,253.0,Incremental Sort,0,11.182
DESKTOP-KQF03T0,Jashvanth,2026-06-30T16:09:15.142356,Q111_V001,Q_1224,2,0,2,0,1,1,187,1,0,0,2,33.1,6861.04,156255356928,41704693760,0,2,0,0,0,0,1,5,167,253.0,Incremental Sort,0,10.789
DESKTOP-KQF03T0,Jashvanth,2026-06-30T16:09:20.180542,Q111_V001,Q_1224,3,0,2,0,1,1,187,1,0,0,2,35.5,6874.72,156255987712,41705836544,0,2,0,0,0,0,1,5,167,253.0,Incremental Sort,0,8.415
DESKTOP-KQF03T0,Jashvanth,2026-06-30T16:09:25.230219,Q111_V002,Q_1225,1,0,2,0,1,1,190,1,0,0,2,32.5,6880.87,156256299008,41706450944,0,2,0,0,0,0,1,5,167,247.0,Incremental Sort,0,16.019
DESKTOP-KQF03T0,Jashvanth,2026-06-30T16:09:30.268125,Q111_V002,Q_1225,2,0,2,0,1,1,190,1,0,0,2,31.9,6815.85,156258674688,41707134976,0,2,0,0,0,0,1,5,167,247.0,Incremental Sort,0,10.117
DESKTOP-KQF03T0,Jashvanth,2026-06-30T16:09:35.302669,Q111_V002,Q_1225,3,0,2,0,1,1,190,1,0,0,2,22.8,6833.8,156259815936,41707417600,0,2,0,0,0,0,1,5,167,247.0,Incremental Sort,0,10.401
DESKTOP-KQF03T0,Jashvanth,2026-06-30T16:09:40.350455,Q111_V003,Q_1226,1,0,2,0,1,1,203,1,0,1,2,34.3,6839.71,156260065792,41707950080,0,2,0,0,0,0,1,5,153,213.0,Incremental Sort,0,15.361
DESKTOP-KQF03T0,Jashvanth,2026-06-30T16:09:45.386120,Q111_V003,Q_1226,2,0,2,0,1,1,203,1,0,1,2,29.5,6845.38,156260569600,41708408832,0,2,0,0,0,0,1,5,153,213.0,Incremental Sort,0,10.946
DESKTOP-KQF03T0,Jashvanth,2026-06-30T16:09:50.421711,Q111_V003,Q_1226,3,0,2,0,1,1,203,1,0,1,2,28.4,6882.3,156261003776,41708670976,0,2,0,0,0,0,1,5,153,213.0,Incremental Sort,0,7.333
DESKTOP-KQF03T0,Jashvanth,2026-06-30T16:09:55.447672,Q111_V004,Q_1227,1,0,1,0,1,1,135,1,0,0,2,41.8,6932.74,156277925888,41726574592,2,0,0,0,0,1,1,4,167,259.0,Sort,0,0.461
DESKTOP-KQF03T0,Jashvanth,2026-06-30T16:10:00.504261,Q111_V004,Q_1227,2,0,1,0,1,1,135,1,0,0,2,35.7,6949.58,156278884352,41727262720,2,0,0,0,0,1,1,4,167,259.0,Sort,0,0.394
DESKTOP-KQF03T0,Jashvanth,2026-06-30T16:10:05.534563,Q111_V004,Q_1227,3,0,1,0,1,1,135,1,0,0,2,52.3,6980.32,156294596608,41727700992,2,0,0,0,0,1,1,4,167,259.0,Sort,0,0.545
DESKTOP-KQF03T0,Jashvanth,2026-06-30T16:10:10.571614,Q111_V005,Q_1228,1,0,2,0,0,1,154,2,0,0,2,50.5,6992.16,156305182208,41728319488,1,1,0,0,0,0,2,5,1,1.0,Aggregate,0,8.045
DESKTOP-KQF03T0,Jashvanth,2026-06-30T16:10:15.611887,Q111_V005,Q_1228,2,0,2,0,0,1,154,2,0,0,2,36.6,7000.0,156309222400,41730007040,1,1,0,0,0,0,2,5,1,1.0,Aggregate,0,15.326
DESKTOP-KQF03T0,Jashvanth,2026-06-30T16:10:20.666594,Q111_V005,Q_1228,3,0,2,0,0,1,154,2,0,0,2,32.6,7013.55,156309828608,41731194880,1,1,0,0,0,0,2,5,1,1.0,Aggregate,0,16.864
DESKTOP-KQF03T0,Jashvanth,2026-06-30T16:10:25.720475,Q111_V006,Q_1229,1,1,2,1,1,1,245,2,0,0,3,45.9,6908.35,156310726144,41836761088,1,2,0,1,0,2,2,9,167,25.0,Sort,0,8.892
DESKTOP-KQF03T0,Jashvanth,2026-06-30T16:10:30.754498,Q111_V006,Q_1229,2,1,2,1,1,1,245,2,0,0,3,35.1,6935.25,156315358720,41837331968,1,2,0,1,0,2,2,9,167,25.0,Sort,0,10.166
DESKTOP-KQF03T0,Jashvanth,2026-06-30T16:10:35.788356,Q111_V006,Q_1229,3,1,2,1,1,1,245,2,0,0,3,33.0,6714.0,156315612672,41837663744,1,2,0,1,0,2,2,9,167,25.0,Sort,0,9.288
DESKTOP-KQF03T0,Jashvanth,2026-06-30T16:10:40.831540,Q111_V007,Q_1230,1,0,2,0,1,1,186,1,0,0,2,46.0,6749.7,156318119424,41838192128,0,2,0,0,0,0,1,5,167,253.0,Incremental Sort,0,9.603
DESKTOP-KQF03T0,Jashvanth,2026-06-30T16:10:45.864552,Q111_V007,Q_1230,2,0,2,0,1,1,186,1,0,0,2,31.9,6708.87,156318934528,41838568960,0,2,0,0,0,0,1,5,167,253.0,Incremental Sort,0,9.006
DESKTOP-KQF03T0,Jashvanth,2026-06-30T16:10:50.896565,Q111_V007,Q_1230,3,0,2,0,1,1,186,1,0,0,2,26.4,6746.21,156319643136,41838896640,0,2,0,0,0,0,1,5,167,253.0,Incremental Sort,0,9.11
DESKTOP-KQF03T0,Jashvanth,2026-06-30T16:10:55.933293,Q111_V008,Q_1231,1,0,0,1,1,0,161,3,0,0,1,36.9,6736.14,156319794688,41839838720,1,0,0,0,0,1,1,3,25,25.0,Sort,0,0.26
DESKTOP-KQF03T0,Jashvanth,2026-06-30T16:11:00.960507,Q111_V008,Q_1231,2,0,0,1,1,0,161,3,0,0,1,24.5,6773.46,156321322496,41841247744,1,0,0,0,0,1,1,3,25,25.0,Sort,0,0.307
DESKTOP-KQF03T0,Jashvanth,2026-06-30T16:11:05.988378,Q111_V008,Q_1231,3,0,0,1,1,0,161,3,0,0,1,31.7,6767.5,156321797632,41841591808,1,0,0,0,0,1,1,3,25,25.0,Sort,0,0.973
DESKTOP-KQF03T0,Jashvanth,2026-06-30T16:11:11.020122,Q111_V009,Q_1232,1,0,1,0,1,0,106,0,0,0,1,49.5,6804.38,156322510336,41842001408,1,0,0,0,0,1,0,2,41,40.0,Sort,0,0.211
DESKTOP-KQF03T0,Jashvanth,2026-06-30T16:11:16.047742,Q111_V009,Q_1232,2,0,1,0,1,0,106,0,0,0,1,34.9,6809.25,156323993600,41842353664,1,0,0,0,0,1,0,2,41,40.0,Sort,0,0.123
DESKTOP-KQF03T0,Jashvanth,2026-06-30T16:11:21.073754,Q111_V009,Q_1232,3,0,1,0,1,0,106,0,0,0,1,47.9,6914.22,156355129344,41843496448,1,0,0,0,0,1,0,2,41,40.0,Sort,0,0.159
DESKTOP-KQF03T0,Jashvanth,2026-06-30T16:11:26.106344,Q111_V010,Q_1233,1,0,1,0,1,1,184,1,0,0,2,34.1,6870.6,156498305536,41844307456,0,2,0,0,0,0,1,5,500,500.0,Incremental Sort,0,10.095
DESKTOP-KQF03T0,Jashvanth,2026-06-30T16:11:31.151133,Q111_V010,Q_1233,2,0,1,0,1,1,184,1,0,0,2,23.2,6879.88,156499184128,41846150656,0,2,0,0,0,0,1,5,500,500.0,Incremental Sort,0,13.446
DESKTOP-KQF03T0,Jashvanth,2026-06-30T16:11:36.180569,Q111_V010,Q_1233,3,0,1,0,1,1,184,1,0,0,2,37.3,6840.17,156499921408,41846683136,0,2,0,0,0,0,1,5,500,500.0,Incremental Sort,0,8.288
DESKTOP-KQF03T0,Jashvanth,2026-06-30T16:11:41.224213,Q111_V011,Q_1234,1,2,2,1,1,1,286,2,0,0,4,35.7,6898.92,156500253184,41847367168,2,2,1,1,0,2,2,12,167,5.0,Sort,0,13.367
DESKTOP-KQF03T0,Jashvanth,2026-06-30T16:11:46.269531,Q111_V011,Q_1234,2,2,2,1,1,1,286,2,0,0,4,35.1,6888.3,156500601344,41847875072,2,2,1,1,0,2,2,12,167,5.0,Sort,0,16.84
DESKTOP-KQF03T0,Jashvanth,2026-06-30T16:11:51.316106,Q111_V011,Q_1234,3,2,2,1,1,1,286,2,0,0,4,26.8,6885.57,156500929024,41848358400,2,2,1,1,0,2,2,12,167,5.0,Sort,0,18.694
DESKTOP-KQF03T0,Jashvanth,2026-06-30T16:11:56.376349,Q112_V001,Q_1235,1,1,0,1,1,0,193,2,0,0,2,27.3,6908.52,156501379584,41848858112,2,0,1,0,0,1,1,6,5,5.0,Sort,0,35.398
DESKTOP-KQF03T0,Jashvanth,2026-06-30T16:12:01.424713,Q112_V001,Q_1235,2,1,0,1,1,0,193,2,0,0,2,35.5,6934.85,156502706688,41849763328,2,0,1,0,0,1,1,6,5,5.0,Sort,0,17.5
DESKTOP-KQF03T0,Jashvanth,2026-06-30T16:12:06.463042,Q112_V001,Q_1235,3,1,0,1,1,0,193,2,0,0,2,31.1,6938.71,156510808576,41850172928,2,0,1,0,0,1,1,6,5,5.0,Sort,0,13.043
DESKTOP-KQF03T0,Jashvanth,2026-06-30T16:12:11.534718,Q112_V002,Q_1236,1,1,1,1,1,0,232,2,0,0,2,64.0,6951.19,156525792768,41851471360,2,0,1,0,0,1,1,6,5,5.0,Sort,0,33.989
DESKTOP-KQF03T0,Jashvanth,2026-06-30T16:12:16.603802,Q112_V002,Q_1236,2,1,1,1,1,0,232,2,0,0,2,54.8,6727.78,156526915072,41885791744,2,0,1,0,0,1,1,6,5,5.0,Sort,0,30.702
DESKTOP-KQF03T0,Jashvanth,2026-06-30T16:12:21.666397,Q112_V002,Q_1236,3,1,1,1,1,0,232,2,0,0,2,39.2,6599.5,156527160832,41886750208,2,0,1,0,0,1,1,6,5,5.0,Sort,0,24.039
DESKTOP-KQF03T0,Jashvanth,2026-06-30T16:12:26.748979,Q112_V003,Q_1237,1,1,1,1,1,0,232,2,0,0,2,57.5,6774.7,156571676160,41887397376,2,0,1,0,0,1,1,6,5,5.0,Sort,0,14.965
DESKTOP-KQF03T0,Jashvanth,2026-06-30T16:12:31.789318,Q112_V003,Q_1237,2,1,1,1,1,0,232,2,0,0,2,25.1,6862.4,156576566784,41887718912,2,0,1,0,0,1,1,6,5,5.0,Sort,0,14.438
DESKTOP-KQF03T0,Jashvanth,2026-06-30T16:12:36.871448,Q112_V003,Q_1237,3,1,1,1,1,0,232,2,0,0,2,24.6,6876.29,156576706048,41888341504,2,0,1,0,0,1,1,6,5,5.0,Sort,0,23.63
DESKTOP-KQF03T0,Jashvanth,2026-06-30T16:12:41.915205,Q112_V004,Q_1238,1,1,0,1,1,0,156,1,0,0,2,32.4,6917.21,156579083264,41890029056,2,0,1,0,0,1,1,6,5,5.0,Sort,0,17.738
DESKTOP-KQF03T0,Jashvanth,2026-06-30T16:12:46.982389,Q112_V004,Q_1238,2,1,0,1,1,0,156,1,0,0,2,41.0,6791.17,156579197952,41890831872,2,0,1,0,0,1,1,6,5,5.0,Sort,0,32.982
DESKTOP-KQF03T0,Jashvanth,2026-06-30T16:12:52.048241,Q112_V004,Q_1238,3,1,0,1,1,0,156,1,0,0,2,42.7,6702.09,156579492864,41924992512,2,0,1,0,0,1,1,6,5,5.0,Sort,0,28.093
DESKTOP-KQF03T0,Jashvanth,2026-06-30T16:12:57.126336,Q112_V005,Q_1239,1,1,0,1,1,0,207,2,0,0,2,42.4,6888.15,156582893056,41927052800,2,0,1,0,0,1,1,6,5,5.0,Sort,0,39.072
DESKTOP-KQF03T0,Jashvanth,2026-06-30T16:13:02.190975,Q112_V005,Q_1239,2,1,0,1,1,0,207,2,0,0,2,26.7,6909.5,156584124416,41927937536,2,0,1,0,0,1,1,6,5,5.0,Sort,0,24.3
DESKTOP-KQF03T0,Jashvanth,2026-06-30T16:13:07.234084,Q112_V005,Q_1239,3,1,0,1,1,0,207,2,0,0,2,29.0,6930.9,156584333312,41928605184,2,0,1,0,0,1,1,6,5,5.0,Sort,0,15.817
DESKTOP-KQF03T0,Jashvanth,2026-06-30T16:13:12.279119,Q112_V006,Q_1240,1,1,0,1,1,0,182,2,0,0,2,29.4,6948.13,156584665600,41929207296,2,0,1,0,0,1,1,6,5,5.0,Sort,0,18.353
DESKTOP-KQF03T0,Jashvanth,2026-06-30T16:13:17.348080,Q112_V006,Q_1240,2,1,0,1,1,0,182,2,0,0,2,37.4,6989.41,156585063424,41929764352,2,0,1,0,0,1,1,6,5,5.0,Sort,0,35.449
DESKTOP-KQF03T0,Jashvanth,2026-06-30T16:13:22.409806,Q112_V006,Q_1240,3,1,0,1,1,0,182,2,0,0,2,66.8,6922.16,156672208896,42113723904,2,0,1,0,0,1,1,6,5,5.0,Sort,0,24.022
DESKTOP-KQF03T0,Jashvanth,2026-06-30T16:13:27.501250,Q112_V007,Q_1241,1,1,0,1,1,0,169,1,1,0,2,36.7,6932.16,156673093632,42114964992,1,1,1,0,0,1,1,6,5,5.0,Aggregate,0,52.981
DESKTOP-KQF03T0,Jashvanth,2026-06-30T16:13:32.626877,Q112_V007,Q_1241,2,1,0,1,1,0,169,1,1,0,2,40.8,6910.8,156673384448,42115431936,1,1,1,0,0,1,1,6,5,5.0,Aggregate,0,89.866
DESKTOP-KQF03T0,Jashvanth,2026-06-30T16:13:37.701016,Q112_V007,Q_1241,3,1,0,1,1,0,169,1,1,0,2,32.8,6932.56,156681723904,42115964416,1,1,1,0,0,1,1,6,5,5.0,Aggregate,0,42.979
DESKTOP-KQF03T0,Jashvanth,2026-06-30T16:13:42.744782,Q112_V008,Q_1242,1,1,0,1,1,0,198,2,0,0,2,28.6,6945.46,156683205632,42116283904,2,0,1,0,0,1,1,6,5,5.0,Sort,0,15.96
DESKTOP-KQF03T0,Jashvanth,2026-06-30T16:13:47.788203,Q112_V008,Q_1242,2,1,0,1,1,0,198,2,0,0,2,27.6,6949.79,156683377664,42116599296,2,0,1,0,0,1,1,6,5,5.0,Sort,0,19.561
DESKTOP-KQF03T0,Jashvanth,2026-06-30T16:13:52.841933,Q112_V008,Q_1242,3,1,0,1,1,0,198,2,0,0,2,27.8,6962.64,156684659712,42117447168,2,0,1,0,0,1,1,6,5,5.0,Sort,0,22.583
DESKTOP-KQF03T0,Jashvanth,2026-06-30T16:13:57.891657,Q112_V009,Q_1243,1,1,1,1,1,0,221,2,0,0,2,51.4,6996.57,156700328448,42120120832,2,0,1,0,0,1,1,6,5,5.0,Sort,0,18.508
DESKTOP-KQF03T0,Jashvanth,2026-06-30T16:14:02.962021,Q112_V009,Q_1243,2,1,1,1,1,0,221,2,0,0,2,44.4,6875.36,156701757952,42121558528,2,0,1,0,0,1,1,6,5,5.0,Sort,0,15.218
DESKTOP-KQF03T0,Jashvanth,2026-06-30T16:14:08.016766,Q112_V009,Q_1243,3,1,1,1,1,0,221,2,0,0,2,34.8,6889.58,156701979136,42122168832,2,0,1,0,0,1,1,6,5,5.0,Sort,0,24.161
DESKTOP-KQF03T0,Jashvanth,2026-06-30T16:14:13.078391,Q112_V010,Q_1244,1,1,1,1,1,0,222,2,0,0,2,29.0,6920.55,156702585344,42122983936,2,0,1,0,0,1,1,6,5,5.0,Sort,0,9.269
DESKTOP-KQF03T0,Jashvanth,2026-06-30T16:14:18.110275,Q112_V010,Q_1244,2,1,1,1,1,0,222,2,0,0,2,35.2,6920.83,156702704128,42123463168,2,0,1,0,0,1,1,6,5,5.0,Sort,0,7.293
DESKTOP-KQF03T0,Jashvanth,2026-06-30T16:14:23.162457,Q112_V010,Q_1244,3,1,1,1,1,0,222,2,0,0,2,34.9,6925.35,156702839296,42123721216,2,0,1,0,0,1,1,6,5,5.0,Sort,0,11.162
DESKTOP-KQF03T0,Jashvanth,2026-06-30T16:14:28.237875,Q112_V011,Q_1245,1,1,0,1,1,0,197,1,0,0,2,46.8,6914.18,156703715840,42124450304,1,1,1,0,0,1,1,6,5,5.0,Sort,0,20.42
DESKTOP-KQF03T0,Jashvanth,2026-06-30T16:14:33.313355,Q112_V011,Q_1245,2,1,0,1,1,0,197,1,0,0,2,32.4,6950.1,156703924736,42124822016,1,1,1,0,0,1,1,6,5,5.0,Sort,0,36.895
DESKTOP-KQF03T0,Jashvanth,2026-06-30T16:14:38.358459,Q112_V011,Q_1245,3,1,0,1,1,0,197,1,0,0,2,44.7,6907.76,156704006656,42125280768,1,1,1,0,0,1,1,6,5,5.0,Sort,0,11.97
DESKTOP-KQF03T0,Jashvanth,2026-06-30T16:14:43.403905,Q113_V001,Q_1246,1,0,0,1,1,0,125,0,0,0,1,39.1,6867.05,156704260608,42125731328,1,0,0,0,0,1,1,4,20,20.0,Limit,0,6.28
DESKTOP-KQF03T0,Jashvanth,2026-06-30T16:14:48.438930,Q113_V001,Q_1246,2,0,0,1,1,0,125,0,0,0,1,31.4,6910.49,156706954752,42126222848,1,0,0,0,0,1,1,4,20,20.0,Limit,0,4.62
DESKTOP-KQF03T0,Jashvanth,2026-06-30T16:14:53.468731,Q113_V001,Q_1246,3,0,0,1,1,0,125,0,0,0,1,40.1,6974.75,156760859136,42127607296,1,0,0,0,0,1,1,4,20,20.0,Limit,0,2.87
DESKTOP-KQF03T0,Jashvanth,2026-06-30T16:14:58.534861,Q113_V002,Q_1247,1,0,0,1,1,0,124,0,0,0,1,49.1,6990.07,156762145280,42129110528,1,0,0,0,0,1,1,4,20,20.0,Limit,0,6.344
DESKTOP-KQF03T0,Jashvanth,2026-06-30T16:15:03.569208,Q113_V002,Q_1247,2,0,0,1,1,0,124,0,0,0,1,48.0,6979.47,157088143872,42183501312,1,0,0,0,0,1,1,4,20,20.0,Limit,0,4.375
DESKTOP-KQF03T0,Jashvanth,2026-06-30T16:15:08.641204,Q113_V002,Q_1247,3,0,0,1,1,0,124,0,0,0,1,41.7,7018.45,157111230464,42184996352,1,0,0,0,0,1,1,4,20,20.0,Limit,0,5.504
DESKTOP-KQF03T0,Jashvanth,2026-06-30T16:15:13.668582,Q113_V003,Q_1248,1,0,0,1,1,0,160,0,0,0,1,44.7,6993.09,157120663040,42185463296,1,0,0,0,0,1,1,4,20,20.0,Limit,0,2.858
DESKTOP-KQF03T0,Jashvanth,2026-06-30T16:15:18.697338,Q113_V003,Q_1248,2,0,0,1,1,0,160,0,0,0,1,29.9,7020.73,157121322496,42185852416,1,0,0,0,0,1,1,4,20,20.0,Limit,0,3.958
DESKTOP-KQF03T0,Jashvanth,2026-06-30T16:15:23.779571,Q113_V003,Q_1248,3,0,0,1,1,0,160,0,0,0,1,75.1,7294.34,157241182208,42188658176,1,0,0,0,0,1,1,4,20,20.0,Limit,0,10.142
DESKTOP-KQF03T0,Jashvanth,2026-06-30T16:15:28.847381,Q113_V004,Q_1249,1,0,0,1,1,0,161,0,0,0,1,87.2,7417.38,157257780736,42200077824,1,0,0,0,0,1,1,4,20,20.0,Limit,0,8.353
DESKTOP-KQF03T0,Jashvanth,2026-06-30T16:15:33.909216,Q113_V004,Q_1249,2,0,0,1,1,0,161,0,0,0,1,97.5,7312.55,157276000768,42200544768,1,0,0,0,0,1,1,4,20,20.0,Limit,0,6.833
DESKTOP-KQF03T0,Jashvanth,2026-06-30T16:15:38.978725,Q113_V004,Q_1249,3,0,0,1,1,0,161,0,0,0,1,88.6,7377.99,157285164544,42273805824,1,0,0,0,0,1,1,4,20,20.0,Limit,0,4.973
DESKTOP-KQF03T0,Jashvanth,2026-06-30T16:15:44.016811,Q113_V005,Q_1250,1,0,0,1,1,0,131,0,0,0,1,94.1,7195.2,157304205824,42273928704,1,0,0,0,0,1,1,4,20,20.0,Limit,0,5.984
DESKTOP-KQF03T0,Jashvanth,2026-06-30T16:15:49.054036,Q113_V005,Q_1250,2,0,0,1,1,0,131,0,0,0,1,72.7,7272.8,157305049600,42274567680,1,0,0,0,0,1,1,4,20,20.0,Limit,0,7.496
DESKTOP-KQF03T0,Jashvanth,2026-06-30T16:15:54.097161,Q113_V005,Q_1250,3,0,0,1,1,0,131,0,0,0,1,73.4,7246.04,157306831360,42274944512,1,0,0,0,0,1,1,4,20,20.0,Limit,0,3.725
DESKTOP-KQF03T0,Jashvanth,2026-06-30T16:15:59.163976,Q113_V006,Q_1251,1,1,0,2,1,1,264,1,0,0,3,53.0,7430.08,157309495808,42275149312,2,0,1,0,0,1,2,9,20,20.0,Limit,0,7.328
DESKTOP-KQF03T0,Jashvanth,2026-06-30T16:16:04.197651,Q113_V006,Q_1251,2,1,0,2,1,1,264,1,0,0,3,55.5,7153.2,157313839104,42276992512,2,0,1,0,0,1,2,9,20,20.0,Limit,0,4.667
DESKTOP-KQF03T0,Jashvanth,2026-06-30T16:16:09.239360,Q113_V006,Q_1251,3,1,0,2,1,1,264,1,0,0,3,96.9,7218.97,157325732864,42277619200,2,0,1,0,0,1,2,9,20,20.0,Limit,0,9.626
DESKTOP-KQF03T0,Jashvanth,2026-06-30T16:16:14.278469,Q113_V007,Q_1252,1,0,0,1,1,0,153,1,0,0,1,79.0,7260.67,157377375232,42279208448,1,0,0,0,0,1,1,4,20,20.0,Limit,0,4.073
DESKTOP-KQF03T0,Jashvanth,2026-06-30T16:16:19.331366,Q113_V007,Q_1252,2,0,0,1,1,0,153,1,0,0,1,69.0,7174.6,157456332800,42281629184,1,0,0,0,0,1,1,4,20,20.0,Limit,0,4.477
DESKTOP-KQF03T0,Jashvanth,2026-06-30T16:16:24.367267,Q113_V007,Q_1252,3,0,0,1,1,0,153,1,0,0,1,43.8,7193.48,157464404992,42282117632,1,0,0,0,0,1,1,4,20,20.0,Limit,0,7.043
DESKTOP-KQF03T0,Jashvanth,2026-06-30T16:16:29.408362,Q113_V008,Q_1253,1,0,0,1,1,0,125,0,0,0,1,51.5,7208.18,157468683264,42284435968,1,0,0,0,0,1,1,4,30,30.0,Limit,0,9.245
DESKTOP-KQF03T0,Jashvanth,2026-06-30T16:16:34.481323,Q113_V008,Q_1253,2,0,0,1,1,0,125,0,0,0,1,56.3,7216.84,157471469056,42286828032,1,0,0,0,0,1,1,4,30,30.0,Limit,0,5.8
DESKTOP-KQF03T0,Jashvanth,2026-06-30T16:16:39.532435,Q113_V008,Q_1253,3,0,0,1,1,0,125,0,0,0,1,56.7,7214.15,157476334592,42287958528,1,0,0,0,0,1,1,4,30,30.0,Limit,0,9.473
DESKTOP-KQF03T0,Jashvanth,2026-06-30T16:16:44.576539,Q113_V009,Q_1254,1,0,0,1,1,0,157,1,0,0,1,53.7,7233.26,157479295488,42288478720,1,0,0,0,0,1,1,4,20,20.0,Limit,0,4.299
DESKTOP-KQF03T0,Jashvanth,2026-06-30T16:16:49.607873,Q113_V009,Q_1254,2,0,0,1,1,0,157,1,0,0,1,48.2,7258.0,157480636928,42288912896,1,0,0,0,0,1,1,4,20,20.0,Limit,0,4.605
DESKTOP-KQF03T0,Jashvanth,2026-06-30T16:16:54.654526,Q113_V009,Q_1254,3,0,0,1,1,0,157,1,0,0,1,48.0,7254.22,157497860608,42289314304,1,0,0,0,0,1,1,4,20,20.0,Limit,0,3.764
DESKTOP-KQF03T0,Jashvanth,2026-06-30T16:16:59.694265,Q113_V010,Q_1255,1,0,0,1,0,1,135,1,0,0,2,40.8,7279.19,157498503680,42289781248,1,0,0,0,0,0,2,3,1,1.0,Aggregate,0,4.533
DESKTOP-KQF03T0,Jashvanth,2026-06-30T16:17:04.744473,Q113_V010,Q_1255,2,0,0,1,0,1,135,1,0,0,2,56.6,7232.76,157510414848,42290129408,1,0,0,0,0,0,2,3,1,1.0,Aggregate,0,7.961
DESKTOP-KQF03T0,Jashvanth,2026-06-30T16:17:09.788641,Q113_V010,Q_1255,3,0,0,1,0,1,135,1,0,0,2,89.6,7368.02,158207384576,42343502848,1,0,0,0,0,0,2,3,1,1.0,Aggregate,0,6.707
DESKTOP-KQF03T0,Jashvanth,2026-06-30T16:17:14.843779,Q113_V011,Q_1256,1,1,0,2,1,1,226,1,0,0,3,60.4,7325.84,158216798208,42348796416,2,0,1,0,0,1,2,8,636,636.0,Sort,0,12.777
DESKTOP-KQF03T0,Jashvanth,2026-06-30T16:17:19.898920,Q113_V011,Q_1256,2,1,0,2,1,1,226,1,0,0,3,44.2,7235.36,158220823040,42353023488,2,0,1,0,0,1,2,8,636,636.0,Sort,0,9.95
DESKTOP-KQF03T0,Jashvanth,2026-06-30T16:17:24.946628,Q113_V011,Q_1256,3,1,0,2,1,1,226,1,0,0,3,45.7,7270.71,158238771712,42354674176,2,0,1,0,0,1,2,8,636,636.0,Sort,0,7.443
DESKTOP-KQF03T0,Jashvanth,2026-06-30T16:17:29.987259,Q114_V001,Q_1257,1,0,3,0,0,2,229,0,0,1,5,44.9,7252.04,158240749056,42355907072,2,1,1,1,0,0,0,6,1,215.0,Nested Loop,0,6.402
DESKTOP-KQF03T0,Jashvanth,2026-06-30T16:17:35.031913,Q114_V001,Q_1257,2,0,3,0,0,2,229,0,0,1,5,51.7,7253.27,158244965888,42356849152,2,1,1,1,0,0,0,6,1,215.0,Nested Loop,0,7.701
DESKTOP-KQF03T0,Jashvanth,2026-06-30T16:17:40.063354,Q114_V001,Q_1257,3,0,3,0,0,2,229,0,0,1,5,62.8,6829.37,158250778624,42357713408,2,1,1,1,0,0,0,6,1,215.0,Nested Loop,0,3.361
DESKTOP-KQF03T0,Jashvanth,2026-06-30T16:17:45.106196,Q114_V002,Q_1258,1,0,3,0,0,2,225,0,0,1,5,52.7,6821.92,158252010496,42358123008,2,1,1,1,0,0,0,6,1,237.0,Nested Loop,0,6.287
DESKTOP-KQF03T0,Jashvanth,2026-06-30T16:17:50.141978,Q114_V002,Q_1258,2,0,3,0,0,2,225,0,0,1,5,42.2,6909.36,158333630464,42358442496,2,1,1,1,0,0,0,6,1,237.0,Nested Loop,0,4.128
DESKTOP-KQF03T0,Jashvanth,2026-06-30T16:17:55.196733,Q114_V002,Q_1258,3,0,3,0,0,2,225,0,0,1,5,40.4,6865.75,158336312320,42358999552,2,1,1,1,0,0,0,6,1,237.0,Nested Loop,0,3.623
DESKTOP-KQF03T0,Jashvanth,2026-06-30T16:18:00.238970,Q114_V003,Q_1259,1,0,3,0,0,2,225,0,0,1,5,44.1,6954.16,158395496448,42359290368,2,1,1,1,0,0,0,6,1,237.0,Nested Loop,0,9.265
DESKTOP-KQF03T0,Jashvanth,2026-06-30T16:18:05.344514,Q114_V003,Q_1259,2,0,3,0,0,2,225,0,0,1,5,73.2,7134.8,158407831040,42359835136,2,1,1,1,0,0,0,6,1,237.0,Nested Loop,0,8.937
DESKTOP-KQF03T0,Jashvanth,2026-06-30T16:18:10.376381,Q114_V003,Q_1259,3,0,3,0,0,2,225,0,0,1,5,51.7,6994.41,158409345024,42464692736,2,1,1,1,0,0,0,6,1,237.0,Nested Loop,0,4.488
DESKTOP-KQF03T0,Jashvanth,2026-06-30T16:18:15.408674,Q114_V004,Q_1260,1,0,3,0,0,2,225,0,0,1,5,45.1,6565.85,158410147840,42565605888,2,1,1,1,0,0,0,6,1,231.0,Nested Loop,0,6.047
DESKTOP-KQF03T0,Jashvanth,2026-06-30T16:18:20.437060,Q114_V004,Q_1260,2,0,3,0,0,2,225,0,0,1,5,36.2,6819.5,158410708992,42565982720,2,1,1,1,0,0,0,6,1,231.0,Nested Loop,0,3.38
DESKTOP-KQF03T0,Jashvanth,2026-06-30T16:18:25.476523,Q114_V004,Q_1260,3,0,3,0,0,2,225,0,0,1,5,26.6,6830.9,158411192320,42566601216,2,1,1,1,0,0,0,6,1,231.0,Nested Loop,0,8.379
DESKTOP-KQF03T0,Jashvanth,2026-06-30T16:18:30.521988,Q114_V005,Q_1261,1,0,3,0,0,2,235,1,0,1,5,33.6,6846.32,158412003328,42567154176,1,2,0,2,0,0,2,7,1,1.0,Aggregate,0,6.411
DESKTOP-KQF03T0,Jashvanth,2026-06-30T16:18:35.557901,Q114_V005,Q_1261,2,0,3,0,0,2,235,1,0,1,5,28.3,6861.21,158413113344,42567399936,1,2,0,2,0,0,2,7,1,1.0,Aggregate,0,8.008
DESKTOP-KQF03T0,Jashvanth,2026-06-30T16:18:40.595031,Q114_V005,Q_1261,3,0,3,0,0,2,235,1,0,1,5,26.4,6851.38,158413486080,42567993856,1,2,0,2,0,0,2,7,1,1.0,Aggregate,0,9.284
DESKTOP-KQF03T0,Jashvanth,2026-06-30T16:18:45.650583,Q114_V006,Q_1262,1,0,3,1,1,2,293,1,0,1,5,34.0,6847.05,158413928448,42568251904,2,1,1,1,0,2,1,9,1,5.0,Sort,0,5.7
DESKTOP-KQF03T0,Jashvanth,2026-06-30T16:18:50.686031,Q114_V006,Q_1262,2,0,3,1,1,2,293,1,0,1,5,33.1,6847.4,158414616576,42568468992,2,1,1,1,0,2,1,9,1,5.0,Sort,0,5.157
DESKTOP-KQF03T0,Jashvanth,2026-06-30T16:18:55.722242,Q114_V006,Q_1262,3,0,3,1,1,2,293,1,0,1,5,46.9,6878.55,158417401856,42569842688,2,1,1,1,0,2,1,9,1,5.0,Sort,0,3.989
DESKTOP-KQF03T0,Jashvanth,2026-06-30T16:19:00.776979,Q114_V007,Q_1263,1,0,3,0,0,2,229,0,0,1,5,42.8,6873.76,158418918400,42570248192,3,0,1,0,0,0,0,5,12,480.0,Hash Join,0,4.789
DESKTOP-KQF03T0,Jashvanth,2026-06-30T16:19:05.813036,Q114_V007,Q_1263,2,0,3,0,0,2,229,0,0,1,5,49.1,6680.61,158440097280,42595217408,3,0,1,0,0,0,0,5,12,480.0,Hash Join,0,6.438
DESKTOP-KQF03T0,Jashvanth,2026-06-30T16:19:10.850879,Q114_V007,Q_1263,3,0,3,0,0,2,229,0,0,1,5,30.3,6708.7,158440777216,42596552704,3,0,1,0,0,0,0,5,12,480.0,Hash Join,0,5.938
DESKTOP-KQF03T0,Jashvanth,2026-06-30T16:19:15.883565,Q114_V008,Q_1264,1,0,3,0,1,2,244,0,0,1,5,30.7,6662.71,158441985536,42597122048,2,1,1,1,0,1,0,7,1,215.0,Sort,0,3.704
DESKTOP-KQF03T0,Jashvanth,2026-06-30T16:19:20.922657,Q114_V008,Q_1264,2,0,3,0,1,2,244,0,0,1,5,42.2,6694.82,158455165952,42597744640,2,1,1,1,0,1,0,7,1,215.0,Sort,0,8.001
DESKTOP-KQF03T0,Jashvanth,2026-06-30T16:19:25.965357,Q114_V008,Q_1264,3,0,3,0,1,2,244,0,0,1,5,84.9,6921.13,158461604864,42598461440,2,1,1,1,0,1,0,7,1,215.0,Sort,0,7.86
DESKTOP-KQF03T0,Jashvanth,2026-06-30T16:19:31.012349,Q114_V009,Q_1265,1,0,3,0,1,2,260,0,0,1,5,69.4,6937.23,158462596096,42599014400,2,1,1,1,0,1,0,7,1,215.0,Sort,0,8.952
DESKTOP-KQF03T0,Jashvanth,2026-06-30T16:19:36.047810,Q114_V009,Q_1265,2,0,3,0,1,2,260,0,0,1,5,35.0,6798.64,158463198208,42599256064,2,1,1,1,0,1,0,7,1,215.0,Sort,0,4.45
DESKTOP-KQF03T0,Jashvanth,2026-06-30T16:19:41.076336,Q114_V009,Q_1265,3,0,3,0,1,2,260,0,0,1,5,35.4,6730.28,158468424704,42599751680,2,1,1,1,0,1,0,7,1,215.0,Sort,0,5.144
DESKTOP-KQF03T0,Jashvanth,2026-06-30T16:19:46.126436,Q114_V010,Q_1266,1,1,3,1,1,2,322,1,0,1,6,33.2,6714.4,158468862976,42601439232,2,2,1,2,0,2,1,11,1,25.0,Sort,0,10.63
DESKTOP-KQF03T0,Jashvanth,2026-06-30T16:19:51.167487,Q114_V010,Q_1266,2,1,3,1,1,2,322,1,0,1,6,39.0,6721.84,158469960704,42602074112,2,2,1,2,0,2,1,11,1,25.0,Sort,0,4.012
DESKTOP-KQF03T0,Jashvanth,2026-06-30T16:19:56.195627,Q114_V010,Q_1266,3,1,3,1,1,2,322,1,0,1,6,19.4,6733.36,158470448128,42602516480,2,2,1,2,0,2,1,11,1,25.0,Sort,0,5.161
DESKTOP-KQF03T0,Jashvanth,2026-06-30T16:20:01.245384,Q114_V011,Q_1267,1,0,3,0,0,2,255,0,0,3,5,45.6,6732.78,158473913344,42602889216,2,1,1,1,0,0,0,6,1,794.0,Nested Loop,0,7.068
DESKTOP-KQF03T0,Jashvanth,2026-06-30T16:20:06.287407,Q114_V011,Q_1267,2,0,3,0,0,2,255,0,0,3,5,37.9,6739.67,158474499072,42603315200,2,1,1,1,0,0,0,6,1,794.0,Nested Loop,0,8.909
DESKTOP-KQF03T0,Jashvanth,2026-06-30T16:20:11.327019,Q114_V011,Q_1267,3,0,3,0,0,2,255,0,0,3,5,35.7,6749.23,158475518976,42604310528,2,1,1,1,0,0,0,6,1,794.0,Nested Loop,0,9.271
DESKTOP-KQF03T0,Jashvanth,2026-06-30T16:20:16.451607,Q115_V001,Q_1268,1,1,0,1,1,0,196,1,0,0,3,33.2,6803.0,158496544768,42605006848,2,0,1,0,0,1,1,6,20099,3911.0,Aggregate,0,95.752
DESKTOP-KQF03T0,Jashvanth,2026-06-30T16:20:21.588031,Q115_V001,Q_1268,2,1,0,1,1,0,196,1,0,0,3,41.4,6787.11,158498682368,42605494272,2,0,1,0,0,1,1,6,20099,3911.0,Aggregate,0,101.503
DESKTOP-KQF03T0,Jashvanth,2026-06-30T16:20:26.753848,Q115_V001,Q_1268,3,1,0,1,1,0,196,1,0,0,3,26.5,6821.7,158499038720,42606018560,2,0,1,0,0,1,1,6,20099,3911.0,Aggregate,0,104.517
DESKTOP-KQF03T0,Jashvanth,2026-06-30T16:20:31.845380,Q115_V002,Q_1269,1,1,1,1,1,0,234,1,0,0,3,38.8,6829.49,158499392000,42606461952,2,0,1,0,0,1,1,6,13650,2681.0,Aggregate,0,65.108
DESKTOP-KQF03T0,Jashvanth,2026-06-30T16:20:36.962469,Q115_V002,Q_1269,2,1,1,1,1,0,234,1,0,0,3,28.5,6792.61,158500232192,42606928896,2,0,1,0,0,1,1,6,13650,2681.0,Aggregate,0,86.952
DESKTOP-KQF03T0,Jashvanth,2026-06-30T16:20:42.082172,Q115_V002,Q_1269,3,1,1,1,1,0,234,1,0,0,3,33.1,6828.26,158500678656,42608616448,2,0,1,0,0,1,1,6,13650,2681.0,Aggregate,0,69.825
DESKTOP-KQF03T0,Jashvanth,2026-06-30T16:20:47.197801,Q115_V003,Q_1270,1,1,1,1,1,0,234,1,0,0,3,27.7,6746.79,158501383168,42608944128,2,0,1,0,0,1,1,6,16431,3092.0,Aggregate,0,90.294
DESKTOP-KQF03T0,Jashvanth,2026-06-30T16:20:52.390363,Q115_V003,Q_1270,2,1,1,1,1,0,234,1,0,0,3,32.1,6752.24,158503185408,42609943552,2,0,1,0,0,1,1,6,16431,3092.0,Aggregate,0,165.583
DESKTOP-KQF03T0,Jashvanth,2026-06-30T16:20:57.503854,Q115_V003,Q_1270,3,1,1,1,1,0,234,1,0,0,3,34.4,6730.56,158503762944,42610435072,2,0,1,0,0,1,1,6,16431,3092.0,Aggregate,0,83.072
DESKTOP-KQF03T0,Jashvanth,2026-06-30T16:21:02.568253,Q115_V004,Q_1271,1,1,0,1,1,0,161,1,0,0,2,30.6,6790.05,158504655872,42611213312,2,0,1,0,0,1,1,6,636,636.0,Sort,0,33.634
DESKTOP-KQF03T0,Jashvanth,2026-06-30T16:21:07.647646,Q115_V004,Q_1271,2,1,0,1,1,0,161,1,0,0,2,36.7,6780.71,158505094144,42611536896,2,0,1,0,0,1,1,6,636,636.0,Sort,0,42.395
DESKTOP-KQF03T0,Jashvanth,2026-06-30T16:21:12.697648,Q115_V004,Q_1271,3,1,0,1,1,0,161,1,0,0,2,30.2,6794.34,158555367424,42612560896,2,0,1,0,0,1,1,6,636,636.0,Sort,0,20.622
DESKTOP-KQF03T0,Jashvanth,2026-06-30T16:21:17.825168,Q115_V005,Q_1272,1,1,0,1,1,0,199,1,0,0,3,42.0,6781.5,158563719168,42626352128,2,0,1,0,0,1,1,6,20099,175.0,Aggregate,0,102.276
DESKTOP-KQF03T0,Jashvanth,2026-06-30T16:21:22.961219,Q115_V005,Q_1272,2,1,0,1,1,0,199,1,0,0,3,35.9,6847.13,158584126976,42628617216,2,0,1,0,0,1,1,6,20099,175.0,Aggregate,0,102.421
DESKTOP-KQF03T0,Jashvanth,2026-06-30T16:21:28.055280,Q115_V005,Q_1272,3,1,0,1,1,0,199,1,0,0,3,36.3,6840.77,158587237888,42630300672,2,0,1,0,0,1,1,6,20099,175.0,Aggregate,0,65.916
DESKTOP-KQF03T0,Jashvanth,2026-06-30T16:21:33.180368,Q115_V006,Q_1273,1,1,0,1,1,0,196,1,0,0,3,25.9,6839.42,158587536896,42631615488,2,0,1,0,0,1,1,6,20099,3911.0,Aggregate,0,100.141
DESKTOP-KQF03T0,Jashvanth,2026-06-30T16:21:38.316474,Q115_V006,Q_1273,2,1,0,1,1,0,196,1,0,0,3,33.2,6840.96,158602410496,42632476672,2,0,1,0,0,1,1,6,20099,3911.0,Aggregate,0,107.778
DESKTOP-KQF03T0,Jashvanth,2026-06-30T16:21:43.464469,Q115_V006,Q_1273,3,1,0,1,1,0,196,1,0,0,3,37.4,6922.44,158630081536,42633201664,2,0,1,0,0,1,1,6,20099,3911.0,Aggregate,0,121.302
DESKTOP-KQF03T0,Jashvanth,2026-06-30T16:21:48.595520,Q115_V007,Q_1274,1,1,0,1,1,0,164,1,0,0,3,42.8,6934.75,158666951680,42634450944,2,0,1,0,0,1,1,6,20099,3911.0,Aggregate,0,96.465
DESKTOP-KQF03T0,Jashvanth,2026-06-30T16:21:53.715391,Q115_V007,Q_1274,2,1,0,1,1,0,164,1,0,0,3,30.7,6857.57,158667865088,42635536384,2,0,1,0,0,1,1,6,20099,3911.0,Aggregate,0,94.264
DESKTOP-KQF03T0,Jashvanth,2026-06-30T16:21:58.828187,Q115_V007,Q_1274,3,1,0,1,1,0,164,1,0,0,3,29.1,6844.52,158667996160,42636249088,2,0,1,0,0,1,1,6,20099,3911.0,Aggregate,0,84.028
DESKTOP-KQF03T0,Jashvanth,2026-06-30T16:22:03.990369,Q115_V008,Q_1275,1,1,1,1,1,0,220,1,0,0,3,25.6,6903.62,158669028352,42636630016,2,0,1,0,0,1,1,6,9034,3344.0,Aggregate,0,119.425
DESKTOP-KQF03T0,Jashvanth,2026-06-30T16:22:09.149603,Q115_V008,Q_1275,2,1,1,1,1,0,220,1,0,0,3,56.0,6848.93,158689520640,42637588480,2,0,1,0,0,1,1,6,9034,3344.0,Aggregate,0,120.538
DESKTOP-KQF03T0,Jashvanth,2026-06-30T16:22:14.275666,Q115_V008,Q_1275,3,1,1,1,1,0,220,1,0,0,3,50.9,6884.68,158710279168,42638141440,2,0,1,0,0,1,1,6,9034,3344.0,Aggregate,0,91.964
DESKTOP-KQF03T0,Jashvanth,2026-06-30T16:22:19.338715,Q115_V009,Q_1276,1,1,1,1,1,0,227,1,0,0,3,43.4,6677.93,158710627328,42672584704,2,0,1,0,0,1,1,6,11065,3517.0,Sort,0,30.751
DESKTOP-KQF03T0,Jashvanth,2026-06-30T16:22:24.436116,Q115_V009,Q_1276,2,1,1,1,1,0,227,1,0,0,3,59.7,6830.36,158711077888,42672953344,2,0,1,0,0,1,1,6,11065,3517.0,Sort,0,41.648
DESKTOP-KQF03T0,Jashvanth,2026-06-30T16:22:29.518233,Q115_V009,Q_1276,3,1,1,1,1,0,227,1,0,0,3,35.7,6817.27,158711508992,42673659904,2,0,1,0,0,1,1,6,11065,3517.0,Sort,0,46.081
DESKTOP-KQF03T0,Jashvanth,2026-06-30T16:22:34.577768,Q115_V010,Q_1277,1,1,0,1,1,0,211,1,0,0,3,20.6,6836.44,158712279040,42674032640,2,0,1,0,0,1,1,6,13410,42.0,Sort,0,25.439
DESKTOP-KQF03T0,Jashvanth,2026-06-30T16:22:39.645522,Q115_V010,Q_1277,2,1,0,1,1,0,211,1,0,0,3,38.0,6882.2,158719562752,42674569216,2,0,1,0,0,1,1,6,13410,42.0,Sort,0,34.135
DESKTOP-KQF03T0,Jashvanth,2026-06-30T16:22:44.710325,Q115_V010,Q_1277,3,1,0,1,1,0,211,1,0,0,3,29.7,6844.81,158735065088,42675652608,2,0,1,0,0,1,1,6,13410,42.0,Sort,0,36.616
DESKTOP-KQF03T0,Jashvanth,2026-06-30T16:22:49.837251,Q115_V011,Q_1278,1,1,0,1,1,0,170,1,0,0,3,41.7,6529.22,158736884736,42676393984,2,0,1,0,0,1,1,6,20099,3911.0,Aggregate,0,100.401
DESKTOP-KQF03T0,Jashvanth,2026-06-30T16:22:54.988721,Q115_V011,Q_1278,2,1,0,1,1,0,170,1,0,0,3,35.9,6727.15,158737564672,42676803584,2,0,1,0,0,1,1,6,20099,3911.0,Aggregate,0,110.747
DESKTOP-KQF03T0,Jashvanth,2026-06-30T16:23:00.127404,Q115_V011,Q_1278,3,1,0,1,1,0,170,1,0,0,3,36.4,6727.95,158739006464,42677250048,2,0,1,0,0,1,1,6,20099,3911.0,Aggregate,0,107.889
DESKTOP-KQF03T0,Jashvanth,2026-06-30T16:23:05.173411,Q116_V001,Q_1279,1,3,0,2,1,1,314,2,0,0,5,23.3,6745.66,158739616768,42677598208,3,1,3,0,0,1,2,13,170,25.0,Sort,0,16.834
DESKTOP-KQF03T0,Jashvanth,2026-06-30T16:23:10.238317,Q116_V001,Q_1279,2,3,0,2,1,1,314,2,0,0,5,43.1,6741.46,158740349952,42679068672,3,1,3,0,0,1,2,13,170,25.0,Sort,0,14.138
DESKTOP-KQF03T0,Jashvanth,2026-06-30T16:23:15.282300,Q116_V001,Q_1279,3,3,0,2,1,1,314,2,0,0,5,28.2,6770.49,158740739072,42679654400,3,1,3,0,0,1,2,13,170,25.0,Sort,0,16.231
DESKTOP-KQF03T0,Jashvanth,2026-06-30T16:23:20.355078,Q116_V002,Q_1280,1,3,0,2,1,1,311,2,0,0,5,41.8,6776.92,158741128192,42680051712,3,1,3,0,0,1,2,13,170,25.0,Sort,0,31.85
DESKTOP-KQF03T0,Jashvanth,2026-06-30T16:23:25.405379,Q116_V002,Q_1280,2,3,0,2,1,1,311,2,0,0,5,36.6,6817.55,158741492736,42681612288,3,1,3,0,0,1,2,13,170,25.0,Sort,0,18.656
DESKTOP-KQF03T0,Jashvanth,2026-06-30T16:23:30.482195,Q116_V002,Q_1280,3,3,0,2,1,1,311,2,0,0,5,41.8,6809.08,158751781888,42682984448,3,1,3,0,0,1,2,13,170,25.0,Sort,0,17.685
DESKTOP-KQF03T0,Jashvanth,2026-06-30T16:23:35.549314,Q116_V003,Q_1281,1,3,0,2,1,1,312,2,0,0,5,34.0,6837.35,158752633856,42683676672,3,1,3,0,0,1,2,13,170,25.0,Sort,0,28.244
DESKTOP-KQF03T0,Jashvanth,2026-06-30T16:23:40.630948,Q116_V003,Q_1281,2,3,0,2,1,1,312,2,0,0,5,84.1,7159.39,158845722624,42685220864,3,1,3,0,0,1,2,13,170,25.0,Sort,0,36.801
DESKTOP-KQF03T0,Jashvanth,2026-06-30T16:23:45.716125,Q116_V003,Q_1281,3,3,0,2,1,1,312,2,0,0,5,89.2,6912.47,158932761088,42926585856,3,1,3,0,0,1,2,13,170,25.0,Sort,0,35.242
DESKTOP-KQF03T0,Jashvanth,2026-06-30T16:23:50.787198,Q116_V004,Q_1282,1,4,0,2,1,1,353,2,0,0,6,93.6,7062.66,158946391040,42926995456,4,1,4,0,0,1,2,16,170,5.0,Sort,0,30.929
DESKTOP-KQF03T0,Jashvanth,2026-06-30T16:23:55.862312,Q116_V004,Q_1282,2,4,0,2,1,1,353,2,0,0,6,62.5,7088.79,159028261376,42928333824,4,1,4,0,0,1,2,16,170,5.0,Sort,0,36.872
DESKTOP-KQF03T0,Jashvanth,2026-06-30T16:24:00.911135,Q116_V004,Q_1282,3,4,0,2,1,1,353,2,0,0,6,47.1,6958.82,159029105152,43037266944,4,1,4,0,0,1,2,16,170,5.0,Sort,0,19.003
DESKTOP-KQF03T0,Jashvanth,2026-06-30T16:24:05.954888,Q116_V005,Q_1283,1,3,1,2,1,1,351,2,0,0,5,39.6,6800.76,159031345664,43038344192,3,1,3,0,0,1,2,13,170,25.0,Sort,0,14.723
DESKTOP-KQF03T0,Jashvanth,2026-06-30T16:24:11.008929,Q116_V005,Q_1283,2,3,1,2,1,1,351,2,0,0,5,32.2,6855.59,159031624192,43039310848,3,1,3,0,0,1,2,13,170,25.0,Sort,0,18.413
DESKTOP-KQF03T0,Jashvanth,2026-06-30T16:24:16.054479,Q116_V005,Q_1283,3,3,1,2,1,1,351,2,0,0,5,30.9,6833.79,159032488448,43039675392,3,1,3,0,0,1,2,13,170,25.0,Sort,0,14.887
DESKTOP-KQF03T0,Jashvanth,2026-06-30T16:24:21.097884,Q116_V006,Q_1284,1,3,1,2,1,1,351,2,0,0,5,28.9,6865.66,159032914432,43040601088,3,1,3,0,0,1,2,13,170,25.0,Sort,0,16.196
DESKTOP-KQF03T0,Jashvanth,2026-06-30T16:24:26.164123,Q116_V006,Q_1284,2,3,1,2,1,1,351,2,0,0,5,33.5,6853.28,159032992256,43041076224,3,1,3,0,0,1,2,13,170,25.0,Sort,0,24.032
DESKTOP-KQF03T0,Jashvanth,2026-06-30T16:24:31.219775,Q116_V006,Q_1284,3,3,1,2,1,1,351,2,0,0,5,37.6,6891.33,159040134656,43041995776,3,1,3,0,0,1,2,13,170,25.0,Sort,0,14.261
DESKTOP-KQF03T0,Jashvanth,2026-06-30T16:24:36.263842,Q116_V007,Q_1285,1,2,0,2,1,1,283,2,0,0,4,39.7,6890.13,159040830976,43042286592,2,1,2,0,0,1,2,10,5,5.0,Sort,0,10.692
DESKTOP-KQF03T0,Jashvanth,2026-06-30T16:24:41.305533,Q116_V007,Q_1285,2,2,0,2,1,1,283,2,0,0,4,38.5,6896.04,159041982976,43043155968,2,1,2,0,0,1,2,10,5,5.0,Sort,0,14.584
DESKTOP-KQF03T0,Jashvanth,2026-06-30T16:24:46.385428,Q116_V007,Q_1285,3,2,0,2,1,1,283,2,0,0,4,34.9,6888.45,159042464256,43043684352,2,1,2,0,0,1,2,10,5,5.0,Sort,0,13.195
DESKTOP-KQF03T0,Jashvanth,2026-06-30T16:24:51.436653,Q116_V008,Q_1286,1,3,0,2,1,1,296,2,0,0,5,26.7,6907.72,159043045888,43043983360,3,1,3,0,0,1,2,13,170,25.0,Sort,0,24.934
DESKTOP-KQF03T0,Jashvanth,2026-06-30T16:24:56.484790,Q116_V008,Q_1286,2,3,0,2,1,1,296,2,0,0,5,22.6,6922.27,159043430912,43044417536,3,1,3,0,0,1,2,13,170,25.0,Sort,0,22.636
DESKTOP-KQF03T0,Jashvanth,2026-06-30T16:25:01.559594,Q116_V008,Q_1286,3,3,0,2,1,1,296,2,0,0,5,40.5,6884.66,159045962240,43045195776,3,1,3,0,0,1,2,13,170,25.0,Sort,0,20.779
DESKTOP-KQF03T0,Jashvanth,2026-06-30T16:25:06.615143,Q116_V009,Q_1287,1,3,1,2,1,1,347,2,0,0,5,34.4,6911.25,159046007296,43045523456,3,1,3,0,0,1,2,13,170,25.0,Sort,0,19.355
DESKTOP-KQF03T0,Jashvanth,2026-06-30T16:25:11.656595,Q116_V009,Q_1287,2,3,1,2,1,1,347,2,0,0,5,38.3,6851.07,159046334976,43045711872,3,1,3,0,0,1,2,13,170,25.0,Sort,0,6.569
DESKTOP-KQF03T0,Jashvanth,2026-06-30T16:25:16.700159,Q116_V009,Q_1287,3,3,1,2,1,1,347,2,0,0,5,35.9,6776.5,159047070720,43046330368,3,1,3,0,0,1,2,13,170,25.0,Sort,0,8.866
DESKTOP-KQF03T0,Jashvanth,2026-06-30T16:25:21.778127,Q116_V010,Q_1288,1,3,0,2,1,1,307,2,0,0,5,30.3,6779.54,159048095232,43046866944,3,1,3,0,0,1,2,13,170,25.0,Sort,0,24.973
DESKTOP-KQF03T0,Jashvanth,2026-06-30T16:25:26.816357,Q116_V010,Q_1288,2,3,0,2,1,1,307,2,0,0,5,36.9,6787.99,159048861184,43047649280,3,1,3,0,0,1,2,13,170,25.0,Sort,0,12.838
DESKTOP-KQF03T0,Jashvanth,2026-06-30T16:25:31.861564,Q116_V010,Q_1288,3,3,0,2,1,1,307,2,0,0,5,38.7,6811.26,159050556928,43048169472,3,1,3,0,0,1,2,13,170,25.0,Sort,0,16.575
DESKTOP-KQF03T0,Jashvanth,2026-06-30T16:25:36.908327,Q116_V011,Q_1289,1,3,1,2,1,1,340,2,0,0,5,37.8,6737.7,159051630080,43048833024,3,1,3,0,0,1,2,13,170,25.0,Sort,0,13.863
DESKTOP-KQF03T0,Jashvanth,2026-06-30T16:25:41.985141,Q116_V011,Q_1289,2,3,1,2,1,1,340,2,0,0,5,31.9,6748.42,159051716096,43049218048,3,1,3,0,0,1,2,13,170,25.0,Sort,0,27.8
DESKTOP-KQF03T0,Jashvanth,2026-06-30T16:25:47.030355,Q116_V011,Q_1289,3,3,1,2,1,1,340,2,0,0,5,40.1,6792.96,159052768768,43049828352,3,1,3,0,0,1,2,13,170,25.0,Sort,0,14.856
DESKTOP-KQF03T0,Jashvanth,2026-06-30T16:25:52.063946,Q117_V001,Q_1290,1,1,0,1,0,0,213,2,0,0,2,22.3,6877.43,159059711488,43050397696,2,0,1,0,0,0,1,5,333,211.0,Aggregate,0,3.142
DESKTOP-KQF03T0,Jashvanth,2026-06-30T16:25:57.136749,Q117_V001,Q_1290,2,1,0,1,0,0,213,2,0,0,2,40.7,6643.71,159060145664,43050881024,2,0,1,0,0,0,1,5,333,211.0,Aggregate,0,4.629
DESKTOP-KQF03T0,Jashvanth,2026-06-30T16:26:02.164906,Q117_V001,Q_1290,3,1,0,1,0,0,213,2,0,0,2,36.7,6664.76,159060747776,43052187648,2,0,1,0,0,0,1,5,333,211.0,Aggregate,0,3.012
DESKTOP-KQF03T0,Jashvanth,2026-06-30T16:26:07.197520,Q117_V002,Q_1291,1,1,0,1,0,0,213,2,0,0,2,25.4,6625.26,159060870656,43052527616,2,0,1,0,0,0,1,5,333,789.0,Aggregate,0,3.595
DESKTOP-KQF03T0,Jashvanth,2026-06-30T16:26:12.231646,Q117_V002,Q_1291,2,1,0,1,0,0,213,2,0,0,2,27.9,6653.89,159061460480,43053002752,2,0,1,0,0,0,1,5,333,789.0,Aggregate,0,3.169
DESKTOP-KQF03T0,Jashvanth,2026-06-30T16:26:17.290080,Q117_V002,Q_1291,3,1,0,1,0,0,213,2,0,0,2,27.7,6678.3,159067057664,43053363200,2,0,1,0,0,0,1,5,333,789.0,Aggregate,0,7.121
DESKTOP-KQF03T0,Jashvanth,2026-06-30T16:26:22.324906,Q117_V003,Q_1292,1,1,0,1,0,0,214,2,0,0,2,47.8,6747.05,159147652608,43054317568,2,0,1,0,0,0,1,5,333,211.0,Aggregate,0,6.709
DESKTOP-KQF03T0,Jashvanth,2026-06-30T16:26:27.373513,Q117_V003,Q_1292,2,1,0,1,0,0,214,2,0,0,2,96.6,6956.52,159152298496,43055042560,2,0,1,0,0,0,1,5,333,211.0,Aggregate,0,9.093
DESKTOP-KQF03T0,Jashvanth,2026-06-30T16:26:32.415048,Q117_V003,Q_1292,3,1,0,1,0,0,214,2,0,0,2,91.6,6958.7,159153080832,43067972608,2,0,1,0,0,0,1,5,333,211.0,Aggregate,0,4.179
DESKTOP-KQF03T0,Jashvanth,2026-06-30T16:26:37.472667,Q117_V004,Q_1293,1,1,0,1,0,0,213,2,0,0,2,39.8,6851.46,159153265152,43068316672,2,0,1,0,0,0,1,5,333,48.0,Aggregate,0,3.539
DESKTOP-KQF03T0,Jashvanth,2026-06-30T16:26:42.499356,Q117_V004,Q_1293,2,1,0,1,0,0,213,2,0,0,2,46.1,6746.84,159153777152,43068681216,2,0,1,0,0,0,1,5,333,48.0,Aggregate,0,2.565
DESKTOP-KQF03T0,Jashvanth,2026-06-30T16:26:47.572454,Q117_V004,Q_1293,3,1,0,1,0,0,213,2,0,0,2,35.5,6701.05,159154141696,43068701696,2,0,1,0,0,0,1,5,333,48.0,Aggregate,0,5.481
DESKTOP-KQF03T0,Jashvanth,2026-06-30T16:26:52.607669,Q117_V005,Q_1294,1,1,0,1,0,1,188,2,0,0,3,38.1,6670.0,159154743808,43070520320,2,0,1,0,0,0,2,6,1,1.0,Aggregate,0,4.754
DESKTOP-KQF03T0,Jashvanth,2026-06-30T16:26:57.646943,Q117_V005,Q_1294,2,1,0,1,0,1,188,2,0,0,3,26.8,6626.86,159155218944,43070979072,2,0,1,0,0,0,2,6,1,1.0,Aggregate,0,4.217
DESKTOP-KQF03T0,Jashvanth,2026-06-30T16:27:02.687106,Q117_V005,Q_1294,3,1,0,1,0,1,188,2,0,0,3,35.9,6635.41,159156095488,43071286272,2,0,1,0,0,0,2,6,1,1.0,Aggregate,0,5.914
DESKTOP-KQF03T0,Jashvanth,2026-06-30T16:27:07.720081,Q117_V006,Q_1295,1,1,0,2,1,1,276,2,0,0,3,34.4,6626.84,159156632064,43071859712,2,0,1,0,0,1,2,7,200,186.0,Sort,0,6.024
DESKTOP-KQF03T0,Jashvanth,2026-06-30T16:27:12.751205,Q117_V006,Q_1295,2,1,0,2,1,1,276,2,0,0,3,25.7,6664.96,159157213696,43072359424,2,0,1,0,0,1,2,7,200,186.0,Sort,0,5.752
DESKTOP-KQF03T0,Jashvanth,2026-06-30T16:27:17.782988,Q117_V006,Q_1295,3,1,0,2,1,1,276,2,0,0,3,29.0,6671.58,159158200832,43073100800,2,0,1,0,0,1,2,7,200,186.0,Sort,0,5.919
DESKTOP-KQF03T0,Jashvanth,2026-06-30T16:27:22.821800,Q117_V007,Q_1296,1,1,0,2,1,1,272,2,0,0,3,26.2,6720.51,159158684160,43074345984,2,0,1,0,0,1,2,7,200,25.0,Sort,0,3.724
DESKTOP-KQF03T0,Jashvanth,2026-06-30T16:27:27.876033,Q117_V007,Q_1296,2,1,0,2,1,1,272,2,0,0,3,36.3,6736.11,159159167488,43074866176,2,0,1,0,0,1,2,7,200,25.0,Sort,0,4.558
DESKTOP-KQF03T0,Jashvanth,2026-06-30T16:27:32.912394,Q117_V007,Q_1296,3,1,0,2,1,1,272,2,0,0,3,36.3,6760.96,159159986688,43075230720,2,0,1,0,0,1,2,7,200,25.0,Sort,0,3.861
DESKTOP-KQF03T0,Jashvanth,2026-06-30T16:27:37.948865,Q117_V008,Q_1297,1,1,0,1,1,0,292,3,0,0,2,35.4,6953.86,159187470848,43077360640,2,0,1,0,0,1,1,6,333,211.0,Sort,0,5.458
DESKTOP-KQF03T0,Jashvanth,2026-06-30T16:27:42.986219,Q117_V008,Q_1297,2,1,0,1,1,0,292,3,0,0,2,39.9,6828.53,159187622400,43111414784,2,0,1,0,0,1,1,6,333,211.0,Sort,0,6.759
DESKTOP-KQF03T0,Jashvanth,2026-06-30T16:27:48.016010,Q117_V008,Q_1297,3,1,0,1,1,0,292,3,0,0,2,33.3,6854.78,159187851776,43111685120,2,0,1,0,0,1,1,6,333,211.0,Sort,0,3.135
DESKTOP-KQF03T0,Jashvanth,2026-06-30T16:27:53.058147,Q117_V009,Q_1298,1,1,0,1,1,0,241,2,0,0,2,50.8,6677.64,159188048384,43112004608,2,0,1,0,0,1,1,6,333,369.0,Sort,0,7.342
DESKTOP-KQF03T0,Jashvanth,2026-06-30T16:27:58.088000,Q117_V009,Q_1298,2,1,0,1,1,0,241,2,0,0,2,53.8,6651.18,159188347392,43112684544,2,0,1,0,0,1,1,6,333,369.0,Sort,0,3.657
DESKTOP-KQF03T0,Jashvanth,2026-06-30T16:28:03.119760,Q117_V009,Q_1298,3,1,0,1,1,0,241,2,0,0,2,38.5,6713.63,159188867584,43112856576,2,0,1,0,0,1,1,6,333,369.0,Sort,0,2.728
DESKTOP-KQF03T0,Jashvanth,2026-06-30T16:28:08.149143,Q117_V010,Q_1299,1,1,1,1,0,0,237,2,0,0,2,35.7,6677.29,159189453312,43113290752,2,0,1,0,0,0,1,5,333,211.0,Aggregate,0,3.061
DESKTOP-KQF03T0,Jashvanth,2026-06-30T16:28:13.182454,Q117_V010,Q_1299,2,1,1,1,0,0,237,2,0,0,2,42.5,6513.38,159190669824,43114281984,2,0,1,0,0,0,1,5,333,211.0,Aggregate,0,3.278
DESKTOP-KQF03T0,Jashvanth,2026-06-30T16:28:18.210899,Q117_V010,Q_1299,3,1,1,1,0,0,237,2,0,0,2,30.6,6555.46,159190784512,43114519552,2,0,1,0,0,0,1,5,333,211.0,Aggregate,0,5.648
DESKTOP-KQF03T0,Jashvanth,2026-06-30T16:28:35.410546,Q117_V011,Q_1300,1,1,1,1,0,0,238,2,0,0,2,60.9,7009.55,159616470016,43119555584,2,0,1,0,0,0,1,5,64,33.0,Aggregate,0,1.134
DESKTOP-KQF03T0,Jashvanth,2026-06-30T16:28:40.513026,Q117_V011,Q_1300,2,1,1,1,0,0,238,2,0,0,2,78.4,7098.82,159622208000,43120059392,2,0,1,0,0,0,1,5,64,33.0,Aggregate,0,2.239
DESKTOP-KQF03T0,Jashvanth,2026-06-30T16:28:45.599101,Q117_V011,Q_1300,3,1,1,1,0,0,238,2,0,0,2,100.0,7199.5,159631992832,43120395264,2,0,1,0,0,0,1,5,64,33.0,Aggregate,0,2.455
DESKTOP-KQF03T0,Jashvanth,2026-06-30T16:28:50.676212,Q118_V001,Q_1301,1,0,1,1,1,0,156,1,0,0,1,100.0,7243.36,159636545024,43120403456,1,0,0,0,0,1,1,4,15,15.0,Limit,0,4.204
DESKTOP-KQF03T0,Jashvanth,2026-06-30T16:28:55.760870,Q118_V001,Q_1301,2,0,1,1,1,0,156,1,0,0,1,100.0,7277.02,159646162432,43120813056,1,0,0,0,0,1,1,4,15,15.0,Limit,0,3.697
DESKTOP-KQF03T0,Jashvanth,2026-06-30T16:29:00.853103,Q118_V001,Q_1301,3,0,1,1,1,0,156,1,0,0,1,100.0,7246.4,159657606144,43126303232,1,0,0,0,0,1,1,4,15,15.0,Limit,0,6.041
DESKTOP-KQF03T0,Jashvanth,2026-06-30T16:29:05.912874,Q118_V002,Q_1302,1,0,1,1,1,0,155,1,0,0,1,100.0,7261.59,159664495104,43127635968,1,0,0,0,0,1,1,4,15,15.0,Limit,0,5.091
DESKTOP-KQF03T0,Jashvanth,2026-06-30T16:29:10.973790,Q118_V002,Q_1302,2,0,1,1,1,0,155,1,0,0,1,100.0,7266.45,159716612096,43128283136,1,0,0,0,0,1,1,4,15,15.0,Limit,0,4.199
DESKTOP-KQF03T0,Jashvanth,2026-06-30T16:29:16.038997,Q118_V002,Q_1302,3,0,1,1,1,0,155,1,0,0,1,100.0,7337.72,159728081920,43128786944,1,0,0,0,0,1,1,4,15,15.0,Limit,0,3.836
DESKTOP-KQF03T0,Jashvanth,2026-06-30T16:29:21.074972,Q118_V003,Q_1303,1,0,1,1,1,0,143,1,0,0,1,99.9,7208.74,159751947776,43150409728,1,0,0,0,0,1,1,4,15,15.0,Limit,0,2.387
DESKTOP-KQF03T0,Jashvanth,2026-06-30T16:29:26.107171,Q118_V003,Q_1303,2,0,1,1,1,0,143,1,0,0,1,53.4,6815.79,159752611328,43363323904,1,0,0,0,0,1,1,4,15,15.0,Limit,0,1.525
DESKTOP-KQF03T0,Jashvanth,2026-06-30T16:29:31.136295,Q118_V003,Q_1303,3,0,1,1,1,0,143,1,0,0,1,26.4,6834.18,159752902144,43364536320,1,0,0,0,0,1,1,4,15,15.0,Limit,0,1.069
DESKTOP-KQF03T0,Jashvanth,2026-06-30T16:29:36.170596,Q118_V004,Q_1304,1,0,1,1,1,0,168,1,0,0,1,30.4,6833.0,159753156096,43364753408,1,0,0,0,0,1,1,4,15,15.0,Limit,0,4.945
DESKTOP-KQF03T0,Jashvanth,2026-06-30T16:29:41.219098,Q118_V004,Q_1304,2,0,1,1,1,0,168,1,0,0,1,30.7,6869.48,159753799168,43365519360,1,0,0,0,0,1,1,4,15,15.0,Limit,0,8.431
DESKTOP-KQF03T0,Jashvanth,2026-06-30T16:29:46.258180,Q118_V004,Q_1304,3,0,1,1,1,0,168,1,0,0,1,32.8,6868.18,159753860608,43366776832,1,0,0,0,0,1,1,4,15,15.0,Limit,0,2.029
DESKTOP-KQF03T0,Jashvanth,2026-06-30T16:29:51.294778,Q118_V005,Q_1305,1,0,1,1,1,0,167,1,0,0,1,30.9,6848.98,159754958336,43367636992,1,0,0,0,0,1,1,4,15,15.0,Limit,0,2.361
DESKTOP-KQF03T0,Jashvanth,2026-06-30T16:29:56.342210,Q118_V005,Q_1305,2,0,1,1,1,0,167,1,0,0,1,42.9,6847.9,159754978816,43368161280,1,0,0,0,0,1,1,4,15,15.0,Limit,0,2.64
DESKTOP-KQF03T0,Jashvanth,2026-06-30T16:30:01.368151,Q118_V005,Q_1305,3,0,1,1,1,0,167,1,0,0,1,32.6,6881.47,159755448320,43368357888,1,0,0,0,0,1,1,4,15,15.0,Limit,0,2.062
DESKTOP-KQF03T0,Jashvanth,2026-06-30T16:30:06.395753,Q118_V006,Q_1306,1,0,1,1,1,0,193,1,0,1,1,38.7,6842.3,159755735040,43368742912,1,0,0,0,0,1,1,4,15,15.0,Limit,0,2.413
DESKTOP-KQF03T0,Jashvanth,2026-06-30T16:30:11.430906,Q118_V006,Q_1306,2,0,1,1,1,0,193,1,0,1,1,39.1,6922.26,159820996096,43389775872,1,0,0,0,0,1,1,4,15,15.0,Limit,0,3.332
DESKTOP-KQF03T0,Jashvanth,2026-06-30T16:30:16.480678,Q118_V006,Q_1306,3,0,1,1,1,0,193,1,0,1,1,35.7,6894.96,159825307136,43390259200,1,0,0,0,0,1,1,4,15,15.0,Limit,0,1.751
DESKTOP-KQF03T0,Jashvanth,2026-06-30T16:30:21.508536,Q118_V007,Q_1307,1,0,1,1,1,0,193,1,0,1,1,27.0,6944.83,159834460160,43391639552,1,0,0,0,0,1,1,4,15,15.0,Limit,0,2.265
DESKTOP-KQF03T0,Jashvanth,2026-06-30T16:30:26.534334,Q118_V007,Q_1307,2,0,1,1,1,0,193,1,0,1,1,32.1,6974.43,159835972096,43392331776,1,0,0,0,0,1,1,4,15,15.0,Limit,0,2.193
DESKTOP-KQF03T0,Jashvanth,2026-06-30T16:30:31.596512,Q118_V007,Q_1307,3,0,1,1,1,0,193,1,0,1,1,34.6,6940.62,159844087296,43392708608,1,0,0,0,0,1,1,4,15,15.0,Limit,0,3.026
DESKTOP-KQF03T0,Jashvanth,2026-06-30T16:30:36.640875,Q118_V008,Q_1308,1,0,0,1,1,0,102,1,0,0,1,22.7,6967.95,159847310848,43393257472,1,0,0,0,0,1,1,4,15,15.0,Limit,0,4.503
DESKTOP-KQF03T0,Jashvanth,2026-06-30T16:30:41.699298,Q118_V008,Q_1308,2,0,0,1,1,0,102,1,0,0,1,39.9,6977.48,159864612352,43420450816,1,0,0,0,0,1,1,4,15,15.0,Limit,0,3.076
DESKTOP-KQF03T0,Jashvanth,2026-06-30T16:30:46.726787,Q118_V008,Q_1308,3,0,0,1,1,0,102,1,0,0,1,23.7,6993.77,159866689024,43421343744,1,0,0,0,0,1,1,4,15,15.0,Limit,0,2.047
DESKTOP-KQF03T0,Jashvanth,2026-06-30T16:30:51.762351,Q118_V009,Q_1309,1,0,1,1,1,0,169,1,0,0,1,28.6,6991.93,159867090432,43421786112,1,0,0,0,0,1,1,4,15,15.0,Limit,0,2.396
DESKTOP-KQF03T0,Jashvanth,2026-06-30T16:30:56.790323,Q118_V009,Q_1309,2,0,1,1,1,0,169,1,0,0,1,39.9,6992.28,159877246976,43422498816,1,0,0,0,0,1,1,4,15,15.0,Limit,0,6.994
DESKTOP-KQF03T0,Jashvanth,2026-06-30T16:31:01.819741,Q118_V009,Q_1309,3,0,1,1,1,0,169,1,0,0,1,49.4,6999.06,159884370944,43423014912,1,0,0,0,0,1,1,4,15,15.0,Limit,0,3.235
DESKTOP-KQF03T0,Jashvanth,2026-06-30T16:31:06.849450,Q118_V010,Q_1310,1,0,1,1,1,0,182,1,0,1,1,42.1,6983.22,159885292544,43423526912,1,0,0,0,0,1,1,4,15,15.0,Limit,0,2.452
DESKTOP-KQF03T0,Jashvanth,2026-06-30T16:31:11.895182,Q118_V010,Q_1310,2,0,1,1,1,0,182,1,0,1,1,41.1,6920.7,159886932480,43423977472,1,0,0,0,0,1,1,4,15,15.0,Limit,0,5.403
DESKTOP-KQF03T0,Jashvanth,2026-06-30T16:31:16.925403,Q118_V010,Q_1310,3,0,1,1,1,0,182,1,0,1,1,39.8,6892.99,159893345280,43425939456,1,0,0,0,0,1,1,4,15,15.0,Limit,0,3.376
DESKTOP-KQF03T0,Jashvanth,2026-06-30T16:31:21.956352,Q118_V011,Q_1311,1,0,1,1,1,0,183,1,0,1,1,36.9,6807.26,159916415488,43426881536,1,0,0,0,0,1,1,4,15,15.0,Limit,0,2.808
DESKTOP-KQF03T0,Jashvanth,2026-06-30T16:31:26.987870,Q118_V011,Q_1311,2,0,1,1,1,0,183,1,0,1,1,43.2,6740.09,160069049344,43428384768,1,0,0,0,0,1,1,4,15,15.0,Limit,0,1.807
DESKTOP-KQF03T0,Jashvanth,2026-06-30T16:31:32.019051,Q118_V011,Q_1311,3,0,1,1,1,0,183,1,0,1,1,46.7,6692.09,160084030976,43430133760,1,0,0,0,0,1,1,4,15,15.0,Limit,0,3.031
DESKTOP-KQF03T0,Jashvanth,2026-06-30T16:31:37.086338,Q119_V001,Q_1312,1,1,0,1,1,0,158,1,0,0,2,31.4,6694.64,160093608448,43431485440,2,0,1,0,0,1,1,6,50,50.0,Sort,0,35.751
DESKTOP-KQF03T0,Jashvanth,2026-06-30T16:31:42.168202,Q119_V001,Q_1312,2,1,0,1,1,0,158,1,0,0,2,35.0,6728.37,160094427648,43432353792,2,0,1,0,0,1,1,6,50,50.0,Sort,0,21.484
DESKTOP-KQF03T0,Jashvanth,2026-06-30T16:31:47.213256,Q119_V001,Q_1312,3,1,0,1,1,0,158,1,0,0,2,41.8,6761.02,160095246848,43433046016,2,0,1,0,0,1,1,6,50,50.0,Sort,0,20.659
DESKTOP-KQF03T0,Jashvanth,2026-06-30T16:31:52.262036,Q119_V002,Q_1313,1,1,0,1,1,0,175,1,0,0,2,38.4,6770.43,160100185088,43437740032,2,0,1,0,0,1,1,6,50,50.0,Sort,0,24.108
DESKTOP-KQF03T0,Jashvanth,2026-06-30T16:31:57.317955,Q119_V002,Q_1313,2,1,0,1,1,0,175,1,0,0,2,29.7,6766.84,160100828672,43438198784,2,0,1,0,0,1,1,6,50,50.0,Sort,0,27.781
DESKTOP-KQF03T0,Jashvanth,2026-06-30T16:32:02.381463,Q119_V002,Q_1313,3,1,0,1,1,0,175,1,0,0,2,29.4,6769.92,160105071616,43440791552,2,0,1,0,0,1,1,6,50,50.0,Sort,0,26.94
DESKTOP-KQF03T0,Jashvanth,2026-06-30T16:32:07.455138,Q119_V003,Q_1314,1,1,0,1,1,0,151,1,0,0,2,40.6,6717.96,160106124288,43441274880,2,0,1,0,0,1,1,6,50,50.0,Sort,0,37.522
DESKTOP-KQF03T0,Jashvanth,2026-06-30T16:32:12.511670,Q119_V003,Q_1314,2,1,0,1,1,0,151,1,0,0,2,67.5,6807.59,160161584128,43443937280,2,0,1,0,0,1,1,6,50,50.0,Sort,0,26.099
DESKTOP-KQF03T0,Jashvanth,2026-06-30T16:32:17.574615,Q119_V003,Q_1314,3,1,0,1,1,0,151,1,0,0,2,41.1,6593.1,160161641472,43482202112,2,0,1,0,0,1,1,6,50,50.0,Sort,0,32.92
DESKTOP-KQF03T0,Jashvanth,2026-06-30T16:32:22.612448,Q119_V004,Q_1315,1,1,0,1,1,0,119,1,0,0,2,50.8,6711.95,160161895424,43482910720,2,0,1,0,0,1,1,6,50,50.0,Sort,0,10.654
DESKTOP-KQF03T0,Jashvanth,2026-06-30T16:32:27.659600,Q119_V004,Q_1315,2,1,0,1,1,0,119,1,0,0,2,42.2,6813.01,160162903040,43484082176,2,0,1,0,0,1,1,6,50,50.0,Sort,0,14.079
DESKTOP-KQF03T0,Jashvanth,2026-06-30T16:32:32.752486,Q119_V004,Q_1315,3,1,0,1,1,0,119,1,0,0,2,29.2,6845.31,160163181568,43484575744,2,0,1,0,0,1,1,6,50,50.0,Sort,0,20.536
DESKTOP-KQF03T0,Jashvanth,2026-06-30T16:32:37.797570,Q119_V005,Q_1316,1,1,1,1,1,0,196,1,0,0,2,27.6,6821.11,160165381120,43485263872,2,0,1,0,0,1,1,6,50,50.0,Sort,0,16.706
DESKTOP-KQF03T0,Jashvanth,2026-06-30T16:32:42.841364,Q119_V005,Q_1316,2,1,1,1,1,0,196,1,0,0,2,28.5,6886.74,160166003712,43485689856,2,0,1,0,0,1,1,6,50,50.0,Sort,0,19.945
DESKTOP-KQF03T0,Jashvanth,2026-06-30T16:32:47.900629,Q119_V005,Q_1316,3,1,1,1,1,0,196,1,0,0,2,67.6,6678.68,160166311424,43522852864,2,0,1,0,0,1,1,6,50,50.0,Sort,0,16.196
DESKTOP-KQF03T0,Jashvanth,2026-06-30T16:32:52.971311,Q119_V006,Q_1317,1,1,1,1,1,0,196,1,0,0,2,30.9,6708.22,160166540800,43523278848,2,0,1,0,0,1,1,6,50,50.0,Sort,0,19.573
DESKTOP-KQF03T0,Jashvanth,2026-06-30T16:32:58.054175,Q119_V006,Q_1317,2,1,1,1,1,0,196,1,0,0,2,42.7,6904.46,160167298560,43524413440,2,0,1,0,0,1,1,6,50,50.0,Sort,0,21.872
DESKTOP-KQF03T0,Jashvanth,2026-06-30T16:33:03.125533,Q119_V006,Q_1317,3,1,1,1,1,0,196,1,0,0,2,35.6,6913.91,160167720448,43524782080,2,0,1,0,0,1,1,6,50,50.0,Sort,0,35.032
DESKTOP-KQF03T0,Jashvanth,2026-06-30T16:33:08.174527,Q119_V007,Q_1318,1,1,1,1,1,0,176,1,0,0,2,23.7,6934.83,160168343040,43525171200,2,0,1,0,0,1,1,6,50,40.0,Sort,0,19.307
DESKTOP-KQF03T0,Jashvanth,2026-06-30T16:33:13.220441,Q119_V007,Q_1318,2,1,1,1,1,0,176,1,0,0,2,25.6,6917.2,160168748544,43525736448,2,0,1,0,0,1,1,6,50,40.0,Sort,0,14.538
DESKTOP-KQF03T0,Jashvanth,2026-06-30T16:33:18.294442,Q119_V007,Q_1318,3,1,1,1,1,0,176,1,0,0,2,43.5,6918.4,160215660544,43526379520,2,0,1,0,0,1,1,6,50,40.0,Sort,0,34.836
DESKTOP-KQF03T0,Jashvanth,2026-06-30T16:33:23.367468,Q119_V008,Q_1319,1,1,1,1,1,0,177,1,0,0,2,64.3,6869.02,160320098304,43528767488,2,0,1,0,0,1,1,6,50,10.0,Sort,0,10.352
DESKTOP-KQF03T0,Jashvanth,2026-06-30T16:33:28.408382,Q119_V008,Q_1319,2,1,1,1,1,0,177,1,0,0,2,42.8,6888.97,160321114112,43529816064,2,0,1,0,0,1,1,6,50,10.0,Sort,0,9.454
DESKTOP-KQF03T0,Jashvanth,2026-06-30T16:33:33.465558,Q119_V008,Q_1319,3,1,1,1,1,0,177,1,0,0,2,43.9,6843.5,160321449984,43530381312,2,0,1,0,0,1,1,6,50,10.0,Sort,0,7.698
DESKTOP-KQF03T0,Jashvanth,2026-06-30T16:33:38.514679,Q119_V009,Q_1320,1,1,0,1,1,0,187,2,0,0,2,22.3,6833.95,160322442752,43531332096,2,0,1,0,0,1,1,6,50,50.0,Sort,0,18.342
DESKTOP-KQF03T0,Jashvanth,2026-06-30T16:33:43.560975,Q119_V009,Q_1320,2,1,0,1,1,0,187,2,0,0,2,25.5,6842.52,160322643456,43531819520,2,0,1,0,0,1,1,6,50,50.0,Sort,0,21.242
DESKTOP-KQF03T0,Jashvanth,2026-06-30T16:33:48.612235,Q119_V009,Q_1320,3,1,0,1,1,0,187,2,0,0,2,22.7,6867.63,160322684416,43533441536,2,0,1,0,0,1,1,6,50,50.0,Sort,0,22.084
DESKTOP-KQF03T0,Jashvanth,2026-06-30T16:33:53.661209,Q119_V010,Q_1321,1,1,1,1,1,0,182,1,0,0,2,37.0,6861.96,160322840064,43533580800,2,0,1,0,0,1,1,6,50,50.0,Sort,0,16.239
DESKTOP-KQF03T0,Jashvanth,2026-06-30T16:33:58.702244,Q119_V010,Q_1321,2,1,1,1,1,0,182,1,0,0,2,30.0,6889.54,160324394496,43534187008,2,0,1,0,0,1,1,6,50,50.0,Sort,0,14.641
DESKTOP-KQF03T0,Jashvanth,2026-06-30T16:34:03.744417,Q119_V010,Q_1321,3,1,1,1,1,0,182,1,0,0,2,30.4,6896.13,160325844480,43534510592,2,0,1,0,0,1,1,6,50,50.0,Sort,0,14.162
DESKTOP-KQF03T0,Jashvanth,2026-06-30T16:34:08.783104,Q119_V011,Q_1322,1,1,1,1,1,0,200,1,0,0,2,24.4,6925.31,160325983744,43534821888,2,0,1,0,0,1,1,6,50,50.0,Sort,0,13.699
DESKTOP-KQF03T0,Jashvanth,2026-06-30T16:34:13.833221,Q119_V011,Q_1322,2,1,1,1,1,0,200,1,0,0,2,45.8,7007.16,160348310528,43563095040,2,0,1,0,0,1,1,6,50,50.0,Sort,0,16.048
DESKTOP-KQF03T0,Jashvanth,2026-06-30T16:34:18.908475,Q119_V011,Q_1322,3,1,1,1,1,0,200,1,0,0,2,29.7,6977.04,160350221312,43564457472,2,0,1,0,0,1,1,6,50,50.0,Sort,0,21.029
DESKTOP-KQF03T0,Jashvanth,2026-06-30T16:34:23.972565,Q120_V001,Q_1323,1,4,1,0,0,0,301,0,1,1,5,52.2,6889.48,160360981504,43585798144,3,2,2,2,0,1,0,13,6,6.0,Unique,0,15.878
DESKTOP-KQF03T0,Jashvanth,2026-06-30T16:34:29.035002,Q120_V001,Q_1323,2,4,1,0,0,0,301,0,1,1,5,84.7,7193.09,160436322816,43593014272,3,2,2,2,0,1,0,13,6,6.0,Unique,0,16.568
DESKTOP-KQF03T0,Jashvanth,2026-06-30T16:34:34.075296,Q120_V001,Q_1323,3,4,1,0,0,0,301,0,1,1,5,52.1,6850.84,160440787456,43806886912,3,2,2,2,0,1,0,13,6,6.0,Unique,0,7.468
DESKTOP-KQF03T0,Jashvanth,2026-06-30T16:34:39.129929,Q120_V002,Q_1324,1,4,1,0,0,0,340,0,1,2,5,24.2,6866.62,160441278976,43807583232,3,2,2,2,0,1,0,13,4,4.0,Unique,0,8.902
DESKTOP-KQF03T0,Jashvanth,2026-06-30T16:34:44.162083,Q120_V002,Q_1324,2,4,1,0,0,0,340,0,1,2,5,37.9,6890.96,160444330496,43808898048,3,2,2,2,0,1,0,13,4,4.0,Unique,0,7.032
DESKTOP-KQF03T0,Jashvanth,2026-06-30T16:34:49.196356,Q120_V002,Q_1324,3,4,1,0,0,0,340,0,1,2,5,27.7,6921.84,160444953088,43809520640,3,2,2,2,0,1,0,13,4,4.0,Unique,0,7.483
DESKTOP-KQF03T0,Jashvanth,2026-06-30T16:34:54.253685,Q120_V003,Q_1325,1,4,1,0,0,0,340,0,1,2,5,35.9,6945.52,160446451200,43810491392,3,2,2,2,0,1,0,13,5,6.0,Unique,0,8.315
DESKTOP-KQF03T0,Jashvanth,2026-06-30T16:34:59.297959,Q120_V003,Q_1325,2,4,1,0,0,0,340,0,1,2,5,32.6,6973.3,160448392704,43810896896,3,2,2,2,0,1,0,13,5,6.0,Unique,0,12.096
DESKTOP-KQF03T0,Jashvanth,2026-06-30T16:35:04.340903,Q120_V003,Q_1325,3,4,1,0,0,0,340,0,1,2,5,31.5,6980.95,160449530880,43811261440,3,2,2,2,0,1,0,13,5,6.0,Unique,0,12.217
DESKTOP-KQF03T0,Jashvanth,2026-06-30T16:35:09.384819,Q120_V004,Q_1326,1,4,1,0,0,0,302,0,1,1,5,30.7,6784.95,160451611648,43811642368,3,2,2,2,0,1,0,13,154,125.0,Unique,0,8.81
DESKTOP-KQF03T0,Jashvanth,2026-06-30T16:35:14.434435,Q120_V004,Q_1326,2,4,1,0,0,0,302,0,1,1,5,53.0,7035.56,160455374336,43812928512,3,2,2,2,0,1,0,13,154,125.0,Unique,0,14.317
DESKTOP-KQF03T0,Jashvanth,2026-06-30T16:35:19.478403,Q120_V004,Q_1326,3,4,1,0,0,0,302,0,1,1,5,28.8,6887.26,160457542144,43815132160,3,2,2,2,0,1,0,13,154,125.0,Unique,0,7.222
DESKTOP-KQF03T0,Jashvanth,2026-06-30T16:35:24.552629,Q120_V005,Q_1327,1,4,1,0,0,0,325,1,1,1,5,28.2,6844.24,160459291648,43815967744,3,2,2,2,0,1,1,13,1,1.0,Aggregate,0,9.643
DESKTOP-KQF03T0,Jashvanth,2026-06-30T16:35:29.600456,Q120_V005,Q_1327,2,4,1,0,0,0,325,1,1,1,5,48.3,6874.6,160459758592,43817286656,3,2,2,2,0,1,1,13,1,1.0,Aggregate,0,6.685
DESKTOP-KQF03T0,Jashvanth,2026-06-30T16:35:34.639875,Q120_V005,Q_1327,3,4,1,0,0,0,325,1,1,1,5,35.2,6759.85,160469106176,43828796416,3,2,2,2,0,1,1,13,1,1.0,Aggregate,0,8.969
DESKTOP-KQF03T0,Jashvanth,2026-06-30T16:35:39.695945,Q120_V006,Q_1328,1,5,1,1,1,0,436,1,1,1,6,44.6,6755.6,160469765632,43829853184,3,3,2,3,0,2,1,16,1,5.0,Sort,0,6.587
DESKTOP-KQF03T0,Jashvanth,2026-06-30T16:35:44.753673,Q120_V006,Q_1328,2,5,1,1,1,0,436,1,1,1,6,23.2,6830.2,160477679104,43830135808,3,3,2,3,0,2,1,16,1,5.0,Sort,0,15.587
DESKTOP-KQF03T0,Jashvanth,2026-06-30T16:35:49.790086,Q120_V006,Q_1328,3,5,1,1,1,0,436,1,1,1,6,29.5,6818.2,160477785600,43830889472,3,3,2,3,0,2,1,16,1,5.0,Sort,0,5.37
DESKTOP-KQF03T0,Jashvanth,2026-06-30T16:35:54.837603,Q120_V007,Q_1329,1,4,1,1,1,0,415,1,1,1,5,24.9,6848.71,160477814272,43831770112,3,2,2,2,0,2,1,16,6,6.0,Limit,0,12.126
DESKTOP-KQF03T0,Jashvanth,2026-06-30T16:35:59.917009,Q120_V007,Q_1329,2,4,1,1,1,0,415,1,1,1,5,35.3,6829.2,160477937152,43832294400,3,2,2,2,0,2,1,16,6,6.0,Limit,0,12.356
DESKTOP-KQF03T0,Jashvanth,2026-06-30T16:36:04.959747,Q120_V007,Q_1329,3,4,1,1,1,0,415,1,1,1,5,27.5,6873.94,160500586496,43838434304,3,2,2,2,0,2,1,16,6,6.0,Limit,0,7.167
DESKTOP-KQF03T0,Jashvanth,2026-06-30T16:36:10.005003,Q120_V008,Q_1330,1,4,1,0,0,0,336,0,1,2,5,28.2,6875.32,160500783104,43838852096,2,3,1,3,0,1,0,12,1,2.0,Unique,0,12.102
DESKTOP-KQF03T0,Jashvanth,2026-06-30T16:36:15.039869,Q120_V008,Q_1330,2,4,1,0,0,0,336,0,1,2,5,20.4,6895.39,160501225984,43839196160,2,3,1,3,0,1,0,12,1,2.0,Unique,0,5.241
DESKTOP-KQF03T0,Jashvanth,2026-06-30T16:36:20.078243,Q120_V008,Q_1330,3,4,1,0,0,0,336,0,1,2,5,28.9,6954.65,160519587328,43840072704,2,3,1,3,0,1,0,12,1,2.0,Unique,0,7.335
DESKTOP-KQF03T0,Jashvanth,2026-06-30T16:36:25.125376,Q120_V009,Q_1331,1,3,1,0,0,0,221,0,1,0,4,26.9,6996.95,160525460992,43841940480,4,0,3,0,0,0,1,11,805,566.0,Aggregate,0,22.307
DESKTOP-KQF03T0,Jashvanth,2026-06-30T16:36:30.223243,Q120_V009,Q_1331,2,3,1,0,0,0,221,0,1,0,4,44.9,6998.19,160605987840,43843677184,4,0,3,0,0,0,1,11,805,566.0,Aggregate,0,21.857
DESKTOP-KQF03T0,Jashvanth,2026-06-30T16:36:35.277271,Q120_V009,Q_1331,3,3,1,0,0,0,221,0,1,0,4,50.3,6957.21,160606991360,43900341248,4,0,3,0,0,0,1,11,805,566.0,Aggregate,0,25.252
DESKTOP-KQF03T0,Jashvanth,2026-06-30T16:36:40.311232,Q120_V010,Q_1332,1,4,1,0,0,0,329,0,1,2,5,25.4,6947.63,160607331328,43900787712,3,2,2,2,0,1,0,13,5,6.0,Unique,0,8.077
DESKTOP-KQF03T0,Jashvanth,2026-06-30T16:36:45.349544,Q120_V010,Q_1332,2,4,1,0,0,0,329,0,1,2,5,52.9,6993.71,160625752064,43902561280,3,2,2,2,0,1,0,13,5,6.0,Unique,0,9.282
DESKTOP-KQF03T0,Jashvanth,2026-06-30T16:36:50.384540,Q120_V010,Q_1332,3,4,1,0,0,0,329,0,1,2,5,33.5,6986.5,160625867264,43903015936,3,2,2,2,0,1,0,13,5,6.0,Unique,0,8.051
DESKTOP-KQF03T0,Jashvanth,2026-06-30T16:36:55.425062,Q120_V011,Q_1333,1,4,1,0,0,0,330,0,1,2,5,42.0,6799.14,160626911744,43903663104,2,3,1,3,0,1,0,12,2,0.0,Unique,0,6.52
DESKTOP-KQF03T0,Jashvanth,2026-06-30T16:37:00.487524,Q120_V011,Q_1333,2,4,1,0,0,0,330,0,1,2,5,44.9,6807.51,160653533184,43905428480,2,3,1,3,0,1,0,12,2,0.0,Unique,0,13.71
DESKTOP-KQF03T0,Jashvanth,2026-06-30T16:37:05.531718,Q120_V011,Q_1333,3,4,1,0,0,0,330,0,1,2,5,31.0,6794.43,160660128768,43907034112,2,3,1,3,0,1,0,12,2,0.0,Unique,0,5.263
DESKTOP-KQF03T0,Jashvanth,2026-06-30T16:37:10.558956,Q121_V001,Q_1334,1,0,0,1,0,0,115,2,0,0,1,31.8,6802.64,160665015296,43907529728,1,0,0,0,0,0,1,2,1,1.0,Aggregate,0,1.448
DESKTOP-KQF03T0,Jashvanth,2026-06-30T16:37:15.588720,Q121_V001,Q_1334,2,0,0,1,0,0,115,2,0,0,1,28.7,6819.26,160665879552,43908336640,1,0,0,0,0,0,1,2,1,1.0,Aggregate,0,2.76
DESKTOP-KQF03T0,Jashvanth,2026-06-30T16:37:20.613921,Q121_V001,Q_1334,3,0,0,1,0,0,115,2,0,0,1,35.4,6793.17,160668969984,43911535616,1,0,0,0,0,0,1,2,1,1.0,Aggregate,0,1.454
DESKTOP-KQF03T0,Jashvanth,2026-06-30T16:37:25.644123,Q121_V002,Q_1335,1,0,0,1,1,0,139,2,0,0,1,34.3,6749.85,160669363200,43913255936,1,0,0,0,0,1,1,3,1,1.0,Sort,0,1.683
DESKTOP-KQF03T0,Jashvanth,2026-06-30T16:37:30.671675,Q121_V002,Q_1335,2,0,0,1,1,0,139,2,0,0,1,48.9,6554.72,160669719552,43913886720,1,0,0,0,0,1,1,3,1,1.0,Sort,0,2.661
DESKTOP-KQF03T0,Jashvanth,2026-06-30T16:37:35.724552,Q121_V002,Q_1335,3,0,0,1,1,0,139,2,0,0,1,54.0,6727.11,160729894912,43914718208,1,0,0,0,0,1,1,3,1,1.0,Sort,0,3.067
DESKTOP-KQF03T0,Jashvanth,2026-06-30T16:37:40.783380,Q121_V003,Q_1336,1,0,0,1,1,0,135,2,0,0,1,54.7,6669.37,160734446080,43915979776,1,0,0,0,0,1,1,3,1,1.0,Sort,0,3.529
DESKTOP-KQF03T0,Jashvanth,2026-06-30T16:37:45.812506,Q121_V003,Q_1336,2,0,0,1,1,0,135,2,0,0,1,33.0,6671.33,160736403968,43916164096,1,0,0,0,0,1,1,3,1,1.0,Sort,0,1.521
DESKTOP-KQF03T0,Jashvanth,2026-06-30T16:37:50.853800,Q121_V003,Q_1336,3,0,0,1,1,0,135,2,0,0,1,46.1,6723.76,160741830656,43916856320,1,0,0,0,0,1,1,3,1,1.0,Sort,0,5.105
DESKTOP-KQF03T0,Jashvanth,2026-06-30T16:37:55.919361,Q121_V004,Q_1337,1,0,0,1,0,0,122,2,0,0,1,29.4,6714.54,160744569856,43917552640,1,0,0,0,0,0,1,2,1,1.0,Aggregate,0,3.826
DESKTOP-KQF03T0,Jashvanth,2026-06-30T16:38:00.958435,Q121_V004,Q_1337,2,0,0,1,0,0,122,2,0,0,1,35.6,6769.32,160746159104,43919682560,1,0,0,0,0,0,1,2,1,1.0,Aggregate,0,4.491
DESKTOP-KQF03T0,Jashvanth,2026-06-30T16:38:05.990391,Q121_V004,Q_1337,3,0,0,1,0,0,122,2,0,0,1,28.8,6761.63,160747245056,43924267008,1,0,0,0,0,0,1,2,1,1.0,Aggregate,0,2.727
DESKTOP-KQF03T0,Jashvanth,2026-06-30T16:38:11.021546,Q121_V005,Q_1338,1,0,1,1,0,0,154,2,0,0,1,29.0,6612.42,160747601920,43924922368,1,0,0,0,0,0,1,2,1,1.0,Aggregate,0,1.257
DESKTOP-KQF03T0,Jashvanth,2026-06-30T16:38:16.056090,Q121_V005,Q_1338,2,0,1,1,0,0,154,2,0,0,1,39.7,6449.16,160747810816,43958788096,1,0,0,0,0,0,1,2,1,1.0,Aggregate,0,3.581
DESKTOP-KQF03T0,Jashvanth,2026-06-30T16:38:21.085337,Q121_V005,Q_1338,3,0,1,1,0,0,154,2,0,0,1,30.4,6492.8,160748015616,43959050240,1,0,0,0,0,0,1,2,1,1.0,Aggregate,0,1.255
DESKTOP-KQF03T0,Jashvanth,2026-06-30T16:38:26.123399,Q121_V006,Q_1339,1,0,1,1,0,0,154,2,0,0,1,27.5,6536.62,160748249088,43959844864,1,0,0,0,0,0,1,2,1,1.0,Aggregate,0,2.679
DESKTOP-KQF03T0,Jashvanth,2026-06-30T16:38:31.150270,Q121_V006,Q_1339,2,0,1,1,0,0,154,2,0,0,1,38.4,6703.63,160754319360,43960793088,1,0,0,0,0,0,1,2,1,1.0,Aggregate,0,2.006
DESKTOP-KQF03T0,Jashvanth,2026-06-30T16:38:36.175397,Q121_V006,Q_1339,3,0,1,1,0,0,154,2,0,0,1,30.3,6682.81,160754659328,43961083904,1,0,0,0,0,0,1,2,1,1.0,Aggregate,0,2.558
DESKTOP-KQF03T0,Jashvanth,2026-06-30T16:38:41.202923,Q121_V007,Q_1340,1,0,0,1,1,0,148,1,0,0,1,28.8,6718.75,160788834304,43961817088,1,0,0,0,0,1,1,3,5,5.0,Sort,0,2.793
DESKTOP-KQF03T0,Jashvanth,2026-06-30T16:38:46.239137,Q121_V007,Q_1340,2,0,0,1,1,0,148,1,0,0,1,43.5,6722.57,160788969472,43962103808,1,0,0,0,0,1,1,3,5,5.0,Sort,0,3.22
DESKTOP-KQF03T0,Jashvanth,2026-06-30T16:38:51.271300,Q121_V007,Q_1340,3,0,0,1,1,0,148,1,0,0,1,28.3,6734.63,160789501952,43962857472,1,0,0,0,0,1,1,3,5,5.0,Sort,0,5.574
DESKTOP-KQF03T0,Jashvanth,2026-06-30T16:38:56.311629,Q121_V008,Q_1341,1,0,1,1,0,0,118,1,0,0,1,49.5,6761.79,161322278400,45013760000,1,0,0,0,0,0,1,2,1,1.0,Aggregate,0,6.287
DESKTOP-KQF03T0,Jashvanth,2026-06-30T16:39:01.344740,Q121_V008,Q_1341,2,0,1,1,0,0,118,1,0,0,1,43.6,6751.58,162897981440,45016152064,1,0,0,0,0,0,1,2,1,1.0,Aggregate,0,3.668
DESKTOP-KQF03T0,Jashvanth,2026-06-30T16:39:06.399442,Q121_V008,Q_1341,3,0,1,1,0,0,118,1,0,0,1,34.2,6752.39,162898092032,45017659392,1,0,0,0,0,0,1,2,1,1.0,Aggregate,0,5.594
DESKTOP-KQF03T0,Jashvanth,2026-06-30T16:39:11.435314,Q121_V009,Q_1342,1,0,1,1,0,0,119,1,0,0,1,49.6,6880.71,162973384192,45028112384,1,0,0,0,0,0,1,2,1,1.0,Aggregate,0,2.398
DESKTOP-KQF03T0,Jashvanth,2026-06-30T16:39:16.465782,Q121_V009,Q_1342,2,0,1,1,0,0,119,1,0,0,1,56.3,6952.25,163056766976,45087740416,1,0,0,0,0,0,1,2,1,1.0,Aggregate,0,0.903
DESKTOP-KQF03T0,Jashvanth,2026-06-30T16:39:21.498454,Q121_V009,Q_1342,3,0,1,1,0,0,119,1,0,0,1,35.2,6970.13,163107143168,45107264512,1,0,0,0,0,0,1,2,1,1.0,Aggregate,0,1.438
DESKTOP-KQF03T0,Jashvanth,2026-06-30T16:39:26.534046,Q121_V010,Q_1343,1,0,0,1,0,0,96,0,0,0,1,40.9,6865.47,163108384256,45120338944,1,0,0,0,0,0,1,2,1,1.0,Aggregate,0,2.529
DESKTOP-KQF03T0,Jashvanth,2026-06-30T16:39:31.573043,Q121_V010,Q_1343,2,0,0,1,0,0,96,0,0,0,1,28.2,6872.86,163108490752,45122821120,1,0,0,0,0,0,1,2,1,1.0,Aggregate,0,4.575
DESKTOP-KQF03T0,Jashvanth,2026-06-30T16:39:36.696977,Q121_V010,Q_1343,3,0,0,1,0,0,96,0,0,0,1,63.6,7114.45,163113064448,45123677184,1,0,0,0,0,0,1,2,1,1.0,Aggregate,0,4.728
DESKTOP-KQF03T0,Jashvanth,2026-06-30T16:39:41.790844,Q121_V011,Q_1344,1,1,0,1,1,0,195,1,0,0,2,92.1,7124.48,163114326528,45128481792,2,0,1,0,0,1,1,6,5,5.0,Sort,0,11.506
DESKTOP-KQF03T0,Jashvanth,2026-06-30T16:39:46.872124,Q121_V011,Q_1344,2,1,0,1,1,0,195,1,0,0,2,99.9,7397.93,163119420928,45128694784,2,0,1,0,0,1,1,6,5,5.0,Sort,0,12.442
DESKTOP-KQF03T0,Jashvanth,2026-06-30T16:39:51.920083,Q121_V011,Q_1344,3,1,0,1,1,0,195,1,0,0,2,100.0,7442.29,163125083648,45129329664,2,0,1,0,0,1,1,6,5,5.0,Sort,0,10.266
DESKTOP-KQF03T0,Jashvanth,2026-06-30T16:39:56.961447,Q122_V001,Q_1345,1,0,1,0,0,0,101,0,0,0,1,64.0,7048.94,163126054400,45309946880,1,0,0,0,0,0,0,2,100,100.0,Limit,0,0.057
DESKTOP-KQF03T0,Jashvanth,2026-06-30T16:40:01.994797,Q122_V001,Q_1345,2,0,1,0,0,0,101,0,0,0,1,40.9,6970.41,163126623744,45310315520,1,0,0,0,0,0,0,2,100,100.0,Limit,0,0.056
DESKTOP-KQF03T0,Jashvanth,2026-06-30T16:40:07.050751,Q122_V001,Q_1345,3,0,1,0,0,0,101,0,0,0,1,45.9,6917.59,163127291392,45311966208,1,0,0,0,0,0,0,2,100,100.0,Limit,0,0.07
DESKTOP-KQF03T0,Jashvanth,2026-06-30T16:40:12.074342,Q122_V002,Q_1346,1,0,1,0,0,0,101,0,0,0,1,27.8,6905.57,163133746688,45314006016,1,0,0,0,0,0,0,2,100,100.0,Limit,0,0.073
DESKTOP-KQF03T0,Jashvanth,2026-06-30T16:40:17.099709,Q122_V002,Q_1346,2,0,1,0,0,0,101,0,0,0,1,26.8,6826.68,163142483456,45399309312,1,0,0,0,0,0,0,2,100,100.0,Limit,0,0.141
DESKTOP-KQF03T0,Jashvanth,2026-06-30T16:40:22.121094,Q122_V002,Q_1346,3,0,1,0,0,0,101,0,0,0,1,31.2,6833.96,163142766080,45399923712,1,0,0,0,0,0,0,2,100,100.0,Limit,0,0.097
DESKTOP-KQF03T0,Jashvanth,2026-06-30T16:40:27.145846,Q122_V003,Q_1347,1,0,1,0,0,0,100,0,0,0,1,30.9,6867.68,163144642560,45400960000,1,0,0,0,0,0,0,2,100,100.0,Limit,0,0.128
DESKTOP-KQF03T0,Jashvanth,2026-06-30T16:40:32.175058,Q122_V003,Q_1347,2,0,1,0,0,0,100,0,0,0,1,35.7,6891.0,163151241728,45402386432,1,0,0,0,0,0,0,2,100,100.0,Limit,0,0.085
DESKTOP-KQF03T0,Jashvanth,2026-06-30T16:40:37.204726,Q122_V003,Q_1347,3,0,1,0,0,0,100,0,0,0,1,42.4,6809.31,163152523776,45403058176,1,0,0,0,0,0,0,2,100,100.0,Limit,0,0.094
DESKTOP-KQF03T0,Jashvanth,2026-06-30T16:40:42.230368,Q122_V004,Q_1348,1,0,1,0,0,0,100,0,0,0,1,33.4,6748.09,163153383936,45403578368,1,0,0,0,0,0,0,2,100,100.0,Limit,0,0.26
DESKTOP-KQF03T0,Jashvanth,2026-06-30T16:40:47.261971,Q122_V004,Q_1348,2,0,1,0,0,0,100,0,0,0,1,28.4,6718.52,163153895936,45404008448,1,0,0,0,0,0,0,2,100,100.0,Limit,0,0.704
DESKTOP-KQF03T0,Jashvanth,2026-06-30T16:40:52.289820,Q122_V004,Q_1348,3,0,1,0,0,0,100,0,0,0,1,26.0,6752.06,163154141696,45404655616,1,0,0,0,0,0,0,2,100,100.0,Limit,0,0.259
DESKTOP-KQF03T0,Jashvanth,2026-06-30T16:40:57.353098,Q122_V005,Q_1349,1,0,1,0,0,0,79,1,0,0,1,38.0,6750.11,163154321920,45404991488,1,0,0,0,0,0,1,2,1,1.0,Aggregate,0,8.977
DESKTOP-KQF03T0,Jashvanth,2026-06-30T16:41:02.387022,Q122_V005,Q_1349,2,0,1,0,0,0,79,1,0,0,1,30.3,6791.66,163154649600,45405765632,1,0,0,0,0,0,1,2,1,1.0,Aggregate,0,8.732
DESKTOP-KQF03T0,Jashvanth,2026-06-30T16:41:07.428269,Q122_V005,Q_1349,3,0,1,0,0,0,79,1,0,0,1,49.3,6770.72,163156635136,45405958144,1,0,0,0,0,0,1,2,1,1.0,Aggregate,0,11.269
DESKTOP-KQF03T0,Jashvanth,2026-06-30T16:41:12.466162,Q122_V006,Q_1350,1,0,1,1,1,0,145,1,0,0,1,30.7,6757.55,163158161920,45406846976,1,0,0,0,0,1,1,3,7,7.0,Sort,0,10.175
DESKTOP-KQF03T0,Jashvanth,2026-06-30T16:41:17.514971,Q122_V006,Q_1350,2,0,1,1,1,0,145,1,0,0,1,37.4,6769.14,163158592000,45407170560,1,0,0,0,0,1,1,3,7,7.0,Sort,0,12.49
DESKTOP-KQF03T0,Jashvanth,2026-06-30T16:41:22.554584,Q122_V006,Q_1350,3,0,1,1,1,0,145,1,0,0,1,38.3,6803.52,163171671040,45408854016,1,0,0,0,0,1,1,3,7,7.0,Sort,0,7.174
DESKTOP-KQF03T0,Jashvanth,2026-06-30T16:41:27.591133,Q122_V007,Q_1351,1,0,1,0,1,0,150,0,0,0,1,28.4,6807.02,163492006400,45409464320,1,0,0,0,0,1,0,3,100,100.0,Limit,0,12.582
DESKTOP-KQF03T0,Jashvanth,2026-06-30T16:41:32.648201,Q122_V007,Q_1351,2,0,1,0,1,0,150,0,0,0,1,37.9,6966.02,163522850304,45410873344,1,0,0,0,0,1,0,3,100,100.0,Limit,0,22.25
DESKTOP-KQF03T0,Jashvanth,2026-06-30T16:41:37.697193,Q122_V007,Q_1351,3,0,1,0,1,0,150,0,0,0,1,43.4,6996.35,163547262464,45412671488,1,0,0,0,0,1,0,3,100,100.0,Limit,0,20.51
DESKTOP-KQF03T0,Jashvanth,2026-06-30T16:41:42.740797,Q122_V008,Q_1352,1,0,1,0,0,0,137,0,0,1,1,28.8,7033.25,163548978688,45413703680,1,0,0,0,0,0,0,2,100,100.0,Limit,0,0.158
DESKTOP-KQF03T0,Jashvanth,2026-06-30T16:41:47.780237,Q122_V008,Q_1352,2,0,1,0,0,0,137,0,0,1,1,43.2,6968.21,163549929984,45481009152,1,0,0,0,0,0,0,2,100,100.0,Limit,0,0.163
DESKTOP-KQF03T0,Jashvanth,2026-06-30T16:41:52.812536,Q122_V008,Q_1352,3,0,1,0,0,0,137,0,0,1,1,22.0,6967.2,163550906368,45482364928,1,0,0,0,0,0,0,2,100,100.0,Limit,0,0.076
DESKTOP-KQF03T0,Jashvanth,2026-06-30T16:41:57.837249,Q122_V009,Q_1353,1,0,1,0,0,0,137,0,0,1,1,28.4,6942.69,163551213568,45482770432,1,0,0,0,0,0,0,2,100,100.0,Limit,0,0.098
DESKTOP-KQF03T0,Jashvanth,2026-06-30T16:42:02.859763,Q122_V009,Q_1353,2,0,1,0,0,0,137,0,0,1,1,21.3,6919.65,163552386560,45483155456,1,0,0,0,0,0,0,2,100,100.0,Limit,0,0.069
DESKTOP-KQF03T0,Jashvanth,2026-06-30T16:42:07.894994,Q122_V009,Q_1353,3,0,1,0,0,0,137,0,0,1,1,57.8,6898.05,163575588352,45483573248,1,0,0,0,0,0,0,2,100,100.0,Limit,0,0.134
DESKTOP-KQF03T0,Jashvanth,2026-06-30T16:42:12.941667,Q122_V010,Q_1354,1,0,1,1,1,0,140,1,0,0,2,63.4,6946.47,163581342208,45485387776,1,0,0,0,0,1,1,3,2177,7.0,Sort,0,12.13
DESKTOP-KQF03T0,Jashvanth,2026-06-30T16:42:17.981293,Q122_V010,Q_1354,2,0,1,1,1,0,140,1,0,0,2,49.5,6766.33,163581780480,45485797376,1,0,0,0,0,1,1,3,2177,7.0,Sort,0,15.059
DESKTOP-KQF03T0,Jashvanth,2026-06-30T16:42:23.025258,Q122_V010,Q_1354,3,0,1,1,1,0,140,1,0,0,2,43.7,6918.2,163581989376,45486764032,1,0,0,0,0,1,1,3,2177,7.0,Sort,0,12.779
DESKTOP-KQF03T0,Jashvanth,2026-06-30T16:42:28.058559,Q122_V011,Q_1355,1,0,1,1,0,0,115,1,0,0,1,38.0,6933.2,163582984704,45487218688,1,0,0,0,0,0,1,2,3,3.0,Aggregate,0,8.088
DESKTOP-KQF03T0,Jashvanth,2026-06-30T16:42:33.129952,Q122_V011,Q_1355,2,0,1,1,0,0,115,1,0,0,1,54.9,6956.4,163583288832,45487982592,1,0,0,0,0,0,1,2,3,3.0,Aggregate,0,14.394
DESKTOP-KQF03T0,Jashvanth,2026-06-30T16:42:38.185097,Q122_V011,Q_1355,3,0,1,1,0,0,115,1,0,0,1,73.7,7037.66,163584534016,45488351232,1,0,0,0,0,0,1,2,3,3.0,Aggregate,0,17.846
DESKTOP-KQF03T0,Jashvanth,2026-06-30T16:42:43.266733,Q123_V001,Q_1356,1,3,0,1,4,1,566,1,0,0,6,93.1,7099.92,163586972160,45550704640,4,0,3,0,0,1,1,13,5000,30.0,WindowAgg,0,27.831
DESKTOP-KQF03T0,Jashvanth,2026-06-30T16:42:48.323276,Q123_V001,Q_1356,2,3,0,1,4,1,566,1,0,0,6,53.3,6858.84,163587627520,45588613120,4,0,3,0,0,1,1,13,5000,30.0,WindowAgg,0,17.84
DESKTOP-KQF03T0,Jashvanth,2026-06-30T16:42:53.360592,Q123_V001,Q_1356,3,3,0,1,4,1,566,1,0,0,6,30.6,6826.04,163588368896,45588936704,4,0,3,0,0,1,1,13,5000,30.0,WindowAgg,0,11.35
DESKTOP-KQF03T0,Jashvanth,2026-06-30T16:42:58.434246,Q123_V002,Q_1357,1,2,0,1,4,1,497,1,0,0,5,48.6,7038.11,163589065216,45590460416,3,0,2,0,0,1,1,10,5000,150.0,WindowAgg,0,36.598
DESKTOP-KQF03T0,Jashvanth,2026-06-30T16:43:03.512199,Q123_V002,Q_1357,2,2,0,1,4,1,497,1,0,0,5,56.7,7048.64,163589814784,45591013376,3,0,2,0,0,1,1,10,5000,150.0,WindowAgg,0,41.358
DESKTOP-KQF03T0,Jashvanth,2026-06-30T16:43:08.564593,Q123_V002,Q_1357,3,2,0,1,4,1,497,1,0,0,5,44.2,7018.13,163615861248,45671540736,3,0,2,0,0,1,1,10,5000,150.0,WindowAgg,0,22.486
DESKTOP-KQF03T0,Jashvanth,2026-06-30T16:43:13.607179,Q123_V003,Q_1358,1,1,0,1,4,1,492,1,0,0,4,34.4,7017.61,163616479744,45672015872,2,0,1,0,0,1,1,7,5000,30.0,WindowAgg,0,12.571
DESKTOP-KQF03T0,Jashvanth,2026-06-30T16:43:18.643501,Q123_V003,Q_1358,2,1,0,1,4,1,492,1,0,0,4,55.7,7018.43,163616856576,45672560640,2,0,1,0,0,1,1,7,5000,30.0,WindowAgg,0,11.364
DESKTOP-KQF03T0,Jashvanth,2026-06-30T16:43:23.688700,Q123_V003,Q_1358,3,1,0,1,4,1,492,1,0,0,4,39.1,7016.14,163617122816,45673613312,2,0,1,0,0,1,1,7,5000,30.0,WindowAgg,0,12.342
DESKTOP-KQF03T0,Jashvanth,2026-06-30T16:43:28.763004,Q123_V004,Q_1359,1,3,0,1,4,1,611,1,0,0,7,55.4,7037.02,163617552896,45674002432,4,0,3,0,0,1,1,14,5000,120.0,Incremental Sort,0,28.707
DESKTOP-KQF03T0,Jashvanth,2026-06-30T16:43:33.810687,Q123_V004,Q_1359,2,3,0,1,4,1,611,1,0,0,7,43.2,6951.08,163618720256,45674366976,4,0,3,0,0,1,1,14,5000,120.0,Incremental Sort,0,15.339
DESKTOP-KQF03T0,Jashvanth,2026-06-30T16:43:38.853589,Q123_V004,Q_1359,3,3,0,1,4,1,611,1,0,0,7,36.2,6837.46,163619551744,45675169792,4,0,3,0,0,1,1,14,5000,120.0,Incremental Sort,0,12.364
DESKTOP-KQF03T0,Jashvanth,2026-06-30T16:43:43.964868,Q123_V005,Q_1360,1,3,0,1,4,1,545,1,0,0,6,37.0,6754.95,163619731968,45676062720,4,0,3,0,0,1,1,13,20099,35.0,WindowAgg,0,70.95
DESKTOP-KQF03T0,Jashvanth,2026-06-30T16:43:49.063903,Q123_V005,Q_1360,2,3,0,1,4,1,545,1,0,0,6,30.3,6735.15,163620325888,45676304384,4,0,3,0,0,1,1,13,20099,35.0,WindowAgg,0,66.12
DESKTOP-KQF03T0,Jashvanth,2026-06-30T16:43:54.158150,Q123_V005,Q_1360,3,3,0,1,4,1,545,1,0,0,6,27.3,6774.67,163622291968,45677553664,4,0,3,0,0,1,1,13,20099,35.0,WindowAgg,0,69.893
DESKTOP-KQF03T0,Jashvanth,2026-06-30T16:43:59.243266,Q123_V006,Q_1361,1,3,0,1,4,1,551,1,1,0,6,30.4,6757.61,163622357504,45677926400,4,0,3,0,0,1,1,13,5000,30.0,WindowAgg,0,30.539
DESKTOP-KQF03T0,Jashvanth,2026-06-30T16:44:04.295036,Q123_V006,Q_1361,2,3,0,1,4,1,551,1,1,0,6,19.2,6774.7,163623127552,45678213120,4,0,3,0,0,1,1,13,5000,30.0,WindowAgg,0,19.326
DESKTOP-KQF03T0,Jashvanth,2026-06-30T16:44:09.370298,Q123_V006,Q_1361,3,3,0,1,4,1,551,1,1,0,6,23.8,6810.57,163623324160,45679654912,4,0,3,0,0,1,1,13,5000,30.0,WindowAgg,0,40.541
DESKTOP-KQF03T0,Jashvanth,2026-06-30T16:44:14.429789,Q123_V007,Q_1362,1,3,0,1,2,1,431,2,0,1,6,34.7,6805.85,163636656640,45695829504,4,0,3,0,0,1,1,13,5000,30.0,WindowAgg,0,26.159
DESKTOP-KQF03T0,Jashvanth,2026-06-30T16:44:19.481098,Q123_V007,Q_1362,2,3,0,1,2,1,431,2,0,1,6,28.9,6813.17,163637979648,45696787456,4,0,3,0,0,1,1,13,5000,30.0,WindowAgg,0,14.76
DESKTOP-KQF03T0,Jashvanth,2026-06-30T16:44:24.554891,Q123_V007,Q_1362,3,3,0,1,2,1,431,2,0,1,6,44.5,6810.01,163638082048,45697217536,4,0,3,0,0,1,1,13,5000,30.0,WindowAgg,0,28.146
DESKTOP-KQF03T0,Jashvanth,2026-06-30T16:44:29.618880,Q123_V008,Q_1363,1,3,0,1,2,1,465,2,0,0,6,53.1,6834.6,163638528512,45697549312,4,0,3,0,0,1,1,16,5000,30.0,Incremental Sort,0,24.799
DESKTOP-KQF03T0,Jashvanth,2026-06-30T16:44:34.655937,Q123_V008,Q_1363,2,3,0,1,2,1,465,2,0,0,6,31.9,6831.32,163638688256,45699040256,4,0,3,0,0,1,1,16,5000,30.0,Incremental Sort,0,7.014
DESKTOP-KQF03T0,Jashvanth,2026-06-30T16:44:39.705430,Q123_V008,Q_1363,3,3,0,1,2,1,465,2,0,0,6,28.4,6799.0,163638794752,45699666944,4,0,3,0,0,1,1,16,5000,30.0,Incremental Sort,0,16.336
DESKTOP-KQF03T0,Jashvanth,2026-06-30T16:44:44.749564,Q123_V009,Q_1364,1,3,0,1,4,1,601,1,0,0,6,21.5,6801.33,163638839808,45700088832,4,0,3,0,0,1,1,13,5000,30.0,WindowAgg,0,15.874
DESKTOP-KQF03T0,Jashvanth,2026-06-30T16:44:49.792011,Q123_V009,Q_1364,2,3,0,1,4,1,601,1,0,0,6,29.0,6760.31,163638954496,45700400128,4,0,3,0,0,1,1,13,5000,30.0,WindowAgg,0,14.818
DESKTOP-KQF03T0,Jashvanth,2026-06-30T16:44:54.870861,Q123_V009,Q_1364,3,3,0,1,4,1,601,1,0,0,6,30.6,6803.09,163639265792,45700670464,4,0,3,0,0,1,1,13,5000,30.0,WindowAgg,0,18.162
DESKTOP-KQF03T0,Jashvanth,2026-06-30T16:44:59.918473,Q123_V010,Q_1365,1,3,0,1,3,1,503,1,0,0,6,39.3,6772.7,163639728640,45701149696,4,0,3,0,0,1,1,13,5000,30.0,WindowAgg,0,11.271
DESKTOP-KQF03T0,Jashvanth,2026-06-30T16:45:04.967390,Q123_V010,Q_1365,2,3,0,1,3,1,503,1,0,0,6,23.1,6802.36,163640203776,45701456896,4,0,3,0,0,1,1,13,5000,30.0,WindowAgg,0,16.159
DESKTOP-KQF03T0,Jashvanth,2026-06-30T16:45:10.021865,Q123_V010,Q_1365,3,3,0,1,3,1,503,1,0,0,6,30.6,6795.3,163640740352,45701874688,4,0,3,0,0,1,1,13,5000,30.0,WindowAgg,0,18.328
DESKTOP-KQF03T0,Jashvanth,2026-06-30T16:45:15.113277,Q123_V011,Q_1366,1,3,0,1,4,1,612,1,0,0,6,35.4,6789.5,163641694720,45702677504,4,0,3,0,0,1,1,13,20099,35.0,WindowAgg,0,63.726
DESKTOP-KQF03T0,Jashvanth,2026-06-30T16:45:20.223212,Q123_V011,Q_1366,2,3,0,1,4,1,612,1,0,0,6,28.7,6780.19,163641899520,45703087104,4,0,3,0,0,1,1,13,20099,35.0,WindowAgg,0,72.088
DESKTOP-KQF03T0,Jashvanth,2026-06-30T16:45:25.312976,Q123_V011,Q_1366,3,3,0,1,4,1,612,1,0,0,6,24.9,6833.29,163651133440,45703398400,4,0,3,0,0,1,1,13,20099,35.0,WindowAgg,0,62.777
DESKTOP-KQF03T0,Jashvanth,2026-06-30T16:45:30.352885,Q124_V001,Q_1367,1,2,0,1,2,1,443,2,0,0,4,62.9,6868.52,163651764224,45703836672,3,0,2,0,0,1,1,12,100,100.0,Limit,0,6.8
DESKTOP-KQF03T0,Jashvanth,2026-06-30T16:45:35.425627,Q124_V001,Q_1367,2,2,0,1,2,1,443,2,0,0,4,55.4,6880.99,163651883008,45704479744,3,0,2,0,0,1,1,12,100,100.0,Limit,0,19.384
DESKTOP-KQF03T0,Jashvanth,2026-06-30T16:45:40.478722,Q124_V001,Q_1367,3,2,0,1,2,1,443,2,0,0,4,36.8,6859.87,163652182016,45706040320,3,0,2,0,0,1,1,12,100,100.0,Limit,0,9.632
DESKTOP-KQF03T0,Jashvanth,2026-06-30T16:45:45.524539,Q124_V002,Q_1368,1,2,0,1,2,1,480,2,0,0,4,24.4,6861.77,163652239360,45706507264,3,0,2,0,0,1,1,12,100,100.0,Limit,0,8.773
DESKTOP-KQF03T0,Jashvanth,2026-06-30T16:45:50.562155,Q124_V002,Q_1368,2,2,0,1,2,1,480,2,0,0,4,27.3,6871.54,163652386816,45706912768,3,0,2,0,0,1,1,12,100,100.0,Limit,0,8.013
DESKTOP-KQF03T0,Jashvanth,2026-06-30T16:45:55.615941,Q124_V002,Q_1368,3,2,0,1,2,1,480,2,0,0,4,26.7,6951.26,163652739072,45707273216,3,0,2,0,0,1,1,12,100,100.0,Limit,0,18.106
DESKTOP-KQF03T0,Jashvanth,2026-06-30T16:46:00.656427,Q124_V003,Q_1369,1,2,0,1,2,1,482,2,0,0,4,33.4,6968.44,163653286400,45707699200,3,0,2,0,0,1,1,12,100,100.0,Limit,0,7.55
DESKTOP-KQF03T0,Jashvanth,2026-06-30T16:46:05.684975,Q124_V003,Q_1369,2,2,0,1,2,1,482,2,0,0,4,31.1,6863.54,163660728832,45720654848,3,0,2,0,0,1,1,12,100,100.0,Limit,0,5.64
DESKTOP-KQF03T0,Jashvanth,2026-06-30T16:46:10.720794,Q124_V003,Q_1369,3,2,0,1,2,1,482,2,0,0,4,37.8,6877.97,163660904960,45721383936,3,0,2,0,0,1,1,12,100,100.0,Limit,0,8.889
DESKTOP-KQF03T0,Jashvanth,2026-06-30T16:46:15.760457,Q124_V004,Q_1370,1,3,0,1,2,1,455,1,0,0,5,25.8,6881.5,163661289984,45721760768,4,0,3,0,0,2,1,15,100,100.0,Limit,0,11.334
DESKTOP-KQF03T0,Jashvanth,2026-06-30T16:46:20.796190,Q124_V004,Q_1370,2,3,0,1,2,1,455,1,0,0,5,34.8,6881.54,163662617088,45722526720,4,0,3,0,0,2,1,15,100,100.0,Limit,0,11.356
DESKTOP-KQF03T0,Jashvanth,2026-06-30T16:46:25.832584,Q124_V004,Q_1370,3,3,0,1,2,1,455,1,0,0,5,23.9,6890.46,163662815744,45722874880,4,0,3,0,0,2,1,15,100,100.0,Limit,0,8.132
DESKTOP-KQF03T0,Jashvanth,2026-06-30T16:46:30.874500,Q124_V005,Q_1371,1,2,0,1,2,1,455,1,0,0,4,31.8,6889.1,163667662336,45723339776,3,0,2,0,0,1,1,12,100,100.0,Limit,0,13.484
DESKTOP-KQF03T0,Jashvanth,2026-06-30T16:46:35.926070,Q124_V005,Q_1371,2,2,0,1,2,1,455,1,0,0,4,51.0,6893.95,163739978240,45725010944,3,0,2,0,0,1,1,12,100,100.0,Limit,0,26.349
DESKTOP-KQF03T0,Jashvanth,2026-06-30T16:46:40.990463,Q124_V005,Q_1371,3,2,0,1,2,1,455,1,0,0,4,53.4,6847.95,163740359168,45727816704,3,0,2,0,0,1,1,12,100,100.0,Limit,0,14.32
DESKTOP-KQF03T0,Jashvanth,2026-06-30T16:46:46.029403,Q124_V006,Q_1372,1,2,1,1,2,2,465,1,0,0,5,40.5,6916.25,163740477952,45729319936,3,0,2,0,0,2,1,12,1700,125.0,Sort,0,9.403
DESKTOP-KQF03T0,Jashvanth,2026-06-30T16:46:51.069968,Q124_V006,Q_1372,2,2,1,1,2,2,465,1,0,0,5,32.9,6927.15,163740641792,45730929664,3,0,2,0,0,2,1,12,1700,125.0,Sort,0,10.115
DESKTOP-KQF03T0,Jashvanth,2026-06-30T16:46:56.104698,Q124_V006,Q_1372,3,2,1,1,2,2,465,1,0,0,5,29.3,6942.79,163740838400,45731511296,3,0,2,0,0,2,1,12,1700,125.0,Sort,0,10.471
DESKTOP-KQF03T0,Jashvanth,2026-06-30T16:47:01.172420,Q124_V007,Q_1373,1,2,0,2,1,1,463,5,0,0,4,30.2,6980.36,163741923840,45731924992,3,0,2,0,0,1,2,10,170,25.0,Sort,0,7.024
DESKTOP-KQF03T0,Jashvanth,2026-06-30T16:47:06.212038,Q124_V007,Q_1373,2,2,0,2,1,1,463,5,0,0,4,28.6,6925.28,163742429184,45732494848,3,0,2,0,0,1,2,10,170,25.0,Sort,0,6.476
DESKTOP-KQF03T0,Jashvanth,2026-06-30T16:47:11.249795,Q124_V007,Q_1373,3,2,0,2,1,1,463,5,0,0,4,22.3,6931.77,163743337472,45732625920,3,0,2,0,0,1,2,10,170,25.0,Sort,0,12.208
DESKTOP-KQF03T0,Jashvanth,2026-06-30T16:54:33.594578,Q124_V008,Q_1374,1,2,0,1,2,1,450,1,0,0,4,99.2,7570.96,165003883008,46345797632,3,0,2,0,0,1,1,12,100,100.0,Limit,0,37.758
DESKTOP-KQF03T0,Jashvanth,2026-06-30T16:54:38.668935,Q124_V008,Q_1374,2,2,0,1,2,1,450,1,0,0,4,99.9,7495.62,165055306752,46346895360,3,0,2,0,0,1,1,12,100,100.0,Limit,0,18.291
DESKTOP-KQF03T0,Jashvanth,2026-06-30T16:54:43.727882,Q124_V008,Q_1374,3,2,0,1,2,1,450,1,0,0,4,95.7,7341.19,165100319232,46400618496,3,0,2,0,0,1,1,12,100,100.0,Limit,0,17.36
DESKTOP-KQF03T0,Jashvanth,2026-06-30T16:54:48.864528,Q124_V009,Q_1375,1,2,0,1,2,1,421,1,0,0,4,90.4,7203.85,165115789824,46447415296,3,0,2,0,0,1,1,12,100,100.0,Limit,0,16.313
DESKTOP-KQF03T0,Jashvanth,2026-06-30T16:54:53.921619,Q124_V009,Q_1375,2,2,0,1,2,1,421,1,0,0,4,96.5,7298.14,165118889984,46447542272,3,0,2,0,0,1,1,12,100,100.0,Limit,0,18.1
DESKTOP-KQF03T0,Jashvanth,2026-06-30T16:54:58.969566,Q124_V009,Q_1375,3,2,0,1,2,1,421,1,0,0,4,76.9,7253.3,165121180672,46448164864,3,0,2,0,0,1,1,12,100,100.0,Limit,0,15.67
DESKTOP-KQF03T0,Jashvanth,2026-06-30T16:55:04.031126,Q124_V010,Q_1376,1,2,0,1,1,1,536,3,0,0,4,72.0,7210.88,165122442240,46448312320,3,0,2,0,0,1,1,12,100,100.0,Limit,0,17.876
DESKTOP-KQF03T0,Jashvanth,2026-06-30T16:55:09.118156,Q124_V010,Q_1376,2,2,0,1,1,1,536,3,0,0,4,75.1,7142.88,165129774080,46449197056,3,0,2,0,0,1,1,12,100,100.0,Limit,0,17.653
DESKTOP-KQF03T0,Jashvanth,2026-06-30T16:55:14.174247,Q124_V010,Q_1376,3,2,0,1,1,1,536,3,0,0,4,100.0,7356.2,165132312576,46449774592,3,0,2,0,0,1,1,12,100,100.0,Limit,0,15.878
DESKTOP-KQF03T0,Jashvanth,2026-06-30T16:55:19.212137,Q124_V011,Q_1377,1,4,1,3,1,2,592,4,0,0,7,69.7,7368.99,165134105088,46450958336,4,0,4,0,0,1,3,19,170,5.0,Sort,0,7.257
DESKTOP-KQF03T0,Jashvanth,2026-06-30T16:55:24.272654,Q124_V011,Q_1377,2,4,1,3,1,2,592,4,0,0,7,58.8,7337.2,165158536704,46458880000,4,0,4,0,0,1,3,19,170,5.0,Sort,0,22.329
DESKTOP-KQF03T0,Jashvanth,2026-06-30T16:55:29.332159,Q124_V011,Q_1377,3,4,1,3,1,2,592,4,0,0,7,63.3,7461.23,165237774336,46473527296,4,0,4,0,0,1,3,19,170,5.0,Sort,0,7.015
DESKTOP-KQF03T0,Jashvanth,2026-06-30T16:55:34.425515,Q125_V001,Q_1378,1,1,0,1,2,0,390,3,0,1,2,53.7,7321.56,165259372544,46475329536,1,1,0,1,0,0,1,8,200,200.0,Limit,0,50.75
DESKTOP-KQF03T0,Jashvanth,2026-06-30T16:55:39.515275,Q125_V001,Q_1378,2,1,0,1,2,0,390,3,0,1,2,45.1,7260.84,165260392448,46476017664,1,1,0,1,0,0,1,8,200,200.0,Limit,0,51.518
DESKTOP-KQF03T0,Jashvanth,2026-06-30T16:55:44.586481,Q125_V001,Q_1378,3,1,0,1,2,0,390,3,0,1,2,48.8,7270.37,165262522368,46476763136,1,1,0,1,0,0,1,8,200,200.0,Limit,0,32.252
DESKTOP-KQF03T0,Jashvanth,2026-06-30T16:55:49.678125,Q125_V002,Q_1379,1,1,0,1,2,0,489,3,0,1,6,50.1,7303.86,165264061440,46477332480,1,1,0,1,0,0,1,8,200,200.0,Limit,0,53.379
DESKTOP-KQF03T0,Jashvanth,2026-06-30T16:55:54.827529,Q125_V002,Q_1379,2,1,0,1,2,0,489,3,0,1,6,50.2,7330.86,165264794624,46478655488,1,1,0,1,0,0,1,8,200,200.0,Limit,0,67.3
DESKTOP-KQF03T0,Jashvanth,2026-06-30T16:55:59.923825,Q125_V002,Q_1379,3,1,0,1,2,0,489,3,0,1,6,59.2,7401.32,165365976064,46479376384,1,1,0,1,0,0,1,8,200,200.0,Limit,0,59.756
DESKTOP-KQF03T0,Jashvanth,2026-06-30T16:56:05.017318,Q125_V003,Q_1380,1,1,0,1,2,0,384,3,0,1,2,77.1,7433.8,165747911168,46481059840,1,1,0,1,0,0,1,8,200,200.0,Limit,0,51.697
DESKTOP-KQF03T0,Jashvanth,2026-06-30T16:56:10.118970,Q125_V003,Q_1380,2,1,0,1,2,0,384,3,0,1,2,63.1,7399.47,166218845696,46502014976,1,1,0,1,0,0,1,8,200,200.0,Limit,0,60.421
DESKTOP-KQF03T0,Jashvanth,2026-06-30T16:56:15.200785,Q125_V003,Q_1380,3,1,0,1,2,0,384,3,0,1,2,66.2,7450.09,166723728896,46503055360,1,1,0,1,0,0,1,8,200,200.0,Limit,0,46.566
DESKTOP-KQF03T0,Jashvanth,2026-06-30T16:56:20.263142,Q125_V004,Q_1381,1,1,0,1,2,0,338,3,0,1,2,73.2,7472.76,167049788928,46516518912,1,1,0,1,0,0,1,8,200,200.0,Limit,0,32.499
DESKTOP-KQF03T0,Jashvanth,2026-06-30T16:56:25.355397,Q125_V004,Q_1381,2,1,0,1,2,0,338,3,0,1,2,70.5,7478.61,167535618560,46518210560,1,1,0,1,0,0,1,8,200,200.0,Limit,0,49.541
DESKTOP-KQF03T0,Jashvanth,2026-06-30T16:56:30.448282,Q125_V004,Q_1381,3,1,0,1,2,0,338,3,0,1,2,72.4,7464.3,167932042752,46518916096,1,1,0,1,0,0,1,8,200,200.0,Limit,0,48.898
DESKTOP-KQF03T0,Jashvanth,2026-06-30T16:56:35.530097,Q125_V005,Q_1382,1,1,0,1,3,0,498,4,0,0,2,81.2,7428.17,168090021888,46520464384,1,1,0,1,0,0,1,8,200,200.0,Limit,0,45.199
DESKTOP-KQF03T0,Jashvanth,2026-06-30T16:56:40.625353,Q125_V005,Q_1382,2,1,0,1,3,0,498,4,0,0,2,58.2,7397.41,168195805696,46521181184,1,1,0,1,0,0,1,8,200,200.0,Limit,0,57.168
DESKTOP-KQF03T0,Jashvanth,2026-06-30T16:56:45.684065,Q125_V005,Q_1382,3,1,0,1,3,0,498,4,0,0,2,53.8,7348.31,168206277120,46534435840,1,1,0,1,0,0,1,8,200,200.0,Limit,0,29.858
DESKTOP-KQF03T0,Jashvanth,2026-06-30T16:56:50.743985,Q125_V006,Q_1383,1,1,0,1,2,0,373,3,2,1,2,55.6,7392.18,168230282752,46535787520,1,1,0,1,0,0,1,8,200,200.0,Limit,0,27.381
DESKTOP-KQF03T0,Jashvanth,2026-06-30T16:56:55.805579,Q125_V006,Q_1383,2,1,0,1,2,0,373,3,2,1,2,51.2,7415.7,168261621760,46536672256,1,1,0,1,0,0,1,8,200,200.0,Limit,0,27.074
DESKTOP-KQF03T0,Jashvanth,2026-06-30T16:57:00.975723,Q125_V006,Q_1383,3,1,0,1,2,0,373,3,2,1,2,62.2,7570.87,168588378112,46544212992,1,1,0,1,0,0,1,8,200,200.0,Limit,0,115.159
DESKTOP-KQF03T0,Jashvanth,2026-06-30T16:57:06.034310,Q125_V007,Q_1384,1,1,0,1,2,0,328,2,0,0,2,97.4,7540.25,169043249664,46663087104,0,2,0,1,0,0,1,10,200,200.0,Limit,0,5.581
DESKTOP-KQF03T0,Jashvanth,2026-06-30T16:57:11.095371,Q125_V007,Q_1384,2,1,0,1,2,0,328,2,0,0,2,88.4,7550.11,169151925248,46687982592,0,2,0,1,0,0,1,10,200,200.0,Limit,0,2.55
DESKTOP-KQF03T0,Jashvanth,2026-06-30T16:57:16.192758,Q125_V007,Q_1384,3,1,0,1,2,0,328,2,0,0,2,81.3,7420.65,169332468224,46690108928,0,2,0,1,0,0,1,10,200,200.0,Limit,0,3.366
DESKTOP-KQF03T0,Jashvanth,2026-06-30T16:57:21.402820,Q125_V008,Q_1385,1,1,0,1,2,0,341,3,0,1,2,75.4,7402.35,169352618496,46691599872,1,1,0,1,0,0,1,8,200,200.0,Limit,0,84.602
DESKTOP-KQF03T0,Jashvanth,2026-06-30T16:57:26.533979,Q125_V008,Q_1385,2,1,0,1,2,0,341,3,0,1,2,70.8,7449.5,169371743232,46692627968,1,1,0,1,0,0,1,8,200,200.0,Limit,0,33.305
DESKTOP-KQF03T0,Jashvanth,2026-06-30T16:57:31.704166,Q125_V008,Q_1385,3,1,0,1,2,0,341,3,0,1,2,75.8,7445.51,169376871424,46693373440,1,1,0,1,0,0,1,8,200,200.0,Limit,0,71.623
DESKTOP-KQF03T0,Jashvanth,2026-06-30T16:57:36.825483,Q125_V009,Q_1386,1,2,0,1,2,0,392,3,0,1,3,85.7,7470.84,169422271488,46707967488,3,0,2,0,0,1,1,11,200,200.0,Limit,0,82.78
DESKTOP-KQF03T0,Jashvanth,2026-06-30T16:57:41.987388,Q125_V009,Q_1386,2,2,0,1,2,0,392,3,0,1,3,83.3,7356.27,169449779200,46742058496,3,0,2,0,0,1,1,11,200,200.0,Limit,0,125.541
DESKTOP-KQF03T0,Jashvanth,2026-06-30T16:57:47.192500,Q125_V009,Q_1386,3,2,0,1,2,0,392,3,0,1,3,69.4,7292.09,169452020736,46806169088,3,0,2,0,0,1,1,11,200,200.0,Limit,0,160.986
DESKTOP-KQF03T0,Jashvanth,2026-06-30T16:57:52.377050,Q125_V010,Q_1387,1,1,0,1,2,0,498,3,0,1,6,71.3,7286.73,169452735488,46806566400,1,1,0,1,0,0,1,8,200,200.0,Limit,0,122.518
DESKTOP-KQF03T0,Jashvanth,2026-06-30T16:57:57.638796,Q125_V010,Q_1387,2,1,0,1,2,0,498,3,0,1,6,70.4,7317.61,169455347712,46808540672,1,1,0,1,0,0,1,8,200,200.0,Limit,0,142.291
DESKTOP-KQF03T0,Jashvanth,2026-06-30T16:58:02.949225,Q125_V010,Q_1387,3,1,0,1,2,0,498,3,0,1,6,71.9,7327.99,169456658432,46808995328,1,1,0,1,0,0,1,8,200,200.0,Limit,0,173.512
DESKTOP-KQF03T0,Jashvanth,2026-06-30T16:58:08.151884,Q125_V011,Q_1388,1,1,0,1,2,0,393,3,0,1,2,69.0,7346.56,169457588224,46809376256,1,1,0,1,0,0,1,8,200,200.0,Limit,0,118.505
DESKTOP-KQF03T0,Jashvanth,2026-06-30T16:58:13.247845,Q125_V011,Q_1388,2,1,0,1,2,0,393,3,0,1,2,84.8,6973.12,169515059712,46847985152,1,1,0,1,0,0,1,8,200,200.0,Limit,0,54.767
DESKTOP-KQF03T0,Jashvanth,2026-06-30T16:58:18.507003,Q125_V011,Q_1388,3,1,0,1,2,0,393,3,0,1,2,64.9,6953.14,169516816896,46942598656,1,1,0,1,0,0,1,8,200,200.0,Limit,0,171.837
DESKTOP-KQF03T0,Jashvanth,2026-06-30T16:58:23.720634,Q126_V001,Q_1389,1,1,1,1,2,2,388,1,0,0,4,64.8,6978.2,169599810048,47038875136,2,0,1,0,0,1,1,9,1000,75.0,Incremental Sort,0,81.245
DESKTOP-KQF03T0,Jashvanth,2026-06-30T16:58:28.839584,Q126_V001,Q_1389,2,1,1,1,2,2,388,1,0,0,4,57.3,7025.73,169601383936,47039135232,2,0,1,0,0,1,1,9,1000,75.0,Incremental Sort,0,56.916
DESKTOP-KQF03T0,Jashvanth,2026-06-30T16:58:33.949365,Q126_V001,Q_1389,3,1,1,1,2,2,388,1,0,0,4,75.2,7117.56,169623314944,47039690240,2,0,1,0,0,1,1,9,1000,75.0,Incremental Sort,0,60.923
DESKTOP-KQF03T0,Jashvanth,2026-06-30T16:58:39.044614,Q126_V002,Q_1390,1,1,1,1,2,2,387,1,0,0,4,72.2,7147.68,169630576640,47040734720,2,0,1,0,0,1,1,9,1000,75.0,Incremental Sort,0,54.203
DESKTOP-KQF03T0,Jashvanth,2026-06-30T16:58:44.190675,Q126_V002,Q_1390,2,1,1,1,2,2,387,1,0,0,4,78.0,7372.45,169632436224,47041644032,2,0,1,0,0,1,1,9,1000,75.0,Incremental Sort,0,36.244
DESKTOP-KQF03T0,Jashvanth,2026-06-30T16:58:49.323656,Q126_V002,Q_1390,3,1,1,1,2,2,387,1,0,0,4,71.6,7345.49,169633714176,47042319872,2,0,1,0,0,1,1,9,1000,75.0,Incremental Sort,0,87.833
DESKTOP-KQF03T0,Jashvanth,2026-06-30T16:58:54.526525,Q126_V003,Q_1391,1,1,1,1,2,2,389,1,0,0,4,75.2,7359.95,169653616640,47042729472,2,0,1,0,0,1,1,8,1000,75.0,Incremental Sort,0,78.679
DESKTOP-KQF03T0,Jashvanth,2026-06-30T16:58:59.712857,Q126_V003,Q_1391,2,1,1,1,2,2,389,1,0,0,4,73.0,7322.11,169654833152,47043175936,2,0,1,0,0,1,1,8,1000,75.0,Incremental Sort,0,67.04
DESKTOP-KQF03T0,Jashvanth,2026-06-30T16:59:04.894542,Q126_V003,Q_1391,3,1,1,1,2,2,389,1,0,0,4,77.0,7087.59,169661232640,47043487232,2,0,1,0,0,1,1,8,1000,75.0,Incremental Sort,0,95.108
DESKTOP-KQF03T0,Jashvanth,2026-06-30T16:59:10.067502,Q126_V004,Q_1392,1,1,1,1,2,2,389,1,0,0,4,83.6,7181.91,169714637312,47070991872,2,0,1,0,0,1,1,8,1000,225.0,Incremental Sort,0,101.039
DESKTOP-KQF03T0,Jashvanth,2026-06-30T16:59:15.183360,Q126_V004,Q_1392,2,1,1,1,2,2,389,1,0,0,4,98.7,7234.32,169726448640,47071733248,2,0,1,0,0,1,1,8,1000,225.0,Incremental Sort,0,61.275
DESKTOP-KQF03T0,Jashvanth,2026-06-30T16:59:20.305756,Q126_V004,Q_1392,3,1,1,1,2,2,389,1,0,0,4,100.0,7496.05,169735526400,47072081408,2,0,1,0,0,1,1,8,1000,225.0,Incremental Sort,0,73.826
DESKTOP-KQF03T0,Jashvanth,2026-06-30T16:59:25.396271,Q126_V005,Q_1393,1,1,1,1,2,2,389,1,0,0,4,100.0,7506.7,169750336000,47073072640,2,0,1,0,0,1,1,8,1000,25.0,Incremental Sort,0,50.001
DESKTOP-KQF03T0,Jashvanth,2026-06-30T16:59:30.500244,Q126_V005,Q_1393,2,1,1,1,2,2,389,1,0,0,4,100.0,7502.94,169772306432,47073515008,2,0,1,0,0,1,1,8,1000,25.0,Incremental Sort,0,56.958
DESKTOP-KQF03T0,Jashvanth,2026-06-30T16:59:35.688374,Q126_V005,Q_1393,3,1,1,1,2,2,389,1,0,0,4,100.0,7453.68,169797049344,47074755072,2,0,1,0,0,1,1,8,1000,25.0,Incremental Sort,0,137.197
DESKTOP-KQF03T0,Jashvanth,2026-06-30T16:59:40.782011,Q126_V006,Q_1394,1,1,1,1,2,2,391,1,0,0,4,97.7,7401.2,169812113920,47077478912,2,0,1,0,0,1,1,8,1000,1000.0,Incremental Sort,0,49.967
DESKTOP-KQF03T0,Jashvanth,2026-06-30T16:59:46.051374,Q126_V006,Q_1394,2,1,1,1,2,2,391,1,0,0,4,81.3,7260.02,169817029120,47118053888,2,0,1,0,0,1,1,8,1000,1000.0,Incremental Sort,0,171.691
DESKTOP-KQF03T0,Jashvanth,2026-06-30T16:59:51.275805,Q126_V006,Q_1394,3,1,1,1,2,2,391,1,0,0,4,74.6,7262.83,169823739904,47118475776,2,0,1,0,0,1,1,8,1000,1000.0,Incremental Sort,0,99.66
DESKTOP-KQF03T0,Jashvanth,2026-06-30T16:59:56.417428,Q126_V007,Q_1395,1,1,1,1,2,2,390,1,0,0,4,73.7,7296.14,169850820608,47145976320,2,0,1,0,0,1,1,9,333,775.0,Incremental Sort,0,59.069
DESKTOP-KQF03T0,Jashvanth,2026-06-30T17:00:01.595730,Q126_V007,Q_1395,2,1,1,1,2,2,390,1,0,0,4,69.5,7257.75,169853786112,47148605952,2,0,1,0,0,1,1,9,333,775.0,Incremental Sort,0,106.019
DESKTOP-KQF03T0,Jashvanth,2026-06-30T17:00:06.663461,Q126_V007,Q_1395,3,1,1,1,2,2,390,1,0,0,4,66.1,7277.81,169854236672,47150068224,2,0,1,0,0,1,1,9,333,775.0,Incremental Sort,0,23.1
DESKTOP-KQF03T0,Jashvanth,2026-06-30T17:00:11.847418,Q126_V008,Q_1396,1,1,1,1,2,2,391,1,0,0,4,82.8,7455.68,169936099840,47151026688,2,0,1,0,0,1,1,9,333,0.0,Incremental Sort,0,102.357
DESKTOP-KQF03T0,Jashvanth,2026-06-30T17:00:17.030679,Q126_V008,Q_1396,2,1,1,1,2,2,391,1,0,0,4,100.0,7491.63,169943968768,47151190528,2,0,1,0,0,1,1,9,333,0.0,Incremental Sort,0,132.464
DESKTOP-KQF03T0,Jashvanth,2026-06-30T17:00:22.119015,Q126_V008,Q_1396,3,1,1,1,2,2,391,1,0,0,4,100.0,7558.93,169955618816,47151854080,2,0,1,0,0,1,1,9,333,0.0,Incremental Sort,0,49.237
DESKTOP-KQF03T0,Jashvanth,2026-06-30T17:00:27.308378,Q126_V009,Q_1397,1,1,1,1,2,2,390,1,0,0,4,85.0,7392.61,170038419456,47207121408,2,0,1,0,0,1,1,9,333,4.0,Incremental Sort,0,68.329
DESKTOP-KQF03T0,Jashvanth,2026-06-30T17:00:32.469297,Q126_V009,Q_1397,2,1,1,1,2,2,390,1,0,0,4,73.4,7294.76,170039990784,47207401984,2,0,1,0,0,1,1,9,333,4.0,Incremental Sort,0,59.54
DESKTOP-KQF03T0,Jashvanth,2026-06-30T17:00:37.619593,Q126_V009,Q_1397,3,1,1,1,2,2,390,1,0,0,4,74.0,7257.82,170042902016,47209757184,2,0,1,0,0,1,1,9,333,4.0,Incremental Sort,0,47.201
DESKTOP-KQF03T0,Jashvanth,2026-06-30T17:00:42.728717,Q126_V010,Q_1398,1,1,1,1,2,2,395,1,0,0,4,69.5,7259.71,170047782912,47210764800,2,0,1,0,0,1,1,9,333,4.0,Incremental Sort,0,60.23
DESKTOP-KQF03T0,Jashvanth,2026-06-30T17:00:47.815541,Q126_V010,Q_1398,2,1,1,1,2,2,395,1,0,0,4,76.6,7202.98,170060838400,47211473408,2,0,1,0,0,1,1,9,333,4.0,Incremental Sort,0,42.318
DESKTOP-KQF03T0,Jashvanth,2026-06-30T17:00:52.894018,Q126_V010,Q_1398,3,1,1,1,2,2,395,1,0,0,4,81.7,7209.48,170066753024,47212509696,2,0,1,0,0,1,1,9,333,4.0,Incremental Sort,0,44.157
DESKTOP-KQF03T0,Jashvanth,2026-06-30T17:00:57.958308,Q127_V001,Q_1399,1,2,3,2,1,2,512,2,0,2,5,72.3,7214.19,170397702656,47213484544,3,0,2,0,0,1,2,11,406,324.0,Sort,0,13.485
DESKTOP-KQF03T0,Jashvanth,2026-06-30T17:01:03.079814,Q127_V001,Q_1399,2,2,3,2,1,2,512,2,0,2,5,72.1,7202.96,170418449920,47214520832,3,0,2,0,0,1,2,11,406,324.0,Sort,0,10.552
DESKTOP-KQF03T0,Jashvanth,2026-06-30T17:01:08.187253,Q127_V001,Q_1399,3,2,3,2,1,2,512,2,0,2,5,68.2,7199.78,170420465152,47214979584,3,0,2,0,0,1,2,11,406,324.0,Sort,0,17.985
DESKTOP-KQF03T0,Jashvanth,2026-06-30T17:01:33.960377,Q127_V002,Q_1400,1,2,3,2,1,2,512,2,0,2,5,100.0,7525.34,170651910144,47220308480,3,0,2,0,0,1,2,11,477,1006.0,Sort,0,18.437
DESKTOP-KQF03T0,Jashvanth,2026-06-30T17:01:39.089367,Q127_V002,Q_1400,2,2,3,2,1,2,512,2,0,2,5,84.0,7530.15,170685412352,47247804928,3,0,2,0,0,1,2,11,477,1006.0,Sort,0,19.274
DESKTOP-KQF03T0,Jashvanth,2026-06-30T17:01:44.148438,Q127_V002,Q_1400,3,2,3,2,1,2,512,2,0,2,5,99.2,7582.17,170704896512,47271770624,3,0,2,0,0,1,2,11,477,1006.0,Sort,0,11.536
DESKTOP-KQF03T0,Jashvanth,2026-06-30T17:01:49.214423,Q127_V003,Q_1401,1,2,3,2,1,2,512,2,0,2,5,73.6,7494.04,170709748736,47272479232,3,0,2,0,0,1,2,11,481,0.0,Sort,0,13.853
DESKTOP-KQF03T0,Jashvanth,2026-06-30T17:01:54.317508,Q127_V003,Q_1401,2,2,3,2,1,2,512,2,0,2,5,77.1,7408.7,170758254080,47275624960,3,0,2,0,0,1,2,11,481,0.0,Sort,0,10.888
DESKTOP-KQF03T0,Jashvanth,2026-06-30T17:01:59.360405,Q127_V003,Q_1401,3,2,3,2,1,2,512,2,0,2,5,79.0,7454.12,170759901184,47277033984,3,0,2,0,0,1,2,11,481,0.0,Sort,0,3.71
DESKTOP-KQF03T0,Jashvanth,2026-06-30T17:02:04.433514,Q127_V004,Q_1402,1,2,3,2,1,2,512,2,0,2,5,74.9,7456.02,170763160576,47277722112,3,0,2,0,0,1,2,11,406,330.0,Sort,0,17.731
DESKTOP-KQF03T0,Jashvanth,2026-06-30T17:02:09.493568,Q127_V004,Q_1402,2,2,3,2,1,2,512,2,0,2,5,77.4,7428.64,170845121536,47278168576,3,0,2,0,0,1,2,11,406,330.0,Sort,0,10.7
DESKTOP-KQF03T0,Jashvanth,2026-06-30T17:02:14.537384,Q127_V004,Q_1402,3,2,3,2,1,2,512,2,0,2,5,83.7,7473.14,170931407872,47279385088,3,0,2,0,0,1,2,11,406,330.0,Sort,0,8.898
DESKTOP-KQF03T0,Jashvanth,2026-06-30T17:02:19.648406,Q127_V005,Q_1403,1,2,3,2,1,2,517,2,0,2,5,75.1,7186.41,170932546560,47388129792,3,0,2,0,0,1,2,11,406,324.0,Sort,0,15.485
DESKTOP-KQF03T0,Jashvanth,2026-06-30T17:02:24.713024,Q127_V005,Q_1403,2,2,3,2,1,2,517,2,0,2,5,73.8,7147.67,170938900480,47489096192,3,0,2,0,0,1,2,11,406,324.0,Sort,0,8.466
DESKTOP-KQF03T0,Jashvanth,2026-06-30T17:02:29.805262,Q127_V005,Q_1403,3,2,3,2,1,2,517,2,0,2,5,75.5,7374.12,170941485056,47489482240,3,0,2,0,0,1,2,11,406,324.0,Sort,0,24.336
DESKTOP-KQF03T0,Jashvanth,2026-06-30T17:02:34.891407,Q127_V006,Q_1404,1,2,3,2,1,2,516,2,0,2,5,77.0,7382.27,170955175936,47489879552,3,0,2,0,0,1,2,11,406,324.0,Sort,0,11.963
DESKTOP-KQF03T0,Jashvanth,2026-06-30T17:02:39.979811,Q127_V006,Q_1404,2,2,3,2,1,2,516,2,0,2,5,67.4,7391.58,170958484992,47490362880,3,0,2,0,0,1,2,11,406,324.0,Sort,0,12.831
DESKTOP-KQF03T0,Jashvanth,2026-06-30T17:02:45.125110,Q127_V006,Q_1404,3,2,3,2,1,2,516,2,0,2,5,70.8,7398.17,170963590656,47490825728,3,0,2,0,0,1,2,11,406,324.0,Sort,0,12.282
DESKTOP-KQF03T0,Jashvanth,2026-06-30T17:02:50.189243,Q127_V007,Q_1405,1,2,3,2,1,2,508,2,0,2,5,82.1,7122.44,170964266496,47558172160,3,0,2,0,0,1,2,11,406,324.0,Sort,0,9.016
DESKTOP-KQF03T0,Jashvanth,2026-06-30T17:02:55.254638,Q127_V007,Q_1405,2,2,3,2,1,2,508,2,0,2,5,90.2,7171.9,170985422336,47641714176,3,0,2,0,0,1,2,11,406,324.0,Sort,0,10.437
DESKTOP-KQF03T0,Jashvanth,2026-06-30T17:03:00.304510,Q127_V007,Q_1405,3,2,3,2,1,2,508,2,0,2,5,68.5,7206.57,170987728384,47642541568,3,0,2,0,0,1,2,11,406,324.0,Sort,0,6.642
DESKTOP-KQF03T0,Jashvanth,2026-06-30T17:03:05.403650,Q127_V008,Q_1406,1,2,3,2,1,2,513,2,0,2,5,77.0,7519.9,171001437696,47643307520,3,0,2,0,0,1,2,11,406,324.0,Sort,0,4.509
DESKTOP-KQF03T0,Jashvanth,2026-06-30T17:03:10.449610,Q127_V008,Q_1406,2,2,3,2,1,2,513,2,0,2,5,74.0,7513.2,171017708544,47643962880,3,0,2,0,0,1,2,11,406,324.0,Sort,0,9.585
DESKTOP-KQF03T0,Jashvanth,2026-06-30T17:03:15.565673,Q127_V008,Q_1406,3,2,3,2,1,2,513,2,0,2,5,69.3,7499.18,171032707072,47644651008,3,0,2,0,0,1,2,11,406,324.0,Sort,0,11.15
DESKTOP-KQF03T0,Jashvanth,2026-06-30T17:03:20.617179,Q127_V009,Q_1407,1,2,3,2,1,2,514,2,0,2,5,71.6,7517.33,171072241664,47645220352,3,0,2,0,0,1,2,11,406,324.0,Sort,0,10.946
DESKTOP-KQF03T0,Jashvanth,2026-06-30T17:03:25.686453,Q127_V009,Q_1407,2,2,3,2,1,2,514,2,0,2,5,72.5,7535.64,171083169792,47645703680,3,0,2,0,0,1,2,11,406,324.0,Sort,0,10.842
DESKTOP-KQF03T0,Jashvanth,2026-06-30T17:03:30.866371,Q127_V009,Q_1407,3,2,3,2,1,2,514,2,0,2,5,69.5,7567.18,171088358400,47646088704,3,0,2,0,0,1,2,11,406,324.0,Sort,0,14.117
DESKTOP-KQF03T0,Jashvanth,2026-06-30T17:03:35.999249,Q127_V010,Q_1408,1,2,3,2,1,2,514,2,0,2,5,75.8,7586.96,171093871616,47646707200,3,0,2,0,0,1,2,11,406,324.0,Sort,0,12.157
DESKTOP-KQF03T0,Jashvanth,2026-06-30T17:03:41.131745,Q127_V010,Q_1408,2,2,3,2,1,2,514,2,0,2,5,71.7,7622.65,171101179392,47648361984,3,0,2,0,0,1,2,11,406,324.0,Sort,0,8.532
DESKTOP-KQF03T0,Jashvanth,2026-06-30T17:03:46.233595,Q127_V010,Q_1408,3,2,3,2,1,2,514,2,0,2,5,75.7,7573.32,171135202816,47648869888,3,0,2,0,0,1,2,11,406,324.0,Sort,0,9.455
DESKTOP-KQF03T0,Jashvanth,2026-06-30T17:03:51.496621,Q128_V001,Q_1409,1,1,0,1,1,0,275,2,0,1,2,78.4,7559.45,171492354560,47649496576,2,0,1,0,0,1,1,7,30,0.0,Limit,0,200.247
DESKTOP-KQF03T0,Jashvanth,2026-06-30T17:03:56.720579,Q128_V001,Q_1409,2,1,0,1,1,0,275,2,0,1,2,80.2,7526.0,171567828992,47661563392,2,0,1,0,0,1,1,7,30,0.0,Limit,0,171.366
DESKTOP-KQF03T0,Jashvanth,2026-06-30T17:04:01.973333,Q128_V001,Q_1409,3,1,0,1,1,0,275,2,0,1,2,74.9,7491.95,171577943552,47663545856,2,0,1,0,0,1,1,7,30,0.0,Limit,0,168.936
DESKTOP-KQF03T0,Jashvanth,2026-06-30T17:04:07.243372,Q128_V002,Q_1410,1,1,0,1,1,0,280,2,0,1,2,65.7,7511.93,171580387328,47664258560,2,0,1,0,0,1,1,7,30,0.0,Limit,0,163.242
DESKTOP-KQF03T0,Jashvanth,2026-06-30T17:04:12.371980,Q128_V002,Q_1410,2,1,0,1,1,0,280,2,0,1,2,76.0,7505.16,171582771200,47664872960,2,0,1,0,0,1,1,7,30,0.0,Limit,0,83.54
DESKTOP-KQF03T0,Jashvanth,2026-06-30T17:04:17.516875,Q128_V002,Q_1410,3,1,0,1,1,0,280,2,0,1,2,78.4,7566.74,171587494400,47666044416,2,0,1,0,0,1,1,7,30,0.0,Limit,0,110.321
DESKTOP-KQF03T0,Jashvanth,2026-06-30T17:04:22.799512,Q128_V003,Q_1411,1,1,0,1,1,0,281,2,0,1,2,81.2,7569.3,171599373824,47667002880,2,0,1,0,0,1,1,7,30,0.0,Limit,0,218.112
DESKTOP-KQF03T0,Jashvanth,2026-06-30T17:04:28.073051,Q128_V003,Q_1411,2,1,0,1,1,0,281,2,0,1,2,91.9,7619.63,171617169920,47667564032,2,0,1,0,0,1,1,7,30,0.0,Limit,0,206.005
DESKTOP-KQF03T0,Jashvanth,2026-06-30T17:04:33.378199,Q128_V003,Q_1411,3,1,0,1,1,0,281,2,0,1,2,100.0,7619.28,171630764032,47667696128,2,0,1,0,0,1,1,7,30,0.0,Limit,0,188.04
DESKTOP-KQF03T0,Jashvanth,2026-06-30T17:04:38.534527,Q128_V004,Q_1412,1,1,0,1,1,0,276,2,0,1,2,100.0,7627.38,171647066624,47668732416,2,0,1,0,0,1,1,7,30,0.0,Limit,0,113.599
DESKTOP-KQF03T0,Jashvanth,2026-06-30T17:04:43.881791,Q128_V004,Q_1412,2,1,0,1,1,0,276,2,0,1,2,92.6,7445.54,171686220800,47699763712,2,0,1,0,0,1,1,7,30,0.0,Limit,0,294.648
DESKTOP-KQF03T0,Jashvanth,2026-06-30T17:04:49.157108,Q128_V004,Q_1412,3,1,0,1,1,0,276,2,0,1,2,74.5,7326.33,171696528384,47742722560,2,0,1,0,0,1,1,7,30,0.0,Limit,0,213.599
DESKTOP-KQF03T0,Jashvanth,2026-06-30T17:04:54.531844,Q128_V005,Q_1413,1,1,0,1,1,0,274,2,0,1,2,79.7,7240.67,171742920192,47743816192,2,0,1,0,0,1,1,7,30,30.0,Limit,0,275.07
DESKTOP-KQF03T0,Jashvanth,2026-06-30T17:04:59.878418,Q128_V005,Q_1413,2,1,0,1,1,0,274,2,0,1,2,73.9,7226.68,171745439744,47745573376,2,0,1,0,0,1,1,7,30,30.0,Limit,0,263.685
DESKTOP-KQF03T0,Jashvanth,2026-06-30T17:05:05.088474,Q128_V005,Q_1413,3,1,0,1,1,0,274,2,0,1,2,74.4,7324.09,171750873600,47747637760,2,0,1,0,0,1,1,7,30,30.0,Limit,0,144.124
DESKTOP-KQF03T0,Jashvanth,2026-06-30T17:05:10.359252,Q128_V006,Q_1414,1,1,0,1,1,0,275,2,0,1,2,75.2,7337.23,171754514944,47748260352,2,0,1,0,0,1,1,7,30,0.0,Limit,0,149.921
DESKTOP-KQF03T0,Jashvanth,2026-06-30T17:05:15.513850,Q128_V006,Q_1414,2,1,0,1,1,0,275,2,0,1,2,72.1,7299.79,171758245376,47748964864,2,0,1,0,0,1,1,7,30,0.0,Limit,0,118.139
DESKTOP-KQF03T0,Jashvanth,2026-06-30T17:05:20.727986,Q128_V006,Q_1414,3,1,0,1,1,0,275,2,0,1,2,80.2,7315.5,171810731520,47749603840,2,0,1,0,0,1,1,7,30,0.0,Limit,0,125.563
DESKTOP-KQF03T0,Jashvanth,2026-06-30T17:05:25.909160,Q128_V007,Q_1415,1,1,0,1,1,0,274,2,0,1,2,70.7,7318.71,171817826816,47749878272,2,0,1,0,0,1,1,7,30,1.0,Limit,0,131.665
DESKTOP-KQF03T0,Jashvanth,2026-06-30T17:05:31.162999,Q128_V007,Q_1415,2,1,0,1,1,0,274,2,0,1,2,69.5,7340.13,171819665920,47751012864,2,0,1,0,0,1,1,7,30,1.0,Limit,0,164.606
DESKTOP-KQF03T0,Jashvanth,2026-06-30T17:05:36.360503,Q128_V007,Q_1415,3,1,0,1,1,0,274,2,0,1,2,76.2,7348.2,171836140032,47751582208,2,0,1,0,0,1,1,7,30,1.0,Limit,0,148.102
DESKTOP-KQF03T0,Jashvanth,2026-06-30T17:05:41.720967,Q128_V008,Q_1416,1,1,0,1,1,0,274,2,0,1,2,71.5,7356.21,171837508096,47752200704,2,0,1,0,0,1,1,7,30,30.0,Limit,0,232.377
DESKTOP-KQF03T0,Jashvanth,2026-06-30T17:05:46.988165,Q128_V008,Q_1416,2,1,0,1,1,0,274,2,0,1,2,73.8,7290.61,171839117824,47752401408,2,0,1,0,0,1,1,7,30,30.0,Limit,0,180.352
DESKTOP-KQF03T0,Jashvanth,2026-06-30T17:05:52.261244,Q128_V008,Q_1416,3,1,0,1,1,0,274,2,0,1,2,76.2,7313.13,171839957504,47752823296,2,0,1,0,0,1,1,7,30,30.0,Limit,0,205.179
DESKTOP-KQF03T0,Jashvanth,2026-06-30T17:05:57.607324,Q128_V009,Q_1417,1,1,0,1,1,0,273,2,0,1,2,69.9,7324.61,171841714688,47753175552,2,0,1,0,0,1,1,7,30,30.0,Limit,0,197.67
DESKTOP-KQF03T0,Jashvanth,2026-06-30T17:06:03.033012,Q128_V009,Q_1417,2,1,0,1,1,0,273,2,0,1,2,72.6,7336.66,171842742784,47753482752,2,0,1,0,0,1,1,7,30,30.0,Limit,0,319.731
DESKTOP-KQF03T0,Jashvanth,2026-06-30T17:06:08.350834,Q128_V009,Q_1417,3,1,0,1,1,0,273,2,0,1,2,74.1,7358.28,171843815936,47754482176,2,0,1,0,0,1,1,7,30,30.0,Limit,0,253.525
DESKTOP-KQF03T0,Jashvanth,2026-06-30T17:06:13.680140,Q128_V010,Q_1418,1,1,0,1,1,0,274,2,0,1,2,72.6,7312.45,171846248960,47754994176,2,0,1,0,0,1,1,7,100,100.0,Limit,0,180.499
DESKTOP-KQF03T0,Jashvanth,2026-06-30T17:06:19.030076,Q128_V010,Q_1418,2,1,0,1,1,0,274,2,0,1,2,72.5,7375.46,171859841024,47756935680,2,0,1,0,0,1,1,7,100,100.0,Limit,0,220.892
DESKTOP-KQF03T0,Jashvanth,2026-06-30T17:06:24.302298,Q128_V010,Q_1418,3,1,0,1,1,0,274,2,0,1,2,71.5,7363.4,171861884928,47757812224,2,0,1,0,0,1,1,7,100,100.0,Limit,0,171.629
DESKTOP-KQF03T0,Jashvanth,2026-06-30T17:06:29.377084,Q129_V001,Q_1419,1,2,0,1,1,1,595,3,0,0,4,74.7,7365.17,171863872512,47758239744,2,1,1,1,0,1,1,11,30,30.0,Limit,0,27.373
DESKTOP-KQF03T0,Jashvanth,2026-06-30T17:06:34.469407,Q129_V001,Q_1419,2,2,0,1,1,1,595,3,0,0,4,71.9,7358.73,171865192448,47761086464,2,1,1,1,0,1,1,11,30,30.0,Limit,0,38.246
DESKTOP-KQF03T0,Jashvanth,2026-06-30T17:06:39.543820,Q129_V001,Q_1419,3,2,0,1,1,1,595,3,0,0,4,70.8,7354.52,171866417152,47761987584,2,1,1,1,0,1,1,11,30,30.0,Limit,0,28.944
DESKTOP-KQF03T0,Jashvanth,2026-06-30T17:06:44.591809,Q129_V002,Q_1420,1,2,0,1,1,1,595,3,0,0,4,73.2,7304.34,171874852352,47762405376,2,1,1,1,0,1,1,11,30,30.0,Limit,0,14.847
DESKTOP-KQF03T0,Jashvanth,2026-06-30T17:06:49.692431,Q129_V002,Q_1420,2,2,0,1,1,1,595,3,0,0,4,79.6,7250.28,171958149632,47762917376,2,1,1,1,0,1,1,11,30,30.0,Limit,0,35.773
DESKTOP-KQF03T0,Jashvanth,2026-06-30T17:06:54.872826,Q129_V002,Q_1420,3,2,0,1,1,1,595,3,0,0,4,68.9,7223.87,171976618496,47763535872,2,1,1,1,0,1,1,11,30,30.0,Limit,0,77.758
DESKTOP-KQF03T0,Jashvanth,2026-06-30T17:07:00.000572,Q129_V003,Q_1421,1,2,0,1,1,1,595,3,0,0,4,73.3,7244.79,171978072576,47764346880,2,1,1,1,0,1,1,11,30,30.0,Limit,0,32.262
DESKTOP-KQF03T0,Jashvanth,2026-06-30T17:07:05.219926,Q129_V003,Q_1421,2,2,0,1,1,1,595,3,0,0,4,73.4,7230.55,171980892160,47764822016,2,1,1,1,0,1,1,11,30,30.0,Limit,0,65.659
DESKTOP-KQF03T0,Jashvanth,2026-06-30T17:07:10.301471,Q129_V003,Q_1421,3,2,0,1,1,1,595,3,0,0,4,70.0,7284.08,171983157248,47765993472,2,1,1,1,0,1,1,11,30,30.0,Limit,0,26.846
DESKTOP-KQF03T0,Jashvanth,2026-06-30T17:07:15.454394,Q129_V004,Q_1422,1,2,0,1,1,1,594,3,0,0,4,72.9,7254.59,171984185344,47766558720,2,1,1,1,0,1,1,11,30,30.0,Limit,0,28.668
DESKTOP-KQF03T0,Jashvanth,2026-06-30T17:07:20.567572,Q129_V004,Q_1422,2,2,0,1,1,1,594,3,0,0,4,71.4,7226.12,171984918528,47766931456,2,1,1,1,0,1,1,11,30,30.0,Limit,0,53.961
DESKTOP-KQF03T0,Jashvanth,2026-06-30T17:07:25.630388,Q129_V004,Q_1422,3,2,0,1,1,1,594,3,0,0,4,68.0,7225.79,171985878016,47767554048,2,1,1,1,0,1,1,11,30,30.0,Limit,0,26.127
DESKTOP-KQF03T0,Jashvanth,2026-06-30T17:07:30.723353,Q129_V005,Q_1423,1,2,0,1,1,1,594,3,0,0,4,70.5,7235.82,171987577344,47767971840,2,1,1,1,0,1,1,11,30,30.0,Limit,0,30.103
DESKTOP-KQF03T0,Jashvanth,2026-06-30T17:07:35.832940,Q129_V005,Q_1423,2,2,0,1,1,1,594,3,0,0,4,79.7,7321.66,172051139072,47768307712,2,1,1,1,0,1,1,11,30,30.0,Limit,0,27.769
DESKTOP-KQF03T0,Jashvanth,2026-06-30T17:07:40.899077,Q129_V005,Q_1423,3,2,0,1,1,1,594,3,0,0,4,71.7,7407.61,172162693120,47768803328,2,1,1,1,0,1,1,11,30,30.0,Limit,0,22.068
DESKTOP-KQF03T0,Jashvanth,2026-06-30T17:07:46.077875,Q129_V006,Q_1424,1,2,0,1,1,1,600,3,0,0,4,72.8,7225.03,172165497856,47874017280,3,0,2,0,0,1,1,11,30,30.0,Limit,0,46.506
DESKTOP-KQF03T0,Jashvanth,2026-06-30T17:07:51.127445,Q129_V006,Q_1424,2,2,0,1,1,1,600,3,0,0,4,72.3,7183.6,172172502016,47940274176,3,0,2,0,0,1,1,11,30,30.0,Limit,0,12.989
DESKTOP-KQF03T0,Jashvanth,2026-06-30T17:07:56.201959,Q129_V006,Q_1424,3,2,0,1,1,1,600,3,0,0,4,68.6,7192.56,172188636160,47958591488,3,0,2,0,0,1,1,11,30,30.0,Limit,0,22.887
DESKTOP-KQF03T0,Jashvanth,2026-06-30T17:08:01.388326,Q129_V007,Q_1425,1,2,0,1,1,1,599,3,0,0,4,74.2,7190.1,172189574144,47959177216,2,1,1,1,0,1,1,11,30,30.0,Limit,0,57.507
DESKTOP-KQF03T0,Jashvanth,2026-06-30T17:08:06.510940,Q129_V007,Q_1425,2,2,0,1,1,1,599,3,0,0,4,71.1,7165.77,172189910016,47959644160,2,1,1,1,0,1,1,11,30,30.0,Limit,0,27.611
DESKTOP-KQF03T0,Jashvanth,2026-06-30T17:08:11.603082,Q129_V007,Q_1425,3,2,0,1,1,1,599,3,0,0,4,86.6,7108.47,172195679232,47960492032,2,1,1,1,0,1,1,11,30,30.0,Limit,0,38.453
DESKTOP-KQF03T0,Jashvanth,2026-06-30T17:08:16.666723,Q129_V008,Q_1426,1,2,0,1,1,1,598,3,0,0,4,97.2,7031.62,172200766464,48108210176,2,1,1,1,0,1,1,11,30,30.0,Limit,0,23.996
DESKTOP-KQF03T0,Jashvanth,2026-06-30T17:08:21.740775,Q129_V008,Q_1426,2,2,0,1,1,1,598,3,0,0,4,83.3,7062.5,172206284288,48108316672,2,1,1,1,0,1,1,11,30,30.0,Limit,0,28.968
DESKTOP-KQF03T0,Jashvanth,2026-06-30T17:08:26.827235,Q129_V008,Q_1426,3,2,0,1,1,1,598,3,0,0,4,92.6,7060.62,172207255040,48109074432,2,1,1,1,0,1,1,11,30,30.0,Limit,0,36.569
DESKTOP-KQF03T0,Jashvanth,2026-06-30T17:08:31.893809,Q129_V009,Q_1427,1,2,0,1,1,1,599,3,0,0,4,94.1,7109.36,172209139200,48109744128,2,1,1,1,0,1,1,11,100,100.0,Limit,0,25.75
DESKTOP-KQF03T0,Jashvanth,2026-06-30T17:08:36.973549,Q129_V009,Q_1427,2,2,0,1,1,1,599,3,0,0,4,86.5,7148.89,172214095360,48110100480,2,1,1,1,0,1,1,11,100,100.0,Limit,0,31.644
DESKTOP-KQF03T0,Jashvanth,2026-06-30T17:08:42.091516,Q129_V009,Q_1427,3,2,0,1,1,1,599,3,0,0,4,70.8,7182.55,172219809792,48110465024,2,1,1,1,0,1,1,11,100,100.0,Limit,0,27.373
DESKTOP-KQF03T0,Jashvanth,2026-06-30T17:08:47.308772,Q129_V010,Q_1428,1,2,0,1,1,1,600,3,0,0,4,81.8,7311.49,172222251008,48129699840,2,1,1,1,0,1,1,11,500,500.0,Limit,0,59.546
DESKTOP-KQF03T0,Jashvanth,2026-06-30T17:08:52.487701,Q129_V010,Q_1428,2,2,0,1,1,1,600,3,0,0,4,76.8,7311.54,172224311296,48131964928,2,1,1,1,0,1,1,11,500,500.0,Limit,0,32.643
DESKTOP-KQF03T0,Jashvanth,2026-06-30T17:08:57.568377,Q129_V010,Q_1428,3,2,0,1,1,1,600,3,0,0,4,74.5,7366.76,172235799552,48147308544,2,1,1,1,0,1,1,11,500,500.0,Limit,0,22.586
DESKTOP-KQF03T0,Jashvanth,2026-06-30T17:09:02.710443,Q130_V001,Q_1429,1,1,0,1,1,1,370,2,0,0,3,68.6,7355.02,172238384128,48148156416,2,0,1,0,0,1,1,7,100,100.0,Limit,0,23.562
DESKTOP-KQF03T0,Jashvanth,2026-06-30T17:09:07.791200,Q130_V001,Q_1429,2,1,0,1,1,1,370,2,0,0,3,68.1,7324.71,172239223808,48148643840,2,0,1,0,0,1,1,7,100,100.0,Limit,0,10.33
DESKTOP-KQF03T0,Jashvanth,2026-06-30T17:09:12.899224,Q130_V001,Q_1429,3,1,0,1,1,1,370,2,0,0,3,72.5,7396.25,172240997376,48149442560,2,0,1,0,0,1,1,7,100,100.0,Limit,0,24.384
DESKTOP-KQF03T0,Jashvanth,2026-06-30T17:09:17.963843,Q130_V002,Q_1430,1,1,0,1,1,1,270,2,0,0,3,74.3,7411.0,172245445632,48150069248,2,0,1,0,0,1,1,6,25,25.0,Sort,0,7.474
DESKTOP-KQF03T0,Jashvanth,2026-06-30T17:09:23.136169,Q130_V002,Q_1430,2,1,0,1,1,1,270,2,0,0,3,69.2,7376.13,172247882752,48151097344,2,0,1,0,0,1,1,6,25,25.0,Sort,0,5.765
DESKTOP-KQF03T0,Jashvanth,2026-06-30T17:09:28.210561,Q130_V002,Q_1430,3,1,0,1,1,1,270,2,0,0,3,71.4,7399.06,172249365504,48151445504,2,0,1,0,0,1,1,6,25,25.0,Sort,0,8.558
DESKTOP-KQF03T0,Jashvanth,2026-06-30T17:09:33.372232,Q130_V003,Q_1431,1,1,0,1,1,1,302,2,0,0,3,70.3,7424.31,172251782144,48152047616,2,0,1,0,0,1,1,7,100,100.0,Limit,0,41.594
DESKTOP-KQF03T0,Jashvanth,2026-06-30T17:09:38.437753,Q130_V003,Q_1431,2,1,0,1,1,1,302,2,0,0,3,79.6,7447.52,172253502464,48152563712,2,0,1,0,0,1,1,7,100,100.0,Limit,0,6.778
DESKTOP-KQF03T0,Jashvanth,2026-06-30T17:09:43.498090,Q130_V003,Q_1431,3,1,0,1,1,1,302,2,0,0,3,81.7,7341.23,172258405376,48153981952,2,0,1,0,0,1,1,7,100,100.0,Limit,0,10.083
DESKTOP-KQF03T0,Jashvanth,2026-06-30T17:09:48.635265,Q130_V004,Q_1432,1,1,0,1,1,1,298,2,2,0,3,79.5,7013.55,172259912704,48154616832,2,0,1,0,0,2,1,7,25,25.0,Sort,0,48.908
DESKTOP-KQF03T0,Jashvanth,2026-06-30T17:09:53.753818,Q130_V004,Q_1432,2,1,0,1,1,1,298,2,2,0,3,67.5,6956.47,172261575680,48223822848,2,0,1,0,0,2,1,7,25,25.0,Sort,0,33.477
DESKTOP-KQF03T0,Jashvanth,2026-06-30T17:09:58.854673,Q130_V004,Q_1432,3,1,0,1,1,1,298,2,2,0,3,62.1,6948.16,172262112256,48224248832,2,0,1,0,0,2,1,7,25,25.0,Sort,0,31.928
DESKTOP-KQF03T0,Jashvanth,2026-06-30T17:10:03.904988,Q130_V005,Q_1433,1,1,0,1,1,1,321,2,0,0,3,60.4,6946.42,172263705600,48224609280,2,0,1,0,0,1,1,9,100,100.0,Limit,0,8.589
DESKTOP-KQF03T0,Jashvanth,2026-06-30T17:10:09.031593,Q130_V005,Q_1433,2,1,0,1,1,1,321,2,0,0,3,56.6,6986.95,172268080128,48224932864,2,0,1,0,0,1,1,9,100,100.0,Limit,0,32.233
DESKTOP-KQF03T0,Jashvanth,2026-06-30T17:10:14.102712,Q130_V005,Q_1433,3,1,0,1,1,1,321,2,0,0,3,63.4,6983.19,172317395968,48226575360,2,0,1,0,0,1,1,9,100,100.0,Limit,0,11.572
DESKTOP-KQF03T0,Jashvanth,2026-06-30T17:10:19.212054,Q130_V006,Q_1434,1,1,1,1,1,1,307,2,0,0,3,54.8,7026.32,172325020160,48227714048,2,0,1,0,0,1,1,7,100,100.0,Limit,0,16.663
DESKTOP-KQF03T0,Jashvanth,2026-06-30T17:10:24.283374,Q130_V006,Q_1434,2,1,1,1,1,1,307,2,0,0,3,61.1,7011.71,172326536192,48229082112,2,0,1,0,0,1,1,7,100,100.0,Limit,0,11.915
DESKTOP-KQF03T0,Jashvanth,2026-06-30T17:10:29.395884,Q130_V006,Q_1434,3,1,1,1,1,1,307,2,0,0,3,75.3,7024.73,172328309760,48229588480,2,0,1,0,0,1,1,7,100,100.0,Limit,0,9.493
DESKTOP-KQF03T0,Jashvanth,2026-06-30T17:10:34.454018,Q130_V007,Q_1435,1,1,1,1,1,2,365,4,0,0,4,77.1,7059.31,172329239552,48230084096,3,0,1,0,0,1,2,8,333,998.0,Sort,0,14.127
DESKTOP-KQF03T0,Jashvanth,2026-06-30T17:10:39.574641,Q130_V007,Q_1435,2,1,1,1,1,2,365,4,0,0,4,68.3,7017.42,172331389952,48230469120,3,0,1,0,0,1,2,8,333,998.0,Sort,0,26.631
DESKTOP-KQF03T0,Jashvanth,2026-06-30T17:10:44.753026,Q130_V007,Q_1435,3,1,1,1,1,2,365,4,0,0,4,73.0,7008.65,172332897280,48230731264,3,0,1,0,0,1,2,8,333,998.0,Sort,0,39.816
DESKTOP-KQF03T0,Jashvanth,2026-06-30T17:10:49.846693,Q130_V008,Q_1436,1,1,0,1,2,1,347,2,0,0,3,66.3,6999.95,172333450240,48231329280,2,0,1,0,0,1,1,9,1000,1000.0,Incremental Sort,0,26.234
DESKTOP-KQF03T0,Jashvanth,2026-06-30T17:10:54.914177,Q130_V008,Q_1436,2,1,0,1,2,1,347,2,0,0,3,55.7,7021.79,172334330880,48231607808,2,0,1,0,0,1,1,9,1000,1000.0,Incremental Sort,0,15.846
DESKTOP-KQF03T0,Jashvanth,2026-06-30T17:10:59.979308,Q130_V008,Q_1436,3,1,0,1,2,1,347,2,0,0,3,63.9,6991.83,172334818304,48232852992,2,0,1,0,0,1,1,9,1000,1000.0,Incremental Sort,0,8.248
DESKTOP-KQF03T0,Jashvanth,2026-06-30T17:11:05.077221,Q130_V009,Q_1437,1,1,0,2,1,1,336,3,0,0,3,58.3,6998.33,172335129600,48233352704,2,0,1,0,0,1,2,7,200,25.0,Sort,0,7.923
DESKTOP-KQF03T0,Jashvanth,2026-06-30T17:11:10.158567,Q130_V009,Q_1437,2,1,0,2,1,1,336,3,0,0,3,57.8,7011.13,172336014336,48233586176,2,0,1,0,0,1,2,7,200,25.0,Sort,0,15.764
DESKTOP-KQF03T0,Jashvanth,2026-06-30T17:11:15.210809,Q130_V009,Q_1437,3,1,0,2,1,1,336,3,0,0,3,60.4,7065.11,172336854016,48234122752,2,0,1,0,0,1,2,7,200,25.0,Sort,0,10.239
DESKTOP-KQF03T0,Jashvanth,2026-06-30T17:11:20.370097,Q130_V010,Q_1438,1,1,0,1,2,1,390,3,0,0,3,78.3,7094.47,172355061760,48235580928,2,0,1,0,0,2,1,9,1000,1000.0,Sort,0,22.325
DESKTOP-KQF03T0,Jashvanth,2026-06-30T17:11:25.548784,Q130_V010,Q_1438,2,1,0,1,2,1,390,3,0,0,3,74.5,7055.65,172676299776,48236297728,2,0,1,0,0,2,1,9,1000,1000.0,Sort,0,55.693
DESKTOP-KQF03T0,Jashvanth,2026-06-30T17:11:30.730750,Q130_V010,Q_1438,3,1,0,1,2,1,390,3,0,0,3,72.5,7073.15,172683410944,48237489664,2,0,1,0,0,2,1,9,1000,1000.0,Sort,0,56.122
DESKTOP-KQF03T0,Jashvanth,2026-06-30T17:11:35.813324,Q131_V001,Q_1439,1,4,1,2,2,2,610,1,0,0,7,78.2,7075.45,172685268992,48240672256,4,0,4,0,0,2,2,18,1417,186.0,Sort,0,28.705
DESKTOP-KQF03T0,Jashvanth,2026-06-30T17:11:40.932267,Q131_V001,Q_1439,2,4,1,2,2,2,610,1,0,0,7,72.7,7038.8,172686612992,48241233408,4,0,4,0,0,2,2,18,1417,186.0,Sort,0,30.006
DESKTOP-KQF03T0,Jashvanth,2026-06-30T17:11:46.136661,Q131_V001,Q_1439,3,4,1,2,2,2,610,1,0,0,7,59.0,7010.8,172687219200,48241798656,4,0,4,0,0,2,2,18,1417,186.0,Sort,0,84.161
DESKTOP-KQF03T0,Jashvanth,2026-06-30T17:11:51.218484,Q131_V002,Q_1440,1,4,1,2,2,2,615,1,0,0,7,73.9,7011.18,172688312832,48242785792,4,0,4,0,0,2,2,18,1417,186.0,Sort,0,25.437
DESKTOP-KQF03T0,Jashvanth,2026-06-30T17:11:56.421760,Q131_V002,Q_1440,2,4,1,2,2,2,615,1,0,0,7,69.8,7061.07,172688992768,48243310080,4,0,4,0,0,2,2,18,1417,186.0,Sort,0,80.492
DESKTOP-KQF03T0,Jashvanth,2026-06-30T17:12:01.582987,Q131_V002,Q_1440,3,4,1,2,2,2,615,1,0,0,7,68.1,7081.32,172689897984,48243588608,4,0,4,0,0,2,2,18,1417,186.0,Sort,0,64.317
DESKTOP-KQF03T0,Jashvanth,2026-06-30T17:12:06.688886,Q131_V003,Q_1441,1,4,1,2,2,2,616,1,0,0,7,73.8,7106.47,172699474432,48244690432,4,0,4,0,0,2,2,18,1417,186.0,Sort,0,38.25
DESKTOP-KQF03T0,Jashvanth,2026-06-30T17:12:11.761152,Q131_V003,Q_1441,2,4,1,2,2,2,616,1,0,0,7,97.5,7094.56,172731329024,48245124608,4,0,4,0,0,2,2,18,1417,186.0,Sort,0,29.453
DESKTOP-KQF03T0,Jashvanth,2026-06-30T17:12:16.884141,Q131_V003,Q_1441,3,4,1,2,2,2,616,1,0,0,7,71.1,7127.05,172738738688,48245706240,4,0,4,0,0,2,2,18,1417,186.0,Sort,0,33.937
DESKTOP-KQF03T0,Jashvanth,2026-06-30T17:12:22.034317,Q131_V004,Q_1442,1,4,1,2,2,2,611,1,0,0,7,76.4,7124.93,172747897344,48365694464,4,0,4,0,0,2,2,18,1417,1654.0,Sort,0,47.038
DESKTOP-KQF03T0,Jashvanth,2026-06-30T17:12:27.125410,Q131_V004,Q_1442,2,4,1,2,2,2,611,1,0,0,7,80.0,7398.81,172754622976,48366259712,4,0,4,0,0,2,2,18,1417,1654.0,Sort,0,39.456
DESKTOP-KQF03T0,Jashvanth,2026-06-30T17:12:32.290652,Q131_V004,Q_1442,3,4,1,2,2,2,611,1,0,0,7,68.2,7391.98,172767709696,48366817792,4,0,4,0,0,2,2,18,1417,1654.0,Sort,0,77.88
DESKTOP-KQF03T0,Jashvanth,2026-06-30T17:12:37.414625,Q131_V005,Q_1443,1,4,1,2,2,2,609,1,0,0,7,72.8,7403.56,172769237504,48367305216,4,0,4,0,0,2,2,18,1417,1839.0,Sort,0,34.077
DESKTOP-KQF03T0,Jashvanth,2026-06-30T17:12:42.646146,Q131_V005,Q_1443,2,4,1,2,2,2,609,1,0,0,7,68.2,7431.9,172771592704,48368194048,4,0,4,0,0,2,2,18,1417,1839.0,Sort,0,124.782
DESKTOP-KQF03T0,Jashvanth,2026-06-30T17:12:47.729283,Q131_V005,Q_1443,3,4,1,2,2,2,609,1,0,0,7,69.2,7307.5,172776819200,48435524096,4,0,4,0,0,2,2,18,1417,1839.0,Sort,0,32.727
DESKTOP-KQF03T0,Jashvanth,2026-06-30T17:12:52.779254,Q131_V006,Q_1444,1,4,1,2,2,2,611,1,0,0,7,84.2,7202.05,172800513536,48550789632,4,0,4,0,0,2,2,18,1417,1654.0,Sort,0,14.804
DESKTOP-KQF03T0,Jashvanth,2026-06-30T17:12:57.862208,Q131_V006,Q_1444,2,4,1,2,2,2,611,1,0,0,7,73.6,6598.14,172802729472,48551571968,4,0,4,0,0,2,2,18,1417,1654.0,Sort,0,36.233
DESKTOP-KQF03T0,Jashvanth,2026-06-30T17:13:03.086140,Q131_V006,Q_1444,3,4,1,2,2,2,611,1,0,0,7,65.0,6934.18,172804105728,48552374784,4,0,4,0,0,2,2,18,1417,1654.0,Sort,0,47.493
DESKTOP-KQF03T0,Jashvanth,2026-06-30T17:13:08.289572,Q131_V007,Q_1445,1,4,1,2,2,2,610,1,0,0,7,59.1,6926.23,172806112768,48553218560,4,0,4,0,0,2,2,18,1417,186.0,Sort,0,79.925
DESKTOP-KQF03T0,Jashvanth,2026-06-30T17:13:13.421091,Q131_V007,Q_1445,2,4,1,2,2,2,610,1,0,0,7,67.9,7058.96,172875011072,48554131968,4,0,4,0,0,2,2,18,1417,186.0,Sort,0,28.515
DESKTOP-KQF03T0,Jashvanth,2026-06-30T17:13:18.503664,Q131_V007,Q_1445,3,4,1,2,2,2,610,1,0,0,7,85.0,7375.68,172983223296,48555233792,4,0,4,0,0,2,2,18,1417,186.0,Sort,0,13.143
DESKTOP-KQF03T0,Jashvanth,2026-06-30T17:13:23.709203,Q131_V008,Q_1446,1,4,1,2,2,2,613,1,0,0,7,74.0,7292.73,172984472576,48604496384,4,0,4,0,0,2,2,18,1417,186.0,Sort,0,45.989
DESKTOP-KQF03T0,Jashvanth,2026-06-30T17:13:28.869003,Q131_V008,Q_1446,2,4,1,2,2,2,613,1,0,0,7,77.7,7281.58,172985799680,48605008384,4,0,4,0,0,2,2,18,1417,186.0,Sort,0,50.052
DESKTOP-KQF03T0,Jashvanth,2026-06-30T17:13:33.944602,Q131_V008,Q_1446,3,4,1,2,2,2,613,1,0,0,7,76.5,7140.83,172988550656,48638935552,4,0,4,0,0,2,2,18,1417,186.0,Sort,0,20.019
DESKTOP-KQF03T0,Jashvanth,2026-06-30T17:13:39.017119,Q131_V009,Q_1447,1,4,1,2,2,2,612,1,0,0,7,73.7,7135.54,172994601472,48639554048,4,0,4,0,0,2,2,18,1417,186.0,Sort,0,26.744
DESKTOP-KQF03T0,Jashvanth,2026-06-30T17:13:44.143038,Q131_V009,Q_1447,2,4,1,2,2,2,612,1,0,0,7,76.2,7157.48,172997058560,48640119296,4,0,4,0,0,2,2,18,1417,186.0,Sort,0,50.94
DESKTOP-KQF03T0,Jashvanth,2026-06-30T17:13:49.213356,Q131_V009,Q_1447,3,4,1,2,2,2,612,1,0,0,7,71.3,7150.85,172997505024,48640410112,4,0,4,0,0,2,2,18,1417,186.0,Sort,0,24.706
DESKTOP-KQF03T0,Jashvanth,2026-06-30T17:13:54.345490,Q131_V010,Q_1448,1,4,1,2,2,2,617,1,0,0,7,80.2,7203.85,173004550144,48641233408,4,0,4,0,0,2,2,18,1417,186.0,Sort,0,55.031
DESKTOP-KQF03T0,Jashvanth,2026-06-30T17:13:59.443000,Q131_V010,Q_1448,2,4,1,2,2,2,617,1,0,0,7,75.6,7204.63,173018190848,48642449920,4,0,4,0,0,2,2,18,1417,186.0,Sort,0,24.823
DESKTOP-KQF03T0,Jashvanth,2026-06-30T17:14:04.524183,Q131_V010,Q_1448,3,4,1,2,2,2,617,1,0,0,7,69.5,7237.88,173018706944,48643011072,4,0,4,0,0,2,2,18,1417,186.0,Sort,0,21.043
DESKTOP-KQF03T0,Jashvanth,2026-06-30T17:14:09.755396,Q132_V001,Q_1449,1,2,1,1,2,1,577,4,0,0,4,74.7,7253.9,173019378688,48643731968,3,0,2,0,0,1,1,13,50,50.0,Limit,0,157.956
DESKTOP-KQF03T0,Jashvanth,2026-06-30T17:14:15.045759,Q132_V001,Q_1449,2,2,1,1,2,1,577,4,0,0,4,70.5,7260.61,173021344768,48645480960,3,0,2,0,0,1,1,13,50,50.0,Limit,0,238.468
DESKTOP-KQF03T0,Jashvanth,2026-06-30T17:14:20.293814,Q132_V001,Q_1449,3,2,1,1,2,1,577,4,0,0,4,66.2,7288.75,173022972928,48645882368,3,0,2,0,0,1,1,13,50,50.0,Limit,0,175.534
DESKTOP-KQF03T0,Jashvanth,2026-06-30T17:14:25.530341,Q132_V002,Q_1450,1,2,1,1,2,1,577,4,0,0,4,72.2,7292.75,173023966720,48646615552,3,0,2,0,0,1,1,13,50,50.0,Limit,0,123.057
DESKTOP-KQF03T0,Jashvanth,2026-06-30T17:14:30.748696,Q132_V002,Q_1450,2,2,1,1,2,1,577,4,0,0,4,69.4,7305.33,173024519680,48647196672,3,0,2,0,0,1,1,13,50,50.0,Limit,0,116.494
DESKTOP-KQF03T0,Jashvanth,2026-06-30T17:14:35.915149,Q132_V002,Q_1450,3,2,1,1,2,1,577,4,0,0,4,71.8,7288.31,173026727424,48684761088,3,0,2,0,0,1,1,13,50,50.0,Limit,0,63.095
DESKTOP-KQF03T0,Jashvanth,2026-06-30T17:14:41.195644,Q132_V003,Q_1451,1,2,1,1,2,1,576,4,0,0,4,78.8,7300.59,173030721536,48685490176,3,0,2,0,0,1,1,13,50,50.0,Limit,0,218.087
DESKTOP-KQF03T0,Jashvanth,2026-06-30T17:14:46.536274,Q132_V003,Q_1451,2,2,1,1,2,1,576,4,0,0,4,80.3,7075.53,173033707520,48686841856,3,0,2,0,0,1,1,13,50,50.0,Limit,0,222.135
DESKTOP-KQF03T0,Jashvanth,2026-06-30T17:14:51.871734,Q132_V003,Q_1451,3,2,1,1,2,1,576,4,0,0,4,80.1,6841.02,173037537280,48688984064,3,0,2,0,0,1,1,13,50,50.0,Limit,0,217.383
DESKTOP-KQF03T0,Jashvanth,2026-06-30T17:14:57.205167,Q132_V004,Q_1452,1,2,1,1,2,1,582,4,0,0,4,66.9,6850.19,173040691200,48689500160,3,0,2,0,0,1,1,13,50,50.0,Limit,0,225.559
DESKTOP-KQF03T0,Jashvanth,2026-06-30T17:15:02.572759,Q132_V004,Q_1452,2,2,1,1,2,1,582,4,0,0,4,65.5,6866.75,173042370560,48689963008,3,0,2,0,0,1,1,13,50,50.0,Limit,0,265.694
DESKTOP-KQF03T0,Jashvanth,2026-06-30T17:15:07.933664,Q132_V004,Q_1452,3,2,1,1,2,1,582,4,0,0,4,66.6,6845.43,173043599360,48690569216,3,0,2,0,0,1,1,13,50,50.0,Limit,0,267.951
DESKTOP-KQF03T0,Jashvanth,2026-06-30T17:15:13.315908,Q132_V005,Q_1453,1,2,1,1,2,1,583,4,0,0,4,70.0,6834.81,173046523904,48690819072,3,0,2,0,0,1,1,13,50,50.0,Limit,0,252.798
DESKTOP-KQF03T0,Jashvanth,2026-06-30T17:15:18.770368,Q132_V005,Q_1453,2,2,1,1,2,1,583,4,0,0,4,67.1,6833.24,173047900160,48691990528,3,0,2,0,0,1,1,13,50,50.0,Limit,0,334.094
DESKTOP-KQF03T0,Jashvanth,2026-06-30T17:15:24.218613,Q132_V005,Q_1453,3,2,1,1,2,1,583,4,0,0,4,61.9,6898.25,173053083648,48692625408,3,0,2,0,0,1,1,13,50,50.0,Limit,0,353.536
DESKTOP-KQF03T0,Jashvanth,2026-06-30T17:15:29.481208,Q132_V006,Q_1454,1,2,1,1,2,1,583,4,0,0,4,70.3,6948.65,173058412544,48693841920,3,0,2,0,0,1,1,13,50,50.0,Limit,0,181.921
DESKTOP-KQF03T0,Jashvanth,2026-06-30T17:15:34.765462,Q132_V006,Q_1454,2,2,1,1,2,1,583,4,0,0,4,66.7,6975.41,173069180928,48694423552,3,0,2,0,0,1,1,13,50,50.0,Limit,0,226.993
DESKTOP-KQF03T0,Jashvanth,2026-06-30T17:15:39.981934,Q132_V006,Q_1454,3,2,1,1,2,1,583,4,0,0,4,63.8,6870.99,173071749120,48695361536,3,0,2,0,0,1,1,13,50,50.0,Limit,0,154.475
DESKTOP-KQF03T0,Jashvanth,2026-06-30T17:15:52.200920,Q132_V007,Q_1455,1,2,1,1,2,1,579,4,0,0,4,62.1,6877.59,173125233664,48707145728,3,0,1,1,0,1,1,13,50,50.0,Limit,0,7127.425
DESKTOP-KQF03T0,Jashvanth,2026-06-30T17:16:05.185336,Q132_V007,Q_1455,2,2,1,1,2,1,579,4,0,0,4,61.5,6881.75,173129235456,48721235968,3,0,1,1,0,1,1,13,50,50.0,Limit,0,7857.635
DESKTOP-KQF03T0,Jashvanth,2026-06-30T17:16:15.083258,Q132_V007,Q_1455,3,2,1,1,2,1,579,4,0,0,4,68.3,6916.74,173132316160,48732495872,3,0,1,1,0,1,1,13,50,50.0,Limit,0,4761.007
DESKTOP-KQF03T0,Jashvanth,2026-06-30T17:16:20.517826,Q132_V008,Q_1456,1,2,1,1,2,1,579,4,0,0,4,66.0,6826.43,173137078784,48732938240,3,0,2,0,0,1,1,13,10,10.0,Limit,0,328.913
DESKTOP-KQF03T0,Jashvanth,2026-06-30T17:16:25.974537,Q132_V008,Q_1456,2,2,1,1,2,1,579,4,0,0,4,64.8,6865.32,173153280512,48733769728,3,0,2,0,0,1,1,13,10,10.0,Limit,0,332.015
DESKTOP-KQF03T0,Jashvanth,2026-06-30T17:16:31.336595,Q132_V008,Q_1456,3,2,1,1,2,1,579,4,0,0,4,60.2,6933.78,173153862144,48735453184,3,0,2,0,0,1,1,13,10,10.0,Limit,0,210.216
DESKTOP-KQF03T0,Jashvanth,2026-06-30T17:16:36.665578,Q132_V009,Q_1457,1,2,1,1,2,1,580,4,0,0,4,61.9,6927.71,173155987968,48736821248,3,0,2,0,0,1,1,13,100,100.0,Limit,0,231.012
DESKTOP-KQF03T0,Jashvanth,2026-06-30T17:16:42.125366,Q132_V009,Q_1457,2,2,1,1,2,1,580,4,0,0,4,61.3,6883.98,173157192192,48737550336,3,0,2,0,0,1,1,13,100,100.0,Limit,0,343.504
DESKTOP-KQF03T0,Jashvanth,2026-06-30T17:16:47.423430,Q132_V009,Q_1457,3,2,1,1,2,1,580,4,0,0,4,58.2,6917.42,173157700096,48738017280,3,0,2,0,0,1,1,13,100,100.0,Limit,0,200.695
DESKTOP-KQF03T0,Jashvanth,2026-06-30T17:16:52.706938,Q132_V010,Q_1458,1,2,1,1,2,1,581,4,0,0,4,63.7,6913.46,173174206464,48738889728,3,0,2,0,0,1,1,13,1000,500.0,Limit,0,243.509
DESKTOP-KQF03T0,Jashvanth,2026-06-30T17:16:58.114394,Q132_V010,Q_1458,2,2,1,1,2,1,581,4,0,0,4,63.5,6926.57,173246435840,48739258368,3,0,2,0,0,1,1,13,1000,500.0,Limit,0,312.459
DESKTOP-KQF03T0,Jashvanth,2026-06-30T17:17:03.440910,Q132_V010,Q_1458,3,2,1,1,2,1,581,4,0,0,4,65.2,6895.28,173246865920,48739770368,3,0,2,0,0,1,1,13,1000,500.0,Limit,0,213.436
DESKTOP-KQF03T0,Jashvanth,2026-06-30T17:17:08.514227,Q133_V001,Q_1459,1,3,0,1,1,0,604,5,0,0,4,73.7,6871.73,173250221568,48739962880,4,0,3,0,0,1,1,12,170,5.0,Sort,0,19.49
DESKTOP-KQF03T0,Jashvanth,2026-06-30T17:17:13.658452,Q133_V001,Q_1459,2,3,0,1,1,0,604,5,0,0,4,70.0,6997.27,173283948032,48740474880,4,0,3,0,0,1,1,12,170,5.0,Sort,0,60.758
DESKTOP-KQF03T0,Jashvanth,2026-06-30T17:17:18.808665,Q133_V001,Q_1459,3,3,0,1,1,0,604,5,0,0,4,78.6,6969.58,173328265216,48847269888,4,0,3,0,0,1,1,12,170,5.0,Sort,0,29.921
DESKTOP-KQF03T0,Jashvanth,2026-06-30T17:17:23.894841,Q133_V002,Q_1460,1,3,0,1,1,0,603,5,0,0,4,87.2,6982.56,173484771328,48848228352,4,0,3,0,0,1,1,12,170,5.0,Sort,0,16.749
DESKTOP-KQF03T0,Jashvanth,2026-06-30T17:17:29.005858,Q133_V002,Q_1460,2,3,0,1,1,0,603,5,0,0,4,79.2,6965.3,173486573568,48848883712,4,0,3,0,0,1,1,12,170,5.0,Sort,0,25.663
DESKTOP-KQF03T0,Jashvanth,2026-06-30T17:17:34.123245,Q133_V002,Q_1460,3,3,0,1,1,0,603,5,0,0,4,82.7,7051.52,173509463040,48849690624,4,0,3,0,0,1,1,12,170,5.0,Sort,0,27.89
DESKTOP-KQF03T0,Jashvanth,2026-06-30T17:17:39.222250,Q133_V003,Q_1461,1,3,0,1,1,0,603,5,0,0,4,94.2,7230.95,173711240704,48850485248,4,0,3,0,0,1,1,12,170,5.0,Sort,0,34.893
DESKTOP-KQF03T0,Jashvanth,2026-06-30T17:17:44.341924,Q133_V003,Q_1461,2,3,0,1,1,0,603,5,0,0,4,90.6,7292.37,173794199040,48859459584,4,0,3,0,0,1,1,12,170,5.0,Sort,0,36.588
DESKTOP-KQF03T0,Jashvanth,2026-06-30T17:17:49.540078,Q133_V003,Q_1461,3,3,0,1,1,0,603,5,0,0,4,89.8,7291.37,173836172800,48910950400,4,0,3,0,0,1,1,12,170,5.0,Sort,0,33.797
DESKTOP-KQF03T0,Jashvanth,2026-06-30T17:17:54.735534,Q133_V004,Q_1462,1,3,0,1,1,0,603,5,0,0,4,83.7,7288.05,173864781824,48935698432,4,0,3,0,0,1,1,12,170,5.0,Sort,0,26.389
DESKTOP-KQF03T0,Jashvanth,2026-06-30T17:17:59.906710,Q133_V004,Q_1462,2,3,0,1,1,0,603,5,0,0,4,80.8,7268.61,173867960320,48940494848,4,0,3,0,0,1,1,12,170,5.0,Sort,0,22.887
DESKTOP-KQF03T0,Jashvanth,2026-06-30T17:18:05.123148,Q133_V004,Q_1462,3,3,0,1,1,0,603,5,0,0,4,79.5,7286.27,173871077376,48942686208,4,0,3,0,0,1,1,12,170,5.0,Sort,0,27.267
DESKTOP-KQF03T0,Jashvanth,2026-06-30T17:18:10.232083,Q133_V005,Q_1463,1,3,0,1,1,0,606,5,0,0,4,81.1,7312.38,173888388608,48944340992,4,0,3,0,0,1,1,12,170,5.0,Sort,0,29.653
DESKTOP-KQF03T0,Jashvanth,2026-06-30T17:18:15.374376,Q133_V005,Q_1463,2,3,0,1,1,0,606,5,0,0,4,90.5,7017.67,173905676800,48989315072,4,0,3,0,0,1,1,12,170,5.0,Sort,0,20.909
DESKTOP-KQF03T0,Jashvanth,2026-06-30T17:18:20.464455,Q133_V005,Q_1463,3,3,0,1,1,0,606,5,0,0,4,81.5,7063.58,173921962496,49072480256,4,0,3,0,0,1,1,12,170,5.0,Sort,0,24.497
DESKTOP-KQF03T0,Jashvanth,2026-06-30T17:18:25.665156,Q133_V006,Q_1464,1,3,0,1,1,0,605,5,0,0,4,75.5,7037.48,173923551744,49074552832,4,0,3,0,0,1,1,12,170,5.0,Sort,0,28.625
DESKTOP-KQF03T0,Jashvanth,2026-06-30T17:18:30.721537,Q133_V006,Q_1464,2,3,0,1,1,0,605,5,0,0,4,90.7,7105.05,173959821824,49075550720,4,0,3,0,0,1,1,12,170,5.0,Sort,0,12.352
DESKTOP-KQF03T0,Jashvanth,2026-06-30T17:18:35.884458,Q133_V006,Q_1464,3,3,0,1,1,0,605,5,0,0,4,83.0,7135.4,173964437504,49077778944,4,0,3,0,0,1,1,12,170,5.0,Sort,0,22.44
DESKTOP-KQF03T0,Jashvanth,2026-06-30T17:18:41.113109,Q133_V007,Q_1465,1,3,0,1,1,0,605,5,0,0,4,94.4,7570.11,174243544064,49078692352,4,0,3,0,0,1,1,12,170,5.0,Sort,0,27.621
DESKTOP-KQF03T0,Jashvanth,2026-06-30T17:18:46.324671,Q133_V007,Q_1465,2,3,0,1,1,0,605,5,0,0,4,99.9,7541.06,174297585152,49115605504,4,0,3,0,0,1,1,12,170,5.0,Sort,0,24.507
DESKTOP-KQF03T0,Jashvanth,2026-06-30T17:18:51.418748,Q133_V007,Q_1465,3,3,0,1,1,0,605,5,0,0,4,89.9,7513.26,174330705408,49141475840,4,0,3,0,0,1,1,12,170,5.0,Sort,0,17.213
DESKTOP-KQF03T0,Jashvanth,2026-06-30T17:18:56.513675,Q133_V008,Q_1466,1,3,0,1,1,0,605,5,0,0,4,83.5,7414.38,174348264960,49143933440,4,0,3,0,0,1,1,12,170,5.0,Sort,0,23.279
DESKTOP-KQF03T0,Jashvanth,2026-06-30T17:19:01.680704,Q133_V008,Q_1466,2,3,0,1,1,0,605,5,0,0,4,80.0,7433.59,174357190144,49144338944,4,0,3,0,0,1,1,12,170,5.0,Sort,0,18.242
DESKTOP-KQF03T0,Jashvanth,2026-06-30T17:19:06.883351,Q133_V008,Q_1466,3,3,0,1,1,0,605,5,0,0,4,76.1,7463.48,174360258048,49145530880,4,0,3,0,0,1,1,12,170,5.0,Sort,0,52.195
DESKTOP-KQF03T0,Jashvanth,2026-06-30T17:19:12.007354,Q133_V009,Q_1467,1,3,0,1,1,0,610,5,0,0,4,84.4,7450.94,174370212864,49146014208,4,0,3,0,0,1,1,12,170,5.0,Sort,0,13.58
DESKTOP-KQF03T0,Jashvanth,2026-06-30T17:19:17.108208,Q133_V009,Q_1467,2,3,0,1,1,0,610,5,0,0,4,81.7,7423.23,174374611456,49146305024,4,0,3,0,0,1,1,12,170,5.0,Sort,0,29.315
DESKTOP-KQF03T0,Jashvanth,2026-06-30T17:19:22.203890,Q133_V009,Q_1467,3,3,0,1,1,0,610,5,0,0,4,73.4,7408.91,174377507328,49147247104,4,0,3,0,0,1,1,12,170,5.0,Sort,0,21.389
DESKTOP-KQF03T0,Jashvanth,2026-06-30T17:19:27.386449,Q133_V010,Q_1468,1,3,0,1,1,0,611,5,0,0,4,70.3,7395.57,174379043328,49147652608,4,0,3,0,0,1,1,12,170,5.0,Sort,0,65.57
DESKTOP-KQF03T0,Jashvanth,2026-06-30T17:19:32.488175,Q133_V010,Q_1468,2,3,0,1,1,0,611,5,0,0,4,84.6,7471.68,174410696192,49148656128,4,0,3,0,0,1,1,12,170,5.0,Sort,0,31.061
DESKTOP-KQF03T0,Jashvanth,2026-06-30T17:19:37.616056,Q133_V010,Q_1468,3,3,0,1,1,0,611,5,0,0,4,76.7,7519.91,174415216640,49149065728,4,0,3,0,0,1,1,12,170,5.0,Sort,0,18.107
DESKTOP-KQF03T0,Jashvanth,2026-06-30T17:19:42.719938,Q134_V001,Q_1469,1,2,2,2,1,2,547,2,0,0,5,76.9,7510.3,174436245504,49151298560,3,0,2,0,0,1,2,12,30,0.0,Limit,0,25.24
DESKTOP-KQF03T0,Jashvanth,2026-06-30T17:19:47.831719,Q134_V001,Q_1469,2,2,2,2,1,2,547,2,0,0,5,99.7,7523.86,174506866176,49185459712,3,0,2,0,0,1,2,12,30,0.0,Limit,0,37.459
DESKTOP-KQF03T0,Jashvanth,2026-06-30T17:19:52.921483,Q134_V001,Q_1469,3,2,2,2,1,2,547,2,0,0,5,98.7,7436.39,175091011072,49241370112,3,0,2,0,0,1,2,12,30,0.0,Limit,0,18.676
DESKTOP-KQF03T0,Jashvanth,2026-06-30T17:19:58.015218,Q134_V002,Q_1470,1,2,2,2,1,2,547,2,0,0,5,99.0,7331.95,175116984832,49310006784,3,0,2,0,0,1,2,12,30,0.0,Limit,0,28.218
DESKTOP-KQF03T0,Jashvanth,2026-06-30T17:20:03.084893,Q134_V002,Q_1470,2,2,2,2,1,2,547,2,0,0,5,76.9,7279.15,175118414848,49310510592,3,0,2,0,0,1,2,12,30,0.0,Limit,0,14.905
DESKTOP-KQF03T0,Jashvanth,2026-06-30T17:20:08.178330,Q134_V002,Q_1470,3,2,2,2,1,2,547,2,0,0,5,69.6,7250.96,175120320000,49311661568,3,0,2,0,0,1,2,12,30,0.0,Limit,0,38.337
DESKTOP-KQF03T0,Jashvanth,2026-06-30T17:20:13.289706,Q134_V003,Q_1471,1,2,2,2,1,2,547,2,0,0,5,72.6,7231.53,175126456320,49312296448,3,0,2,0,0,1,2,12,30,30.0,Limit,0,38.615
DESKTOP-KQF03T0,Jashvanth,2026-06-30T17:20:18.445366,Q134_V003,Q_1471,2,2,2,2,1,2,547,2,0,0,5,74.0,7292.66,175147290624,49312910848,3,0,2,0,0,1,2,12,30,30.0,Limit,0,35.064
DESKTOP-KQF03T0,Jashvanth,2026-06-30T17:20:23.521951,Q134_V003,Q_1471,3,2,2,2,1,2,547,2,0,0,5,83.6,7261.34,175237046784,49314278912,3,0,2,0,0,1,2,12,30,30.0,Limit,0,35.805
DESKTOP-KQF03T0,Jashvanth,2026-06-30T17:20:28.597142,Q134_V004,Q_1472,1,2,2,2,1,2,546,2,0,0,5,75.5,7220.87,175327062016,49319915008,3,0,2,0,0,1,2,12,30,30.0,Limit,0,26.292
DESKTOP-KQF03T0,Jashvanth,2026-06-30T17:20:33.702345,Q134_V004,Q_1472,2,2,2,2,1,2,546,2,0,0,5,70.0,7274.04,175333663744,49320023040,3,0,2,0,0,1,2,12,30,30.0,Limit,0,31.393
DESKTOP-KQF03T0,Jashvanth,2026-06-30T17:20:38.796156,Q134_V004,Q_1472,3,2,2,2,1,2,546,2,0,0,5,70.2,7301.88,175335045120,49321214976,3,0,2,0,0,1,2,12,30,30.0,Limit,0,42.788
DESKTOP-KQF03T0,Jashvanth,2026-06-30T17:20:43.906456,Q134_V005,Q_1473,1,2,2,2,1,2,546,2,0,0,5,68.3,7300.32,175335886848,49321690112,3,0,2,0,0,1,2,12,50,50.0,Limit,0,22.841
DESKTOP-KQF03T0,Jashvanth,2026-06-30T17:20:49.027839,Q134_V005,Q_1473,2,2,2,2,1,2,546,2,0,0,5,71.8,7253.29,175336919040,49321927680,3,0,2,0,0,1,2,12,50,50.0,Limit,0,45.819
DESKTOP-KQF03T0,Jashvanth,2026-06-30T17:20:54.126009,Q134_V005,Q_1473,3,2,2,2,1,2,546,2,0,0,5,76.0,7237.69,175340556288,49322775552,3,0,2,0,0,1,2,12,50,50.0,Limit,0,41.274
DESKTOP-KQF03T0,Jashvanth,2026-06-30T17:20:59.252697,Q134_V006,Q_1474,1,2,2,2,1,2,547,2,0,0,5,74.9,7204.94,175356045312,49336157184,3,0,2,0,0,1,2,12,100,100.0,Limit,0,49.219
DESKTOP-KQF03T0,Jashvanth,2026-06-30T17:21:04.455479,Q134_V006,Q_1474,2,2,2,2,1,2,547,2,0,0,5,69.6,7239.57,175357118464,49336816640,3,0,2,0,0,1,2,12,100,100.0,Limit,0,63.73
DESKTOP-KQF03T0,Jashvanth,2026-06-30T17:21:09.632624,Q134_V006,Q_1474,3,2,2,2,1,2,547,2,0,0,5,73.5,7199.96,175358437376,49337377792,3,0,2,0,0,1,2,12,100,100.0,Limit,0,51.7
DESKTOP-KQF03T0,Jashvanth,2026-06-30T17:21:14.694351,Q134_V007,Q_1475,1,2,2,2,1,2,547,2,0,0,5,70.6,7190.15,175360313344,49337848832,3,0,2,0,0,1,2,12,300,300.0,Limit,0,25.226
DESKTOP-KQF03T0,Jashvanth,2026-06-30T17:21:19.743883,Q134_V007,Q_1475,2,2,2,2,1,2,547,2,0,0,5,70.4,7246.02,175385775104,49338618880,3,0,2,0,0,1,2,12,300,300.0,Limit,0,15.874
DESKTOP-KQF03T0,Jashvanth,2026-06-30T17:21:24.813607,Q134_V007,Q_1475,3,2,2,2,1,2,547,2,0,0,5,73.8,7244.7,175410847232,49339323392,3,0,2,0,0,1,2,12,300,300.0,Limit,0,28.817
DESKTOP-KQF03T0,Jashvanth,2026-06-30T17:21:29.912549,Q134_V008,Q_1476,1,2,2,2,1,2,547,2,0,0,5,76.1,7212.16,175420005376,49340138496,3,0,2,0,0,1,2,12,333,500.0,Limit,0,40.493
DESKTOP-KQF03T0,Jashvanth,2026-06-30T17:21:34.997317,Q134_V008,Q_1476,2,2,2,2,1,2,547,2,0,0,5,76.5,7224.24,175434789888,49342497792,3,0,2,0,0,1,2,12,333,500.0,Limit,0,16.009
DESKTOP-KQF03T0,Jashvanth,2026-06-30T17:21:40.199751,Q134_V008,Q_1476,3,2,2,2,1,2,547,2,0,0,5,74.5,7294.3,175435854848,49344041984,3,0,2,0,0,1,2,12,333,500.0,Limit,0,73.21
DESKTOP-KQF03T0,Jashvanth,2026-06-30T17:21:45.382630,Q134_V009,Q_1477,1,2,2,2,1,2,548,2,0,0,5,75.2,7330.27,175512549376,49344562176,3,0,2,0,0,1,2,12,333,1000.0,Limit,0,40.081
DESKTOP-KQF03T0,Jashvanth,2026-06-30T17:21:50.501760,Q134_V009,Q_1477,2,2,2,2,1,2,548,2,0,0,5,71.8,7315.74,175514363904,49345025024,3,0,2,0,0,1,2,12,333,1000.0,Limit,0,62.301
DESKTOP-KQF03T0,Jashvanth,2026-06-30T17:21:55.624836,Q134_V009,Q_1477,3,2,2,2,1,2,548,2,0,0,5,74.4,7308.07,175534442496,49345348608,3,0,2,0,0,1,2,12,333,1000.0,Limit,0,27.949
DESKTOP-KQF03T0,Jashvanth,2026-06-30T17:22:00.807325,Q134_V010,Q_1478,1,2,2,2,1,2,553,2,0,0,5,68.8,7286.96,175536146432,49346032640,3,0,2,0,0,1,2,12,333,1000.0,Limit,0,91.676
DESKTOP-KQF03T0,Jashvanth,2026-06-30T17:22:06.030792,Q134_V010,Q_1478,2,2,2,2,1,2,553,2,0,0,5,74.0,7311.91,175537625088,49346647040,3,0,2,0,0,1,2,12,333,1000.0,Limit,0,93.011
DESKTOP-KQF03T0,Jashvanth,2026-06-30T17:22:11.181489,Q134_V010,Q_1478,3,2,2,2,1,2,553,2,0,0,5,93.5,7297.79,175591651328,49347142656,3,0,2,0,0,1,2,12,333,1000.0,Limit,0,40.834
DESKTOP-KQF03T0,Jashvanth,2026-06-30T17:22:16.353131,Q135_V001,Q_1479,1,1,0,2,1,2,520,2,1,0,6,74.3,7265.67,175660628992,49442006016,2,0,1,0,0,1,2,8,5000,21.0,Aggregate,0,32.821
DESKTOP-KQF03T0,Jashvanth,2026-06-30T17:22:21.491295,Q135_V001,Q_1479,2,1,0,2,1,2,520,2,1,0,6,69.3,7025.11,175663969280,49485702144,2,0,1,0,0,1,2,8,5000,21.0,Aggregate,0,33.877
DESKTOP-KQF03T0,Jashvanth,2026-06-30T17:22:26.648736,Q135_V001,Q_1479,3,1,0,2,1,2,520,2,1,0,6,71.2,7232.36,175664428032,49487119360,2,0,1,0,0,1,2,8,5000,21.0,Aggregate,0,91.517
DESKTOP-KQF03T0,Jashvanth,2026-06-30T17:22:31.718755,Q135_V002,Q_1480,1,0,0,2,1,1,225,2,0,0,3,73.4,7236.74,175666631680,49487637504,1,0,0,0,0,1,2,4,200,6.0,Sort,0,4.585
DESKTOP-KQF03T0,Jashvanth,2026-06-30T17:22:36.866440,Q135_V002,Q_1480,2,0,0,2,1,1,225,2,0,0,3,70.4,7263.79,175667581952,49489226752,1,0,0,0,0,1,2,4,200,6.0,Sort,0,26.69
DESKTOP-KQF03T0,Jashvanth,2026-06-30T17:22:41.932218,Q135_V002,Q_1480,3,0,0,2,1,1,225,2,0,0,3,69.3,7511.06,175672304128,49489857536,1,0,0,0,0,1,2,4,200,6.0,Sort,0,6.407
DESKTOP-KQF03T0,Jashvanth,2026-06-30T17:22:46.998213,Q135_V003,Q_1481,1,0,0,2,1,1,265,2,0,0,4,80.0,7521.36,175682911744,49523293184,1,0,0,0,0,1,2,5,200,6.0,Sort,0,8.738
DESKTOP-KQF03T0,Jashvanth,2026-06-30T17:22:52.049578,Q135_V003,Q_1481,2,0,0,2,1,1,265,2,0,0,4,87.7,7178.29,175692309504,49677134848,1,0,0,0,0,1,2,5,200,6.0,Sort,0,6.92
DESKTOP-KQF03T0,Jashvanth,2026-06-30T17:22:57.120354,Q135_V003,Q_1481,3,0,0,2,1,1,265,2,0,0,4,93.8,7393.46,175706044416,49677507584,1,0,0,0,0,1,2,5,200,6.0,Sort,0,5.981
DESKTOP-KQF03T0,Jashvanth,2026-06-30T17:23:02.429283,Q135_V004,Q_1482,1,1,0,2,1,2,466,2,0,0,6,99.9,7330.58,175714592768,49746664448,2,0,1,0,0,1,2,8,5000,21.0,Sort,0,17.874
DESKTOP-KQF03T0,Jashvanth,2026-06-30T17:23:07.532150,Q135_V004,Q_1482,2,1,0,2,1,2,466,2,0,0,6,78.7,7330.84,175720963072,49747254272,2,0,1,0,0,1,2,8,5000,21.0,Sort,0,19.756
DESKTOP-KQF03T0,Jashvanth,2026-06-30T17:23:12.663917,Q135_V004,Q_1482,3,1,0,2,1,2,466,2,0,0,6,76.5,7405.51,175736851456,49747360768,2,0,1,0,0,1,2,8,5000,21.0,Sort,0,19.912
DESKTOP-KQF03T0,Jashvanth,2026-06-30T17:23:17.811959,Q135_V005,Q_1483,1,1,0,3,1,2,418,3,0,0,5,75.0,7436.88,175739302912,49748622336,1,1,1,0,0,1,3,9,200,6.0,Sort,0,16.676
DESKTOP-KQF03T0,Jashvanth,2026-06-30T17:23:22.901002,Q135_V005,Q_1483,2,1,0,3,1,2,418,3,0,0,5,67.8,6896.64,175740570624,49749072896,1,1,1,0,0,1,3,9,200,6.0,Sort,0,23.074
DESKTOP-KQF03T0,Jashvanth,2026-06-30T17:23:28.013032,Q135_V005,Q_1483,3,1,0,3,1,2,418,3,0,0,5,70.3,6878.27,175744361472,49749617664,1,1,1,0,0,1,3,9,200,6.0,Sort,0,32.427
DESKTOP-KQF03T0,Jashvanth,2026-06-30T17:23:33.122767,Q135_V006,Q_1484,1,1,0,2,1,2,423,2,0,0,6,59.8,6896.82,175762310656,49749814272,2,0,1,0,0,1,2,8,5000,21.0,Aggregate,0,14.084
DESKTOP-KQF03T0,Jashvanth,2026-06-30T17:23:38.197074,Q135_V006,Q_1484,2,1,0,2,1,2,423,2,0,0,6,61.0,6933.3,175778643456,49750313984,2,0,1,0,0,1,2,8,5000,21.0,Aggregate,0,25.725
DESKTOP-KQF03T0,Jashvanth,2026-06-30T17:23:43.373951,Q135_V006,Q_1484,3,1,0,2,1,2,423,2,0,0,6,70.9,6990.29,175890882560,49751309312,2,0,1,0,0,1,2,8,5000,21.0,Aggregate,0,79.974
DESKTOP-KQF03T0,Jashvanth,2026-06-30T17:23:48.427097,Q135_V007,Q_1485,1,1,0,3,0,2,489,3,0,1,8,73.8,7001.7,175909000192,49751813120,2,0,1,0,0,2,3,10,25,6.0,Aggregate,0,17.431
DESKTOP-KQF03T0,Jashvanth,2026-06-30T17:23:53.572372,Q135_V007,Q_1485,2,1,0,3,0,2,489,3,0,1,8,57.4,6939.23,175912600576,49752091648,2,0,1,0,0,2,3,10,25,6.0,Aggregate,0,47.158
DESKTOP-KQF03T0,Jashvanth,2026-06-30T17:23:58.744360,Q135_V007,Q_1485,3,1,0,3,0,2,489,3,0,1,8,63.2,6841.84,175913497600,49752165376,2,0,1,0,0,2,3,10,25,6.0,Aggregate,0,46.05
DESKTOP-KQF03T0,Jashvanth,2026-06-30T17:24:03.984817,Q135_V008,Q_1486,1,1,0,2,1,2,504,3,2,0,6,67.1,6785.89,175914742784,49753451520,2,0,1,0,0,1,2,10,5000,21.0,WindowAgg,0,29.979
DESKTOP-KQF03T0,Jashvanth,2026-06-30T17:24:09.079171,Q135_V008,Q_1486,2,1,0,2,1,2,504,3,2,0,6,58.7,6808.22,175918322688,49753836544,2,0,1,0,0,1,2,10,5000,21.0,WindowAgg,0,36.347
DESKTOP-KQF03T0,Jashvanth,2026-06-30T17:24:14.314094,Q135_V008,Q_1486,3,1,0,2,1,2,504,3,2,0,6,66.4,6833.97,175922422272,49754307584,2,0,1,0,0,1,2,10,5000,21.0,WindowAgg,0,126.784
DESKTOP-KQF03T0,Jashvanth,2026-06-30T17:24:19.570478,Q135_V009,Q_1487,1,1,0,2,1,2,465,2,1,0,6,63.4,6882.34,175925154304,49755708416,2,0,1,0,0,2,2,9,5000,21.0,Sort,0,100.638
DESKTOP-KQF03T0,Jashvanth,2026-06-30T17:24:24.750516,Q135_V009,Q_1487,2,1,0,2,1,2,465,2,1,0,6,66.5,6881.86,175925699072,49755798528,2,0,1,0,0,2,2,9,5000,21.0,Sort,0,58.155
DESKTOP-KQF03T0,Jashvanth,2026-06-30T17:24:29.915620,Q135_V009,Q_1487,3,1,0,2,1,2,465,2,1,0,6,73.9,6900.0,175927632384,49756195840,2,0,1,0,0,2,2,9,5000,21.0,Sort,0,67.826
DESKTOP-KQF03T0,Jashvanth,2026-06-30T17:24:35.017800,Q135_V010,Q_1488,1,1,0,2,1,2,484,3,1,0,6,63.3,6961.21,175949839360,49757211648,2,0,1,0,0,2,2,9,5000,21.0,Sort,0,58.764
DESKTOP-KQF03T0,Jashvanth,2026-06-30T17:24:40.223876,Q135_V010,Q_1488,2,1,0,2,1,2,484,3,1,0,6,57.9,6950.71,175950883840,49757760512,2,0,1,0,0,2,2,9,5000,21.0,Sort,0,114.16
DESKTOP-KQF03T0,Jashvanth,2026-06-30T17:24:45.392297,Q135_V010,Q_1488,3,1,0,2,1,2,484,3,1,0,6,61.5,6927.3,175953374208,49758616576,2,0,1,0,0,2,2,9,5000,21.0,Sort,0,83.072
DESKTOP-KQF03T0,Jashvanth,2026-06-30T17:24:50.621684,Q136_V001,Q_1489,1,2,0,3,1,3,708,3,0,0,6,68.9,6998.57,175958952960,49759978496,2,0,2,0,0,1,3,14,200,636.0,Sort,0,113.647
DESKTOP-KQF03T0,Jashvanth,2026-06-30T17:24:55.761319,Q136_V001,Q_1489,2,2,0,3,1,3,708,3,0,0,6,72.9,6794.03,175963862016,49807315968,2,0,2,0,0,1,3,14,200,636.0,Sort,0,23.011
DESKTOP-KQF03T0,Jashvanth,2026-06-30T17:25:00.863612,Q136_V001,Q_1489,3,2,0,3,1,3,708,3,0,0,6,65.4,6847.41,175966515712,49807586304,2,0,2,0,0,1,3,14,200,636.0,Sort,0,37.274
DESKTOP-KQF03T0,Jashvanth,2026-06-30T17:25:06.076485,Q136_V002,Q_1490,1,2,0,3,1,3,714,3,0,0,6,68.3,6826.7,175968195072,49807877120,2,0,2,0,0,1,3,14,200,636.0,Sort,0,86.783
DESKTOP-KQF03T0,Jashvanth,2026-06-30T17:25:11.196347,Q136_V002,Q_1490,2,2,0,3,1,3,714,3,0,0,6,69.6,6547.66,175968879104,49810035712,2,0,2,0,0,1,3,14,200,636.0,Sort,0,48.384
DESKTOP-KQF03T0,Jashvanth,2026-06-30T17:25:16.315215,Q136_V002,Q_1490,3,2,0,3,1,3,714,3,0,0,6,64.0,6551.04,175972423168,49810240512,2,0,2,0,0,1,3,14,200,636.0,Sort,0,45.459
DESKTOP-KQF03T0,Jashvanth,2026-06-30T17:25:21.427803,Q136_V003,Q_1491,1,2,0,3,1,3,713,3,0,0,6,53.5,6572.9,175973189120,49810596864,2,0,2,0,0,1,3,14,200,636.0,Sort,0,26.783
DESKTOP-KQF03T0,Jashvanth,2026-06-30T17:25:26.494296,Q136_V003,Q_1491,2,2,0,3,1,3,713,3,0,0,6,57.9,6558.49,175975282688,49811272704,2,0,2,0,0,1,3,14,200,636.0,Sort,0,29.502
DESKTOP-KQF03T0,Jashvanth,2026-06-30T17:25:31.699528,Q136_V003,Q_1491,3,2,0,3,1,3,713,3,0,0,6,55.7,6578.59,175975811072,49811604480,2,0,2,0,0,1,3,14,200,636.0,Sort,0,48.319
DESKTOP-KQF03T0,Jashvanth,2026-06-30T17:25:36.821210,Q136_V004,Q_1492,1,2,0,3,1,3,709,3,0,0,6,67.5,6584.09,175976224768,49811977216,2,0,2,0,0,1,3,14,200,636.0,Sort,0,21.363
DESKTOP-KQF03T0,Jashvanth,2026-06-30T17:25:42.044176,Q136_V004,Q_1492,2,2,0,3,1,3,709,3,0,0,6,64.7,6580.32,175976998912,49813136384,2,0,2,0,0,1,3,14,200,636.0,Sort,0,54.012
DESKTOP-KQF03T0,Jashvanth,2026-06-30T17:25:47.114773,Q136_V004,Q_1492,3,2,0,3,1,3,709,3,0,0,6,64.4,6556.35,175979665408,49813292032,2,0,2,0,0,1,3,14,200,636.0,Sort,0,32.521
DESKTOP-KQF03T0,Jashvanth,2026-06-30T17:25:52.339088,Q136_V005,Q_1493,1,2,0,3,1,3,709,3,0,0,6,59.2,6616.89,175981078528,49813812224,2,0,2,0,0,1,3,14,200,636.0,Sort,0,136.067
DESKTOP-KQF03T0,Jashvanth,2026-06-30T17:25:57.506605,Q136_V005,Q_1493,2,2,0,3,1,3,709,3,0,0,6,70.7,6581.84,175981619200,49814475776,2,0,2,0,0,1,3,14,200,636.0,Sort,0,43.118
DESKTOP-KQF03T0,Jashvanth,2026-06-30T17:26:02.721690,Q136_V005,Q_1493,3,2,0,3,1,3,709,3,0,0,6,60.2,6567.09,175982282752,49814836224,2,0,2,0,0,1,3,14,200,636.0,Sort,0,103.936
DESKTOP-KQF03T0,Jashvanth,2026-06-30T17:26:07.911167,Q136_V006,Q_1494,1,2,0,3,1,3,708,3,0,0,6,58.9,6619.56,175982692352,49815098368,2,0,2,0,0,1,3,14,200,636.0,Sort,0,58.501
DESKTOP-KQF03T0,Jashvanth,2026-06-30T17:26:13.056960,Q136_V006,Q_1494,2,2,0,3,1,3,708,3,0,0,6,66.7,6613.48,175983740928,49815720960,2,0,2,0,0,1,3,14,200,636.0,Sort,0,31.366
DESKTOP-KQF03T0,Jashvanth,2026-06-30T17:26:18.148911,Q136_V006,Q_1494,3,2,0,3,1,3,708,3,0,0,6,62.7,6669.21,175984709632,49816118272,2,0,2,0,0,1,3,14,200,636.0,Sort,0,37.366
DESKTOP-KQF03T0,Jashvanth,2026-06-30T17:26:23.266923,Q136_V007,Q_1495,1,2,0,3,1,3,713,3,0,0,6,58.6,6650.7,175993142272,49816839168,2,0,2,0,0,1,3,14,200,636.0,Sort,0,57.929
DESKTOP-KQF03T0,Jashvanth,2026-06-30T17:26:28.460929,Q136_V007,Q_1495,2,2,0,3,1,3,713,3,0,0,6,60.4,6619.17,175993519104,49817318400,2,0,2,0,0,1,3,14,200,636.0,Sort,0,89.29
DESKTOP-KQF03T0,Jashvanth,2026-06-30T17:26:33.537512,Q136_V007,Q_1495,3,2,0,3,1,3,713,3,0,0,6,57.4,6642.14,175995938304,49818822144,2,0,2,0,0,1,3,14,200,636.0,Sort,0,26.262
DESKTOP-KQF03T0,Jashvanth,2026-06-30T17:26:38.736189,Q136_V008,Q_1496,1,2,0,3,1,3,714,3,0,0,6,55.2,6696.36,175996151296,49819235840,2,0,2,0,0,1,3,14,200,636.0,Sort,0,44.381
DESKTOP-KQF03T0,Jashvanth,2026-06-30T17:26:43.903635,Q136_V008,Q_1496,2,2,0,3,1,3,714,3,0,0,6,56.6,6592.68,175996831232,49853584896,2,0,2,0,0,1,3,14,200,636.0,Sort,0,75.01
DESKTOP-KQF03T0,Jashvanth,2026-06-30T17:26:49.067450,Q136_V008,Q_1496,3,2,0,3,1,3,714,3,0,0,6,54.7,6677.34,175998285312,49854551552,2,0,2,0,0,1,3,14,200,636.0,Sort,0,74.523
DESKTOP-KQF03T0,Jashvanth,2026-06-30T17:26:54.203155,Q136_V009,Q_1497,1,2,0,3,1,3,714,3,0,0,6,66.7,6638.46,176014976512,49854825984,2,0,2,0,0,1,3,14,200,636.0,Sort,0,60.891
DESKTOP-KQF03T0,Jashvanth,2026-06-30T17:26:59.418239,Q136_V009,Q_1497,2,2,0,3,1,3,714,3,0,0,6,65.2,6650.78,176026732032,49855333888,2,0,2,0,0,1,3,14,200,636.0,Sort,0,113.631
DESKTOP-KQF03T0,Jashvanth,2026-06-30T17:27:04.589115,Q136_V009,Q_1497,3,2,0,3,1,3,714,3,0,0,6,69.2,6678.54,176110439936,49856509440,2,0,2,0,0,1,3,14,200,636.0,Sort,0,63.122
DESKTOP-KQF03T0,Jashvanth,2026-06-30T17:27:09.754239,Q136_V010,Q_1498,1,2,0,3,1,3,711,3,0,0,6,63.2,6726.91,176113376768,49856861696,2,0,2,0,0,1,3,14,200,636.0,Sort,0,65.609
DESKTOP-KQF03T0,Jashvanth,2026-06-30T17:27:14.846316,Q136_V010,Q_1498,2,2,0,3,1,3,711,3,0,0,6,70.1,6698.54,176174357504,49884091904,2,0,2,0,0,1,3,14,200,636.0,Sort,0,25.952
DESKTOP-KQF03T0,Jashvanth,2026-06-30T17:27:20.016928,Q136_V010,Q_1498,3,2,0,3,1,3,711,3,0,0,6,70.3,6702.09,176179382784,49884681728,2,0,2,0,0,1,3,14,200,636.0,Sort,0,83.955
DESKTOP-KQF03T0,Jashvanth,2026-06-30T17:27:25.168918,Q137_V001,Q_1499,1,3,0,1,1,0,487,3,1,0,4,66.8,6690.23,176180923904,49885500928,4,0,3,0,0,2,1,13,10171,156.0,Sort,0,47.467
DESKTOP-KQF03T0,Jashvanth,2026-06-30T17:27:30.297820,Q137_V001,Q_1499,2,3,0,1,1,0,487,3,1,0,4,59.9,6695.06,176184068608,49886737920,4,0,3,0,0,2,1,13,10171,156.0,Sort,0,38.298
DESKTOP-KQF03T0,Jashvanth,2026-06-30T17:27:35.447673,Q137_V001,Q_1499,3,3,0,1,1,0,487,3,1,0,4,55.2,6803.91,176232421888,49887606272,4,0,3,0,0,2,1,13,10171,156.0,Sort,0,93.735
DESKTOP-KQF03T0,Jashvanth,2026-07-01T08:43:02.179467,Q137_V002,Q_1500,1,3,0,1,1,0,482,3,1,0,4,100.0,7603.04,6597719552,1396850176,4,0,3,0,0,2,1,13,10171,156.0,Sort,0,82.945
DESKTOP-KQF03T0,Jashvanth,2026-07-01T08:43:07.338955,Q137_V002,Q_1500,2,3,0,1,1,0,482,3,1,0,4,100.0,7406.8,6616672768,1695514112,4,0,3,0,0,2,1,13,10171,156.0,Sort,0,43.535
DESKTOP-KQF03T0,Jashvanth,2026-07-01T08:43:12.438460,Q137_V002,Q_1500,3,3,0,1,1,0,482,3,1,0,4,100.0,7561.96,6675520512,1700369920,4,0,3,0,0,2,1,13,10171,156.0,Sort,0,46.245
DESKTOP-KQF03T0,Jashvanth,2026-07-01T08:43:17.520455,Q137_V003,Q_1501,1,3,0,1,1,0,492,3,1,0,4,100.0,7572.46,6689905152,1705293824,4,0,3,0,0,2,1,13,10171,156.0,Sort,0,43.625
DESKTOP-KQF03T0,Jashvanth,2026-07-01T08:43:22.610485,Q137_V003,Q_1501,2,3,0,1,1,0,492,3,1,0,4,100.0,7650.36,6710810624,1711093760,4,0,3,0,0,2,1,13,10171,156.0,Sort,0,49.042
DESKTOP-KQF03T0,Jashvanth,2026-07-01T08:43:27.702903,Q137_V003,Q_1501,3,3,0,1,1,0,492,3,1,0,4,100.0,7655.42,6752117248,1717463040,4,0,3,0,0,2,1,13,10171,156.0,Sort,0,50.759
DESKTOP-KQF03T0,Jashvanth,2026-07-01T08:43:32.781597,Q137_V004,Q_1502,1,3,0,1,1,0,493,3,1,0,4,100.0,7749.67,6774823424,1717753856,4,0,3,0,0,2,1,13,10171,156.0,Sort,0,41.305
DESKTOP-KQF03T0,Jashvanth,2026-07-01T08:43:37.865946,Q137_V004,Q_1502,2,3,0,1,1,0,493,3,1,0,4,100.0,7488.1,6803641856,1718355968,4,0,3,0,0,2,1,13,10171,156.0,Sort,0,42.342
DESKTOP-KQF03T0,Jashvanth,2026-07-01T08:43:42.947464,Q137_V004,Q_1502,3,3,0,1,1,0,493,3,1,0,4,100.0,7441.74,6862086656,1725987840,4,0,3,0,0,2,1,13,10171,156.0,Sort,0,43.779
DESKTOP-KQF03T0,Jashvanth,2026-07-01T08:43:48.195118,Q137_V005,Q_1503,1,3,0,1,1,0,488,3,1,0,4,100.0,7237.46,6931526656,1733409792,4,0,2,1,0,2,1,13,173571,606.0,Sort,0,207.138
DESKTOP-KQF03T0,Jashvanth,2026-07-01T08:43:53.471168,Q137_V005,Q_1503,2,3,0,1,1,0,488,3,1,0,4,100.0,7283.38,7018701312,1738923008,4,0,2,1,0,2,1,13,173571,606.0,Sort,0,239.472
DESKTOP-KQF03T0,Jashvanth,2026-07-01T08:43:58.686897,Q137_V005,Q_1503,3,3,0,1,1,0,488,3,1,0,4,100.0,7202.26,7066386432,1748511744,4,0,2,1,0,2,1,13,173571,606.0,Sort,0,179.159
DESKTOP-KQF03T0,Jashvanth,2026-07-01T08:44:03.775292,Q137_V006,Q_1504,1,3,0,1,1,0,492,3,1,0,4,100.0,7339.41,7121782784,1758776320,4,0,3,0,0,2,1,13,10171,156.0,Sort,0,46.287
DESKTOP-KQF03T0,Jashvanth,2026-07-01T08:44:08.864499,Q137_V006,Q_1504,2,3,0,1,1,0,492,3,1,0,4,100.0,7417.02,7146414080,1768000512,4,0,3,0,0,2,1,13,10171,156.0,Sort,0,48.025
DESKTOP-KQF03T0,Jashvanth,2026-07-01T08:44:13.955844,Q137_V006,Q_1504,3,3,0,1,1,0,492,3,1,0,4,100.0,7551.89,7172341248,1775062016,4,0,3,0,0,2,1,13,10171,156.0,Sort,0,45.835
DESKTOP-KQF03T0,Jashvanth,2026-07-01T08:44:19.040745,Q137_V007,Q_1505,1,3,0,1,1,0,478,3,1,0,4,100.0,7626.49,7197829632,1816824832,4,0,3,0,0,2,1,13,10171,156.0,Sort,0,43.306
DESKTOP-KQF03T0,Jashvanth,2026-07-01T08:44:24.129047,Q137_V007,Q_1505,2,3,0,1,1,0,478,3,1,0,4,100.0,7661.22,7230697984,1824984064,4,0,3,0,0,2,1,13,10171,156.0,Sort,0,45.673
DESKTOP-KQF03T0,Jashvanth,2026-07-01T08:44:29.217140,Q137_V007,Q_1505,3,3,0,1,1,0,478,3,1,0,4,100.0,7713.27,7256635392,1827511296,4,0,3,0,0,2,1,13,10171,156.0,Sort,0,45.556
DESKTOP-KQF03T0,Jashvanth,2026-07-01T08:44:35.501029,Q137_V008,Q_1506,1,3,0,1,1,0,489,3,1,0,4,100.0,7760.72,7285812736,1838726144,4,0,2,1,0,2,1,13,173571,156.0,Sort,0,1225.739
DESKTOP-KQF03T0,Jashvanth,2026-07-01T08:44:41.784511,Q137_V008,Q_1506,2,3,0,1,1,0,489,3,1,0,4,100.0,7750.87,7569154560,1878563840,4,0,2,1,0,2,1,13,173571,156.0,Sort,0,1226.694
DESKTOP-KQF03T0,Jashvanth,2026-07-01T08:44:48.162134,Q137_V008,Q_1506,3,3,0,1,1,0,489,3,1,0,4,100.0,7740.67,7611929600,1885920256,4,0,2,1,0,2,1,13,173571,156.0,Sort,0,1322.328
DESKTOP-KQF03T0,Jashvanth,2026-07-01T08:44:54.488571,Q137_V009,Q_1507,1,3,0,1,1,0,494,3,1,0,4,100.0,7772.61,7641852928,1895398400,4,0,2,1,0,2,1,13,173571,156.0,Sort,0,1271.181
DESKTOP-KQF03T0,Jashvanth,2026-07-01T08:45:00.716159,Q137_V009,Q_1507,2,3,0,1,1,0,494,3,1,0,4,99.8,7814.81,7711880704,1904773120,4,0,2,1,0,2,1,13,173571,156.0,Sort,0,1171.177
DESKTOP-KQF03T0,Jashvanth,2026-07-01T08:45:07.045930,Q137_V009,Q_1507,3,3,0,1,1,0,494,3,1,0,4,100.0,7810.96,7769569792,1910589440,4,0,2,1,0,2,1,13,173571,156.0,Sort,0,1276.747
DESKTOP-KQF03T0,Jashvanth,2026-07-01T08:45:13.233518,Q137_V010,Q_1508,1,3,0,1,1,0,455,3,1,0,4,100.0,7752.22,7848109568,1916479488,4,0,2,1,0,2,1,13,173571,156.0,Sort,0,1129.714
DESKTOP-KQF03T0,Jashvanth,2026-07-01T08:45:19.490919,Q137_V010,Q_1508,2,3,0,1,1,0,455,3,1,0,4,100.0,7783.82,7929607168,1922603008,4,0,2,1,0,2,1,13,173571,156.0,Sort,0,1194.608
DESKTOP-KQF03T0,Jashvanth,2026-07-01T08:45:25.742130,Q137_V010,Q_1508,3,3,0,1,1,0,455,3,1,0,4,100.0,7494.91,8670054400,2217494528,4,0,2,1,0,2,1,13,173571,156.0,Sort,0,1192.811
DESKTOP-KQF03T0,Jashvanth,2026-07-01T08:45:30.818155,Q138_V001,Q_1509,1,1,1,0,1,1,496,1,0,0,3,99.9,7036.95,8787295744,2256762880,2,0,1,0,0,2,0,9,50,0.0,Limit,0,20.711
DESKTOP-KQF03T0,Jashvanth,2026-07-01T08:45:35.880715,Q138_V001,Q_1509,2,1,1,0,1,1,496,1,0,0,3,100.0,7065.36,8865722368,2259810304,2,0,1,0,0,2,0,9,50,0.0,Limit,0,24.723
DESKTOP-KQF03T0,Jashvanth,2026-07-01T08:45:40.940371,Q138_V001,Q_1509,3,1,1,0,1,1,496,1,0,0,3,100.0,7141.73,8937790976,2264542720,2,0,1,0,0,2,0,9,50,0.0,Limit,0,19.76
DESKTOP-KQF03T0,Jashvanth,2026-07-01T08:45:45.999634,Q138_V002,Q_1510,1,1,1,0,1,1,497,1,0,0,3,100.0,6988.23,9249932288,2344527360,2,0,1,0,0,2,0,9,100,0.0,Limit,0,20.415
DESKTOP-KQF03T0,Jashvanth,2026-07-01T08:45:51.063615,Q138_V002,Q_1510,2,1,1,0,1,1,497,1,0,0,3,100.0,7159.81,9398401024,2345953792,2,0,1,0,0,2,0,9,100,0.0,Limit,0,20.021
DESKTOP-KQF03T0,Jashvanth,2026-07-01T08:45:56.122003,Q138_V002,Q_1510,3,1,1,0,1,1,497,1,0,0,3,100.0,7413.98,9569250304,2351173632,2,0,1,0,0,2,0,9,100,0.0,Limit,0,19.129
DESKTOP-KQF03T0,Jashvanth,2026-07-01T08:46:01.185440,Q138_V003,Q_1511,1,1,1,0,1,1,497,1,0,0,3,100.0,7397.01,9660588544,2362175488,2,0,1,0,0,2,0,9,100,100.0,Limit,0,24.264
DESKTOP-KQF03T0,Jashvanth,2026-07-01T08:46:06.247072,Q138_V003,Q_1511,2,1,1,0,1,1,497,1,0,0,3,100.0,7366.93,11817654784,3514519552,2,0,1,0,0,2,0,9,100,100.0,Limit,0,23.78
DESKTOP-KQF03T0,Jashvanth,2026-07-01T08:46:11.309997,Q138_V003,Q_1511,3,1,1,0,1,1,497,1,0,0,3,100.0,7417.31,11872584192,3551985664,2,0,1,0,0,2,0,9,100,100.0,Limit,0,25.954
DESKTOP-KQF03T0,Jashvanth,2026-07-01T08:46:16.374294,Q138_V004,Q_1512,1,1,1,0,1,1,497,1,0,0,3,99.2,7499.48,11923713024,3571527680,2,0,1,0,0,2,0,9,100,0.0,Limit,0,22.494
DESKTOP-KQF03T0,Jashvanth,2026-07-01T08:46:21.438403,Q138_V004,Q_1512,2,1,1,0,1,1,497,1,0,0,3,97.5,7522.21,11970786816,3593236992,2,0,1,0,0,2,0,9,100,0.0,Limit,0,21.651
DESKTOP-KQF03T0,Jashvanth,2026-07-01T08:46:26.499544,Q138_V004,Q_1512,3,1,1,0,1,1,497,1,0,0,3,99.4,7544.67,12025182720,3631952384,2,0,1,0,0,2,0,9,100,0.0,Limit,0,19.731
DESKTOP-KQF03T0,Jashvanth,2026-07-01T08:46:31.567781,Q138_V005,Q_1513,1,1,1,0,1,1,497,1,0,0,3,98.3,7552.88,12088924672,3739076096,2,0,1,0,0,2,0,9,100,100.0,Limit,0,28.111
DESKTOP-KQF03T0,Jashvanth,2026-07-01T08:46:36.635293,Q138_V005,Q_1513,2,1,1,0,1,1,497,1,0,0,3,97.2,7639.53,12209294336,3747579392,2,0,1,0,0,2,0,9,100,100.0,Limit,0,28.235
DESKTOP-KQF03T0,Jashvanth,2026-07-01T08:46:41.710444,Q138_V005,Q_1513,3,1,1,0,1,1,497,1,0,0,3,97.4,7711.87,12322700800,3783030784,2,0,1,0,0,2,0,9,100,100.0,Limit,0,32.852
DESKTOP-KQF03T0,Jashvanth,2026-07-01T08:46:46.784396,Q138_V006,Q_1514,1,1,1,0,1,1,496,1,0,0,3,99.8,7468.42,12613109760,4108867584,2,0,1,0,0,2,0,9,100,100.0,Limit,0,30.299
DESKTOP-KQF03T0,Jashvanth,2026-07-01T08:46:51.855158,Q138_V006,Q_1514,2,1,1,0,1,1,496,1,0,0,3,99.2,7498.08,12965676544,4153047040,2,0,1,0,0,2,0,9,100,100.0,Limit,0,31.172
DESKTOP-KQF03T0,Jashvanth,2026-07-01T08:46:56.922653,Q138_V006,Q_1514,3,1,1,0,1,1,496,1,0,0,3,99.8,7441.0,13498875904,4187538944,2,0,1,0,0,2,0,9,100,100.0,Limit,0,29.639
DESKTOP-KQF03T0,Jashvanth,2026-07-01T08:47:01.992634,Q138_V007,Q_1515,1,1,1,0,1,1,499,1,0,0,3,93.5,7412.74,13911774720,4223360000,2,0,1,0,0,2,0,9,100,100.0,Limit,0,28.761
DESKTOP-KQF03T0,Jashvanth,2026-07-01T08:47:07.059277,Q138_V007,Q_1515,2,1,1,0,1,1,499,1,0,0,3,85.0,7438.61,14155185664,4228406272,2,0,1,0,0,2,0,9,100,100.0,Limit,0,27.803
DESKTOP-KQF03T0,Jashvanth,2026-07-01T08:47:12.139188,Q138_V007,Q_1515,3,1,1,0,1,1,499,1,0,0,3,89.2,7489.5,14639484928,4281608192,2,0,1,0,0,2,0,9,100,100.0,Limit,0,33.538
DESKTOP-KQF03T0,Jashvanth,2026-07-01T08:47:17.220822,Q138_V008,Q_1516,1,1,1,0,1,1,502,1,0,0,3,95.9,7402.84,14951783936,4357592576,2,0,1,0,0,2,0,9,100,100.0,Limit,0,35.192
DESKTOP-KQF03T0,Jashvanth,2026-07-01T08:47:22.297120,Q138_V008,Q_1516,2,1,1,0,1,1,502,1,0,0,3,93.1,7479.17,15291186176,4362462720,2,0,1,0,0,2,0,9,100,100.0,Limit,0,35.395
DESKTOP-KQF03T0,Jashvanth,2026-07-01T08:47:27.365574,Q138_V008,Q_1516,3,1,1,0,1,1,502,1,0,0,3,90.9,7544.49,15395176960,4409648640,2,0,1,0,0,2,0,9,100,100.0,Limit,0,29.977
DESKTOP-KQF03T0,Jashvanth,2026-07-01T08:47:32.434221,Q138_V009,Q_1517,1,1,1,0,1,1,501,1,0,0,3,81.5,7608.88,15526898688,4493412864,2,0,1,0,0,2,0,9,100,100.0,Limit,0,28.752
DESKTOP-KQF03T0,Jashvanth,2026-07-01T08:47:37.506272,Q138_V009,Q_1517,2,1,1,0,1,1,501,1,0,0,3,84.6,7671.84,15615695360,4506020352,2,0,1,0,0,2,0,9,100,100.0,Limit,0,29.918
DESKTOP-KQF03T0,Jashvanth,2026-07-01T08:47:42.581348,Q138_V009,Q_1517,3,1,1,0,1,1,501,1,0,0,3,90.1,7636.7,15704425472,4557351424,2,0,1,0,0,2,0,9,100,100.0,Limit,0,31.035
DESKTOP-KQF03T0,Jashvanth,2026-07-01T08:47:47.643600,Q138_V010,Q_1518,1,1,1,0,1,1,502,1,0,0,3,88.9,7646.26,15823485952,4684511744,2,0,1,0,0,2,0,9,100,100.0,Limit,0,24.263
DESKTOP-KQF03T0,Jashvanth,2026-07-01T08:47:52.763658,Q138_V010,Q_1518,2,1,1,0,1,1,502,1,0,0,3,87.7,7457.53,15960126464,4943960576,2,0,1,0,0,2,0,9,100,100.0,Limit,0,29.824
DESKTOP-KQF03T0,Jashvanth,2026-07-01T08:47:57.842758,Q138_V010,Q_1518,3,1,1,0,1,1,502,1,0,0,3,90.2,7215.15,16116483072,4998124544,2,0,1,0,0,2,0,9,100,100.0,Limit,0,28.575
DESKTOP-KQF03T0,Jashvanth,2026-07-01T08:48:02.953603,Q139_V001,Q_1519,1,1,1,1,3,2,575,1,0,2,5,90.4,7181.03,16170344960,5046937088,2,0,1,0,0,2,1,10,100,100.0,Limit,0,65.757
DESKTOP-KQF03T0,Jashvanth,2026-07-01T08:48:08.066554,Q139_V001,Q_1519,2,1,1,1,3,2,575,1,0,2,5,90.1,7144.32,16216477696,5051377152,2,0,1,0,0,2,1,10,100,100.0,Limit,0,72.312
DESKTOP-KQF03T0,Jashvanth,2026-07-01T08:48:13.153851,Q139_V001,Q_1519,3,1,1,1,3,2,575,1,0,2,5,92.1,7099.8,16256240128,5053761024,2,0,1,0,0,2,1,10,100,100.0,Limit,0,43.988
DESKTOP-KQF03T0,Jashvanth,2026-07-01T08:48:18.277075,Q139_V002,Q_1520,1,1,1,1,3,2,574,1,0,2,5,89.9,7111.61,16307097600,5084739072,2,0,1,0,0,2,1,10,100,100.0,Limit,0,71.889
DESKTOP-KQF03T0,Jashvanth,2026-07-01T08:48:23.404584,Q139_V002,Q_1520,2,1,1,1,3,2,574,1,0,2,5,80.3,7112.28,16423356928,5097432576,2,0,1,0,0,2,1,10,100,100.0,Limit,0,83.914
DESKTOP-KQF03T0,Jashvanth,2026-07-01T08:48:28.500363,Q139_V002,Q_1520,3,1,1,1,3,2,574,1,0,2,5,80.7,7109.67,16481797120,5099439616,2,0,1,0,0,2,1,10,100,100.0,Limit,0,57.577
DESKTOP-KQF03T0,Jashvanth,2026-07-01T08:48:33.596147,Q139_V003,Q_1521,1,1,1,1,3,2,574,1,0,2,5,78.9,7108.9,16492011520,5101123072,2,0,1,0,0,2,1,10,100,100.0,Limit,0,55.951
DESKTOP-KQF03T0,Jashvanth,2026-07-01T08:48:38.720201,Q139_V003,Q_1521,2,1,1,1,3,2,574,1,0,2,5,78.7,7103.56,16507980288,5102134784,2,0,1,0,0,2,1,10,100,100.0,Limit,0,76.558
DESKTOP-KQF03T0,Jashvanth,2026-07-01T08:48:43.805378,Q139_V003,Q_1521,3,1,1,1,3,2,574,1,0,2,5,86.4,7131.09,16614237696,5122426368,2,0,1,0,0,2,1,10,100,100.0,Limit,0,43.782
DESKTOP-KQF03T0,Jashvanth,2026-07-01T08:48:48.912867,Q139_V004,Q_1522,1,1,1,1,3,2,574,1,0,2,5,68.6,7129.32,16664320000,5137335808,2,0,1,0,0,2,1,10,100,100.0,Limit,0,66.562
DESKTOP-KQF03T0,Jashvanth,2026-07-01T08:48:53.997736,Q139_V004,Q_1522,2,1,1,1,3,2,574,1,0,2,5,66.3,7117.39,16713108992,5152131584,2,0,1,0,0,2,1,10,100,100.0,Limit,0,48.911
DESKTOP-KQF03T0,Jashvanth,2026-07-01T08:48:59.100010,Q139_V004,Q_1522,3,1,1,1,3,2,574,1,0,2,5,56.2,7131.86,16751533568,5167635968,2,0,1,0,0,2,1,10,100,100.0,Limit,0,62.299
DESKTOP-KQF03T0,Jashvanth,2026-07-01T08:49:04.219523,Q139_V005,Q_1523,1,1,1,1,3,2,573,1,0,2,5,76.4,7217.82,16794924544,5183413760,2,0,1,0,0,2,1,10,100,100.0,Limit,0,78.638
DESKTOP-KQF03T0,Jashvanth,2026-07-01T08:49:09.335000,Q139_V005,Q_1523,2,1,1,1,3,2,573,1,0,2,5,80.1,7200.52,16830222336,5191925248,2,0,1,0,0,2,1,10,100,100.0,Limit,0,77.682
DESKTOP-KQF03T0,Jashvanth,2026-07-01T08:49:14.474435,Q139_V005,Q_1523,3,1,1,1,3,2,573,1,0,2,5,71.4,7224.48,16868303872,5206625792,2,0,1,0,0,2,1,10,100,100.0,Limit,0,89.867
DESKTOP-KQF03T0,Jashvanth,2026-07-01T08:49:19.586483,Q139_V006,Q_1524,1,1,1,1,3,2,572,1,0,2,5,69.0,7230.57,16908457472,5212802560,2,0,1,0,0,2,1,10,100,100.0,Limit,0,74.376
DESKTOP-KQF03T0,Jashvanth,2026-07-01T08:49:24.693271,Q139_V006,Q_1524,2,1,1,1,3,2,572,1,0,2,5,83.9,7252.14,16927778816,5215501824,2,0,1,0,0,2,1,10,100,100.0,Limit,0,69.879
DESKTOP-KQF03T0,Jashvanth,2026-07-01T08:49:29.807545,Q139_V006,Q_1524,3,1,1,1,3,2,572,1,0,2,5,95.5,7288.46,16973620736,5218004480,2,0,1,0,0,2,1,10,100,100.0,Limit,0,69.822
DESKTOP-KQF03T0,Jashvanth,2026-07-01T08:49:34.932048,Q139_V007,Q_1525,1,1,1,1,3,2,571,1,0,2,5,93.1,7298.6,16983390720,5219651072,1,1,0,1,0,2,1,9,1,0.0,Limit,0,66.031
DESKTOP-KQF03T0,Jashvanth,2026-07-01T08:49:40.027696,Q139_V007,Q_1525,2,1,1,1,3,2,571,1,0,2,5,94.7,7296.5,17015584256,5221391872,1,1,0,1,0,2,1,9,1,0.0,Limit,0,58.312
DESKTOP-KQF03T0,Jashvanth,2026-07-01T08:49:45.143617,Q139_V007,Q_1525,3,1,1,1,3,2,571,1,0,2,5,87.7,7273.27,17066685440,5222604288,1,1,0,1,0,2,1,9,1,0.0,Limit,0,66.912
DESKTOP-KQF03T0,Jashvanth,2026-07-01T08:49:50.242007,Q139_V008,Q_1526,1,1,1,1,3,2,570,1,0,2,5,82.2,7274.91,17073965568,5223562752,1,1,0,0,1,1,1,8,100,100.0,Limit,0,60.633
DESKTOP-KQF03T0,Jashvanth,2026-07-01T08:49:55.313286,Q139_V008,Q_1526,2,1,1,1,3,2,570,1,0,2,5,77.2,7232.64,17078370304,5224431104,1,1,0,0,1,1,1,8,100,100.0,Limit,0,37.309
DESKTOP-KQF03T0,Jashvanth,2026-07-01T08:50:00.403485,Q139_V008,Q_1526,3,1,1,1,3,2,570,1,0,2,5,89.9,7240.93,17092842496,5225291264,1,1,0,0,1,1,1,8,100,100.0,Limit,0,49.639
DESKTOP-KQF03T0,Jashvanth,2026-07-01T08:50:05.504454,Q139_V009,Q_1527,1,1,1,1,3,2,571,1,0,2,5,93.0,7270.86,17120866304,5230157312,1,1,0,0,1,1,1,8,247,695.0,Limit,0,62.781
DESKTOP-KQF03T0,Jashvanth,2026-07-01T08:50:10.606371,Q139_V009,Q_1527,2,1,1,1,3,2,571,1,0,2,5,90.8,7212.35,17147911168,5230751744,1,1,0,0,1,1,1,8,247,695.0,Limit,0,63.451
DESKTOP-KQF03T0,Jashvanth,2026-07-01T08:50:15.727846,Q139_V009,Q_1527,3,1,1,1,3,2,571,1,0,2,5,95.3,7152.09,17167965696,5231857664,1,1,0,0,1,1,1,8,247,695.0,Limit,0,80.65
DESKTOP-KQF03T0,Jashvanth,2026-07-01T08:50:20.839056,Q139_V010,Q_1528,1,1,1,1,3,2,576,1,0,2,5,89.6,7080.66,17206143488,5232742400,1,1,0,0,1,1,1,8,247,695.0,Limit,0,69.034
DESKTOP-KQF03T0,Jashvanth,2026-07-01T08:50:25.933359,Q139_V010,Q_1528,2,1,1,1,3,2,576,1,0,2,5,72.6,7127.56,17248942080,5238927360,1,1,0,0,1,1,1,8,247,695.0,Limit,0,55.913
DESKTOP-KQF03T0,Jashvanth,2026-07-01T08:50:31.030350,Q139_V010,Q_1528,3,1,1,1,3,2,576,1,0,2,5,63.4,7131.29,17277529600,5257474048,1,1,0,0,1,1,1,8,247,695.0,Limit,0,61.98
DESKTOP-KQF03T0,Jashvanth,2026-07-01T08:50:36.103356,Q140_V001,Q_1529,1,8,1,0,0,0,707,0,0,1,10,71.4,7150.37,17305049088,5273165824,4,5,3,5,0,0,0,22,99,100.0,Limit,0,4.502
DESKTOP-KQF03T0,Jashvanth,2026-07-01T08:50:41.138774,Q140_V001,Q_1529,2,8,1,0,0,0,707,0,0,1,10,69.1,7193.75,17350458880,5297545728,4,5,3,5,0,0,0,22,99,100.0,Limit,0,2.97
DESKTOP-KQF03T0,Jashvanth,2026-07-01T08:50:46.179797,Q140_V001,Q_1529,3,8,1,0,0,0,707,0,0,1,10,71.1,7203.54,17387279360,5319963136,4,5,3,5,0,0,0,22,99,100.0,Limit,0,1.454
DESKTOP-KQF03T0,Jashvanth,2026-07-01T08:50:51.223898,Q140_V002,Q_1530,1,8,1,0,0,0,712,0,0,1,10,76.0,7231.14,17407999488,5336847872,4,5,3,5,0,0,0,22,99,100.0,Limit,0,3.263
DESKTOP-KQF03T0,Jashvanth,2026-07-01T08:50:56.269597,Q140_V002,Q_1530,2,8,1,0,0,0,712,0,0,1,10,87.2,7369.11,17430504960,5409938944,4,5,3,5,0,0,0,22,99,100.0,Limit,0,2.963
DESKTOP-KQF03T0,Jashvanth,2026-07-01T08:51:01.319401,Q140_V002,Q_1530,3,8,1,0,0,0,712,0,0,1,10,85.1,7344.16,17445061120,5410338304,4,5,3,5,0,0,0,22,99,100.0,Limit,0,3.255
DESKTOP-KQF03T0,Jashvanth,2026-07-01T08:51:06.358619,Q140_V003,Q_1531,1,8,1,0,0,0,713,0,0,1,10,77.0,7301.25,17473693184,5411685888,4,5,3,5,0,0,0,22,99,100.0,Limit,0,2.018
DESKTOP-KQF03T0,Jashvanth,2026-07-01T08:51:11.408408,Q140_V003,Q_1531,2,8,1,0,0,0,713,0,0,1,10,72.2,7289.09,17796252160,5412812288,4,5,3,5,0,0,0,22,99,100.0,Limit,0,3.536
DESKTOP-KQF03T0,Jashvanth,2026-07-01T08:51:16.453060,Q140_V003,Q_1531,3,8,1,0,0,0,713,0,0,1,10,77.1,7328.55,18031062016,5415728640,4,5,3,5,0,0,0,22,99,100.0,Limit,0,3.066
DESKTOP-KQF03T0,Jashvanth,2026-07-01T08:51:21.499080,Q140_V004,Q_1532,1,8,1,0,0,0,707,0,0,1,10,71.3,7272.31,18283487232,5421835776,4,5,3,5,0,0,0,22,1,100.0,Limit,0,6.875
DESKTOP-KQF03T0,Jashvanth,2026-07-01T08:51:26.545313,Q140_V004,Q_1532,2,8,1,0,0,0,707,0,0,1,10,77.6,7234.16,18407527936,5422708224,4,5,3,5,0,0,0,22,1,100.0,Limit,0,7.232
DESKTOP-KQF03T0,Jashvanth,2026-07-01T08:51:31.602584,Q140_V004,Q_1532,3,8,1,0,0,0,707,0,0,1,10,75.3,7215.88,18442003456,5423560192,4,5,3,5,0,0,0,22,1,100.0,Limit,0,7.305
DESKTOP-KQF03T0,Jashvanth,2026-07-01T08:51:36.646200,Q140_V005,Q_1533,1,8,1,0,0,0,707,0,0,1,10,72.8,7214.09,18479809024,5425784320,0,9,0,7,1,0,0,24,100,100.0,Limit,0,1.378
DESKTOP-KQF03T0,Jashvanth,2026-07-01T08:51:41.703655,Q140_V005,Q_1533,2,8,1,0,0,0,707,0,0,1,10,91.8,7275.66,18576857600,5426791936,0,9,0,7,1,0,0,24,100,100.0,Limit,0,2.43
DESKTOP-KQF03T0,Jashvanth,2026-07-01T08:51:46.762566,Q140_V005,Q_1533,3,8,1,0,0,0,707,0,0,1,10,99.2,7278.93,18684538880,5438977536,0,9,0,7,1,0,0,24,100,100.0,Limit,0,2.479
DESKTOP-KQF03T0,Jashvanth,2026-07-01T08:51:51.813430,Q140_V006,Q_1534,1,8,1,0,0,0,708,0,0,1,10,99.2,7223.66,18772223488,5447603712,4,5,3,5,0,0,0,22,99,100.0,Limit,0,4.273
DESKTOP-KQF03T0,Jashvanth,2026-07-01T08:51:56.868791,Q140_V006,Q_1534,2,8,1,0,0,0,708,0,0,1,10,99.5,7240.51,18795604992,5452793344,4,5,3,5,0,0,0,22,99,100.0,Limit,0,3.247
DESKTOP-KQF03T0,Jashvanth,2026-07-01T08:52:01.916499,Q140_V006,Q_1534,3,8,1,0,0,0,708,0,0,1,10,99.2,7257.45,18813534720,5453284864,4,5,3,5,0,0,0,22,99,100.0,Limit,0,4.446
DESKTOP-KQF03T0,Jashvanth,2026-07-01T08:52:06.969919,Q140_V007,Q_1535,1,8,1,0,0,0,708,0,0,1,10,99.4,7246.25,18827102720,5453579776,4,5,3,5,0,0,0,22,99,100.0,Limit,0,3.079
DESKTOP-KQF03T0,Jashvanth,2026-07-01T08:52:12.029752,Q140_V007,Q_1535,2,8,1,0,0,0,708,0,0,1,10,96.5,7250.72,18835199488,5455050240,4,5,3,5,0,0,0,22,99,100.0,Limit,0,3.216
DESKTOP-KQF03T0,Jashvanth,2026-07-01T08:52:17.081006,Q140_V007,Q_1535,3,8,1,0,0,0,708,0,0,1,10,92.0,7238.62,18847122432,5459957248,4,5,3,5,0,0,0,22,99,100.0,Limit,0,4.522
DESKTOP-KQF03T0,Jashvanth,2026-07-01T08:52:22.149665,Q140_V008,Q_1536,1,8,1,0,0,0,709,0,0,1,10,91.2,7243.99,18860969472,5460231680,4,5,3,5,0,0,0,22,99,1000.0,Limit,0,14.605
DESKTOP-KQF03T0,Jashvanth,2026-07-01T08:52:27.217257,Q140_V008,Q_1536,2,8,1,0,0,0,709,0,0,1,10,78.2,7268.56,18867421184,5460870656,4,5,3,5,0,0,0,22,99,1000.0,Limit,0,17.211
DESKTOP-KQF03T0,Jashvanth,2026-07-01T08:52:32.283495,Q140_V008,Q_1536,3,8,1,0,0,0,709,0,0,1,10,80.1,7285.74,18872809984,5461800448,4,5,3,5,0,0,0,22,99,1000.0,Limit,0,16.27
DESKTOP-KQF03T0,Jashvanth,2026-07-01T08:52:37.357766,Q140_V009,Q_1537,1,8,1,0,0,0,710,0,0,1,10,75.4,7290.54,18879784960,5462545920,4,5,3,5,0,0,0,22,99,2747.0,Limit,0,30.401
DESKTOP-KQF03T0,Jashvanth,2026-07-01T08:52:42.434465,Q140_V009,Q_1537,2,8,1,0,0,0,710,0,0,1,10,74.4,7263.62,18891751936,5497013760,4,5,3,5,0,0,0,22,99,2747.0,Limit,0,36.565
DESKTOP-KQF03T0,Jashvanth,2026-07-01T08:52:47.510982,Q140_V009,Q_1537,3,8,1,0,0,0,710,0,0,1,10,79.6,7278.63,18896946176,5497718272,4,5,3,5,0,0,0,22,99,2747.0,Limit,0,33.038
DESKTOP-KQF03T0,Jashvanth,2026-07-01T08:52:52.586867,Q140_V010,Q_1538,1,8,1,0,0,0,710,0,0,1,10,78.2,7241.36,18907639808,5507880448,4,5,3,5,0,0,0,22,99,2722.0,Limit,0,32.848
DESKTOP-KQF03T0,Jashvanth,2026-07-01T08:52:57.657601,Q140_V010,Q_1538,2,8,1,0,0,0,710,0,0,1,10,74.3,7274.84,18916369920,5511067136,4,5,3,5,0,0,0,22,99,2722.0,Limit,0,26.042
DESKTOP-KQF03T0,Jashvanth,2026-07-01T08:53:02.724022,Q140_V010,Q_1538,3,8,1,0,0,0,710,0,0,1,10,77.9,7277.08,18924394496,5511739904,4,5,3,5,0,0,0,22,99,2722.0,Limit,0,29.271
DESKTOP-KQF03T0,Jashvanth,2026-07-01T08:53:07.774483,Q141_V001,Q_1539,1,3,1,2,1,2,669,2,0,0,6,77.8,7278.33,18931916800,5512522240,4,0,3,0,0,1,2,15,50,50.0,Limit,0,12.443
DESKTOP-KQF03T0,Jashvanth,2026-07-01T08:53:12.839376,Q141_V001,Q_1539,2,3,1,2,1,2,669,2,0,0,6,79.4,7290.11,18936946688,5513247232,4,0,3,0,0,1,2,15,50,50.0,Limit,0,13.777
DESKTOP-KQF03T0,Jashvanth,2026-07-01T08:53:17.887082,Q141_V001,Q_1539,3,3,1,2,1,2,669,2,0,0,6,75.2,7280.02,18943312896,5513869824,4,0,3,0,0,1,2,15,50,50.0,Limit,0,11.952
DESKTOP-KQF03T0,Jashvanth,2026-07-01T08:53:22.936757,Q141_V002,Q_1540,1,3,1,2,1,2,670,2,0,0,6,75.9,7262.77,18950783488,5518805504,4,0,3,0,0,1,2,15,100,100.0,Limit,0,12.103
DESKTOP-KQF03T0,Jashvanth,2026-07-01T08:53:27.987515,Q141_V002,Q_1540,2,3,1,2,1,2,670,2,0,0,6,77.1,7193.66,18963302400,5520820736,4,0,3,0,0,1,2,15,100,100.0,Limit,0,11.758
DESKTOP-KQF03T0,Jashvanth,2026-07-01T08:53:33.036236,Q141_V002,Q_1540,3,3,1,2,1,2,670,2,0,0,6,75.4,7164.54,18974366208,5521889792,4,0,3,0,0,1,2,15,100,100.0,Limit,0,11.114
DESKTOP-KQF03T0,Jashvanth,2026-07-01T08:53:38.086366,Q141_V003,Q_1541,1,3,1,2,1,2,671,2,0,0,6,78.4,7125.14,18981260288,5523106304,4,0,3,0,0,1,2,15,1000,718.0,Limit,0,13.232
DESKTOP-KQF03T0,Jashvanth,2026-07-01T08:53:43.143161,Q141_V003,Q_1541,2,3,1,2,1,2,671,2,0,0,6,82.9,7156.16,19028772352,5531654656,4,0,3,0,0,1,2,15,1000,718.0,Limit,0,14.447
DESKTOP-KQF03T0,Jashvanth,2026-07-01T08:53:48.181255,Q141_V003,Q_1541,3,3,1,2,1,2,671,2,0,0,6,94.5,7154.34,19418352128,5537534464,4,0,3,0,0,1,2,15,1000,718.0,Limit,0,7.248
DESKTOP-KQF03T0,Jashvanth,2026-07-01T08:53:53.242421,Q141_V004,Q_1542,1,3,1,2,1,2,670,2,0,0,6,76.9,7070.7,19898379264,5572510208,4,0,3,0,0,1,2,15,1000,718.0,Limit,0,10.675
DESKTOP-KQF03T0,Jashvanth,2026-07-01T08:53:58.283769,Q141_V004,Q_1542,2,3,1,2,1,2,670,2,0,0,6,72.2,7094.54,20372454912,5574357504,4,0,3,0,0,1,2,15,1000,718.0,Limit,0,12.248
DESKTOP-KQF03T0,Jashvanth,2026-07-01T08:54:03.346340,Q141_V004,Q_1542,3,3,1,2,1,2,670,2,0,0,6,75.1,7103.77,20639979520,5576286720,4,0,3,0,0,1,2,15,1000,718.0,Limit,0,10.922
DESKTOP-KQF03T0,Jashvanth,2026-07-01T08:54:08.399732,Q141_V005,Q_1543,1,3,1,2,1,2,671,2,0,0,6,75.5,7120.1,21135045632,5577069056,4,0,3,0,0,1,2,15,1000,481.0,Limit,0,11.77
DESKTOP-KQF03T0,Jashvanth,2026-07-01T08:54:13.449383,Q141_V005,Q_1543,2,3,1,2,1,2,671,2,0,0,6,81.4,7161.58,21453357056,5577613824,4,0,3,0,0,1,2,15,1000,481.0,Limit,0,11.059
DESKTOP-KQF03T0,Jashvanth,2026-07-01T08:54:18.521808,Q141_V005,Q_1543,3,3,1,2,1,2,671,2,0,0,6,97.7,7314.55,21707459072,5577933312,4,0,3,0,0,1,2,15,1000,481.0,Limit,0,11.293
DESKTOP-KQF03T0,Jashvanth,2026-07-01T08:54:23.582362,Q141_V006,Q_1544,1,3,1,2,1,2,669,2,0,0,6,81.3,7340.23,21780611584,5578293760,4,0,3,0,0,1,2,15,1000,1000.0,Limit,0,25.292
DESKTOP-KQF03T0,Jashvanth,2026-07-01T08:54:28.665920,Q141_V006,Q_1544,2,3,1,2,1,2,669,2,0,0,6,85.4,7310.16,21824711680,5578871296,4,0,3,0,0,1,2,15,1000,1000.0,Limit,0,33.132
DESKTOP-KQF03T0,Jashvanth,2026-07-01T08:54:33.743857,Q141_V006,Q_1544,3,3,1,2,1,2,669,2,0,0,6,77.0,7257.46,21837575680,5580272128,4,0,3,0,0,1,2,15,1000,1000.0,Limit,0,29.735
DESKTOP-KQF03T0,Jashvanth,2026-07-01T08:54:38.808525,Q141_V007,Q_1545,1,3,1,2,1,2,670,2,0,0,6,75.6,7268.96,21864456192,5581279744,4,0,3,0,0,1,2,15,1000,1000.0,Limit,0,24.934
DESKTOP-KQF03T0,Jashvanth,2026-07-01T08:54:43.870462,Q141_V007,Q_1545,2,3,1,2,1,2,670,2,0,0,6,79.8,7257.35,21871817216,5583536640,4,0,3,0,0,1,2,15,1000,1000.0,Limit,0,26.386
DESKTOP-KQF03T0,Jashvanth,2026-07-01T08:54:48.970459,Q141_V007,Q_1545,3,3,1,2,1,2,670,2,0,0,6,77.5,7218.46,21893493760,5586101760,4,0,3,0,0,1,2,15,1000,1000.0,Limit,0,28.571
DESKTOP-KQF03T0,Jashvanth,2026-07-01T08:54:54.034873,Q141_V008,Q_1546,1,3,1,2,1,2,663,2,0,0,6,89.3,7249.2,21937594368,5587850752,4,0,3,0,0,1,2,15,1000,1000.0,Limit,0,22.646
DESKTOP-KQF03T0,Jashvanth,2026-07-01T08:54:59.108799,Q141_V008,Q_1546,2,3,1,2,1,2,663,2,0,0,6,90.2,7287.95,21983029248,5596944896,4,0,3,0,0,1,2,15,1000,1000.0,Limit,0,25.685
DESKTOP-KQF03T0,Jashvanth,2026-07-01T08:55:04.175159,Q141_V008,Q_1546,3,3,1,2,1,2,663,2,0,0,6,95.6,7301.72,22042699264,5624408576,4,0,3,0,0,1,2,15,1000,1000.0,Limit,0,22.635
DESKTOP-KQF03T0,Jashvanth,2026-07-01T08:55:09.238617,Q141_V009,Q_1547,1,3,1,2,1,2,662,2,0,0,6,93.0,7299.09,22097362432,5650737664,4,0,3,0,0,1,2,15,1000,1000.0,Limit,0,22.427
DESKTOP-KQF03T0,Jashvanth,2026-07-01T08:55:14.309374,Q141_V009,Q_1547,2,3,1,2,1,2,662,2,0,0,6,91.0,7304.88,22131922432,5677038080,4,0,3,0,0,1,2,15,1000,1000.0,Limit,0,23.738
DESKTOP-KQF03T0,Jashvanth,2026-07-01T08:55:19.381809,Q141_V009,Q_1547,3,3,1,2,1,2,662,2,0,0,6,78.2,7314.85,22193973760,5715847680,4,0,3,0,0,1,2,15,1000,1000.0,Limit,0,26.205
DESKTOP-KQF03T0,Jashvanth,2026-07-01T08:55:24.447524,Q141_V010,Q_1548,1,3,1,2,1,2,663,2,0,0,6,95.0,7313.1,22221260800,5758818816,4,0,3,0,0,1,2,15,1532,1819.0,Limit,0,23.734
DESKTOP-KQF03T0,Jashvanth,2026-07-01T08:55:29.512549,Q141_V010,Q_1548,2,3,1,2,1,2,663,2,0,0,6,94.2,6769.69,22230717952,5782669824,4,0,3,0,0,1,2,15,1532,1819.0,Limit,0,25.222
DESKTOP-KQF03T0,Jashvanth,2026-07-01T08:55:34.574258,Q141_V010,Q_1548,3,3,1,2,1,2,663,2,0,0,6,74.4,6766.11,22236473856,5785876992,4,0,3,0,0,1,2,15,1532,1819.0,Limit,0,22.152
DESKTOP-KQF03T0,Jashvanth,2026-07-01T08:55:39.738625,Q142_V001,Q_1549,1,2,0,2,1,2,487,2,0,0,6,71.2,6769.66,22245190656,5787633664,2,0,2,0,0,1,2,12,20099,6741.0,Sort,0,121.348
DESKTOP-KQF03T0,Jashvanth,2026-07-01T08:55:44.881592,Q142_V001,Q_1549,2,2,0,2,1,2,487,2,0,0,6,72.0,6776.43,22263091712,5795833856,2,0,2,0,0,1,2,12,20099,6741.0,Sort,0,108.663
DESKTOP-KQF03T0,Jashvanth,2026-07-01T08:55:50.038391,Q142_V001,Q_1549,3,2,0,2,1,2,487,2,0,0,6,67.3,6774.75,22271183872,5796689920,2,0,2,0,0,1,2,12,20099,6741.0,Sort,0,117.047
DESKTOP-KQF03T0,Jashvanth,2026-07-01T08:55:55.110670,Q142_V002,Q_1550,1,2,0,2,1,2,474,2,0,0,6,65.1,6761.68,22275444736,5797615616,2,0,2,0,0,1,2,12,20099,300.0,Sort,0,35.105
DESKTOP-KQF03T0,Jashvanth,2026-07-01T08:56:00.292799,Q142_V002,Q_1550,2,2,0,2,1,2,474,2,0,0,6,82.1,6944.72,22673811968,5799065600,2,0,2,0,0,1,2,12,20099,300.0,Sort,0,100.325
DESKTOP-KQF03T0,Jashvanth,2026-07-01T08:56:05.393440,Q142_V002,Q_1550,3,2,0,2,1,2,474,2,0,0,6,80.7,7067.03,22745499648,5802228224,2,0,2,0,0,1,2,12,20099,300.0,Sort,0,52.651
DESKTOP-KQF03T0,Jashvanth,2026-07-01T08:56:10.626375,Q142_V003,Q_1551,1,1,0,1,2,1,327,1,0,0,4,82.4,6894.91,22765829632,5803588096,2,0,1,0,0,1,1,7,20099,6741.0,WindowAgg,0,192.44
DESKTOP-KQF03T0,Jashvanth,2026-07-01T08:56:15.855849,Q142_V003,Q_1551,2,1,0,1,2,1,327,1,0,0,4,97.2,6826.02,22777606656,5850913280,2,0,1,0,0,1,1,7,20099,6741.0,WindowAgg,0,193.998
DESKTOP-KQF03T0,Jashvanth,2026-07-01T08:56:21.107840,Q142_V003,Q_1551,3,1,0,1,2,1,327,1,0,0,4,99.9,6815.44,22783101440,5853215232,2,0,1,0,0,1,1,7,20099,6741.0,WindowAgg,0,212.692
DESKTOP-KQF03T0,Jashvanth,2026-07-01T08:56:26.239687,Q142_V004,Q_1552,1,1,0,2,1,1,329,4,0,0,4,83.8,6772.73,22787472384,5854477312,2,0,1,0,0,1,2,7,200,636.0,Sort,0,86.396
DESKTOP-KQF03T0,Jashvanth,2026-07-01T08:56:31.340028,Q142_V004,Q_1552,2,1,0,2,1,1,329,4,0,0,4,64.7,6745.14,22793180160,5856136192,2,0,1,0,0,1,2,7,200,636.0,Sort,0,62.848
DESKTOP-KQF03T0,Jashvanth,2026-07-01T08:56:36.437933,Q142_V004,Q_1552,3,1,0,2,1,1,329,4,0,0,4,65.9,6669.98,22804239360,5857281536,2,0,1,0,0,1,2,7,200,636.0,Sort,0,62.557
DESKTOP-KQF03T0,Jashvanth,2026-07-01T08:56:41.529404,Q142_V005,Q_1553,1,2,0,2,1,2,498,2,0,0,6,88.1,6704.88,22814720000,5857949184,2,0,2,0,0,1,2,12,13410,72.0,Sort,0,47.859
DESKTOP-KQF03T0,Jashvanth,2026-07-01T08:56:46.598884,Q142_V005,Q_1553,2,2,0,2,1,2,498,2,0,0,6,75.3,6673.29,22831998464,5866046976,2,0,2,0,0,1,2,12,13410,72.0,Sort,0,41.476
DESKTOP-KQF03T0,Jashvanth,2026-07-01T08:56:51.656707,Q142_V005,Q_1553,3,2,0,2,1,2,498,2,0,0,6,56.7,6674.32,22865382400,5868983808,2,0,2,0,0,1,2,12,13410,72.0,Sort,0,34.075
DESKTOP-KQF03T0,Jashvanth,2026-07-01T08:56:56.899169,Q142_V006,Q_1554,1,1,0,1,2,1,314,2,0,0,4,61.5,6624.76,22870333952,5870761472,2,0,1,0,0,1,1,7,20099,6741.0,WindowAgg,0,206.882
DESKTOP-KQF03T0,Jashvanth,2026-07-01T08:57:02.047461,Q142_V006,Q_1554,2,1,0,1,2,1,314,2,0,0,4,43.7,6625.75,22878751232,5872372224,2,0,1,0,0,1,1,7,20099,6741.0,WindowAgg,0,120.311
DESKTOP-KQF03T0,Jashvanth,2026-07-01T08:57:07.243183,Q142_V006,Q_1554,3,1,0,1,2,1,314,2,0,0,4,53.2,6668.09,22899443712,5873936896,2,0,1,0,0,1,1,7,20099,6741.0,WindowAgg,0,162.104
DESKTOP-KQF03T0,Jashvanth,2026-07-01T08:57:12.330738,Q142_V007,Q_1555,1,1,0,1,2,1,324,1,0,0,4,42.6,6643.66,22903732736,5875030528,2,0,1,0,0,1,1,9,20099,6741.0,Incremental Sort,0,59.403
DESKTOP-KQF03T0,Jashvanth,2026-07-01T08:57:17.418766,Q142_V007,Q_1555,2,1,0,1,2,1,324,1,0,0,4,44.0,6634.96,22908486656,5876070912,2,0,1,0,0,1,1,9,20099,6741.0,Incremental Sort,0,50.427
DESKTOP-KQF03T0,Jashvanth,2026-07-01T08:57:22.510940,Q142_V007,Q_1555,3,1,0,1,2,1,324,1,0,0,4,39.2,6658.44,22917570048,5882460672,2,0,1,0,0,1,1,9,20099,6741.0,Incremental Sort,0,60.233
DESKTOP-KQF03T0,Jashvanth,2026-07-01T08:57:27.574581,Q142_V008,Q_1556,1,2,0,2,1,2,466,2,0,0,6,39.0,6660.52,22920367616,5884099072,2,0,2,0,0,1,2,12,20099,600.0,Sort,0,31.738
DESKTOP-KQF03T0,Jashvanth,2026-07-01T08:57:32.638421,Q142_V008,Q_1556,2,2,0,2,1,2,466,2,0,0,6,42.8,6643.22,22927208960,5884901888,2,0,2,0,0,1,2,12,20099,600.0,Sort,0,33.216
DESKTOP-KQF03T0,Jashvanth,2026-07-01T08:57:37.705007,Q142_V008,Q_1556,3,2,0,2,1,2,466,2,0,0,6,39.3,6663.88,22933554176,5885860352,2,0,2,0,0,1,2,12,20099,600.0,Sort,0,37.889
DESKTOP-KQF03T0,Jashvanth,2026-07-01T08:57:42.851666,Q142_V009,Q_1557,1,1,0,1,1,1,303,2,0,0,4,43.2,6675.04,22939734016,5886564864,2,0,1,0,0,1,1,7,20099,6741.0,WindowAgg,0,120.223
DESKTOP-KQF03T0,Jashvanth,2026-07-01T08:57:48.031676,Q142_V009,Q_1557,2,1,0,1,1,1,303,2,0,0,4,45.7,6644.38,22947050496,5888039424,2,0,1,0,0,1,1,7,20099,6741.0,WindowAgg,0,146.544
DESKTOP-KQF03T0,Jashvanth,2026-07-01T08:57:53.188253,Q142_V009,Q_1557,3,1,0,1,1,1,303,2,0,0,4,54.7,6628.06,22954133504,5889444352,2,0,1,0,0,1,1,7,20099,6741.0,WindowAgg,0,126.004
DESKTOP-KQF03T0,Jashvanth,2026-07-01T08:57:58.358980,Q142_V010,Q_1558,1,1,0,1,2,1,321,1,0,0,4,41.2,6670.43,22959150592,5890345472,2,0,1,0,0,1,1,9,20099,6741.0,Incremental Sort,0,133.955
DESKTOP-KQF03T0,Jashvanth,2026-07-01T08:58:03.474952,Q142_V010,Q_1558,2,1,0,1,2,1,321,1,0,0,4,52.8,6639.61,22961643008,5890656768,2,0,1,0,0,1,1,9,20099,6741.0,Incremental Sort,0,81.218
DESKTOP-KQF03T0,Jashvanth,2026-07-01T08:58:08.613584,Q142_V010,Q_1558,3,1,0,1,2,1,321,1,0,0,4,41.5,6693.4,22965644288,5891222016,2,0,1,0,0,1,1,9,20099,6741.0,Incremental Sort,0,107.539
DESKTOP-KQF03T0,Jashvanth,2026-07-01T08:58:13.837105,Q143_V001,Q_1559,1,7,2,1,2,2,789,1,0,0,10,42.3,6644.91,22971136512,5892020736,8,0,7,0,0,1,1,27,19981,25.0,Incremental Sort,0,183.826
DESKTOP-KQF03T0,Jashvanth,2026-07-01T08:58:19.071949,Q143_V001,Q_1559,2,7,2,1,2,2,789,1,0,0,10,42.8,6660.66,22981457920,5892958720,8,0,7,0,0,1,1,27,19981,25.0,Incremental Sort,0,192.073
DESKTOP-KQF03T0,Jashvanth,2026-07-01T08:58:24.349914,Q143_V001,Q_1559,3,7,2,1,2,2,789,1,0,0,10,41.2,6574.86,22996415488,5893839360,8,0,7,0,0,1,1,27,19981,25.0,Incremental Sort,0,229.936
DESKTOP-KQF03T0,Jashvanth,2026-07-01T08:58:29.644135,Q143_V002,Q_1560,1,7,2,1,2,2,790,1,0,0,10,40.5,6538.0,23055117312,5895449088,8,0,7,0,0,1,1,27,19981,25.0,Incremental Sort,0,246.111
DESKTOP-KQF03T0,Jashvanth,2026-07-01T08:58:34.949897,Q143_V002,Q_1560,2,7,2,1,2,2,790,1,0,0,10,43.5,6555.41,23117434368,5895772672,8,0,7,0,0,1,1,27,19981,25.0,Incremental Sort,0,270.797
DESKTOP-KQF03T0,Jashvanth,2026-07-01T08:58:40.224563,Q143_V002,Q_1560,3,7,2,1,2,2,790,1,0,0,10,42.3,6568.08,23132046336,5896141312,8,0,7,0,0,1,1,27,19981,25.0,Incremental Sort,0,237.207
DESKTOP-KQF03T0,Jashvanth,2026-07-01T08:59:04.516752,Q143_V003,Q_1561,1,7,2,1,2,2,785,1,0,0,10,57.9,6515.3,23205207040,5940672512,8,0,5,1,1,3,1,29,9970405,460.0,Incremental Sort,0,19242.068
DESKTOP-KQF03T0,Jashvanth,2026-07-01T08:59:27.525468,Q143_V003,Q_1561,2,7,2,1,2,2,785,1,0,0,10,57.2,6504.65,23297190912,5982562304,8,0,5,1,1,3,1,29,9970405,460.0,Incremental Sort,0,17962.897
DESKTOP-KQF03T0,Jashvanth,2026-07-01T08:59:52.730420,Q143_V003,Q_1561,3,7,2,1,2,2,785,1,0,0,10,66.0,6759.37,23381361152,6038149120,8,0,5,1,1,3,1,29,9970405,460.0,Incremental Sort,0,20151.734
DESKTOP-KQF03T0,Jashvanth,2026-07-01T08:59:58.019999,Q143_V004,Q_1562,1,7,2,1,2,2,789,1,0,0,10,99.6,6952.28,23427989504,6045169664,8,0,7,0,0,1,1,27,19981,25.0,Incremental Sort,0,241.472
DESKTOP-KQF03T0,Jashvanth,2026-07-01T09:00:03.376606,Q143_V004,Q_1562,2,7,2,1,2,2,789,1,0,0,10,100.0,6970.89,23450569728,6046152704,8,0,7,0,0,1,1,27,19981,25.0,Incremental Sort,0,306.86
DESKTOP-KQF03T0,Jashvanth,2026-07-01T09:00:08.654699,Q143_V004,Q_1562,3,7,2,1,2,2,789,1,0,0,10,96.4,6978.73,23542078464,6046869504,8,0,7,0,0,1,1,27,19981,25.0,Incremental Sort,0,233.32
DESKTOP-KQF03T0,Jashvanth,2026-07-01T09:00:15.471057,Q143_V005,Q_1563,1,7,2,1,2,2,785,1,0,0,10,68.5,6656.67,23557763584,6049219072,8,0,5,1,1,3,1,29,3376750,25.0,Incremental Sort,0,1768.436
DESKTOP-KQF03T0,Jashvanth,2026-07-01T09:00:22.120849,Q143_V005,Q_1563,2,7,2,1,2,2,785,1,0,0,10,49.4,6620.45,23562399232,6049673728,8,0,5,1,1,3,1,29,3376750,25.0,Incremental Sort,0,1602.86
DESKTOP-KQF03T0,Jashvanth,2026-07-01T09:00:28.785159,Q143_V005,Q_1563,3,7,2,1,2,2,785,1,0,0,10,47.8,6540.84,23567436288,6079574528,8,0,5,1,1,3,1,29,3376750,25.0,Incremental Sort,0,1623.671
DESKTOP-KQF03T0,Jashvanth,2026-07-01T09:00:34.375366,Q143_V006,Q_1564,1,7,2,1,2,2,785,1,0,0,10,43.9,6540.72,23569331712,6080078336,8,0,5,1,1,3,1,29,3376750,25.0,Incremental Sort,0,545.627
DESKTOP-KQF03T0,Jashvanth,2026-07-01T09:00:40.127951,Q143_V006,Q_1564,2,7,2,1,2,2,785,1,0,0,10,45.2,6542.44,23574924800,6081002496,8,0,5,1,1,3,1,29,3376750,25.0,Incremental Sort,0,701.112
DESKTOP-KQF03T0,Jashvanth,2026-07-01T09:00:45.778942,Q143_V006,Q_1564,3,7,2,1,2,2,785,1,0,0,10,44.8,6526.83,23578924544,6081432576,8,0,5,1,1,3,1,29,3376750,25.0,Incremental Sort,0,611.298
DESKTOP-KQF03T0,Jashvanth,2026-07-01T09:00:50.950439,Q143_V007,Q_1565,1,7,2,1,2,2,789,1,0,0,10,43.7,6481.9,23582802432,6081928192,8,0,7,0,0,1,1,27,19981,25.0,Incremental Sort,0,137.899
DESKTOP-KQF03T0,Jashvanth,2026-07-01T09:00:56.133843,Q143_V007,Q_1565,2,7,2,1,2,2,789,1,0,0,10,44.6,6461.55,23587388928,6083705856,8,0,7,0,0,1,1,27,19981,25.0,Incremental Sort,0,146.376
DESKTOP-KQF03T0,Jashvanth,2026-07-01T09:01:01.322528,Q143_V007,Q_1565,3,7,2,1,2,2,789,1,0,0,10,40.6,6495.23,23597485568,6084626432,8,0,7,0,0,1,1,27,19981,25.0,Incremental Sort,0,150.603
DESKTOP-KQF03T0,Jashvanth,2026-07-01T09:01:06.493272,Q143_V008,Q_1566,1,7,2,1,2,2,790,1,0,0,10,42.0,6508.95,23602272768,6085208576,8,0,7,0,0,1,1,27,19981,25.0,Incremental Sort,0,136.257
DESKTOP-KQF03T0,Jashvanth,2026-07-01T09:01:11.733533,Q143_V008,Q_1566,2,7,2,1,2,2,790,1,0,0,10,54.5,6502.07,23604797440,6086679040,8,0,7,0,0,1,1,27,19981,25.0,Incremental Sort,0,204.93
DESKTOP-KQF03T0,Jashvanth,2026-07-01T09:01:16.910854,Q143_V008,Q_1566,3,7,2,1,2,2,790,1,0,0,10,48.0,6602.55,23607207936,6087883264,8,0,7,0,0,1,1,27,19981,25.0,Incremental Sort,0,139.772
DESKTOP-KQF03T0,Jashvanth,2026-07-01T09:01:22.147309,Q143_V009,Q_1567,1,7,2,1,2,2,785,1,0,0,10,53.3,6560.37,23611909632,6088620544,8,0,7,0,0,1,1,27,19981,50.0,Incremental Sort,0,207.8
DESKTOP-KQF03T0,Jashvanth,2026-07-01T09:01:27.325689,Q143_V009,Q_1567,2,7,2,1,2,2,785,1,0,0,10,48.8,6537.3,23614913536,6089532928,8,0,7,0,0,1,1,27,19981,50.0,Incremental Sort,0,137.92
DESKTOP-KQF03T0,Jashvanth,2026-07-01T09:01:32.511260,Q143_V009,Q_1567,3,7,2,1,2,2,785,1,0,0,10,38.6,6546.65,23618032128,6090229248,8,0,7,0,0,1,1,27,19981,50.0,Incremental Sort,0,150.049
DESKTOP-KQF03T0,Jashvanth,2026-07-01T09:01:37.669811,Q143_V010,Q_1568,1,7,2,1,2,2,785,1,0,0,10,46.0,6554.83,23622133760,6090630656,8,0,7,0,0,1,1,27,19981,250.0,Incremental Sort,0,128.499
DESKTOP-KQF03T0,Jashvanth,2026-07-01T09:01:42.856794,Q143_V010,Q_1568,2,7,2,1,2,2,785,1,0,0,10,42.4,6545.41,23626310144,6091458048,8,0,7,0,0,1,1,27,19981,250.0,Incremental Sort,0,155.483
DESKTOP-KQF03T0,Jashvanth,2026-07-01T09:01:48.028048,Q143_V010,Q_1568,3,7,2,1,2,2,785,1,0,0,10,40.5,6560.64,23633233408,6092142080,8,0,7,0,0,1,1,27,19981,250.0,Incremental Sort,0,139.594
DESKTOP-KQF03T0,Jashvanth,2026-07-01T09:01:53.202017,Q143_V011,Q_1569,1,7,2,1,2,2,786,1,0,0,10,44.0,6558.49,23644093952,6093211136,8,0,7,0,0,1,1,27,19981,500.0,Incremental Sort,0,140.327
DESKTOP-KQF03T0,Jashvanth,2026-07-01T09:01:58.376188,Q143_V011,Q_1569,2,7,2,1,2,2,786,1,0,0,10,44.2,6518.44,23655988224,6094808576,8,0,7,0,0,1,1,27,19981,500.0,Incremental Sort,0,141.324
DESKTOP-KQF03T0,Jashvanth,2026-07-01T09:02:03.554734,Q143_V011,Q_1569,3,7,2,1,2,2,786,1,0,0,10,41.4,6543.56,23658666496,6095910400,8,0,7,0,0,1,1,27,19981,500.0,Incremental Sort,0,147.559
DESKTOP-KQF03T0,Jashvanth,2026-07-01T09:02:08.743006,Q143_V012,Q_1570,1,7,2,1,2,2,787,1,0,0,10,45.1,6564.42,23660722176,6096623104,8,0,7,0,0,1,1,27,19981,5000.0,Incremental Sort,0,153.901
DESKTOP-KQF03T0,Jashvanth,2026-07-01T09:02:13.935274,Q143_V012,Q_1570,2,7,2,1,2,2,787,1,0,0,10,42.5,6539.85,23662243328,6097212928,8,0,7,0,0,1,1,27,19981,5000.0,Incremental Sort,0,154.24
DESKTOP-KQF03T0,Jashvanth,2026-07-01T09:02:19.191934,Q143_V012,Q_1570,3,7,2,1,2,2,787,1,0,0,10,50.5,6562.06,23664044032,6097905152,8,0,7,0,0,1,1,27,19981,5000.0,Incremental Sort,0,209.157
DESKTOP-KQF03T0,Jashvanth,2026-07-01T09:02:24.394327,Q143_V013,Q_1571,1,7,2,1,2,2,788,1,0,0,10,48.5,6561.42,23678374912,6098646528,8,0,7,0,0,1,1,27,19981,16013.0,Incremental Sort,0,172.439
DESKTOP-KQF03T0,Jashvanth,2026-07-01T09:02:29.734037,Q143_V013,Q_1571,2,7,2,1,2,2,788,1,0,0,10,56.6,6525.65,23681093120,6099641856,8,0,7,0,0,1,1,27,19981,16013.0,Incremental Sort,0,299.816
DESKTOP-KQF03T0,Jashvanth,2026-07-01T09:02:34.930088,Q143_V013,Q_1571,3,7,2,1,2,2,788,1,0,0,10,45.5,6528.83,23683300352,6100129280,8,0,7,0,0,1,1,27,19981,16013.0,Incremental Sort,0,162.623
DESKTOP-KQF03T0,Jashvanth,2026-07-01T09:02:40.132158,Q143_V014,Q_1572,1,7,2,1,2,2,789,1,0,0,10,42.4,6545.78,23684816896,6100739584,8,0,7,0,0,1,1,27,19981,16013.0,Incremental Sort,0,170.375
DESKTOP-KQF03T0,Jashvanth,2026-07-01T09:02:45.392708,Q143_V014,Q_1572,2,7,2,1,2,2,789,1,0,0,10,43.4,6538.26,23686952448,6101788160,8,0,7,0,0,1,1,27,19981,16013.0,Incremental Sort,0,203.654
DESKTOP-KQF03T0,Jashvanth,2026-07-01T09:02:50.655505,Q143_V014,Q_1572,3,7,2,1,2,2,789,1,0,0,10,43.9,6563.64,23690667008,6102763008,8,0,7,0,0,1,1,27,19981,16013.0,Incremental Sort,0,224.487
DESKTOP-KQF03T0,Jashvanth,2026-07-01T09:02:55.878805,Q143_V015,Q_1573,1,7,2,1,2,2,794,1,0,0,10,43.7,6536.58,23692220928,6103631360,8,0,7,0,0,1,1,27,19981,16013.0,Incremental Sort,0,184.867
DESKTOP-KQF03T0,Jashvanth,2026-07-01T09:03:01.162199,Q143_V015,Q_1573,2,7,2,1,2,2,794,1,0,0,10,41.0,6566.45,23695426048,6104706560,8,0,7,0,0,1,1,27,19981,16013.0,Incremental Sort,0,244.341
DESKTOP-KQF03T0,Jashvanth,2026-07-01T09:03:06.425018,Q143_V015,Q_1573,3,7,2,1,2,2,794,1,0,0,10,43.6,6543.5,23697750016,6105251328,8,0,7,0,0,1,1,27,19981,16013.0,Incremental Sort,0,221.13
DESKTOP-KQF03T0,Jashvanth,2026-07-01T09:03:11.525647,Q144_V001,Q_1574,1,4,0,2,1,3,1068,3,0,2,9,53.7,6586.86,23710604800,6105923072,3,0,2,0,2,4,2,20,100,100.0,Limit,0,68.308
DESKTOP-KQF03T0,Jashvanth,2026-07-01T09:03:16.622594,Q144_V001,Q_1574,2,4,0,2,1,3,1068,3,0,2,9,46.5,6592.56,23713723392,6107078144,3,0,2,0,2,4,2,20,100,100.0,Limit,0,64.129
DESKTOP-KQF03T0,Jashvanth,2026-07-01T09:03:21.735149,Q144_V001,Q_1574,3,4,0,2,1,3,1068,3,0,2,9,45.9,6594.61,23715316736,6107692544,3,0,2,0,2,4,2,20,100,100.0,Limit,0,69.604
DESKTOP-KQF03T0,Jashvanth,2026-07-01T09:03:26.867496,Q144_V002,Q_1575,1,4,0,2,1,3,1069,3,0,2,9,47.4,6577.91,23718067712,6108216832,3,0,2,0,2,4,2,20,431,500.0,Limit,0,91.36
DESKTOP-KQF03T0,Jashvanth,2026-07-01T09:03:31.957692,Q144_V002,Q_1575,2,4,0,2,1,3,1069,3,0,2,9,45.6,6566.23,23720403968,6109273600,3,0,2,0,2,4,2,20,431,500.0,Limit,0,55.021
DESKTOP-KQF03T0,Jashvanth,2026-07-01T09:03:37.044848,Q144_V002,Q_1575,3,4,0,2,1,3,1069,3,0,2,9,49.9,6567.38,23723431424,6111288832,3,0,2,0,2,4,2,20,431,500.0,Limit,0,59.74
DESKTOP-KQF03T0,Jashvanth,2026-07-01T09:03:42.132371,Q144_V003,Q_1576,1,4,0,2,1,3,1068,3,0,2,9,41.1,6563.21,23727118336,6111747584,3,0,2,0,2,4,2,20,431,500.0,Limit,0,52.912
DESKTOP-KQF03T0,Jashvanth,2026-07-01T09:03:47.223477,Q144_V003,Q_1576,2,4,0,2,1,3,1068,3,0,2,9,45.1,6550.01,23734578688,6112370176,3,0,2,0,2,4,2,20,431,500.0,Limit,0,63.532
DESKTOP-KQF03T0,Jashvanth,2026-07-01T09:03:52.316737,Q144_V003,Q_1576,3,4,0,2,1,3,1068,3,0,2,9,42.7,6505.93,23739551744,6114041856,3,0,2,0,2,4,2,20,431,500.0,Limit,0,59.208
DESKTOP-KQF03T0,Jashvanth,2026-07-01T09:03:57.395256,Q144_V004,Q_1577,1,4,0,2,1,3,1069,3,0,2,9,41.8,6515.71,23741762560,6114488320,3,0,2,0,2,3,2,19,431,500.0,Limit,0,49.604
DESKTOP-KQF03T0,Jashvanth,2026-07-01T09:04:02.492371,Q144_V004,Q_1577,2,4,0,2,1,3,1069,3,0,2,9,45.5,6506.75,23745808384,6115258368,3,0,2,0,2,3,2,19,431,500.0,Limit,0,67.437
DESKTOP-KQF03T0,Jashvanth,2026-07-01T09:04:07.573197,Q144_V004,Q_1577,3,4,0,2,1,3,1069,3,0,2,9,41.1,6526.56,23748456448,6115655680,3,0,2,0,2,3,2,19,431,500.0,Limit,0,54.04
DESKTOP-KQF03T0,Jashvanth,2026-07-01T09:04:12.666150,Q144_V005,Q_1578,1,4,0,2,1,3,1074,3,0,2,9,42.5,6534.14,23753265152,6116311040,3,0,2,0,2,3,2,19,507,500.0,Limit,0,64.691
DESKTOP-KQF03T0,Jashvanth,2026-07-01T09:04:17.807587,Q144_V005,Q_1578,2,4,0,2,1,3,1074,3,0,2,9,49.7,6540.05,23756315136,6117068800,3,0,2,0,2,3,2,19,507,500.0,Limit,0,105.082
DESKTOP-KQF03T0,Jashvanth,2026-07-01T09:04:22.929929,Q144_V005,Q_1578,3,4,0,2,1,3,1074,3,0,2,9,59.9,6628.27,23758546432,6118207488,3,0,2,0,2,3,2,19,507,500.0,Limit,0,87.972
DESKTOP-KQF03T0,Jashvanth,2026-07-01T09:04:28.078255,Q144_V006,Q_1579,1,4,0,2,1,3,1075,3,0,2,9,76.7,6763.5,23759946240,6118834176,3,0,2,0,2,4,2,21,431,500.0,Limit,0,107.51
DESKTOP-KQF03T0,Jashvanth,2026-07-01T09:04:33.197033,Q144_V006,Q_1579,2,4,0,2,1,3,1075,3,0,2,9,62.1,6756.2,23761875456,6119002112,3,0,2,0,2,4,2,21,431,500.0,Limit,0,78.982
DESKTOP-KQF03T0,Jashvanth,2026-07-01T09:04:38.344090,Q144_V006,Q_1579,3,4,0,2,1,3,1075,3,0,2,9,43.1,6760.14,23764148224,6120206336,3,0,2,0,2,4,2,21,431,500.0,Limit,0,92.337
DESKTOP-KQF03T0,Jashvanth,2026-07-01T09:04:43.452855,Q144_V007,Q_1580,1,4,0,2,1,3,1075,3,0,2,9,52.2,6735.17,23766385152,6121656320,3,0,2,0,2,4,2,21,431,500.0,Limit,0,68.784
DESKTOP-KQF03T0,Jashvanth,2026-07-01T09:04:48.541425,Q144_V007,Q_1580,2,4,0,2,1,3,1075,3,0,2,9,39.0,6752.96,23789480448,6122274816,3,0,2,0,2,4,2,21,431,500.0,Limit,0,51.828
DESKTOP-KQF03T0,Jashvanth,2026-07-01T09:04:53.636845,Q144_V007,Q_1580,3,4,0,2,1,3,1075,3,0,2,9,40.4,6694.01,23790923264,6123425792,3,0,2,0,2,4,2,21,431,500.0,Limit,0,61.023
DESKTOP-KQF03T0,Jashvanth,2026-07-01T09:04:58.768660,Q144_V008,Q_1581,1,4,0,2,1,3,1075,3,0,2,9,41.4,6720.57,23791675904,6123982848,3,0,2,0,2,4,2,21,431,500.0,Limit,0,88.896
DESKTOP-KQF03T0,Jashvanth,2026-07-01T09:05:03.851594,Q144_V008,Q_1581,2,4,0,2,1,3,1075,3,0,2,9,40.3,6693.22,23793921536,6125139968,3,0,2,0,2,4,2,21,431,500.0,Limit,0,52.084
DESKTOP-KQF03T0,Jashvanth,2026-07-01T09:05:08.928950,Q144_V008,Q_1581,3,4,0,2,1,3,1075,3,0,2,9,43.5,6680.8,23796666880,6126495744,3,0,2,0,2,4,2,21,431,500.0,Limit,0,50.098
DESKTOP-KQF03T0,Jashvanth,2026-07-01T09:05:14.013783,Q144_V009,Q_1582,1,4,0,2,1,3,1076,3,0,2,9,42.1,6695.63,23798387712,6128003072,3,0,2,0,2,4,2,21,431,500.0,Limit,0,53.523
DESKTOP-KQF03T0,Jashvanth,2026-07-01T09:05:19.092008,Q144_V009,Q_1582,2,4,0,2,1,3,1076,3,0,2,9,41.8,6672.59,23801295360,6143453184,3,0,2,0,2,4,2,21,431,500.0,Limit,0,49.937
DESKTOP-KQF03T0,Jashvanth,2026-07-01T09:05:24.180354,Q144_V009,Q_1582,3,4,0,2,1,3,1076,3,0,2,9,41.9,6667.49,23803816448,6144133120,3,0,2,0,2,4,2,21,431,500.0,Limit,0,55.021
DESKTOP-KQF03T0,Jashvanth,2026-07-01T09:05:29.293285,Q144_V010,Q_1583,1,4,0,2,1,3,1076,3,0,2,9,45.5,6566.96,23805749248,6156498944,3,0,2,0,2,4,2,21,431,500.0,Limit,0,75.212
DESKTOP-KQF03T0,Jashvanth,2026-07-01T09:05:34.367471,Q144_V010,Q_1583,2,4,0,2,1,3,1076,3,0,2,9,53.3,6464.73,23807464448,6189983744,3,0,2,0,2,4,2,21,431,500.0,Limit,0,45.327
DESKTOP-KQF03T0,Jashvanth,2026-07-01T09:05:39.448569,Q144_V010,Q_1583,3,4,0,2,1,3,1076,3,0,2,9,50.2,6458.71,23812920832,6190585856,3,0,2,0,2,4,2,21,431,500.0,Limit,0,50.555
DESKTOP-KQF03T0,Jashvanth,2026-07-01T09:05:44.499467,Q145_V001,Q_1584,1,1,1,1,2,1,612,4,0,0,3,44.2,6478.76,23829017088,6191813120,2,0,1,0,0,1,1,9,25,25.0,Limit,0,9.142
DESKTOP-KQF03T0,Jashvanth,2026-07-01T09:05:49.537382,Q145_V001,Q_1584,2,1,1,1,2,1,612,4,0,0,3,45.4,6495.4,23850231808,6192763392,2,0,1,0,0,1,1,9,25,25.0,Limit,0,5.451
DESKTOP-KQF03T0,Jashvanth,2026-07-01T09:05:54.574311,Q145_V001,Q_1584,3,1,1,1,2,1,612,4,0,0,3,44.8,6500.45,23885622784,6193623552,2,0,1,0,0,1,1,9,25,25.0,Limit,0,11.76
DESKTOP-KQF03T0,Jashvanth,2026-07-01T09:05:59.613731,Q145_V002,Q_1585,1,1,1,1,2,1,612,4,0,0,3,38.1,6481.78,23904869888,6194512384,2,0,1,0,0,1,1,9,25,25.0,Limit,0,10.115
DESKTOP-KQF03T0,Jashvanth,2026-07-01T09:06:04.645555,Q145_V002,Q_1585,2,1,1,1,2,1,612,4,0,0,3,43.0,6480.72,23916541952,6195274240,2,0,1,0,0,1,1,9,25,25.0,Limit,0,5.813
DESKTOP-KQF03T0,Jashvanth,2026-07-01T09:06:09.685631,Q145_V002,Q_1585,3,1,1,1,2,1,612,4,0,0,3,41.2,6476.66,23920567808,6195855872,2,0,1,0,0,1,1,9,25,25.0,Limit,0,7.517
DESKTOP-KQF03T0,Jashvanth,2026-07-01T09:06:14.730384,Q145_V003,Q_1586,1,1,1,1,2,1,617,4,0,0,3,52.3,6498.56,23982610432,6196945408,2,0,1,0,0,1,1,9,25,25.0,Limit,0,9.259
DESKTOP-KQF03T0,Jashvanth,2026-07-01T09:06:19.770697,Q145_V003,Q_1586,2,1,1,1,2,1,617,4,0,0,3,45.1,6478.33,24001402880,6198690304,2,0,1,0,0,1,1,9,25,25.0,Limit,0,6.409
DESKTOP-KQF03T0,Jashvanth,2026-07-01T09:06:24.824147,Q145_V003,Q_1586,3,1,1,1,2,1,617,4,0,0,3,37.6,6486.82,24046709760,6199382528,2,0,1,0,0,1,1,9,25,25.0,Limit,0,13.959
DESKTOP-KQF03T0,Jashvanth,2026-07-01T09:06:29.869322,Q145_V004,Q_1587,1,1,1,1,2,1,618,4,0,0,3,44.6,6438.29,24058980352,6201477120,2,0,1,0,0,1,1,9,25,25.0,Limit,0,9.318
DESKTOP-KQF03T0,Jashvanth,2026-07-01T09:06:34.901773,Q145_V004,Q_1587,2,1,1,1,2,1,618,4,0,0,3,43.8,6339.23,24060436480,6202128384,2,0,1,0,0,1,1,9,25,25.0,Limit,0,7.354
DESKTOP-KQF03T0,Jashvanth,2026-07-01T09:06:39.943792,Q145_V004,Q_1587,3,1,1,1,2,1,618,4,0,0,3,49.6,6335.81,24062004224,6202603520,2,0,1,0,0,1,1,9,25,25.0,Limit,0,10.65
DESKTOP-KQF03T0,Jashvanth,2026-07-01T09:06:44.979158,Q145_V005,Q_1588,1,1,1,1,2,1,618,4,0,0,3,49.1,6348.86,24063359488,6203287552,2,0,1,0,0,1,1,9,25,25.0,Limit,0,7.906
DESKTOP-KQF03T0,Jashvanth,2026-07-01T09:06:50.038872,Q145_V005,Q_1588,2,1,1,1,2,1,618,4,0,0,3,44.6,6375.86,24065017856,6203844608,2,0,1,0,0,1,1,9,25,25.0,Limit,0,13.027
DESKTOP-KQF03T0,Jashvanth,2026-07-01T09:06:55.081892,Q145_V005,Q_1588,3,1,1,1,2,1,618,4,0,0,3,46.2,6346.27,24066517504,6204409856,2,0,1,0,0,1,1,9,25,25.0,Limit,0,11.53
DESKTOP-KQF03T0,Jashvanth,2026-07-01T09:07:00.125216,Q145_V006,Q_1589,1,1,1,1,2,1,618,4,0,0,3,39.5,6399.41,24080169472,6205081088,2,0,1,0,0,1,1,9,50,50.0,Limit,0,8.306
DESKTOP-KQF03T0,Jashvanth,2026-07-01T09:07:05.161945,Q145_V006,Q_1589,2,1,1,1,2,1,618,4,0,0,3,41.8,6410.49,24088487424,6205748736,2,0,1,0,0,1,1,9,50,50.0,Limit,0,8.78
DESKTOP-KQF03T0,Jashvanth,2026-07-01T09:07:10.198602,Q145_V006,Q_1589,3,1,1,1,2,1,618,4,0,0,3,42.2,6382.67,24098766336,6206031360,2,0,1,0,0,1,1,9,50,50.0,Limit,0,8.942
DESKTOP-KQF03T0,Jashvanth,2026-07-01T09:07:15.241098,Q145_V007,Q_1590,1,1,1,1,2,1,619,4,0,0,3,41.8,6414.5,24112526336,6206875136,2,0,1,0,0,1,1,9,100,100.0,Limit,0,8.068
DESKTOP-KQF03T0,Jashvanth,2026-07-01T09:07:20.281418,Q145_V007,Q_1590,2,1,1,1,2,1,619,4,0,0,3,39.7,6420.21,24116269568,6207849984,2,0,1,0,0,1,1,9,100,100.0,Limit,0,12.67
DESKTOP-KQF03T0,Jashvanth,2026-07-01T09:07:25.325598,Q145_V007,Q_1590,3,1,1,1,2,1,619,4,0,0,3,37.8,6411.14,24119240704,6208394752,2,0,1,0,0,1,1,9,100,100.0,Limit,0,11.137
DESKTOP-KQF03T0,Jashvanth,2026-07-01T09:07:30.371994,Q145_V008,Q_1591,1,1,1,1,2,1,620,4,0,0,3,41.1,6389.83,24128729600,6209803776,2,0,1,0,0,1,1,9,333,790.0,Limit,0,14.757
DESKTOP-KQF03T0,Jashvanth,2026-07-01T09:07:35.420543,Q145_V008,Q_1591,2,1,1,1,2,1,620,4,0,0,3,40.0,6382.63,24136091136,6210504192,2,0,1,0,0,1,1,9,333,790.0,Limit,0,16.49
DESKTOP-KQF03T0,Jashvanth,2026-07-01T09:07:40.466524,Q145_V008,Q_1591,3,1,1,1,2,1,620,4,0,0,3,40.1,6364.85,24145283072,6210950656,2,0,1,0,0,1,1,9,333,790.0,Limit,0,17.714
DESKTOP-KQF03T0,Jashvanth,2026-07-01T09:07:45.513393,Q145_V009,Q_1592,1,1,1,1,2,1,623,4,0,0,3,49.9,6378.83,24149128704,6211438080,2,0,1,0,0,2,1,10,333,790.0,Limit,0,16.137
DESKTOP-KQF03T0,Jashvanth,2026-07-01T09:07:50.557932,Q145_V009,Q_1592,2,1,1,1,2,1,623,4,0,0,3,44.5,6383.41,24157361664,6212990464,2,0,1,0,0,2,1,10,333,790.0,Limit,0,11.364
DESKTOP-KQF03T0,Jashvanth,2026-07-01T09:07:55.590473,Q145_V009,Q_1592,3,1,1,1,2,1,623,4,0,0,3,49.2,6351.16,24160895488,6214641152,2,0,1,0,0,2,1,10,333,790.0,Limit,0,7.884
DESKTOP-KQF03T0,Jashvanth,2026-07-01T09:08:00.628786,Q145_V010,Q_1593,1,1,1,1,2,1,623,4,0,0,3,48.1,6344.96,24163105280,6214981120,2,0,1,0,0,2,1,10,333,210.0,Limit,0,8.013
DESKTOP-KQF03T0,Jashvanth,2026-07-01T09:08:05.671133,Q145_V010,Q_1593,2,1,1,1,2,1,623,4,0,0,3,41.8,6354.98,24165643776,6215448064,2,0,1,0,0,2,1,10,333,210.0,Limit,0,8.009
DESKTOP-KQF03T0,Jashvanth,2026-07-01T09:08:10.706829,Q145_V010,Q_1593,3,1,1,1,2,1,623,4,0,0,3,42.9,6365.89,24168710144,6216295936,2,0,1,0,0,2,1,10,333,210.0,Limit,0,8.508
DESKTOP-KQF03T0,Jashvanth,2026-07-01T09:08:15.775883,Q146_V001,Q_1594,1,3,0,1,1,2,1018,5,0,0,6,39.4,6369.06,24170892288,6216476160,3,1,2,1,0,1,1,13,40,40.0,Limit,0,36.352
DESKTOP-KQF03T0,Jashvanth,2026-07-01T09:08:20.852581,Q146_V001,Q_1594,2,3,0,1,1,2,1018,5,0,0,6,40.4,6393.19,24172637184,6216885760,3,1,2,1,0,1,1,13,40,40.0,Limit,0,46.021
DESKTOP-KQF03T0,Jashvanth,2026-07-01T09:08:25.926097,Q146_V001,Q_1594,3,3,0,1,1,2,1018,5,0,0,6,45.5,6418.53,24174480896,6222599680,3,1,2,1,0,1,1,13,40,40.0,Limit,0,45.358
DESKTOP-KQF03T0,Jashvanth,2026-07-01T09:08:30.994548,Q146_V002,Q_1595,1,3,0,1,1,2,1018,5,0,0,6,41.5,6430.83,24175195648,6223840768,3,1,2,1,0,1,1,13,40,40.0,Limit,0,31.006
DESKTOP-KQF03T0,Jashvanth,2026-07-01T09:08:36.064403,Q146_V002,Q_1595,2,3,0,1,1,2,1018,5,0,0,6,42.6,6363.86,24179740672,6225602048,3,1,2,1,0,1,1,13,40,40.0,Limit,0,39.905
DESKTOP-KQF03T0,Jashvanth,2026-07-01T09:08:41.174086,Q146_V002,Q_1595,3,3,0,1,1,2,1018,5,0,0,6,42.2,6313.61,24181330944,6226892288,3,1,2,1,0,1,1,13,40,40.0,Limit,0,62.466
DESKTOP-KQF03T0,Jashvanth,2026-07-01T09:08:46.251266,Q146_V003,Q_1596,1,3,0,1,1,2,1019,5,0,0,6,43.3,6328.81,24219016192,6261642752,3,1,2,1,0,1,1,13,100,100.0,Limit,0,40.45
DESKTOP-KQF03T0,Jashvanth,2026-07-01T09:08:51.354649,Q146_V003,Q_1596,2,3,0,1,1,2,1019,5,0,0,6,49.0,6331.07,24220523008,6262322688,3,1,2,1,0,1,1,13,100,100.0,Limit,0,62.77
DESKTOP-KQF03T0,Jashvanth,2026-07-01T09:08:56.431283,Q146_V003,Q_1596,3,3,0,1,1,2,1019,5,0,0,6,46.0,6291.68,24221435904,6264649216,3,1,2,1,0,1,1,13,100,100.0,Limit,0,47.572
DESKTOP-KQF03T0,Jashvanth,2026-07-01T09:09:01.555753,Q146_V004,Q_1597,1,3,0,1,1,2,1019,5,0,0,6,45.9,6329.6,24222623744,6265029632,3,1,2,1,0,1,1,13,500,500.0,Limit,0,78.298
DESKTOP-KQF03T0,Jashvanth,2026-07-01T09:09:06.619772,Q146_V004,Q_1597,2,3,0,1,1,2,1019,5,0,0,6,46.9,6318.49,24223260672,6265558016,3,1,2,1,0,1,1,13,500,500.0,Limit,0,35.337
DESKTOP-KQF03T0,Jashvanth,2026-07-01T09:09:11.732788,Q146_V004,Q_1597,3,3,0,1,1,2,1019,5,0,0,6,43.2,6345.37,24224159744,6265791488,3,1,2,1,0,1,1,13,500,500.0,Limit,0,71.475
DESKTOP-KQF03T0,Jashvanth,2026-07-01T09:09:16.795553,Q146_V005,Q_1598,1,3,0,1,1,2,1020,5,0,0,6,50.5,6357.55,24224991744,6266528768,3,1,2,1,0,1,1,13,500,500.0,Limit,0,31.995
DESKTOP-KQF03T0,Jashvanth,2026-07-01T09:09:21.863882,Q146_V005,Q_1598,2,3,0,1,1,2,1020,5,0,0,6,42.1,6350.0,24226040832,6266778624,3,1,2,1,0,1,1,13,500,500.0,Limit,0,38.53
DESKTOP-KQF03T0,Jashvanth,2026-07-01T09:09:26.943126,Q146_V005,Q_1598,3,3,0,1,1,2,1020,5,0,0,6,49.2,6332.18,24230475264,6268343296,3,1,2,1,0,1,1,13,500,500.0,Limit,0,51.297
DESKTOP-KQF03T0,Jashvanth,2026-07-01T09:09:32.019413,Q146_V006,Q_1599,1,3,0,1,1,2,1019,5,0,0,6,46.1,6351.92,24234541056,6269101056,3,1,2,1,0,1,1,13,500,500.0,Limit,0,36.915
DESKTOP-KQF03T0,Jashvanth,2026-07-01T09:09:37.091133,Q146_V006,Q_1599,2,3,0,1,1,2,1019,5,0,0,6,40.7,6399.34,24240264704,6270014464,3,1,2,1,0,1,1,13,500,500.0,Limit,0,43.955
DESKTOP-KQF03T0,Jashvanth,2026-07-01T09:09:42.145482,Q146_V006,Q_1599,3,3,0,1,1,2,1019,5,0,0,6,43.0,6362.28,24243786240,6286590976,3,1,2,1,0,1,1,13,500,500.0,Limit,0,25.868
DESKTOP-KQF03T0,Jashvanth,2026-07-01T09:10:09.617207,Q146_V007,Q_1600,1,3,0,1,1,2,1020,5,0,0,6,100.0,6879.4,24426088960,6297781248,4,0,2,1,0,1,1,13,1000,1000.0,Limit,0,210.959
DESKTOP-KQF03T0,Jashvanth,2026-07-01T09:10:14.891220,Q146_V007,Q_1600,2,3,0,1,1,2,1020,5,0,0,6,96.7,6865.38,24431626240,6299342336,4,0,2,1,0,1,1,13,1000,1000.0,Limit,0,207.854
DESKTOP-KQF03T0,Jashvanth,2026-07-01T09:10:20.038275,Q146_V007,Q_1600,3,3,0,1,1,2,1020,5,0,0,6,51.2,6821.32,24437462016,6305342976,4,0,2,1,0,1,1,13,1000,1000.0,Limit,0,118.224
DESKTOP-KQF03T0,Jashvanth,2026-07-01T09:10:25.197297,Q146_V008,Q_1601,1,3,0,1,1,2,1025,5,0,0,6,37.8,6797.64,24443995136,6305887744,4,0,2,1,0,1,1,13,1000,1000.0,Limit,0,116.517
DESKTOP-KQF03T0,Jashvanth,2026-07-01T09:10:30.403526,Q146_V008,Q_1601,2,3,0,1,1,2,1025,5,0,0,6,48.3,6651.29,24447428096,6346696192,4,0,2,1,0,1,1,13,1000,1000.0,Limit,0,173.526
DESKTOP-KQF03T0,Jashvanth,2026-07-01T09:10:35.548743,Q146_V008,Q_1601,3,3,0,1,1,2,1025,5,0,0,6,56.6,6796.27,24453888000,6348490240,4,0,2,1,0,1,1,13,1000,1000.0,Limit,0,117.239
DESKTOP-KQF03T0,Jashvanth,2026-07-01T09:10:40.709459,Q146_V009,Q_1602,1,3,0,1,1,2,1026,5,0,0,6,45.7,6666.54,24459016704,6350966784,4,0,2,1,0,1,1,13,1000,1000.0,Limit,0,130.421
DESKTOP-KQF03T0,Jashvanth,2026-07-01T09:10:45.868344,Q146_V009,Q_1602,2,3,0,1,1,2,1026,5,0,0,6,42.0,6692.03,24484471296,6351437824,4,0,2,1,0,1,1,13,1000,1000.0,Limit,0,123.295
DESKTOP-KQF03T0,Jashvanth,2026-07-01T09:10:51.021727,Q146_V009,Q_1602,3,3,0,1,1,2,1026,5,0,0,6,41.6,6690.45,24492267520,6352228352,4,0,2,1,0,1,1,13,1000,1000.0,Limit,0,122.988
DESKTOP-KQF03T0,Jashvanth,2026-07-01T09:10:56.178060,Q146_V010,Q_1603,1,3,0,1,1,2,1027,5,0,0,6,45.7,6616.39,24494559232,6376890368,4,0,2,1,0,1,1,13,1000,1000.0,Limit,0,116.995
DESKTOP-KQF03T0,Jashvanth,2026-07-01T09:11:01.411308,Q146_V010,Q_1603,2,3,0,1,1,2,1027,5,0,0,6,41.9,6635.38,24499577344,6377612288,4,0,2,1,0,1,1,13,1000,1000.0,Limit,0,188.332
DESKTOP-KQF03T0,Jashvanth,2026-07-01T09:11:06.587058,Q146_V010,Q_1603,3,3,0,1,1,2,1027,5,0,0,6,52.7,6639.69,24500883968,6378226688,4,0,2,1,0,1,1,13,1000,1000.0,Limit,0,141.78
DESKTOP-KQF03T0,Jashvanth,2026-07-01T09:11:11.665147,Q147_V001,Q_1604,1,1,1,1,3,2,638,3,0,2,4,43.6,6612.11,24505234432,6379185152,1,1,0,0,1,1,1,9,100,100.0,Limit,0,42.54
DESKTOP-KQF03T0,Jashvanth,2026-07-01T09:11:16.777673,Q147_V001,Q_1604,2,1,1,1,3,2,638,3,0,2,4,53.5,6661.41,24508339712,6380196864,1,1,0,0,1,1,1,9,100,100.0,Limit,0,51.381
DESKTOP-KQF03T0,Jashvanth,2026-07-01T09:11:21.852631,Q147_V001,Q_1604,3,1,1,1,3,2,638,3,0,2,4,44.1,6647.63,24509675520,6380897280,1,1,0,0,1,1,1,9,100,100.0,Limit,0,39.448
DESKTOP-KQF03T0,Jashvanth,2026-07-01T09:11:26.986697,Q147_V002,Q_1605,1,1,0,1,2,2,445,2,0,1,4,40.2,6675.33,24511734272,6381360128,1,1,0,0,1,1,1,7,100,100.0,Limit,0,89.782
DESKTOP-KQF03T0,Jashvanth,2026-07-01T09:11:32.077209,Q147_V002,Q_1605,2,1,0,1,2,2,445,2,0,1,4,38.3,6642.74,24513945600,6382171136,1,1,0,0,1,1,1,7,100,100.0,Limit,0,52.038
DESKTOP-KQF03T0,Jashvanth,2026-07-01T09:11:37.161926,Q147_V002,Q_1605,3,1,0,1,2,2,445,2,0,1,4,43.6,6646.52,24515475968,6382969856,1,1,0,0,1,1,1,7,100,100.0,Limit,0,45.392
DESKTOP-KQF03T0,Jashvanth,2026-07-01T09:11:42.250442,Q147_V003,Q_1606,1,1,0,1,2,1,318,1,0,0,3,39.0,6650.79,24519447552,6383559680,1,1,0,0,1,1,1,9,100,100.0,Limit,0,58.443
DESKTOP-KQF03T0,Jashvanth,2026-07-01T09:11:47.366863,Q147_V003,Q_1606,2,1,0,1,2,1,318,1,0,0,3,39.8,6659.48,24521469952,6385280000,1,1,0,0,1,1,1,9,100,100.0,Limit,0,72.428
DESKTOP-KQF03T0,Jashvanth,2026-07-01T09:11:52.440527,Q147_V003,Q_1606,3,1,0,1,2,1,318,1,0,0,3,43.5,6555.7,24524631552,6386279424,1,1,0,0,1,1,1,9,100,100.0,Limit,0,41.577
DESKTOP-KQF03T0,Jashvanth,2026-07-01T09:11:57.520363,Q147_V004,Q_1607,1,1,0,1,2,1,319,1,0,0,3,41.0,6569.18,24525611520,6387393536,1,1,0,0,1,1,1,9,100,100.0,Limit,0,46.209
DESKTOP-KQF03T0,Jashvanth,2026-07-01T09:12:02.600575,Q147_V004,Q_1607,2,1,0,1,2,1,319,1,0,0,3,40.8,6586.23,24527241216,6388872192,1,1,0,0,1,1,1,9,100,100.0,Limit,0,45.352
DESKTOP-KQF03T0,Jashvanth,2026-07-01T09:12:07.716687,Q147_V004,Q_1607,3,1,0,1,2,1,319,1,0,0,3,45.6,6594.77,24530693632,6389875712,1,1,0,0,1,1,1,9,100,100.0,Limit,0,72.207
DESKTOP-KQF03T0,Jashvanth,2026-07-01T09:12:12.787221,Q147_V005,Q_1608,1,1,0,1,2,1,316,2,0,0,3,53.6,6606.68,24531769344,6390789120,1,1,0,0,1,1,1,9,100,100.0,Limit,0,39.941
DESKTOP-KQF03T0,Jashvanth,2026-07-01T09:12:17.869391,Q147_V005,Q_1608,2,1,0,1,2,1,316,2,0,0,3,54.4,6579.81,24533997568,6391485440,1,1,0,0,1,1,1,9,100,100.0,Limit,0,46.205
DESKTOP-KQF03T0,Jashvanth,2026-07-01T09:12:22.936673,Q147_V005,Q_1608,3,1,0,1,2,1,316,2,0,0,3,52.3,6527.22,24535139840,6392161280,1,1,0,0,1,1,1,9,100,100.0,Limit,0,39.234
DESKTOP-KQF03T0,Jashvanth,2026-07-01T09:12:28.007951,Q147_V006,Q_1609,1,1,0,1,1,2,388,2,0,0,4,44.2,6517.36,24536700416,6392943616,1,1,0,0,1,1,1,8,100,100.0,Limit,0,33.826
DESKTOP-KQF03T0,Jashvanth,2026-07-01T09:12:33.085401,Q147_V006,Q_1609,2,1,0,1,1,2,388,2,0,0,4,44.8,6460.09,24540738048,6393545728,1,1,0,0,1,1,1,8,100,100.0,Limit,0,46.174
DESKTOP-KQF03T0,Jashvanth,2026-07-01T09:12:38.148904,Q147_V006,Q_1609,3,1,0,1,1,2,388,2,0,0,4,41.0,6468.71,24545951232,6394147840,1,1,0,0,1,1,1,8,100,100.0,Limit,0,33.556
DESKTOP-KQF03T0,Jashvanth,2026-07-01T09:12:43.226598,Q147_V007,Q_1610,1,1,0,1,2,1,317,1,0,0,3,40.4,6542.51,24547773952,6395614208,1,1,0,0,1,1,1,10,100,100.0,Limit,0,47.664
DESKTOP-KQF03T0,Jashvanth,2026-07-01T09:12:48.295865,Q147_V007,Q_1610,2,1,0,1,2,1,317,1,0,0,3,39.2,6496.69,24551064576,6396105728,1,1,0,0,1,1,1,10,100,100.0,Limit,0,37.007
DESKTOP-KQF03T0,Jashvanth,2026-07-01T09:12:53.381050,Q147_V007,Q_1610,3,1,0,1,2,1,317,1,0,0,3,41.8,6497.28,24555211264,6396941312,1,1,0,0,1,1,1,10,100,100.0,Limit,0,48.094
DESKTOP-KQF03T0,Jashvanth,2026-07-01T09:12:58.509199,Q147_V008,Q_1611,1,1,0,1,2,2,472,2,0,1,4,44.4,6512.18,24556380672,6397891584,1,1,0,0,1,1,1,7,100,100.0,Limit,0,81.858
DESKTOP-KQF03T0,Jashvanth,2026-07-01T09:13:03.665876,Q147_V008,Q_1611,2,1,0,1,2,2,472,2,0,1,4,82.8,6671.45,24562673664,6398340096,1,1,0,0,1,1,1,7,100,100.0,Limit,0,109.032
DESKTOP-KQF03T0,Jashvanth,2026-07-01T09:13:08.782290,Q147_V008,Q_1611,3,1,0,1,2,2,472,2,0,1,4,98.3,6825.45,24567293440,6399007744,1,1,0,0,1,1,1,7,100,100.0,Limit,0,72.419
DESKTOP-KQF03T0,Jashvanth,2026-07-01T09:13:13.884090,Q147_V009,Q_1612,1,1,0,1,2,2,422,2,0,1,4,98.5,6803.59,24568272896,6399212544,1,1,0,0,1,1,1,7,100,100.0,Limit,0,65.036
DESKTOP-KQF03T0,Jashvanth,2026-07-01T09:13:18.960856,Q147_V009,Q_1612,2,1,0,1,2,2,422,2,0,1,4,53.8,6682.44,24571323392,6399712256,1,1,0,0,1,1,1,7,100,100.0,Limit,0,38.665
DESKTOP-KQF03T0,Jashvanth,2026-07-01T09:13:24.037477,Q147_V009,Q_1612,3,1,0,1,2,2,422,2,0,1,4,38.4,6694.03,24575607296,6400355328,1,1,0,0,1,1,1,7,100,100.0,Limit,0,38.736
DESKTOP-KQF03T0,Jashvanth,2026-07-01T09:13:29.118140,Q147_V010,Q_1613,1,1,0,1,2,2,422,2,0,1,4,57.9,6674.92,24577298944,6401776640,1,1,0,0,1,1,1,7,100,100.0,Limit,0,44.272
DESKTOP-KQF03T0,Jashvanth,2026-07-01T09:13:34.189610,Q147_V010,Q_1613,2,1,0,1,2,2,422,2,0,1,4,41.4,6669.45,24577899520,6402923520,1,1,0,0,1,1,1,7,100,100.0,Limit,0,40.733
DESKTOP-KQF03T0,Jashvanth,2026-07-01T09:13:39.262177,Q147_V010,Q_1613,3,1,0,1,2,2,422,2,0,1,4,43.2,6691.34,24578671104,6403476480,1,1,0,0,1,1,1,7,100,100.0,Limit,0,40.967
